content,sentimen
WhatsAppnya bagus updet dong tapi aku suka bisa dibuat telefon wa dan juga lain lainya,1
"Tolong tingkatkan kualitas builtin whatsapp sticker soalnya, 1. ketika buat stiker dari gambar itu ada border putih dan menjadi squircle dan kami tidak suka ini 2. kualitas sticker menjadi low quality 3. tool di sticker maker builtin kurang, 4. ai jelek 5. setiap kali edit sebuah stiker kualitas menurun 6. aku muak dengan orang yang pakai stiker builtin whatsapp jadi aku kasih bintang 3",1
Bagus pelayananya saya dukung,1
fitur terbarunya bikin susah saat vc,0
"aneh yaa padahal jaringan sama"" bagus, tapi ntah kenaap pas vc sering lag"" gajelass, tolong diperbaiki lah",1
knp wa baru 1x chat ke blockir,0
sangat mudah,1
kecewa yuk..tumbal..tuman keseruan..nebak.. pemerintah pusat yang khusus Garut.. Gendo gembong PKI.. KSH,1
kenapa no aku di keluarkan terus,1
tidak ada iklannya,1
ini kenapa ya setiap video call kok selalu ngeleg/video terjeda sendiri,0
"aneh, ada satu kontak yang ga bisa di arsipkan, ga bisa di sematkan, gajelas, udah di arsipkan tapi masi ada di luar arsip, huh aneh gajelas",0
mantul,1
sangat membantu,1
bagus banget,1
"kenapa ini aku gabisa up story, biasanya fine fine aja",1
okee,1
😄,1
terima kasih sudah di ajak bergabung,1
jelek gak ngapa ngapain tiba tiba kena spam,0
sangat membant,1
ini gimna wa aku ke daluarsa terus kenapa yah tolong dong biar ga kedaluarsa terus,1
kok tidak bisa didonload,1
tolong aplikasii nya sudahh bagusss sekali tetapi hilangkan saja fitur mirror di video call jujur saya tidak pede karna wajah saya tidak simetris.,1
bagus,1
krennnn,1
Whatsappnya suka error,0
gua mau login tapi gak punya nomor,0
tolong balikan notif pesan dan telpon aku di layar,1
mantap bnget,1
Hot,1
mantap,1
"apasih,selesai lihat story sendiri malah lngsung lihat story orang laen,,kocak",0
terbaik,1
"kok akhir* ini kalo vc sering error ya dibagian vidionya, tolong dong diperbaikin lagi",1
Bagus bermanfaat,1
👌,1
sue,0
Dah lah ini gak bagus,1
bagusss h,1
yahya liza,1
hallo whatsapp..buat whatsap semua fitur sudah bagus..tapi ada 1 hal buat pendamping akun mohon bisa merekam aktivitas seperti vidio call dan pangilan suara secara privat..buat jagain pasangan kita saat kita diperjalanan jauh..atau di pengaturan di tambahin rekam secara otomatis dan nyimepen otomatis..dan untuk pesan yg dihapus.mohon bisa dipulihkan kembali...atau masuk sampah selama 30hari sebelum 30hari masih di sampah...dah itu saja semoga di tambahin fitur tersebut..terimakasih..,1
tidak bisa terupdate,0
gas polll,1
ai nya ngeselin babi,0
sangat membantu,1
woke,1
sangat membantu,1
sistem wa rusak,0
bgus,1
sangat baik,1
lumayan bagus,1
"WA saya d bajak orang,saya GaK BiSa pakai gmn ini",1
Aplikasi ini bagus sekali untuk berkomunikasi,1
dbls j D os j se ksnosni k so s,1
komunikasi jadi lancar murah👍,1
bisa cetan bareng teman dan keluarga,1
"plis, kembaliin akun wa aku banyak datanya di situ",0
"aplikasi gaje eror kadang kalo vc suka ngebug"" gajelas tolong perbaiki min",0
ni whatsapp kenapa sihh. masa punya aku di tinjau mulu dah tiap hari lama lama gk pake whatsapp lagi,0
bagus,1
bagus,1
terima kasih aplikasi nya,1
terlalu banyak percobaan SMS harus ke telp gua pake TLP harus menunggu 1 jam lu sehat . nomer gua di hp gua lu yang gak kirim otp nya ngapa gua yg kena banet tolol,0
"kuntul cok, mudah ketinjau muluu",1
sangat baik,1
"hal yang paling menjengkelkan adalah kualitas media yang diupload di story, kualitas nya terkompres secara brutal dan heran aja hal spt ini tidak diperhatikan. smoga kedepannya bisa diperbaiki lagi",1
kenapa wa saya tiap hari harus di tinjau saya hanya pemakai wa biasa bukan buat yg aneh2,1
apa apa blokir orang buat kerja jadinya nambah kerjaan bukan mempermudah,0
bug pas vc,0
ok,1
apalah dikit dikit kenon,1
kenapaaa akun wa sayaa tiba tiba tidak bisa dipakai padahal saya tidak melakukan hal hal yang mencurigakan kenapa akun Syaa ditinjauuu mohon ditingkat kan lagi keamanan nyaa,0
TITAH PERANG COPID 19 SERTA PENANGGULANGAN BENCANA BUMI.,1
Panggilan masuk lemot.,1
ini aplikasi apaan kok saya udah masukin nomor benar kok di suruh minta kode padahal itu nomor saya sendiri aku udah coba liat tutorial masih ga bisa aneh kali,0
mantap bro,1
bagusss,1
bagus,0
gw di tolak cewek di apk ini,0
bagus banget ini sih wajib instal,1
baik,1
Bagus aplikasi nya sangat membantu sekali,1
update mulu,0
makin update makin gak jelas dikit-dikit dibatasin sanggat mengganggu komunikasi,0
ok,1
aplikasi berguna untuk komunikasi jarak jauh dan mudah di gunakan,1
bagus dong,1
bagus,1
Senang menggunakan whatsapp. Bagus dan mudah.,0
yekinawipa,1
aplikasi ini yerlalu keren bagiku,1
Saya kasih 4 bintang jika bagus saya lanjutkan,1
"bagus lah, tapi tolong hd in status nya, kenapa setiap video atau foto yang di galeri hd tapi pas udh di upload ke status malah burik",1
yes oke,1
bug semakin parah,0
mantap,1
semoga bisa lebih baik,1
Ok,1
kenapa setiap vc sering elor wajah nya tolong perbaiki yang benar biar saya bisa nyaman menggunakan wa,0
Bagus sekali,1
mantan,1
gooodd,1
good,1
sangat membantu... pengajuan cukup mudah..,1
akun saya kena spam trus,1
baguss,1
sangat besar manfaat nya,1
Mardian,0
"aplikasi jadi jelek setiap update, status wa sering ga ke download pdahal jaringan bagus",0
Good,1
apk terbaik komunikasi lancR,1
"x, u",1
"tolong dong grafik statusnya ditingkatkan, masa upload foto yang awalnya hd malah jadi burem",1
ok mantap,1
mantap,1
baik,1
seriap verivikasi selalu gagal dan tidak dapat sms,0
"up status menurunkan HD video yg du up, kualitas telfon masih kalah sama open mic game online itu menurut saya",0
"izin Bpk/Ibu. maaf saya mau tanya, kenapa WA Toggle saya gak bisa digeser? pada hal sudah lama saya pakai finger, pola, dan keamanan wajah. toogelnya gak bisa digeser. baru, gak bisa saya sinkron barcode WA diLaptop dari WA HP saya.terganggu saya link meet kuliah. 🙏🙏",0
"untuk grafik sw tolonglah ditingkatkan, awalnya gak buram. pas diposting malah buram, agak sakit mata melihat nya🙏",1
Baik,1
sangat nyaman,1
Bagus terimkasi sudah banyak membantu,1
bagus,1
sangat baik dan membantu,1
ini apk nya bagus sekali gaada nge lag sama sekalii 😁,1
"Tambah runyam , Up date lama nyambung",1
👍,1
bagus lah pokonya,1
sangat membatu,1
sangat merasa terbantu,1
"dengan whatsappsangat terbantu sekali,timbang biyen kerem surat nganggo prangko seng larang opo maneh kerem surat Nang luar negri motor sembah nuwon atas teknologi yang canggih ini ,",0
💯,1
ok,1
kenapa di telfon menolak sendiri ya? harus di fiks itu,0
tolong dong dibagian vc/telepon hilangin pengaturan privasi tidak bisa merekam suara,1
aplikasi ini berguna banget buat aku karna aku punya pengusaha di waslap cuma duduk di rumah terdiam dan jualan tapi aku ttp hasil gajih buat jajan setiap hari lumayan bangett,1
"itu kenapa yaa fitur video call jadi error begitu, pasti habis ubah layar gabisa dikembaliin, tolong dong di update apk nya supaya bisa lebih baik lagii",1
Wa tak sengaja kehapus bingung mau masuk lagi!?,1
saya hampir 10 kali di pasang trus hapus lagi udah lama lama nunggu 24 jam tapi malah di surus dowload whatsapp resmi trus padahal udah resmi lohh gmana pirbaiki dong,0
"your system is getting more and more unclear. Not recommended for reuse. It's best to switch to a product with better features, especially other products besides WhatsApp.",0
bagus,1
Hebat aku bisa telepon,1
lelet,0
Bagus,1
"tiba² log out sendiri padahal hp semaleman tidak dipakai, dan sekrang akun di tinjau bagaimana ya ini. ada email yg dapat di hubungi?",0
"sumpah ya WhatsApp, kenapa sih, tbtb wa gua di tinjau, dan gabisa balik lagiiii, ih sumpah ya padahal itu wa yg penting lohhhh yaampunn, udh minta dipulihkan lagi ke email WhatsApp tapi katanya gabisa, kenapaaa yaallahhh, nyesek bgt wa gua tbtb ilang gitu aja shibal",0
mantap wa keren sangat cocok bagus baik banget kasih apa itu lagi update,1
bisa ngobrol sama my mantan tercinta ebri,1
aku siap berkarya 8,1
tolong dong ini wa kenpa yaa di tinjau terus menerus saya kebingungan harus instal ulang,0
bagus,1
bagus,1
Bagus Terima kasih,1
Cool,1
"bisa ldr sama temen,ortu, sahabat bahkan pacar",1
OK lah,1
wa ny sangat bagus,1
lagi usaha kecil kecilan,1
aplikasi yang bagus,1
"up story pecah² mulu gila, biar udh di hd in",0
suka,1
ok,0
"hai WhatsApp, kenapa story wa aku yg video tidak bisa di putar? padahal versi nya sudah ku update. would you help me?",0
"ini bagaimana kok wasap saya keluar2 sendiri, bagaimana ini, respon lambat, kacau, mau masuk, balas chat aja ribet, keluar2 terus..",0
WA saya kenapa sering keluar akun sedang di tinjau udah beberapa hari ini selalu keluar kel gitu,0
mantap,1
Bagus...durasi lagu buat SW nya tambah,1
ok gass full,1
bagus,1
Makin tidak jelas apk ini,0
"kembalikan fitur vc seperti dulu,masa vc sekarang sering ngelag,layar gak bisa dipencet",0
bagus,1
tapi kurangnya itu emoji aku kurang lengkap,1
kenapa vc saya tidak ada efek,0
WA memudahkan komunikasi,1
ok,1
terhapus sendiri,1
"saya ingin selalu menggunakan wa karena sangat ,mudah untuk berkomunikasi.",0
sangat bagus,1
nice,1
bagus sekali,1
Pariyo Pariyo Pariyo,0
respon cepatlah,1
apa aplikasi sering eror goblog,0
"ga suka fitur VIDEO CALL yang baru, mohon di tingkatkan kualitas VIDEO CALL nya",1
sudah nice thanks Meta corp,1
😘👍,1
baguss,1
status lagu harus bisa ada liriknya seperti instagram dan tambah lagi lagu yang belum ada dan bisa geser bagian bagian lagunya seperti instagram. dan meta ai nya perbaiki dan lebih lengkap lagi. masih banyak yang salah,0
good,1
watsap tq,1
"Please bring back the feature, the feature where when we are on a video call, when we click on the small screen, the large screen will display ourselves while the person we are talking to is on the small screen.",0
Best of the best / Good.,1
saya udah lama memakai aplikasi ini... tapi kenapa ya kemarin saya pas buat status wa terus ketika sudah dihapus statusnya tapi orang lain yang punya kontak saya masih bisa melihat status saya itu kenapa yaa?? whatsapp sekarang emang se eror itu kah??,0
"-META AI- There was a problem generating a response. Please try again later. (hanya ""TEMUKAN AI"" yang normal)",1
sangat baik,1
kren,1
sangat membantu,1
bagus,1
biasa saja...,1
sangat puas dengan ada nya aplikasi whatsapp karna membantu memudahkan komunikasi,1
bagus keren enak juga gaada bug,1
"Setiap nanya di meta ai WhatsApp jawaban selalu ngawur, ga pernah benar, lebih mengutamakan jawaban ngawur dibandingkan jawaban pakai sumber, kesannya meta ai hanya mau nyebar hoax, saran mending adain tombol buat copot meta ai dari akun pengguna, ga guna",0
"bagus, sangat membantu",1
biar bintang yang bicara,1
coba lu cari dah bug di VC ada ngga,0
"update again, fix the bug",0
bagus,1
"Mohon Maaf, Kenapa Yaa WhatsApp Buat Status Sering Ga Masuk Gitu 🤔😇🙏🏻",0
bagus,1
good 👍,1
good,1
bagus,1
bagus untuk chat,1
aplikasi nya baguss👍,1
sangat rekomendasi,1
Minta solusinya. Jika hp hilang mau pakai nomer yang sama tapi harus masukan 6 kode yang dikirim via wa ke hp yang hilang. Bagaimana cara tetap bisa gunakan nomer yang sama atau mendapatkan 6 kode tersebut? (untuk kartu sudah urus & dapat kartu.baru dengan nomer yang sama/hilang),1
SANGAT BAJU,1
👍,1
sangat menarik,1
mantap,1
Bagus,1
ok sangat membantu,1
ok,1
"Hallo selamat pagi. Aku sering menggunakan WhatsApp untuk segala kegiatan dan menghubungi teman, lancar berkomunikasi, tp sayang sering terganggu hrs membersihkan, kenapa ya",1
"azuaparayuda gj v. ,",1
buat telfon video ngelag/ngebug,0
bagus tpi g bsa upgrade,1
baik,1
𝘩𝘦𝘣𝘢𝘵,1
sangatt sukaa sama whatsaap terr debestt dehh 1000/100,1
mantap,1
gellopa,0
sudh berapa hari ini knpa fitur video call di layar hp lawan bicara di layar besar dan di layar kecil jga begitu tidak ada wajah kita di layar besar ada nya di layar kecil ...,1
"keren, gabisa berkata kata lagi aku",1
menarik sekali,0
cepat .dan bagus,1
bagus tapi gk adil,1
"vc nya sering ilang""ngan gambar mukanya",0
mantap,1
Bagus,1
tidak ada fitur filter saat vc padahal sudah dinyalakan fiturnya,0
"Semua sudah bagus,cuman jangan diperbarui tiap bulan dong",1
bagus,1
mantap,1
sangat membantu,0
kenapa saat pengunggahan story jelek banget hasilnya. foto dan vidio sangat buram. padahal sudah pake Yg HD. WA tlong dong yg pengguna pengguna Android seperti saya di kasih unggahan yg bagus.,0
𝐚𝐤𝐮 𝐬𝐮𝐤𝐚 𝐰𝐚,1
bagus,1
bel ada ai nya ppunya saya,1
karena lama download nya,0
"login pakai barcode sekarang error mulu, tolong diperbaiki minnn",1
"wa saya tidak bisa di buka. entah apa penyebabnya.tolong beri tahu apa penyebabnya, lalu bagaimana cara agar WA dapat terbuka. terimakasih atas bantuannya.",1
Ok siiip,1
baik,1
aplikasi yg sangat berguna,1
"kenapa ya setelah di update pas kita vc dan kita pencet kamera kok gambarnya tiba"" sama ya...biasa kan yg muncul gambar kita dan orang yg kita vc tapi ini muncul gambar orang yg kita vc semua....",0
tambah ngelag ni Whatsap,0
bagus bangett buat berkomunikasi,1
mmh rina,0
berilah update terbaru kenapa wa ku gbisa tekan tombol vc tolong harus bisa dongg apa masalah nya ya,1
aplikasi sejuta umat,1
bagus,1
g jelas gabisa di update,0
plis untuk WhatsApp ilangin wa kenon,1
baik,1
Mantap,1
aplikasi ini sangat cocok untuk orang orang,1
bagus,1
👍,1
Lain kali kalau apa-apa enggak usah dipakai Didownload Didownload susah memoriku udah full banget,0
"WhatsApp sekarang kenapa sering di tinjau terus..Saya tidak menggunakan aplikasi ilegal atau melanggar aturan, mohon pulihkan akun saya.",0
bagus,1
mantap 👍👍,1
membantu,1
Lebih bagus lagi,1
"tolong dong, akun saya tidak melanggar apa apa kenapa di blokir terus ya, lebih ketat lagi dong keamanan nya hadeh, gk melanggar kebijakan malah kena blokir terus menerus, jadi tidak nyaman memakai.",0
"bagus, tapi belakangan ini ada notif riwayat chat bermasalah itu kira kira kenapa ya??",1
Sangat bagus,1
kecewa,0
samaaja,1
"tolong saran mulai mengobrol dihapus saja, karena sangat menggangu",1
pernah lomba,1
sangat bermanfaat,1
bagus,1
"TOLONG BALIKAN FITUR DLU, FITUR SKRG GA JELAS BGT LAGI VC TB' MUKA NYA ADA 2 KYK NGELEG GTU DAN SANGAT MENGGANGGU SKLI. TOLONG YA BALIKAN FITUR DLU AJA! TERIMAKASIH!",1
tolong ini update terbaru menyusahkan,0
"untuk fitur yg terbaru sangat mengganggu sekali, kembalikan seperti awal",0
saya sangat suka,1
siiiiiip,1
bagus banget apk nya,1
sudah mulai good yg skrg..,1
bagus kali sip Joss gandoss,1
sangat bagus,1
kenapa wa ku setiap mau telpon selalu panggilan gagal,0
sangat baik,1
"trimakasi Aplikasinya sangat bagus,saya kasi bintang 5",1
aplikasii paling bagus menurut sayaa,1
good,1
👍,1
keren bangettt🗿,1
bagus dan cukup memuaskan,1
pemeliharaan aplikasinya lama mengganggu,0
kenapa ngelag,1
dengan whatsaApp kita di mudahkan dalam segala hal khususnya dalam berkomunikasi bersama teman dan keluarga,1
"ini wa eror apa gimana sih udh 5 hari stori kontak wa GK ada tapi kalok aku bikin stori tampil di teman""",0
top markotop 👍👍,1
yo ra piye piye,1
"Please, kembalikan fitur ss di foto kirim sekali, gbisa ss foto cantik dia",1
bagus sekali,1
bagus,1
sangat baik,1
"Ya,bagus",1
apl ini sangat bagus,1
bagus nyam,1
sangat baik dan memuaskan,1
bagus & bermanfaat,1
update mulu,0
simpel ngga ribet sejak jaman SMS pindah whatsapp dan ngga pake aplikasi lain😁 x,1
sangat suka dengan wa ini,1
Gambar sedikit buram,1
Aplikasi ini bagus banget 😆😆😆 Sekarang saya berpisah dari teman saya dengan aplikasi ini kami bisa ngobrol tanpa bertemu langsung Pokoknya keren deh 🥰,1
ok,1
p p apaaaa pian sungguh mempesona,1
baik,1
"d,xcvklo.3sxxns xx",1
sangat bagus,1
kok tiba-tiba akun whatsapp saya terblokir?ini masalah nya apa ya dan juga pas saya ingin mendaftarkan àkun lagi kok maĺah gak bisa,1
mantap,1
bagus,1
sangat membantu,1
"buruk makin kesini makin parah wa orang daftar aja kaga bisa gak jelas banget ,apk sampah",0
Aku akan lebih lancar sekolahnya,1
Tik,1
bgs banget,1
Bagus banget sama dia ya kalo gue punya apa aja yang mau jadi anak muda itu apa yang ada dalam hidup kita,1
AUINRU📞📞📞,1
"kenapa kalo vc,kita klik mau perbesar kita jadi malah jadi kecapture lawan bicara dan jadi 2 frame lawan bicara semua,padahal butuh untuk perbesar diri sendiri juga..sebeelllllll",0
"whatsap nya susah di buka,jelek banget",1
"sangat mengecewakan, sudah gak bisa loging.",0
amat membantu,1
bgus,1
ela yuli,1
"ini kenapa ya, WhatsApp waktu di posting story blur tolong perbaikannya pihak WhatsApp 🙏🏻",0
ni wa makin gak jelas sering log out.alesan keamanan. keamanan apa ya? KLO trus berulang login malah di blokir gak bisa login. KLO alasan ke Amana kasih tau pelanggaran apa yg di lakukan.soalny slama pake wa GK aneh aneh mengunakan.hanya chatt keluarga dan grup juga cuma 1 grup angota kerja. masalahnya di mana? KLO ada pelanggaran jelasin di manah melanggarnya. jngn bilang keamanan main kelurin dan di blokir tnpa ksih tu kesalahany di mana? jdi makin gak jelas wa,1
Bagus,1
"adain fitur vc ga miror dong wa😭🙏🙏🙏, kalo udah ada nanti gw kasih bintang 5 deh",0
sangat bermanfaat sekali,1
"jelek anj, si dia slow respon",0
sangat membantu,1
good joob,1
top,1
nice,1
good,1
"KNP SI HARUS ADA FITUR PENYIMPANAN ITUU, kan bisa dibicarakan baik baik dulu JGN MAIN RIWAYAT BERMASALAH",0
kalo buat sw sering pecah. perbarui dong atau tutor caranya ttp hd,1
baaaaaa,1
belum ada nomor vripikasi what shap nya,1
"Tlong donk BERANDA WhatsApp di buat jadi kayak beranda WhatsApp IOS gitu! soalnya dah bosan banget dengan beranda yang warnanya itu-itu mulu,,,! Pliss 😭🙏🏻🙏🏻🙏🏻",1
tidak bisa dipake watshafnya,0
i'm so happy,1
Mudah berkomunikasi,1
kereen puassnyaa,1
puas,1
"Grup di bagi tapi masih muncul di semua chat, buat apa",1
saya percaya bahwa bisa berkomunikasi di WhatsAPp,1
Makasih..,1
ga suka soalnya harus di update terus,0
gabisa daptar aneh,0
WhasApp ...m.,1
WhatsApp ku kena span terus,1
makin kesini makn eror,0
saya beri 5 bintang agar aplikasi WhatsApp ini bisa membantu buat semua orang yang mempunyai.tolong juga jangan di buat sulit untuk orang makasih,1
maaf min ada bug sama error pas mau login masuk kan nomor telepon tidak bisa di pencet dan di tekan,0
prveck bikin saya bahagia,1
exkuepsi terus,1
Ini gimana kok gak bisa daftar akun,0
iya.. DJ and jaehyun,1
bgus,1
"saran pembaruan agar saat video call tidak bisa di record, karena takut yang kita lakukan di rekam lalu di Salah gunakan, untuk call tidak masalah bisa di rekam karena tidak ada apa apa, hanya percakapan, sedangkan video call menunjukkan aktivitas kita kepada orang yg terhubung",1
the update broken my WhatsApp,1
"whatsapp sekarang kaga jelas, masa saya mau bicara dengan teman teman kena ban, padahal saya kalo mau bicara selalu menyapa duluan. whatsapp makin ribet ekarang semenjak ada update meta, hapus aja itu meta whatsapp daripada kayak gitu saya kira semenjak ada update terbaru bakalan lebih baik eh ternyata malah lebih buruk👎👎👎",0
Pulihkan akun saya,1
sangat baik,1
ada yang sama? pas daftar WhatsApp bug di kolom isi nomornya? gw bintang 5 karena biar di liat aja,1
mudah digunakan meskipun gaptek,1
silahkan masuk di whatsapp saya semoga suka dan bahagia✌️😇🙏,1
suka,1
Aplikasi ga jelas,0
bgus,1
gk bisa pake filter,1
terbaik lah,1
NOTE : (KEMBALIKAN KE VERSI SEBELUMNYA)!!!!!!!!!!,1
bagus,1
Mantap,1
lancar,1
Tidak dapat menginstal aplikasi WhatsApp messenger,0
ok,1
sangat memuaskan,1
g bsa ganti profil,0
"aplikasi yg sangat baik dan membantu penggunanya, terbaik 🙏🙏",1
kenapa nmr sy sdh bnr namun knp SMS dari Indosat saya tidak pernah masuk maaf bintang 3🙏,1
"maaf ...apk wa ini memang terganggu dan akan menjadi penghalang para konsumen utk mendownload apa ini ,... apk ini sudah tidak bermanfaat. kendalanya apk ini tidak bisa memverivikasi no. Hp yg aku pake.... binasah!!!!!!!!!! tidak lagi sampai berlanjut dikasih bintang bintang kecuali apk nya dikasih bantingan keras ke atas bintang biar bintang hancur berkeping keping.",0
"Makin di update makin banyak kurangnya ,telfon wa jadi sering banget ga ada suara ,vc pun juga sama walaupun sinyal lagi bagus ,di tambah lagi kadang kalo mau perbesar gambar ,malah ngebug jadi 2 laman gambar muka kita sendiri 😌",0
aplikasi bagus,1
"tolong kualitas telpon diperbagus. jernihkan suaranya, terus kalau bisa yang kedengeran cuma suara doang. lalu tentang status juga kalau misalkan bikin status foto atau video, jangan jadi burem.",1
sudah berulangkali di download tapi bilang WhatsApp tidak resmi Mulu,1
oke,1
kode wa,1
ok,1
wa sekarang banyak bug nya tolong perbaiki lagi,0
"apk nya bgus, sangat membantu",1
"ga pernah bug, meskipun ga ada update yg berguna jir",1
Ok,1
"VidCall nya benerin dong gajelas banget, knp juga di ubah²",0
semoga ga eror lagi,1
good 👍,1
okay,1
"makin di update makin jelek makim gak jelas, video call gabisa fullscreen wajah sendiri, trus pas vidcall suaranya ga ada, gimana sih",1
ini kenapa yah sayah save nomer wa udah ke simpen tapi ko beberapa menit di cek udah ngga ada,1
kenapa sekarang fitur waa vc nya ngelag yaa sama KLO telpon masuk tpi ga terjawab padahal aktif,0
layanan apk in buruk,0
lemot ngentod orang mau masukin ni nya malah ngestuk anj,0
Baik,1
sering kena kenon pdahal ga ada masalah baik baik semua tapi malah kena kenon,0
keren,1
kenapa wa saya mudah d bajak mengerikan,0
"lu banyak bug nya sekarang anjir semenjak update, fitur videocall bug, mau perbesar layar sendiri malah jadi bug.. najis ni apk lama lama.",0
sangat memuaskan,1
"foto"" yang udah aku hapus di galeri kok masih ada di wa ya?",0
"Tolong untuk fitur vc suka ngebug2 gajelas padahal udah update,kemarin² g gini sebelum update sekarang makin gajelas untuk pihak WhatsApp mohon untuk diperbaiki untuk segala Bug dlm aplikasi, Terimakasih",1
sangat membantu kami,1
bagus,1
error gimana ini fitur vc,0
saya mau masuk akun wa selalu GK bisa tolong diperbaiki lagi,0
jempol,1
"kalau sering telponan atau vc terus telponnya mati, terus mau nelpon lagi itu sering error tolong di perbaiki",0
jos,1
wa saya kenapa dblokir terus padahal saya tidak melakukan penipuan,1
cool.,1
piy,1
kenapa tidak bisa disematkan nama kontak? kadang bisa kadang hilang sendiri ribet sumpah,0
sangat baik digunakan,1
hapus aja fitur kirim sekali lihat,1
sy TDK bisa membuka WhatsApp,1
kasi bintang 2 dulu ya soalnya nggak ada yg chat dluan,0
Ngga bisa login karena ganti akun dan nomor telepon,0
Ok,1
Nice,1
"perbaiki dong min, wa sekarang suka bag, kalo lagi vc kameranya suka bug, pas liat sw suka suka macet video nya, tolong perbaiki min, tapi lumayan sih, apk sebagus ini gratisan.",1
kenapa akun WhatsApp messenger saya tak bisa di buka ke blokir trus menerus tim WhatsApp tak bertanggung jawab atas segala permasalahan yang dihadapi sy...tiap hari 2 kali blokir trus,0
mempermudah berkomunikasi dengan baik bersama teman dan saudara ayah dan ibu baik jauh atau dekat masalah bisa menyelesaikan masalah dengan mudah,0
"no saya gampang kena tinjau, jadi malas",0
memudahkan kita komunikasi dgn jarak jauh,1
app yang paling berkualitas untuk sarana komunikasi dan informasi dari segala bidang hal atau apapun.... terima kasih WhatsApp....,1
"worth it,tapi tolong,kalo bikin status vidio/foto,jangan burem ngeblur gtu,bisa di hd in gtu atau normal aja jangan burem jadi agak kurang",1
"tolong fitur AI nya di hilangkan, sangat sangat mengganggu, terima kasih",1
bisa aja gitu,1
update terbaru pas vc bikin lag video ny,0
bagus,1
udah males ama ni apk soal bikin sw,0
mantap,1
"pgn dpt cht rata kiri, bisa sleep call,",1
mnto,1
story whatsApp selalu pecah. no good,1
saya nomor baru dan tidak melakukan kesalahan tapi kenapa WhatsApp saya di batasi??,1
kenapa saya tidak bisa membuka vidio di watsaap ini,1
"saat sedang vc dan keluar aplikasi wa,vcnya terjeda knapa yaa",0
👍🏻,1
sangat baik,1
Oke saya puas,1
praktis kirim pesanya,1
bagus,1
bagus banget sama yang namanya cinta Dimas Anggara.,1
WhatsApp bisa segalanya,1
bagus,1
Mantap,1
"tolong kalo ngompres video sedikit aja ,kasian user android dikatain kamera burik mulu",0
Petani andalan .,0
"tolong untuk developer WhatsApp,,kenapa kalau pa mau bikin status suara nya selalu kecil yah,, padahal pas di setel di aplikasi vidio hp saya suara nya kenceng,,tapi pas mau di bikin status suara nya jadi kecil,,padahal volume hp saya udah saya full kan kenapa ya??",1
kenapa watsapku terkadang riset sendiri,1
sangat membantu,1
"begoo gua lagi maen roblox di telpon cewe gua malah memanggil, dikira telponan sama yg lainn, bugg nya ngacak² hubungan orang bikin fitnah",0
sangat bagus,1
Pas aku hapus aplikasi ini e Mala waktu mu unstal tida bisa si coba berkali kali nga bisa,0
nur,1
kenapa aku ke belokir terus,0
ok,1
fitur tampilan vc atau telpon layarnya tidak bisa di perbesar jdi lebih baik WA yg dulu dari padz yang sekarang,0
"aplikasi butut kga guna klo ujung ujungnya di blokir permanen dikirain beli no murah tololl,udh banyak orng yg berkomentar ad orng yg kga salah apa apa di blokir permanen lol",0
Mantap,1
"tolong kamera vc, story nya, dibenerin burik parah, mna klo vc muka kita di org jdi mirror",1
nicee,1
biarbintang yg bicara,1
kurang baik. baru barucini dibuat twlfon suka mati sendiri. kadang gak sesuwai jaringan. jaringan bagus dibuat vdio chal gak bagus. tolong segera perbaika .,1
"aplikasi bagus iya iya ,terpaksa ya jangan ke geeran",1
bagus,1
benerin WA skrng banyak bug,0
kenapa yah aku gak bisa masuk kode verifikasi terus aku tiba' terkeluar dari WhatsApp aku bingung kenapa,0
"admin tolong ternyata saluran WhatsApp anda digunakan untuk penyebaran link pornografi, saya harap admin segera menangani hal ini 🙏",0
"tolong lah WhatsApp, saya terkirim virtex dan bug yg enggak wajar jadi wa saya FC terus tolong di perbaiki",1
sangat membantu kegiatan hidup,1
saya tidak melakukan apapun tapi kena spam mulu,0
menyukai,1
"apasii wa sekarang gj bngt, masa vc nya sekarang jadi gitu, ga bener bngt lebih suka yg dulu jam nya juga kenapa ngebug gitu ga sesuai, apalah di ganti ganti, jadi ga bgs sekarang. kecewa banget.",0
gak ada emoji plenger,0
selamat malam saya dengan kerendahan hati mohon kiranya whatsApp dapat di aktifkan kembali karena seluruh data atas dan kolega saya juga grup kerja ada dalam whastApp saya .. dan saya patuh dan taat atas aturan .terima kadih,1
WA baru keren banget,1
"whatsapp ini bagaimana ya kok fitur video call nya anehh, gabisa perbesar gambar, suka ngelag gambarnya, terus jg bisa masuk ke kamera belakang. jd susah kalo mau nelfon ke orang lain.",0
baik,0
sangat puas,1
no saya udah g bisa di pakai WhatsApp lagi .,0
good,1
intinya bagus,1
kenapa wa saya selalu di non aktifkan atau di tinjau,1
sangat bagus,1
Bagus,1
sering mati setiap call wb,1
wa jelek bet bikin sw burik kaya ff dulu,0
seropi,0
"Halo tim dukungan whatsapp, saat ini akun whatsapp saya diblokir untuk menggunakan whatsapp. Saya merasa ini adalah kesalahan sistem whatsapp. Mohon untuk tinjau kembali akun saya dan segera selesaikan masalah ini. Terima kasih",1
jelek bngtt makin ke sini whatsapp,0
bagus,1
"update kali ini banyak bug pas VC, tolong di perbaiki",0
thank,1
Sangat setuju,1
Very Good. Tapi memory hp boros banget,1
Sangat bermanfaat,1
"whatsapp nya sering error kalo vc, bug nya parah frame . tolong diperbaiki dibagian video call nya.",0
"kenapa pas wa abis kena kenon trus harus verifikasi ulang itu ga dapet kode nya? trus pas mau minta sms malah timbul ""akun ada sudah tidak terdaftar di WhatsApp, silahkan download WhatsApp secara resmi"" mksud nya apasi hilangin la kenon kenon itu udh sehabis kena kenon semua chat nya ilang, gmn klo ada chat chat penting di situ? tolong di perbaiki lagi trus tentang grafik pas mau post sw tolong di perbarui.",0
good lah,1
efek pas vc gak ada 🥺,0
minta di normalkan,0
Mantap,1
Meta tolong buatkan fitur ingatan dan 3D karakter pada luna (meta ai) hehe,1
tolong bantuannya wahai developer akun saya banyak bug nya ini,1
"saya beri bintang lima agar terlihat, tolong WhatsApp bugg nya perbaiki soalnya selalu ada pulihkan riwayat chat atau nomer nomer di hp saya pada tida ke sv,,SEKALI LAGI SAYA UCAPKAN ""PERBAIKII""😇👍👍",1
bgus,1
buatin arsip status pls,1
wa sy sering ga bisa di tlpon,0
sangat bagus,1
saya mohon aplikasi ini bisa sudah,1
tolong di bantu biar ga kna tinjau terus,1
kendala washap di blokir Terima kasih,1
ok bagus,1
bagus,1
mantap,1
sangat bagus,1
"gtw kenapa wa sekarang kualitasnya kureng, jadi jelek bgt",1
"udah paling bagus wa kayak tahun kemaren kemaren,upload sw wa tidak pecah,giliran sekarang mau upload sw pas di lihat udah kayak nonton tv jadul pecah pecah,tak kira hp yang sudah error atau gimana ternyata emang aplikasi wa nya yang kebanyakan error,minimal di tingkatin lah kualitas wa nya, aksesibilitas nya emang banyak tapi kualitas gak guna percuma ceklis hd ujung ujungnya malah burikkkk!",0
anak asu,0
"sekarang sudah lumayan.tapi fitur sekarang malah kebanyakan.dan banyak yg da di pakai oleh orang awam,malah kena dampak buka apk nya berat..",1
josjis,1
Sangat bagus!! Aku suka apk ini!,1
WhatsApp tolong dong bikinin arsip status 😇,1
ketika call terus buka aplikasi lain sering ngelag eror bug dan kalo up story sering blur padahal uda di setel HD...tolong tingkatkan kualitasnya,0
sangat baik,1
bagus,1
aku gk bisa ganti pp masa,0
aplikasi whatsapp saya tidak bisa di install,0
saya tidak bisa pake filter,1
"tambahin fitur kaya liquid glass,sama story juga tolong Adain fitur hd video/foto,percuma video hd,pas di up story malah buriq,kaya ff aja",1
Bagus,1
"ngelag apasi, call jadi suka ngelag banget",0
top,1
tidak bisa bikin sw,0
"kenapa sih, eror terus. kontak WhatsApp saya banyak yang hilang sendiri",1
"wa logout sendiri mau masuk gak bisa selalu ""memuat"" jaringan kencang hp udah di restart. entah apa yg salah tolong diperbaiki",0
bagus membantu komunikasi dengan luar kota/luar pulau/luar negeri,1
bagus untuk komunikasi,1
Terimakasih watsad karna bisa membantu kami,1
Bagus,1
bagus,1
sering panggilan gagal dan tidak bisa telfon min,1
mantap,1
baik sekali,1
Good,1
tidak bisa di apdate,0
keren,1
bagus,1
apk ga jls sinyal bagus tapi loading nya SE abad kan beg0,0
tulisannya aplikasi tidak resmi padahal download di Google Play dan setiap berhasil masukin nomor ga lama pasti ke blokir nomornya ntah apa yang salah apa WhatsApp ny apa HP ny yang error,0
mantap,1
bagus,1
kenapa wa saya kena tinjauan terus menerus,0
sangat membantu informasi dan bisa chat bareng teman dari jarak jauh saya kasih bintang lima,1
mantap,1
"sering eror, pernah forceclose, trs pas mau login pencadangan tidak tersedia, padahal jelas jelas mencadangkan ke email",0
"tolong perbaiki Bug di wa, udah dari kemarin pesan saya gk terkirim",0
baik,1
tolong donk whatsapp buat status whatsapp bisa upload 20menitan donk update lagi jadi mau bikin sw yang vidio nya 10 menit jadi bisa upload,1
kalo GK ada ini aku GK bisa ngobrol,1
WA ngawur sekarang,0
good luck,1
puas,1
Bagus cuman kadang kala gak konek,1
ahh tidakk modern,0
Bagus sekali wa,1
"ngelag, ngga bisa di apa apain",0
saya cuma petani,1
baguss tapii tidak bisa memakai filter vc,1
"tolong untuk admin bagaimana cara saya mengembalikan wa saya,,,krn hp saya dihack",0
baik,1
cacat,0
gampang di hek nya wa ini asli,0
Sangat membatu dan bagus,1
tidak bisa login,0
"story minimal jernih lah burem mulu, mikir kids🤙",1
wattsap saya sekarang sering di blokir. knapa ya. tlong di bantu,1
Cek Nomor [Ponsel] *808#,1
👉👍👍👍,1
Oke,1
sangat baik,1
"Tolong kepada developer WhatsApp, mohon jangan terlalu sering membatasi atau memblokir akun yang tidak melakukan pelanggaran. Banyak pengguna yang menggunakan WhatsApp secara normal namun tetap terkena ban. Semoga sistem peninjauannya bisa semakin akurat. 🙏🏻",1
Aplks yang di butuhkan untuk banyak orang,1
cara aktif kan akun ini,1
BAGUS SEKALI,1
kenapa ngak bisa di buka wpp nya 4 kali unduh cepek deeeee😂,1
yang membuat apk WhatsApp owner minta tolong diperketat lagi keamanan tingkat ekstra tinggi WhatsApp sy kena bajak sadap transparan oleh oknum yg tidak bertanggung jawab isi chat di salah gunakan oleh orang²yg bajak sadap transparan. kalau bisa dikunci semua chat dg prbdi dan tidak ada share antara kontak chat orang yg TDK dikenal. minta tolong owner yg membuat apk WhatsApp .,0
kenapa wa sekarang kalo vc muka kita gak ada malah muka yang kita vc ada dua 🙅🤕 tolong di. perbaiki lagi,1
Aku upload status pas ditonton orang malah eror udh dari dulu tetap aja GK di fiks ni bug saya udh lama tidak buat status woy,0
simpa,1
ga bisa login muter² doang,0
"sudah login dan daftar tiba2 log out sendiri, daftar lagi gak bisa",0
jelek,0
Ok,1
Tolong WhatsApp perbaiki sistem WhatsApp updatan versi sekarang jelek banget Sering ke blokir atau di batsin . Saya sebagai kurir paket kesulitan dengan kondisi WhatsApp sekarang sering ke baned atau di batsin di saat saya lagi mau membalas pesan chat ke customer saya,0
"aplikasi ny baik, udh bagus, tpi biasanya bug trs kl mau buat sw selalu burem..",1
tidak jelas saya tidak spam atau pun dispam tetapi WhatsApp saya kena Ben permanen?,0
"aplikasi ini sangat berguna bangett, tapi sangat disayangkan sekali ketika VideoCall wajah kita jadi ngga simetris / mirror, tolong di perbaiki karena banyak pengguna WhatsApp mengeluhkan hal ini dan jadi kurang percaya diri saat videocall, semoga masukan nya bisa di terapkan terima kasihh",1
biasa,0
bagus,0
Tolong ya kalo vc /videocall itu kameranya dibaikin kadang muka saya itu ga nampak kayak eror di situ dan muka org yang videocall sama kita itu kayak jadi dobel gitu,0
agak lemot,0
ok,1
bagusss abiezzzz,1
woi kenapa pesannya gak keliatan,0
Mantap,1
kenapa tiba-tiba eror muncul memuat doang 😪,1
"membantu bangett, lewat WA lancar komunikasi dan juga lancar rezeqi, karna bisa buat jualan💕😍",1
puas,1
"tolongg yah untuk ceo whatsapp, untuk buat stikernya itu hilangin garis putih putih yg di pinggir stiker nya karna it's look bagusn't dan cocokn't🙏🏻🙏🏻🙏🏻 tolong yah xiexie",1
Ok,1
mohon di bantu aman kan akun saya agar tidak di blok terus,1
"... __|*🗣️:::,,--kegiatan inti dari semua itu""+""📈Saham- Saham -Dalam 🌏: Situs web ✉️: Email .... *🪑**** lihat profil tata letak yang terbaik rafikan tentu saja...+🔗🌏 Lima bintang 🌟🌟🌟🌟🌟💯🪓 ..Emoticon ...‰¡№¡ok lihat profil lengkap Ainuddin https/... internet*",1
bagus tapii ada satu kendala saya udah sv nomor²tapi pas beberapa jam kemudian nomor²itu harus di sv ulang Kiraa Kiraa ini knpa?,1
update mulu min,1
berguna,1
Karna sangat berguna bagi saya dan yg paling terbaikk dann sangattt palingggg terbaikkkk,1
"min ini wa diupdet kok kalo vc ngelag ngelag ya, gambarnya kita sendiri itu ga keliatan malah gambar orang yg divc ngelag pindah kegambar yg kecil",0
membantu,1
heleh,1
mau menambahkan akun malah memuat terus sampe ga bisa d buka padahal udah uninstall sampe instal lgi tpi masih ga bisa di buka😢,1
aplikasi bagus,1
top banget apknya,1
"benerinn dulu developer banyak bug ini uy,,,jadii kena marah saya sama cewe saya dikiranyya nggak bales wa nya padahal dah diables",0
cukup bintang yang mewakilkan,0
plis deh WhatsApp aku capeee haruss save save ulang nomorrrrr😭😭😭🙏🏻🙏🏻🙏🏻,0
sangat bagus,1
karna wa itu perlu,1
sangat jelas dn baik,1
"Terlalu tergantung pada kualitas jaringan yang sangat bagus. gambar jernih jika kualitas jaringan super, atau hampir saya tidak mendapati kualitas gambar yang jernih karena terlalu boros jaringan",1
bagus,1
apk oke,1
"apk gaguna gapernah ada yang ngechat, nganggur di HP gua",0
sekarang whatsApp kog jadi sering ngelag ya di buat vc jadi gmbarnya 1 orang tolong dong di perbaiki,0
sangat baik,1
Bagus,1
Baik sekali,1
WhatsApp jelekkkk ngga bisa vc gruppp,0
bagus,1
👍👍👍,1
tolong saya akun saya tidak bisa upload status WhatsApp,0
Aku senang banget,1
bgus,1
bagus banget,1
wa kontol,0
"whatsapp jelek ngga bisa vc groupp, minimal bisa lebih dari 50 peserta bisa vc groupp. tolong update minnn. ditunguuu!!!",1
sebenar nya di perbaiki wa ini soal nya kalau kita buka wa terus masukan sandi nggak bisa di teken,1
efek e ra kenek,0
okay,0
"kenapa ini wa? ko ngga bisa buka vn+foto+vidio+sw? selalu ada bacaan pengunduhan gagal, perbaiki lagi TOLONG!!, makin kesini wa makin jelek, pas lagi vcan sama temen, layarnya selalu full hitam semua, pdhal uda di arahin ke muka kameranya tetep aja hitam, perbaiki lagi yang bener tolong pls",1
bagus aplikasinya,1
APK NIH TOLOL BANGET MASA' MAU MASUKIN KODE SELALU BILANG KAMI TIDAK BISA MENGIRIM SMS. HALAH BACOT MONYET,0
bagus,1
sangat membantu sekali tetapi lgi abdet susah padahal uda kosongkan histori,1
kok gak bisa kirim foto live,0
intinya bagus.,1
bagus,1
sangat bagus whatsapp,1
mantap sangat bagus,1
kenapa wa sekarang kuwalitas mok menurun yaa sering sekalai wa terblokir,1
makin kesini makin gajelas banyak bug nya,0
apknya sangat bagus memudahkan untuk aku bisa berkomunikasi dengan kekasihku🥰🥰😘😘😘,1
saya suka,1
"Sudah bagus,aplikasi beroperasi dengan baik,NAMUN..tolongg ya whatsapp, kenapa pas saya post video ke status ko jadi burem? entah bagaimana tolong dibetulkan dulu! utamakan bug atau apapun itu yang bisa mengganggu kenyamanan, kan kaya gini juga jadinya merusak suasana wae👁👄👁",1
vc error kamera nya,0
tetap bikin aman,1
bgs.,1
"saya baru menggunakan whatsapp dengan nomor baru malah kena tinjauan, aneh nih apk pas udah jadi malah kena tinjauan lagi, buruk banget aplikasinya",0
bagus,1
watsap nya bagus bisa gobrol Sam siyap siyap aj aku suka. dengan aplikasi ini,1
semuanya karena ai yg bdh 1. grup tiba² di banned 2. nomor tiba² di banned 3.,0
"wa talkahhh,tak adduh",1
"ko susah login whstsapp nya y, mau ganti nomor",1
ok,1
oke,1
gak bisa pake fitur terbaru dri wharsaap,1
ok,0
ok,1
sangat jelek!!!!!!!!!!!!!!!!!!!!!!!!!!!!!!!!!!!!!!!!!!!!!!!!!!!!!!!!!!!!!!!!!!!!!!!!!!!!!!!!!!!!!!!!!!!!!!!!!!!!!!!!!!!!!!!!!!!!!!!!!!!!!!!!!!!!!!!!!!!!!!!!!!!!!!!!!!!!!!!!!!!!!!!!!!!!!!!!!!!!!!!!!!!!!!!!!!!!!!!!!!!!!!!!!!!!!!!!!!!!!!!!!!!!!!!!!!!!!!!!!!!!!!!!!!!!!!!!!!!!!!!!!!!!!!!!!!!!!!!!!!!!!!!!!!!!!!!!!!!!!!!!!!!!!!!!!!!!!!!!!!!!!!!!!!!!!!!!!!!!!!!!!!!!!!!!!!!!!!!!!!!!!!!!!!!!!!!!!!!!!!!!!!!!!!!!!!!!!!!!!!!!!tapi boong wleee,1
Top bgt,1
sangat bagus,1
lancar,1
Apk WA ini sangat memudahkan komunikasi dengan keluarga dan teman dai jarak jauh,1
mantap,1
buat vc akunya bisanya di kecil doang dan yang di vc layar full ngk gerak gilak apa ini ngelek gitu vcnya,1
terbaik,1
"tambah lagi kualitas nya ketika upload poto atau video di status WhatsApp, dan berbagai Poto ke teman soalnya jelek banget",0
👍,1
mantav bisa cal whit aynk,1
"ini knp dehh kok memuat teruss , udh coba pakai 2 hp yang berbeda tapi hasilnya sama saja",0
sangat bagus,1
bgus,1
selokan 4,1
"banyak sekali masalah,dimulai dari video call:glitch layar, koneksi terputus tiba tiba, kamera blur / pecah pecah soal kode keamanan:selalu berubah ubah ~ chat kadang hilang",0
ok,1
ok,1
Bu Bu) pak sel,1
baik bangat,1
"developer kikir, semuanya kena limit sekalian aja wa musnah aja",0
Keren,1
jelek,1
"bisa gak sih admin kalau bikin wa lagi telpon jangan ada tombol matiin,kalau bisa harus ada pemberitahuan izin dulu soalnya punya pacar suka matiin vc.",0
bintang lima,1
bagusdeh,1
"developer kikir, semuanya kena limit sekalian aja wa musnah aja",0
good,1
"jelek, ada bug yang dimana foto telah di hapus dari galeri hp tapi di menu recents wa masih ada thumbnailnya. itu sangat mengganggu sekali, bug itu sudah lama ada tapi tidak pernah di fix",0
Mantap,1
Sagat bagus,1
bagus banget,1
we min plis lahhh foto sekali lihatnya aelahhh cwe gw pap sekali lihat mulu njirr😭😭,0
hebat,1
Terikasih bayak manfaatnya,1
tak bisa masuk wasap,1
tidak bisa save nomor baru,1
"WA doang ampe GB GB, aneh",0
baguss,1
Giman wa bisa aktif,1
"nmor saya di blokir, dn tidak bisa masuk kembali lagi.",0
oke,1
good,1
sering kena blok dan perbaiki lagi aturan nyaa,0
Bagus,1
sangat bermanfaat tank.you,1
terimakasih izin lapor,1
bagus laa karna ada whatsapp saya bisa berkomunikasi dengan siapa pun,1
jangan sampe ada orang asing lagi sama imagine imagine me dari meta Ai tolong di lancarkan 😭😡,1
membantu Skali,1
sering error saat vc,0
Kapan yaa WhatsApp bisa livestreaming,1
akun gua di hapus kan tdak jlas,1
👍,1
tlg yaaa adain fitur react love yang bisa tap 10000x 🙏😊,1
status saya masa tidak bisa dilihat teman saya?,1
Mantap,1
"KENAPA TIAP MAU NGIRIM SW SAMA STIKER MEMUAT NYA LAMA BANGETTTT ISHHH CAPEEE, MAKIN DI UPDATE MAKIN GAJELAS IHHH PADAHAL SINYAL KU BAGUS"" AJAAAA",0
so much bug and problem,0
akhir2 ini jadi gampang eror vc mau perbesar gambar selalu macet,0
ga ada yg nge Chet gua,1
"aplikasi nya sangat bagus, seperti aplikasi hijau lainnya..",1
"alhamdulilah, BLM genap 1 BLN download aplikasi WhatsApp, oh ternyata bagus kalo krm status tmbh lagu juga komplit",1
"WhatsApp ku di blokir tanpa alasan yang jelas, saat aku hubungi mereka tak ada satupun tanggapan dari email untuk masalah ku yang ada hanya servis yang di jawab oleh ai yang jawabannya tidak jelas",0
selamt malam,0
baik sekali,1
mantao,1
whatsapp tiba' blok sendiri padahal saya udah ikutin peraturan,0
kenapa sering kena bug yaa tolong di perbaik ki,1
tolong buka akun what saya terkunci,1
kode otp susah dapat di jual,0
washap bisa pake WA pacar,1
"please fix many bugs, especially when making video calls",1
Tolong benerin bugnya kalau VC layarnya ngefreezh kalah kita pindah layar gedenya,1
bagus,1
Terimah Kasih WA ...,1
sering kali hilang akun,0
gambar nya lemot,1
"makin kesini makin berat ini aplikasi, Ada Bug saat melakukan panggilan video ketika berpindah dari kamera depan ke kamera belakang, video langsung blank/kamera gk bisa nampilin video",1
bagus,1
untuk komunikasi dan bikin setatus mantap pol,1
"SERU BISA NGECHAT SESEORANG , TAPI EFEK Telefon SAYA TIDAK BISA DIGUNAKAN",1
sangat bagus,1
update mulu + menginstalisasi mulu wa gajelas,0
"yang baca kayak monyet apa lagi bacanya dalem hati ................,..,.. .. .. .. . . ......................................______________________yang baca sampe sini bego 😭",1
ok,1
"min tolong perbaikin sistem nya ini saya cuma mau buat komunitas di grub tapi tiba2 kena blokir,solusi nya gimana ini,sedang kan saya aja gk pernah macam2 di wa,dan juga bnyk sekali yang penting di wa saya tolong min kasih solusi",0
bagus,1
Sego turok,1
WhatsApp sekarang lemot banget,0
WhatsApp tidak tersedia untuk sementara waktu?,0
sangat membantu,1
nggak bisa memakai watshap dengan benar,1
"saya mau log ini ke wa yang lama di hp yg baru dengan nomor wa yg sama. tapi waktu log in selalu gagal dan selalu ada keterangan ""layanan whatsapp tidak tersedia"". saya sudah ikutin tutorial dari yt masih tetap sama. boleh dijelasin alternatif nya bagaimana",0
banyak bug saat vc,0
REKOMENDASI ADAIN STREAK DONG WA💥🔥🔥🔥,1
vidio bagus di upload di story kok jadi buram,1
terbaik,1
g bsa ky orng,0
buat vc jangan mirror lagii😖😭,1
"aplikasi nya jadi ga jelas, gw disuruh nunggu 24 jam. padahal gw ga spam sama sekali",0
"orang lain bisa memakai filter saat vc tetapi saya tidak bisa, saat memakainya tiba² ada tulisan gagal dan coba lagi nanti",1
telepon HP ku iki nomor 3 iku mau balekno nomore wa nggonku,1
lebih ditingkatkan versi keamanannya utk penguna wa,1
"Dear WhatsApp, Daripada terus merilis fitur yang tidak terlalu berguna dan hanya menghabiskan data, lebih baik perbaiki kualitas gambar dan video di Status. Konten bagus pun jadi buram setelah diunggah.",1
tolong saya .mau masuk ke WhatsApp,1
baguss bngett dhhh,1
wakww,1
Good job,1
Baik dan baguslah,1
meta ai nya jawab lambat tolong di perbaiki,0
mantan pekerjaan SECURITY. tambang batu bara. saat ini siap ambil upahan tebang pohon nyengso Budi Rahman,1
"WA DONGOK,KENON MULU WOI GAJELAS AMAT PADAHAL CUMAN PAKE BIASA NORMAL APLIKASI BUSUK GAK ADA PERBAIKAN DARI DULU,MALAH TAMBAH BURIK!!!",1
knp gk bisa ya ganti Wa businessi ke Wa biasa,1
"kenapa ya fitur wa nya skrng eror"" kalau vc ngeleg",0
bagus,1
"Saya senang bermain dengan permainan di Hp sangat menghibur tambah berkembang pikiran saya bisa menghilangkan semua pikiran² yang mengganggu saat saya masih bekerja, terima kasih Google Play, terima kasih banyak,",1
gk bis but telfon,0
sangat membantu,1
terbaik,1
Bagus,0
whatsapp sering ditinjau wkwkwk,0
akun wa saya balikin,1
WhatsApp memudahkan untuk berkomunikasi,1
ihin solihin,1
"Cukup membantu komunikasi, SW burik",1
"halo min cek"" akun wa saya di sadap bsa di bantu gk..????",1
makin update makin jelek mau pembesar tampilan sendri malah double gambar nya yg atau gerak yg satunya gak gerak sedangkan gambar sndiri gak ada kan bangke,0
bisa komunikasi sama orang lain,1
bermanfaat,1
akun saya perlu diperhatikan terlalu sering peninjauan,1
lbh mudah,1
sangat puas,1
wail,1
"pas vc skrng ngebug mulu dah, pas mau nggedein layar gua mlh ga muncul, munculnya muka cwo gua berhenti, yg kecil jg jd muka cwo gua tp versi gerak",0
sukses,1
👍👍,1
(CHANIA CAROLIN) GOOD,1
sangat bagus dan membantu,1
mantap,1
pas vc ngak ad efek nya,1
okeee,1
pokoknya semenjak ada aplikasi Whatsapp semua terasa ringan z 🥰,1
ok,1
keren,1
sangat kompeten,1
bagus dan mantap,1
semakin apdet semakin aneh aja vitur wa ni apalagi kalo lagi vidiocall aduhhh .,0
kendala lagi,0
selalu ditinjau padahal tidak ada kesalahan,1
wel,1
mana kode perivikasi gua Cok,0
sangat membantu dan mempermudah komunikasi,1
Sangat ba,1
"aplikasi nya best bgt,tambahin fitur foto live biar mkn kerennn,wkwk",1
"susah login, padahal ga bernah pakai mod, saat mau login selalu muncul ""login tidak tersedia""",0
sangat menginspirasi,1
Keren,1
sangat bagus,1
aneh kartu hp saya kga bisa sih apakah mlh mental lagi,0
kenapa wa akhir² ini sering sekali gangguan pada saat VC,1
bagus sekali,1
good,1
tak kasih bintang 5,1
"no saya gampang ke ban padahal ga ngelakuin apa"" ke ban permanent hadeh",0
ok,1
"BALIKIN AKUN WA KUU😭 aku gak salah atas apa yg terjadi 1 Mei 2026 lalu, antek-antek mereka yang bersalah Aku butuh banget pakai WhatsApp ini, kalau gak ada WhatsApp aku gak bisa komunikasi sama yang lain😞😞💔",1
gj dikit² kenon cht dikit kenon kntl,1
sangat bagus,1
bgus,1
sangat bagus,1
fitur akun anda dibatasi sangat mengganggu,0
Halo WhatsApp tolong di kembalikan akun saya kena spam pemblokiran wathsapp saya sangan penting,1
mantap,1
Semua baguss,1
biasa,1
bagus banget,1
otw,1
semangat pagi dan sore,1
Saya sarankan tidak usah ada iklan,1
bagus,1
👌👌,1
Dan dapat kami bantu cek dulu ya updatenya ya,1
tolongg kalau vc jangan kasih mirror dan tambahin lagi lebih banyak warna² bubble chatt nyaa atau ga bisa costum sendiri🫰🏻🫰🏻🫰🏻❤️,1
sngat bagusss,1
bagus dan berguna untuk berkomunikasi,1
saya tidak ngapa-ngapain tiba-tiba kenon sudah 3x dalam 2 hari dan sekarang akun saya tidak bisa.,0
KENAPA EROR MULU SIH TIAP MAU PINDAH WHATSAPP LOG IN TIDAK TERSEDIA TERUS TOLONG DONG APK NYA DI PERBAIKI,1
top,1
buat video call sekarang gampang macet,1
tidak ada,1
Update terus yang di benerin kagak ada malah nambah fitur doang,1
bagus semoga di upgrade lagi permasalahannya,1
Ok,1
bagus dan menarik,1
bagussssss tetapi semenjak update jdi cacat. kok bisaa yaa.. ngebug ngebug gtuuuu,1
aplikasi ini sangat bermanfaat sekali,1
baik,1
eror ga sinkron,0
kenapa tidak bisa mendaftar nomor untuk pendaftaran ke aplikasi WhatsApp,1
luar biasa apk ini,1
bagus,1
"apk ini bagus banget, tapi kenapa disaat saya sedang vc tidak ada disediakan efek nya",1
ALHAMDULILLAH AYAHANDA RAU,1
gajelas tiba' akun wa gua ke tinjau padahal ga ngapa ngapain,0
bug loading gj bat,0
saya tidak bisa menggunakan wa ini,0
senang berjahuan skrg tak masalah,1
bgs skli,1
sangat bagus,1
kenapa sih aplikasi ini selalu bermasalah mulu njir,0
jembout,0
"Tambah bokep ni wa, mending wa business",0
mantap,1
"aplikasi whatsapp saya di blokir tanpa pengetahuan saya, apa bisa di buka kembali blokir an whatsapp saya",1
ok,1
sangat bagus,1
jaringan nya terganggu saat video call,1
gk bisa masuk ke whtsapp,0
B AJA,1
lemoootttttt,0
sangat bermanfaat,1
tolong tambah fitur edit status seperti edit chat,1
kenapa wa sekarang setelah diperbarui panggilannya selalu gagal dan tidak bisa,1
bikin story foto atau video sllu ngeblur,0
"makin kesini makin aneh aja WhatsApp?,tiba tiba keriset sendiri gajelas,waktu di pilihin ga bisa,semua chat,kontak,media,semua yang penting dan tidak penting ikut hilang,saya tidak menyukaimu lagi,sekarang saya pindah ke sebelah.",0
ok,0
"whatsapp tiba"" logout sendiri dan memuat terus. udah gonta ganti email tetep tidak bisa",0
sangat membantu berkomunikasi dengan baik,1
eror terus,1
baik,1
saat login saya tidak di beri verifikasi sudah seminggu saya menunggu tapi tidak dapat dapat sangat kecewa!,0
bagus,1
"Overall puas. Chat, call, WA Web semua sinkron cepat. Saran: tambahin tema custom dan opsi matikan centang biru untuk grup tertentu aja. Sisanya top.",1
contoh: waktu menunggu Bis PATAS di Tanya i sesama penumpang.apakah sudah LAMA nunggu nya?! jawaban HANI: udah terLEWAT 3 bis... kondisi nya PENUH semua,0
aplikasi ya bagus saya kasih 5 bintang deh,1
suka setpam sendiri tiba tiba eror,1
bagus,1
server bermasalah,0
"Alhamdulillahi Terima, kasih",1
gak bisa masuk memuat trus,0
sangat bagus untuk berkomunikasi,1
perbaiki grafis status,1
baik,1
Sangat puas,1
Oke,1
top,1
sanggat baik,1
ga BS menggunakan whatsapp,0
Saya bisa mengetahui hal hal jual alun,1
mayan,1
kenapa sih padahal udh di cadangkan chat tapi malah reset ulang WA nya kacau dah mana data2 nya ke hapus lagi,0
wa kadang gajelas aku updt story malah jdinya burik dan jelek mohon diperbaiki,0
sangattt baguss menurut saya mah sangatt puasa okey deh menurut saya mah,1
woiii min knp login tidak tersedia untuk saat ini pdhl saya baru aja beli kartu baru hdeh kcewa malah bgini,1
mantap,1
"bagus bangett dan ngebantu banget, cuma tolong jangan ngeblokir blokir akun orang, contohnya aku, buka akun saya agar bisa dipakai lagi, disana penting banyak grup sekolah dan info sekolah dan lain lain.. 💔💕",1
aplikasi ini saat berguna,1
Ok,1
jelek + wa kaga jelas,1
bagus,1
nomor saya ngga bisa login ke wa,1
saya rasa wa saya mulai delay setiap saya chat seseorang tolong perbaiki,0
kenapa akun watshap saya d blok permanen,1
mantap,1
kenapa watshap saya tidak bisa digunakan untuk sehari hari,0
Bagusss,1
ok,1
bening dan bagus,1
sangat memuaskan,1
.mk 🍂🍀🌸 xxnx nya yy . i,1
sangat berguna dan bagus sekali dan saya suka sekali love you whatsApp Messenger😚👏💞,1
good job,1
Whatsapp sekarang banyak bug nya,1
top,1
kok gak bisa wd,1
gmn udh di download g bs kebukak wa ny,1
kasih fitur yang bisa kirim file mp3 ke status dong plis,1
abcd,1
mantap,1
"saya bintang 5 kan karna biar di paling atas, kenapa masih ada bug wa , bug wa seperti virtex yang bisa bikin hp kita ngehang saya sangat kecewa dengan itu apalagi jika spek hp orang orang yang masih jadul itu mungkin akan mati total jadi mohon untuk pihak whatsapp fix bug wa itu , itu sangat meresahkan, dan satu lagi syaa mau bilang kenapa ada celah saat misal kita kirim vidio ke dia dan dia kirim balik nah kita langsung report / unblok / blok dan Whatsap kita kenon alias tdk bsa menggunakan wa",1
baik,1
ini kenapa ya kok gak bisa di buka abis d update,0
whatsapp makin aneh.setiap saya kirim pesan.slu di blokir.,0
Bagus mempelqncar komunikasi,1
bagus tidak ada bug,1
"saya mau daftar WhatsApp pas di bagian kode nya malah gak bisa tertera tulisan "" login tidak tersedia untuk saat ini""",1
aplikasi ini sangat berguna sekali untuk komunikasi memudahkan komunikasi,1
"Whatsapp saya terkena ban permanen padahal saya tidak ngapa ngapain, aneh",0
"fitur baru saat vc nya jelek mau ganti gambar atau vidio tidak bisa, menyusahkan penggunaan aplikasi",0
asek,1
bagus,1
gk bisa,1
suka untuk menyambung komunikasi lllll,1
whatsapp nya bagus 👍,1
aku mau dowlod wa cuma ga bisa penuh pdhl ydh pd di hapus pake setelan pabrik aja bisa,1
tulisan di foto sekarang burem ga kayak dulu,0
"yaaaa menjadikan whatsap teman ceria & teman ngobrol yg baik dari segala penjuru jugaaa bisa,,trimakaasih",1
ok,1
Min tolong lah ini whatsapp gmna lah saya pake hp redmi note 8kok ga bisa di pake wa nya ada baca an wathasp resmi saya download padahal di Gugel playstore lahh tolong ini gmna,0
🙌🙌🙌🙌,1
😃😃,1
sms mau lgin akun wa gk muncul muncul gimana inibmin,0
juanco,0
👍,1
SANGAT MANTAP DAN BAGUSS,1
"gampang ngilang najong, udah 2 kali keriset tanpa sebab terus semuanya jadi jadul banget terus saluranku juga ilang semua, padahal banyak hal penting yang masih dibutuhin dan di simpen di situ tapi ilang karena keriset, najis banget najis ga suka kalau udah tiba-tiba keriset padahal udah di cadangin terus",0
cobaa kalau mau keganti nomor baru di whatsapp jangan loading atau memuat lama banget terus tidak bisa masuk terus mau masuk aja lama,0
mantaf pokonamah,1
bikin story burik banget pecah gak sesuai dengan rekaman asli padahal sudah diseting HD dan lagi pinginnya lihat story sendiri malah dilanjutkan storynya orang lain padahal aku gak mau lihat story orang lain aku gak mau kepo tentang orang lain mohon kembalikan seperti semula,0
"tiap kali posting story Video, video HD jadi burik. resolusi nya seperti di kompres jadi burik dan jelek",0
tiba tiba saat vc kamera depan nya tidak berfungsi,0
saya suka,1
Akun saya di Facebbook Asrofi DP. kata ssndi...Leornadafinci,0
baguss bgt jujur tapi aku ngga ada filter buat tlp gitu,1
ok bagus dan membantu,1
"Aneh sekarang aplikasi wa ,padahal download lewat palystore bisa bisanya dapet peringatan pake apk tidak resmi ,tolong perbaiki dong !!!!!! Udah ganti nomer 3x masij aja eror",0
Mantap keren,1
bagus aplikasinya.. sangat terbantu dlm komunikasi sehari2.,1
sangat baik,1
saat bagus,1
ok ok,1
"tolong perbaiki, ketika lagi video call merubah kamera jadi macet.",0
"wa LG GK bagus,aku kasih bintang 1 klau Uda bagus aku tambahin jadi bintang 5 lg",0
"Aplikasi ini sudah cukup bagus, sayangnya ada beberapa fitur bagus yang malah dihilangkan seperti background video call dari galeri. Di bagian status juga saya harap dikembalikan seperti dulu agar urut berdasarkan waktu terakhir kali di upload, mungkin itu fitur sederhana tetapi menurut saya sangat membantu.",1
baik,1
smenjak ganti no hp daftar lginya ribet WA karang trlalu bnyak peninjauan perlu waktu yg lama!!!,1
terimakasih kepada whatsapp tapi kenapa kami tidak bisa mengaktifkan perekam suara saat vidio call thnks,1
"1.kalo vc suka tembus suara dari apk laib 2. vitur baru entah apa bikin kamera ceket pas vc an 3.kadang burem blur sendiri 4.kadang internet lancar tapi pas nelfon sama sama menghubunglan ulang 5. ada di beberapa hp, jika mau tau ada telfon atau tidak harus buka wa terlebih dahulu, padahal sistem notifikasi aktif 6. kalo bikin story tambahkan lagi resolusi nyaa, masak 720 aka ga kuat, itu sudah paling burik",0
"aplikasi nya serem banget, soalnya tiap malem ditelpon mantan",1
bagus,1
"saya bikin status wa kok tidak bisa, saya sudah mencoba upaya untuk memperbaiki tetap gak bisa pulih pulih, error atau gimana nih?",0
gk muncul WA nya di beranda,1
sangat bangus,1
"overall good, tapi apus fitur edit chat please biar gada yang ngedit seenak jidat 🙏🏻",0
God job,1
nomor saya sering di tinjau tanpa alasan.,0
bagus,1
Mantep,1
banyak crash dev tolil perbaiki lah gw masang sw ber jam jam masih belum ke kirim padahal jaringan bagus,0
"ini apk kenapa sekarang aneh banget, kenapa mesti dibatasi, kita kerja di jnt loh,. bodoh banget apknya, nnti saya kasih bintang 5 kalo udah membaik",0
update sekarang jelek masa kalo lagi vc terus mau memperbesar bagian aku malah ngeleg perbaiki lah,1
yaman,0
banyak bug nya gak suka,0
bagus,1
jelek,0
ok bgs,1
sangat bagus,1
sangat ber guna,1
WA sangat membantu sy dalam komunikasi,1
sering bug,0
bagus good,1
sangat penting untuk berkomunikasi dengan keluarga yanhmg jauh,1
Whatsapp tdk bisa dibuka,1
good,1
sangat bagus,1
apa si update nya ga jelas bngt vc aja susah najis,0
mantap bangat,1
bagus,1
ini bug WhatsApp meresahkan tolong di perkuat lah perangkat kalian agar aplikasi luar GK bisa ngapa-ngapain terutama bug yang membuat orang keluar masuk tanpa sebab,0
wa saya di spam saya kasi bintang lima,0
"Terima kasih WA, sudah bagus mudah-mudahan tidak terkena blokir lagi, Mohon kerja samanya Bapak/Ibu admin aplikasi untuk melindungi aplikasi WA saya!!! Agar orang yang tidak dikenal selalu memblokir aplikasi WA saya dan terkena SPAM yang sangat menganggu aktivitas saya sebagai kurir JNT mengantar paket 🙏🙏🙏",1
nelpon cepat chet nyaman pkok x mantap,1
sangat puas dengan apk ini,1
oke,1
setia,1
bagus banget,1
"tolong update WhatsApp agar, jika bikin status video maupun foto tidak burem / pecah"" jadi tolong hd kan yaaaaa, tolong terimakasih ❤️❤️",0
oke,1
👍,1
eror aplikasi nya bintang 1 dulu masa gk bisa masuk wa,0
bangus,1
aplikasi ny sekarang kek babi emang,0
sangat bagus🙏,1
good,1
"eror ,nomor suka ke upgared terus",1
"kenapa sinkronisasi riwayat chat wa sering error, penyimpanan data wa saya jadi hilang semua",1
Tidak respon di tab sy,0
"hallo admin WhatsApp,tolong apk nya di perbaiki saya vc sering ngeleg patah"" dan nelpon biasa sering suaranya tidak kedengaran dengan lawan bicara padahal jaringan saya bagus dan juga sering ngeleg kalau nelpon,mohon perhatian nya admin WhatsApp.terimakasih",0
"Gajelas lah, habis di update ni wa malah pas buat vc ngeleg, gabisa di layar depan belakang malah macet 😏",1
Bagus,1
aplikasi yg sangan membantu,1
Saya coba dulu,1
Sangat bagus,1
Mei setia,1
baik,1
Bagus,0
Terima kasih whatsapp,1
GODD APK,1
"paling males kalo dikirimin file yg blm sempat di download, dikemudian hari baru mau buka file tsb tapi udh g bisa dan harus minta dikirimin ulang sama pengirim. tolong buatin fitur nya biar file lama masih bisa dibuka, sedikit ngerepotin soalnya",0
"aplikasi nya oke sangat membantu, tapi tolong mode sekali lihatnya bisa di screenshot yah... terimakasih",1
GK bisa login,0
dengan ada nya aplikasi ini sangat lah membantu komunikasi pekerjaan,1
mantap,1
"aku kasih bintang 3 , nanti kalo udah ada fitur ganti wallpaper depan bisa ganti warna aku kasih bintang 5,,,,masa iya cuman putih sama hitam gak estetik",1
Mantap,1
tidak bisa masuk ke WhatsApp karna d hp sebelumnya blm smpt di keluarkan,1
sangat menyenangkan,1
vd hd malah jdi grafik kartel pkmk,0
bug,1
Tidak bisa login ke whatsapp,0
bagus,1
oke mantap,1
bagus dan bisa wa an sama temen,1
tidak ada filter saat menelepon,0
aplikasi ini gak bagus gak baik jangan kalian download lemot dan susah masuk,0
Terimakasih,1
bagus.saya suka filter² nya,1
di saat mengunakan telpon dan keluar dari WhatsApp suara malah hilang,1
tidak bisa di buka,0
Hani Handayani Eliya,1
sangat membantu aktifitas sehari2,1
marah²,0
bagus,1
Untuk mengecet teman yg jauh,1
kebanyakan fitur jadi ngebug wa nyaa gjls bgt,0
udah kacau mania nomer yang biasa di pake wa sekarang gak bisa malah di suruh download wa resmi. wa resmi dari mana lagi ini aja udah saya download dari playstore nya cuma gara gara ganti hp terus kalau rusak masih mau pake,0
lumayan,1
aplikasi koplak.. knpa nge bug trus njir,0
Akun sayaasih d tinjou,1
berguna,1
Puas,1
jwgdoxhdgso di bisa di download di tdjdghskdgdksgd yang bisa bisa jadi ini bisa di rumah minimalis bisa dilakukan untuk membentuk citra kita harus tetap waspada dan bisa juga dengan jelas bisa di bisa di bisa dilakukan untuk membentuk citra di bisa di bisa dilakukan untuk membentuk sangat besar dan udara yang ambil Robux offline dan bisa juga dengan cara ini bikin member of the day after tomorrow never to start download offline installer Windows XP SP3 black edition full version gratis download,1
gokiL,1
"bagus, dan memudahkan komunikasi",1
"skrg vc malah ngebug , tolong ditingkatkan lagi",0
krg bagus,1
Sempat merasa kehilangan tanpa whatshap bagaimana tidak coba bayangkan akibat nomor saya diblokir dari pihak whatshap. titik masalahnya juga saya tidak tahu benar-benar bikin kesal. pada akhirnya harus ganti nomor.,1
"Belum bisa teepasang lagi, susa",0
"saya tadinya ngak bisa ganti nada dering tiba"" keinget belom update maaf ya😁",1
Biar terhubung pda prang lain bop,1
websab tak bisa dibuka,1
kenapa sekarang berbagi layar tidak ada suaranya di hp ku.tolong cepet di perbaiki ya soalnya membantu banget buat aku,1
"ya WhatsApp nya bagus sekali tapi saat aku chat sama Meta Al kok kadang-kadang nge bug ya, ya semoga di perbaiki ya bug nya di benerin itu saja semoga cepat diperbaiki ya 🙏",0
semoga berhasil,1
setelah update banyakkk bangettt ngebugg gaenakk tolong perbaiki lagiiii jangan asal update malah jadi ruksak,0
matap,1
sangat bagus dan bermanfaat,1
aplikasi ini suka mengkompres video yang kita upload,0
agak eror nih aplikasi,1
bagus,1
good job,1
aplikasi luar biasa,1
Selalu telat upgrade dan tolong fitur status di perbaiki lagi sangat kurang baik fiturnya,0
memudahkan itu cetan tmn dan kluarga,1
fitur vc kok berubah???? jadi anehh,0
sangat bagusss,1
P butuh Kontak!!!,1
bagus,1
saya puas dengan what's app,1
akun saya sering terblokir dan di tinjau berkali kali tanpa alasan yang jelas padahal saya tidak pernah melanggar ketentuan WhatsApp tolong sistem otomatis nya di perbaiki !,0
sangar baik,1
pokoknya terbaik,1
gak tiba2 saya log out dri wa yaa??,1
Oke,1
jujur bagus tapi kenapa efek kamera di hp saya belum ada terus?,1
hallo watshap kenapa akun saya tiba2 di blokir permanen,0
subscribe winlien,1
tidak mendapatkan kode,0
ok,1
tidak dapat kode ferivikasi,0
Aplikasi ini berguna banget,1
Kali aku komentar Kiri man orang selalu ditolak aku ga per nah bikin Sarah?,1
wa saya menjadi tidak bisa digunakan,0
Afifah,1
gua chat cewe sampe sekarang blom dibales gilakk,0
oke,1
izinkan sy mengistal wasapmesengger,1
mantap,1
jos jis mudah di gunakan,1
Susah masuk ke wa,0
Sangat berguna,0
sudah bagus,1
bokep,1
bagus,1
good,1
bagus,1
Sangat membantu banget buat saya,1
"tolong dong di perbaiki lagi masa asal buat story di wa selalu blur padahal udah pake yang hd tetap aja pecah gambar nya dan blur. trus kenapa pas vc gambar juga pecah ga jelas dan wajah kita jadi mirror tolong dong WhatsApp kalo vc wajah kita ga usah mirror. trus juga wa sekarang kenapa dikit dikit kenon tolong dong di perbaiki lagi, trus juga saluran tiba tiba di blokir padahal kita di situ gada nge share aneh aneh tapi malah di blokir dari wa nya",1
"kok sekarang gini sih fiturnya. sw udah dihapus, tapi masih loading aja seharian gk ilang ilang tulisan menghapus pesan nya. muak ih. diperbaiki lagi lah",1
"pesan sementara tu dihapus aja lah cuyy, gak usah pake fitur pesan disementarain segala",0
good,1
bagus,1
membantu komukasi lebih lancar,1
Sangat bagus,0
sangat sangat bagus,1
"akun saya selalu di blokir.katanya WhatsApp tidak resmi,sudah coba berbagai cara tetap ga bisa",0
man tap,1
banyak errornya,0
WhatsApp resmi,1
whatsapp aku mau tau alasan nya karna whatsapp malah jadi kadar luarsa,0
Aplikasinya sangat bagus,1
kenapa WhatsApp saya tertinjau Terus menerus padahal tida ada spam memang WhatsApp harus di ganti dengan aplikasi lain saya tidak suka WhatsApp saya di tinjau sebab saya tidak bisa chatting lagi semoga WhatsApp semakin buruk supaya di ganti. jika akun WhatsApp tinjau saya belum di buka amin jika pihak WhatsApp tidak menjawab semoga di ganti amin dengan aplikasi yang lebih bagus saya sudah berkali kali di tinjau padahal di situ tidak ada kesalahan sama sekali Mohon kerja sama nya terima kasih,0
Okey,1
wa,1
topp,1
sangat Bagus,1
apk nya lumayan bagus tapi klo bisa grafik sw nya benerin anjir kadang suka burik soalnya.,1
bug trus setan aneh,1
tida bisa vidiocol,0
bagus,1
yang baguz,1
Kok sekarang ada subscription sih ajg,1
"KEBANYAKAN UPDATE, NGAPAIN SIH, GAK GUNA, DAN GAK BUTUH WEH",0
"apk gajelas masa cewe"" gapernah bales chat saya, saya chat senin di balas kalo udah ganteng, mohon di perbaikan lagi🙏",0
karna enak di main kan dan bisa berkomunikasi dengan orang lain diluar sana,1
meta ai lainnya kurang benar,0
bagus tapi emoji di HP gwa kurg lengkap tolong di perbaiki,1
bagus,1
"SISTEM WHATSAPP BERULAH! saya memiliki banyak grup chat yg tidak terbaca & beberapa chat dari nomor tak dikenal yang dibuka, tetapi nomor saya sudah keblokir/ ke kenon untuk yg ke 2X NYA! tolong perbaiki lgi sistem keamanannya, nomor saya yg kemarin masih baru dan tidak ada melakukan aktivitas hal aneh apapun! so please kurangi sistem keamanan apalagi orang yang tidak salah atau tidak tahu apapun tiba tiba nomorny keblokir & tidak bisa menggunakan whatsapp lagi dgn alasan aktivitas tdk memenuhi.",0
"BENERIN JING, makin banyak update/fitur malah makin tol ol ni wa",0
lumayan bagus,1
makin lama makin ribet baru 3 chat udah kena spam 😡,0
bagus,1
"kurang satu yh, masa gue gabisa tag all di grup jir, ga kena juga kalau di tag all maksut loe apa meta whatsapp.",1
"saat saya mendaftar, kode otp tidak masuk padahal kartu nomor baru ganti",0
"lag parah, membuat panggilan terputus tiba tiba, saya tidak terima karena saya membuat rekor jam telepon terlama",1
👍,1
"jelek banget heran makin lama makin jelek ini wa, sering bug, jangan kebanyakan di ubah yang aneh aneh dehh .. gasuka bgt banyak bug nya sekarang",0
ok,1
say suka,1
"klo repost sw ga hd, kadang klo bikin sw jg ga hd tolobg perbaikin",1
"updatenya lama banget, perhp harus beda berbulan bulan bahkan bertahun tahun, sudah jadi apk komunikasi nomer 1 yang dibutuhin, tapi makin kemari makin banyak bug nya, ngtik sw sering bug, grafik sw selalu buriq dan malah lebih rendah dari gmbar asli, ohiya satu lagi, dlu mencadangkan gak seribet skrng, harus pakai kode yang 60 digit angka trs gakbisa di ss lu kira hrus di hapal apa, trs ada cara lain backup ke email, udh di backup tetep juga gkbisa nyambung pas di sinkronkan lagi ilang smua huh",0
"aku pengen update tp malah gak bisa, malah tambah suruh ulang",0
"WHATSAPP ADMINNYA SIAPA SEHHHH, dari kemarin mau hapus status masa ga keapus² ????????????????? dari tanggal 29 mei lohhhhhhhhhhh, pls perbaiki bug kyk gini. bikin risih tau gak !!!!!!!!",0
"ada lagi wa pake peninjauan emang gw teroris.bandar narkoba.makin gak jelas aja nih aplikasi.tdi pagi bisa dibuka sekarang gak bisa..mau tinjau tuh yg bener,org bener loe tinjau tolol",0
sangat menarik untuk di gunakan,1
lebih baik lagi ke depanya,1
aplikasi sangat membantu,1
asuw,0
kok habis update malah buat chat pesan gabisa dibatasi,0
knpa akun saya di blok,1
Sekarang wa jadi ngebug masa gw udah mute tapi masih ada nofikasinya sih,1
sangat bagus,1
bagus,1
sangat bahagia,1
sangat baik,1
bagus bisa menelfon,1
knpa wa saya gangguan terus,1
sangat membantu,1
jelek,0
sangat bagus,1
"aplikasi ini tu bagus tapi kurang nya harus pake kouta/wifi kalo mau tersampai kan,, menurut aku gak usah pake gitu2 an takut nanti kita2 teh ada keperluan buat nanyain tugas ke guru lewat aplilasi ini tapi gak ada kouta/wifi jadi gak tersampai kan trus kita di hukum",1
admin whatsapp sering otomatis nge blokir/banned no secara tiba tiba,0
good app,1
Whatsapp saya ga bisa digunakan,1
mantap,1
"saya tidak suka dengan adanya fitur premium, cukup perbaiki saja kualitas videonya menjadi hd saat di upload ke status",0
Baguss. hari ini WA Nya payah di update kembali. klo gk y mati. gk bisa di pakai lagi,1
bagus ap,1
beeguna bgt aplikasinya coba aja ada kuota gratis dari aplikasi ini tapi kurangnya kalau kita chat org kadang ga di jawab,1
Lemot,0
kenapa ya WhatsApp saya tidak bisa di buka padahal WhatsApp nya sudah bagus,1
kok sering di blokir ya wa nha,1
bagus,1
"tolong whatshapp,hilangkan apk yg bisa bug no hp kita dan ngeriset hp kita tolong hilangkan,soalnya ada apk pihak ke 3,yg bisa meriset hp orang dan Membuat hp kena virus atau dibug.",1
"knp saya tidak bisa masuk ya padahal udah punya akun tapi gatauu knp pas login jadi ga bisa udah download WhatsApp resmi juga tetep ga bisaa, saya kasih bintang lima agar terbaca banyak orng termasuk operator WhatsApp nya",1
sangat memuaskan,1
gada someone to talk. mending apus aja ni wa sepi.,1
mantap aplikasi ny sangn bagus,1
Bagus,1
"tidak lagi seperti biasanya WhatsApp ini, suda gak bagus lagi",0
jelek,0
WhatsApp sekarang terlalu banyak bug nya,0
ok,1
👍,1
"lah apasih whatsapp sekarang mah jelek, masa ga bisa masuk no biasanya sih malahan harus download whatsapp resmi pas di pencet di arahin ke chrome pas di chrome pencet instal malah ke PlayStore dan pas masukkin sama lagi ke gituh",0
"Halo wahatapp,akun whatapp saya tiba-tiba diblokir tidak di izinkan menggunakan whatsapp mohon di tinjau kembali untuk di pulihkan karena saya tidak melakukan spam.dan akun whatsaapp saya sangat penting",0
kenapaa ini masa harus download WhatsApp resmi ini gimana min aduh,0
gede banget ini aplikasi isinya apaan bisa nyampek 500 mb padahal jarang di gunakan bener bener menghambat hape jadulku,0
dengan wathsApp saya sangat mudah berkomonikasi,1
baik,1
baik,1
keren,0
terbaik dari yang terbaik,1
aman,1
cukup,1
ok,1
gmna cara durasi video lebih dari 30detik,1
Hp saya hp versi 4 samsung j1 ace semoga bisa trus gunakan aplikasi ini.,1
"terbaik,hanya akhir ini WhatsApp saya sering eror",1
wow,1
"kenapa sekarang whatsaap serjng bareng akun di batasi,padahal gak ngapa'in",1
cuku membantu,1
wa tiba2 log out banyak pesan hilang.,0
Lambat nya kalau donwlot,1
jadi lemot banget kenapa sih,0
Yju,0
sangat membantu,1
"Notifikasi WhatsApp sekarang sering enggak jalan. Kadang muncul, kadang enggak. Mau tau ada balasan atau enggak harus buka aplikasi dulu, baru notif masuk. Lucu sih, setiap update katanya buat meningkatkan pengalaman pengguna, tapi yang ada malah makin banyak masalah. Tolong beresin yang penting-penting dulu sebelum nambah fitur baru",0
giliran saya tidak ngapa ngapain ke blokir pas ada orang kirim stiker berbau +18 saya report wa dia tidak terjadi apa apa mohon di perbaiki soalnya banyak pengguna yang Masi di bawah umur!!!,0
mantap,1
"sok-sokan mau update banyak banyak, Sw noh hd in burem mulu 😹",0
apk no iklan,1
"sekarang beranda ku udah ramai, udah punya my kisah loh ya, tetap keren wangsaff semoga tidak menjadi kikir seperti apl lain #semuaaplmilik?allah🙏🏼",1
terlalu banyak iklan,0
kalian sudah update belum,1
sangat baik,1
💯👍🙏,1
wnatSApp mesSanger,1
"aplikasi sangat mudah dimengerti,saat ini ada promo naik daya cuma beli pulsa 5000 sudah dapat voucer untuk naik dayanya ,terimakasih pln",1
𝒃𝒂𝒈𝒖𝒔 𝒈𝒖𝒔,1
"hallo tim whatsapp, tolong diperbaiki whatsapp ini, banyak sekali bug gajelas, tolong di perbaiki segera. makasih.",0
bagus,1
iya lumayanlah tinggal update meta AI nya biar lebih canggih,1
Mantap,1
tolong perbaiki bug kamera vc (video call),1
Hsan,0
"halo kok saya tidak bisa login ya, katanya login saat ini tidak tersedia",1
keren,1
karnaa bgssss,1
sangat memuaskan aplikasi ini,1
"knp di update trs, memori ku penuh",1
"gajelas,ga resmi ga resmi gitu, pdahal saya resmi dari play store",0
tolong ya hapusin iklan yang di status ya,1
ok bangett,1
31 05 2026._,1
baguss🤩🤩,1
developernya terlalu maruk🗿,0
sangat bagus,1
tidak bisa upload foto layout,1
bagus,1
Wow,1
whatsapp apaan dah main blokir akun orang tololl baru kebuka udh di blokir lagi,0
bagus banget no komen,1
saya sangat2 puas benar2 membantu kesulitan selalu bisa di butuhkan sewaktu waktu,1
ok,1
bagus baget,1
oke,1
gabut,1
"WA skg knp kayak gini sih? Masa Dalam 1 WA kan ada 2 akun. kenapa di akun 1 story nya juga muncul di akun ke 2. Kan beda nomer. Asli sih ganggu BGT. kalo di hide, ngaruh ke kedua akun. Trs Story Video jelek bgt. padahal kualitas vid sudah HD tapi pas dibuat story jelek parah kualitasnya. Sering nhe Bug juga. tetiba keluar dari apk. Gak suka deh!! Tolong donk di perbaiki lagi!",0
bagus banget bang buat kumpul keluarga,1
Bagus,1
"perbaiki bug vidio call, udah banyak yg ngeluh noh",0
"Masak aplikasi setiap bulan kok memperbarui terus, gimana ni",1
fiturnya semua bagus,1
jangan hapus,1
i like app,1
bagus wajib di download,1
sangat bagus cuma ada penyesalan aring meng hubungkan saya kecewa sedikit 80%,1
ok,1
lagi sibuk,0
bagus,1
dari banyaknya nomer di wa kenapa ga ada nomer kamuu😔,1
ok,1
baik,0
Shueuei,1
👍🏻,1
tidak bisa daftar,1
"kebanyakan update ga guna, perbaikan bug aja dulu. biar ga delay pesan nya",1
whatsApp messenger mmg membantu kami berkomunikasi,1
"Kenapa whatsapp saya memuat teruss tidak bisa digunakan sekarangg ,tidak bisa log in krna ke logout",0
nomor telepon sulit di verivikasi kan,1
Sangat bagus,1
😉😉☺️☺️😉,1
wa knp klo kita bikin status burem jadi g bagus nnti klo udh g burem kukasih bintang lima,1
oke sip bagus lumayanlah hhe,1
bagus aplikasi whatsapp,1
bagus. sangat membantu,1
Ok,0
wa lagi kenapa sih pas vc tiba tiba nglg udah berapa kali kek gini giliran update malah makin ngeleg,0
bagus baik,1
good,1
Karena sangat membantu untuk saya,1
"sekarang wa saya sudah sangat baik,, dan baguss terimakasih atas erbikpaaa apk nya,,,,",1
ini kanapa WhatsApp saya di blokir terus bukan ada sya spam wa ini saya penting banget,0
sangat membantu berkomunikasi dengan keluarga,1
trus aja apdet ai bikin status pake emoji jadi gabisa skrg mh,0
"It's good, but the WhatsApp status graphics are getting blurrier and blurrier when sending photos or videos that are already HD but they still become blurry. Please fix WhatsApp's graphics.",1
mantaff cess apk nya,1
mantap,1
mantap banget 😁,1
good application for all,1
lumayan,1
aku ingin menjadi konten kreator,1
bermanfaat,1
Sangat membantu saya untuk terhubung dengan keluarga dan teman semua,1
"Sangat Membantu Komunikasi dengan Kerabat,keluarga..",1
pler,0
aplikasi nya bagus cuman dri tadi tuh dengerin audio ama voice chatnya daritadi bikin layar jadi hitam terus 🥀🥀,1
terimakasih telah memberikan amplikasi wa ini.. ini sangat membantu saya untuk berkomunikasi..terimakasih,1
kenapa wa saya ga bisa di buka,0
"apasih update terbarunya GAK GUNA bgt, gambar kejeda terus. JELEKKKKK",0
sekarang gampang terbelokir,1
aplikasi ini bagus banget,1
sangat oke 👍,1
bagus aplikasi nya,1
mantap,1
WhatsApp adalah untuk bisa komunikasi dengan orang dan kebijakan WhatsApp messenger yang sangat tajam dan berwibawa pada semua orang seluruh Indonesia dan luar negeri,1
aplikasi yng bagus,1
kenapa WhatsApp g bisa di masukan no tiap di masukkan ni kata nya WhatsApp tidak resmi.,1
sangat baik,1
Terlalu ribet,1
SIAL MAKIN RUSAK WA NI UPDATE BUKAN MAKIN BETOL MAKIN RUSAK,0
sangat membantu,1
dengan aplikasi ini sangat membantu kegiatan saya,1
WhatsApp tolonglah sudah 5 kali mamak ku ganti nomor tpi tetap gk bisa akun sedang ditinjau terus ganti hp pun tetap gk bisa juga tolong gimana ini kebijakannya,0
ok,1
tidak ada efek kamera,1
tdk bisa kebuka aplikasi WA,1
ojo di update maneh,1
sangat bagus,1
bagus,1
"I don't like this WhatsApp application because, as soon as I entered my cellphone number, it was blocked and it said, this account is being reviewed, I ask you to remove this feature.",0
aplikasi ini sudah di install tapi tidak muncul di desktop...bagaimana solusinya,1
"kok wa gw keblokir permanen mendadak gw salah apa njirrr,gw nga pernah nyepam",1
tetap aman dan sehat selalu,0
bagus sekali,1
tlg jelaskan masala wa saya atau tlg pulihkan,1
"setelah di update,fitur vc nya tambah rakaruan bnyak sekali bug nya😭",0
kurang baik pelayanan nya,0
kalaupun ada hanya sekedar sehat secara keseluruhan dimana Allah yang maha esa yang telah ditetapkan sebagai tersangka kasus dugaan penerimaan suap impor dan taman,1
WA gw ngebug woi!,1
kode otp,1
ok,1
video tidak sesuai,0
"Sekarang jadi makin ribet buat ngirim gambar ditambah teks jadi selalu ke cancel, udah ngetik panjang² tapi begitu scroll sedikit ke atas malah hilang.",0
sangat baik,1
oke,1
bagus,1
nih kasi bintang 5 jangan tinjau melulu,1
snagat membantu,1
"kalo vc an ngebug ,masa layar kecil sama layar besarnya mukanya sama semua,benerin lagi ya nanti",1
jos jis,1
"haii Whatsap, ak udah nyalain fitur efek di kamera , tapi kok tetep tidak ada ya",1
Perbaharuiwhats app,1
"aplikasi ini sangat bagusss, cuma saran saya tolong jangan kompres video di Story biar kita bisa posting video HD dna ga ngeblur",1
baik,1
jangan di bikin ada premiumnya ya min vc aja masi mirror mana sw masih burem jangan sok di bikin wa premium ya🥰,1
bagus dan terbaik dipakai saat ini,1
sangat membantu komunikasi,1
jji,1
Nice,1
menurut ku aplikasi ini bagus banget buat komunikasi bareng temen dan orang lain. fitur nya juga banyak banget walaupun gak semua orang pakai tapi tetap sangat membantu. aku ada saran nih tambahkan fitur baru di grup yang bikin kita bisa berbisik ke beberapa orang yang kita tuju untuk menjaga kerahasian pesan penting,1
Mau download wa tapi gak punya playstore😔,1
keren,1
Ga cocok untuk hp 128 gb,0
SW GUA GD DI TEMEN SYALL!,0
moga makin inofativ,1
lumayan,1
sangat bagus dan membantu berkomunikasi..,1
kurang bagguss,0
bagus,1
"grafik wa nya kurang bagus agak"" burem gitu kalo kita post story",1
mantep,1
"kok WhatsApp sekarang makin jelek sii, mau vc ajaa gabisa liat diri sendiri,gabisa diubah kayak biasanya hadeuhh kenapa aplikasi yang awalnya bagus menjadi jelek beginii makin burik ajaa, TOLONG PERBAIKI KALAU TIDAKK SEMOGA AJAA GADA YANG MENGGUNAKAN APLIKASI INIII,SEMOGA AJA RATINGNYA AKAN SEMAKIN MENURUN AAMIIN",0
aplikasi yg sangat sangat penting dan berguna,1
Semoga bagus fitur lngkap dan aman,1
stop update lu semakin update semakin aneh klo bukan soal kerjaan gak gue pake lu,0
terbaik,1
berguna,1
Yang pasti berguna untuk semua orang,1
sangat menyenangkan,1
enak banget. aplikasi,1
"kalau bisa ada Mode offline nya sih , karena gak di semua daerah ada jaringan . walaupun cuma sebatas ngirim pesan",1
wa sekarang ga aman enak banget di sadap orang lain,0
bgussd,1
apk tolol,0
👍🏻pokok nya 👍🏻,1
sangat bagus,1
sangat cocok dan seru,1
bestt bgtt,1
sangat sangat bagus Aplikasi ini,1
ok,1
sayaa tidak adaa filter pas vc,1
mantap,1
tidak menerima kode,0
faa,1
saya menyukai aplikasi WhatsApp karna di whatsapp bisa mengirim chat atau video dan bisa membuat status,1
adalah pokonya,1
👍👍,0
"Kenapa fitur Share Live Location jadi hilang? Terus, seriusan ini WA bakal ada biaya Langganan kyk awal sebelum di ambil alih sama Facebook/Meta?",1
sangat bagus dan canggih dan bisa untuk menelpon atau chatnya teman jika butuh sesuatu,1
tidak bisa log in,0
bagus dan sukses selalu,1
baik,1
bagus,1
nice this application quality and the best,1
Aplikasi sampah,0
aplikasi wangshapp ni ................,1
yaa...,1
aplikasi ta berguna,1
seruu,1
theee besttt poko nyaaa,1
bagus,1
"WhatsApp tolong perbaiki kualitas video dan foto yang mau di unggah, masa video HD atau foto HD pas di post di story WhatsApp malah blur, antara hp aku yang emang burik atau WhatsApp nya yang bermasalah, tapi sejauh ini aku liat story temen temen ku juga pada blur story nya even hp nya Iphone, tetep aja gabisa HD, ke kompres mulu kualitas nya, tolong perbaiki ini.",1
info akun dan prrangkat baik,1
kenapa akun wa saya di tinjau,0
bagus dan menarik,1
very useful woww,1
mantaf,1
aku gk bisa login di wa 🤬🤬,0
good,1
mantap 😁😁😊,1
y we lah,1
signal jelek macet macetò,1
ok,0
baik sekali,1
tidak bisa di dowlod aplikasi nya,0
tidak ada iklan,1
𝘨𝘬 𝘣𝘪𝘴𝘢 𝘥𝘪𝘣𝘶𝘬𝘢 𝘴𝘢𝘮𝘢 𝘴𝘦𝘬𝘢𝘭𝘪,0
"suka,tapi jangan sering upgrade ya",1
mehhh mau up sw buriq baikin grafik sw nya ajg🥰 bokep aja hd masa sw GK hd gmn sih🥰,0
gtw lah cape liat fitur nya pas Vdcalll tuh udh kamera depan pas mau di perbesar malah balik ke orang yang kita vc jadi ada 2 bukan nya perbesar vc kita malah 22 nya jdi kamera dia,0
banyak manfaat,1
sangat membantu...yg terpenting adalah tanpa biaya,1
"bagus sih..,tapi ditabletku gabisa",1
"coba kalo ngirim foto atau vidio jangan burem, teruss sama sw jugaa",1
👏,1
kadang susah kalo liat status,1
oke,1
Please remove gif picture search thats not aporopriate for children,1
terbaik,1
nice,1
tidak iya iya,1
sangat baik,1
aneh sering keblok sendiri nomor saya,0
"plis lah WhatsApp lu kenapa si, setiap gua ngirim Vidio selalu pecah gambar nya?di hd udah apa gunanya hd coba kalo Sam sekali ngga ngefek. bagusan juga WhatsApp yang dulu ga ada hd hd an gapernah pecah gambar nya.",1
sangat memuaskan,1
aplikasi ini memuaskan saya untuk mendapatkan game yg saya mau terimakasih yh..,1
senang bisa komunikasi d whatsap. tau kanar teman saudara ❤️,1
"wa saya tiba tiba ditinjau, dgn alasan tidak memakai wa resmi pdhl saya donwload di stroe lgsg aneh. dn gbs msuk lgi",0
tiba tiba ke blok mau mulihin no gak bisa apasih nih aplikasi mau nya,0
bagusss banget skg,1
bug translet gak bisa di download,1
bagus,1
bgus,1
Saya tidak bisa menggunakan whatsapp karena nomor saya keluar sendiri dan tidak bisa di klarifikasi oleh whatsapp,0
buat lebih efisien,1
sangat bagus,1
jika ganti perangkat susah atau lama terperipikasi,1
whatsapp ini sangat berguna,1
bagus bangettt jadi lebih bisa chetan sama besti,1
sangat bagus memudhkan iteraksi y,1
bagus,1
anjay,1
"update macem apa ini,vc jadi aneh.tolong segera perbaiki!!!",0
ok,0
komang Radit abang marah zjZb,1
lumayan lah,1
bagus,1
sangat membantu untuk bersilahturahmi bisnis dan lain lain,1
terbaik,1
sering lag lag,0
WhatsApp ini membantu saya berkomunikasi dengan irang luar makasih,1
good,1
bguss,1
realme C21,0
"Napa sihh ni wa knp aku bikin sw tapi vd nya ga sampai habis!?!!,nyesell bgtt ngeupdate!!!!🙄👎🏻👎🏻",1
WhatsApp itu penting banget kalook di hp,1
lebih baik di perketat lagi,1
bagus,1
minta poto kartu apa saya tidak punya kartu,0
aplikasi sangat membantu dalam kehidupan sehari-hari,1
"tolol.. kebijakan terbodoh.. wa pakek nomor hp baru dan mau mengabari kerabat dan teman"", malah di kira spam. alhasil wa dan nomorku angus.. lantas bagaimana cara mengabari semua teman dan kerabat ketika menggunakan nomor WA baru.. ? jabatan elit, otak sulit",0
knpa stl di-update WA saya tetap nggak bisa dibuka,1
aplikasi ini sangat berguna untuk berkomunikasi jarak jauh,1
sangat puas,1
untuk komunikasi,0
bagus,1
panggilan video selalu putus2,1
sangat penting,1
Ok,1
sangat terbantu,1
Aplikasi sangat membantu dalam berkemunikas,1
good app,1
free,1
Bagus,1
Lumayan,1
aktipkn,1
bagus sudah tali efek nya tdk ad,1
error,0
mantap cuyyyyyyy,1
keren,1
goodluck,1
sangat membantu,1
Ok,1
handphone saya Ter restart pabrik dan saya tidak bisa login karena WhatsApp meminta kode otp dari perangkat lama,1
"saya tidak suka dengan vitur baru di wa yang vidio call nya, kembalikan seperti duluu",0
perbaikin soal Sw masa vidio 1080p jadi buram gak karuan tulisan gak kebaca serasa kaya vidio bokep aja d sensor sensor perbaiki segera,0
Oke,1
Hhu,1
nice,1
terimakasih,1
Lama donlod,0
nomor saya tiba-tiba keblokir tanpa sebab,0
cadang WhatsApp messenger gratis,1
Sangat membantu sekali,1
maap saya tidak bisa membuka whatsap,1
Halo Whatsaap kenapa akun saya seLaLu kena tinjau,0
lumayan,1
WhatsApp sangat membantu saya,1
KEBANYAKANNN KENONN ANJNGG ILANGINN LAHH SPAMM DOANG KENAA BATASSS EMANGG BELI KARTU MURAH HAHH IDIOTTT,0
pinda kan uang ke dana,1
"kenapa wa saya minta verifikasi terus? stelah saya masukkan nomer, blk lg minta verifikasi. dan itu bberulang terus sp akhirnya wa sy tdk bs di buka....",1
"Knp wa saya kalo seseorng di arsip, lalu pas mereka balas pesan lg tidak masuk branda wa tetapi masuk notifikasi, setelah di klik dr notifikasi ada chtnya, jika sudah keluar room cht, tidak ada profilnya lg dan chtnya yg muncul baik di arsip maupun di beranda",0
mantap,1
puas,1
kebijakan wasap ini bagai mana wasap gak bisa di buka tolong bagai mana biar bisa di pake lagi,1
oke,1
"aplikasi sudah cukup bagus dan update,tapi kanapa selalu kena blokir?apa itu salah satu updstean WhatsApp?sumpah sekarang WhatsApp jelek banget, bales chat aja sampe ke blokir,saya kurir paket sampe kesusahan kalau gini",1
email dan nomor hp semua milikku sendiri atas nama data pribadi saya,1
sangat bagus,1
Good,1
bagus,1
luar biasa sangat 👍,1
sangat baik,1
cakep,1
PT Arta prigel,0
"tolong ni ye atmin peka dikit, kalo ngepost status/ngirim ke orang lain jangan di kompres,jadi buriq 8 bit pula,mohon di pertimbangkan karena sangat meresahkan dikira grafik kartel jadinya.",0
bagus sangat bergunanya,1
baik,1
berapa banyak lagi saya dan orang lain mengganti nomor telfon untuk memenuhi kebijakan bodoh ini? Tolong dijawab?,0
tolong,1
tolong fitur kamera pas vc jangan miror,0
buka,1
"bang meta benerin bug pas nelpon suaranya sudah hilang,kalo sudah di benerin aku janji bakal kasih bintang 5, oh iya btw sinyal ku udah bagus jadi jangan bilang kalo sinyal ku burik makanya suaranya bisa hilang...",0
aplikasi bisa d gunakan dengan baik,1
Sangatbagus,1
di tinjauw terus,1
bagussss tp filtur wa nya sekarang error banget tolong di diperbaiki,1
hm keren,1
makin update makin kacau,0
di aku belum ada filter saat panggilan video,1
m3 makin anehh,0
makin di update semakin ngaco,0
min tambahin fitur kick orang dari saluran pls,1
di nomer saya kenapa susah kebukanya,0
"masa aku Nga ngapa ngapain wa aku ke kenon mana langsung ke kenon permanent lagi isinya banyak kenangan semua,harus beli kartu baru hadehh",0
halo min KNPA skrng vitur vc d WhatsApp seprti blank ngelag dan muka kita JD GK ada ketika d pencet kamera tolong d perbaiki,0
ssa,1
ok dech,1
"buat fitur yang jelas lah, masa pas vc klik layar mau besarkan kamera kita tiba tiba error gak bisa di balikan lagi",0
sungguh sangat membatu saya dan sangat aman,1
ok,1
"apasih knp wa ku sukak kl terapos sndiri cetan cetanny, tbtb keriset sndiri, cetancetan lm teapos smua, kobtolah whatsap",0
kontak tiba tiba hilang,0
bagus,1
fitur foto sementara ilangin aja. ganggu,0
"banyak bug nya sekarang, lagi penting'nya whatsapp buat kerja, sadapan perangkat pendamping sering log out sendiri, kadang suka force close terus menerus karena perangkat pendamping log out tanpa sebab",0
Bagus,1
"tiba tiba tidak bisa dibuka padahal tidak dipakai sembarangan,kadang mau kirim tidak bisa kirim pesan.",1
bagus,1
Sangat membantu,1
"buruk, kenapa mau login wa aja dipersulit??? bangke emg wa ini",0
Dini rohani Jun,1
Ok,1
bagus,1
kau bikin ayangku cedih karna kau ilangin chat nya wa sialan,0
knp wa saya jadi kayak wa jadul? padahal udah update.,1
Bagus 👍,1
saya suka,1
aneh bgt tau2 wa gua dibatasi.,1
"bug vc, cepet benerin",0
makin eror ketika vc an dan mau perbesar muka sendiri malah cekkak makin ga enak tolong diperbaiki,0
Sangat membantu,1
sya TDK mendapatkan kode ferivikasi 6 digit sya,1
bagus,1
wa aku error,1
Ws mmgteebaij,1
kenapa no saya tidak bisa di daptarkan,1
kontak udah di save pas update malah hilang,1
makin update makin bnyak bugnya🗿 cihhh,0
"untuk tim WhatsApp jangan kebanyakan nambahin fitur baru dulu kalo bug masih banyak,di mulai dari bug terkena spam ada banyak orang yang sama sekali tidak melakukan spam tapi masih terdeteksi oleh bot alasan nya melakukan spam,padahal tidak sama sekali melakukan yang nama nya Spam chat sooo + bug verify merah alias saya kemaren baru membeli kartu baru dan mendaftar kan no tersebut tapi tidak bisa alasan di suruh makek WhatsApp resmi padahal aplikasi yang saya pakai tersebut resmi dari play store",0
ok,1
terima kasih,1
kalo bikin sw kenapa jadi burem,0
sangat baik,1
kenapa vc nya sering eror diperbarui,0
Sangat bagus,1
halo tim dukungan whatsapp saat ini akun whatsapp saya memerlukan aplikasi versi Resmi padahal saya telah menggunakan aplikasi versi resmi mohon tinjau akun saya segera selesaikan masalah ini,0
suara lawan bicara nggk jelas.. burem padahl sinyal bagus,0
😁,1
bug chat wa telat muncul woi 💢,0
sangat baguus,1
assalamualaikum warahmatullahi,1
kalau bisa ditingkatkan lagi soal keamanan,1
bagus,1
aplikasi nya baguss...,1
Fitur nya sangat bagus,1
yo WhatsApp! too much gasi kalo aku minta fitur arsip status?? kalo bisa yg udh kadaluarsa alias yg udh luamaa juga adain lagi plss (ngelunjak) jujur kangen dan penasaran se-alay apa diriku dulu membuat sw wkwk,1
Mantap,1
buat apa bio WhatsApp di kasi timer?,0
jllek,0
mantap,1
kenapa ya saat Videocall gabisa pakai kamera depan gimana cara agar bisa kamera depan,1
baik menarik tapi sayang motif yang dulu aku sering tunggu dah gada dah bahagia Sam pilihan nya jangan pernah jadi pelangi buat orang yang buta warna tapi jadilah petir untuk melengkapi alur cerita nya ingat sebaik apapun kita di dalam kisah dan cerita itu tetap saja di matanya kita lah penjahatnya lebih baik undur diri lalu sadar diri memperbaiki diri dari pada bertahan tapi tak kunjung di hargai 😌😊,1
"whatsap eror kamera ya pas video call, gk bisa ganti posisi saat video call.",1
nice,1
👍,1
buruk,0
"WhatsApp tolol, gara-gara logout sendiri data jadi ilang semua, kasih peringatan biar ada waktu backup data dulu kek..👎👎👎👎👎",0
fitur vc nya ngelag Mulu pas bagian mau pindah² muka kita sama lawan call gabisa malah double,0
ok,1
sangat puas,1
mantap,1
"Halo WhatsApp, mohon hadirkan fitur verifikasi via email. Banyak pengguna, termasuk saya, kehilangan akses akun karena nomor HP sudah Mati. Padahal di dalamnya ada chat mantan dan memori berharga yang tidak tergantikan. Tolong kebijakannya agar data kenangan pengguna bisa diselamatkan tanpa harus bergantung pada nomor telepon. Terima kasih",0
Keren sih,1
sangat membantu,1
Kenapa watsapp tidak bisa dipakai pakai data celuler?,0
"developer yang terhormat, saya puas menggunakan WhatsApp , tapi tolong tambahkan saat update nanti ,kita upload story tampilkan berapa kali orang yang memutar vidio story tersebut",1
"fitur vc nya kock, bnrin lgi ni.",0
mantf,1
aplikasi yg membantu,1
Luar biasa,1
Sangat bagus ✌🏿✌🏿,0
"kenapa wa tiba"" loguot sendiri...pesan yg simpen d arsip semua hilang..",0
wa nyuru updt tapi ga bisa di updt gimana si sistemnya,0
mantapss loveee,1
sangat baik,1
sangat memudahkan saya,1
baik,1
"ini kenapa wa saya tbtb keluar trs dri apk dan ada tulisan ""WhatsApp terus berhenti . tolong gmn cra ngatasinnya",0
sangat mantap tapi saya ga bisa login ke whatsapp nya,1
mantap,1
"Halo dukungan WhatsApp,saya salah satu pengguna WhatsApp Sayangnya akun WhatsApp saya telah Diblokir saya maap telah menginstal aplikasi pihak Thard karena kesalahan. SAYA MEMINTA UNTUK MEMBUKA BLOKIR AKUN SAYA. Terimakasih.",1
ok,1
parah... tibatiba akun tautan logout sendiri. dan semua media ikut kehapus,0
bagus,1
kenapa akun saya tidak bisa masuk,0
menenangkan,1
"whatsApp tidak bisa masuk hanya memuat terus, apa solusinya?",1
"gajelas kenapa hrus ada iklan aneh, ntah apa maksudnya berlangganan gajelas bgt sok Iya bgt!!",0
gak bisa di pake di HP baru,0
ok,1
tolong perbaiki aplikasi whatsApp ko punya saya ga bisa Mulu whatsApp nya,1
sedikit kata semakin menelan kuota bkn semakin efisien justru tambah semakin borossss itu buruk!1,0
"Halo, Saya ingin mengajukan banding mengenai akun WhatsApp saya yang dibayasi secara tidak adil, Saya merasa tidak pernah melanggar ketentuan apapun di WhatsApp. Tolong tinjau akun saya dan segera selesaikan masalah ini.",1
bagus,1
Burukk terlalu banyak iklan dan sering bug,0
cara memulih kan numur yang terhapus...dihpe saya...,1
enak,0
"udah jelek banget orang yang di private tetap bisa liat sw kita, trus kita ngga bisa ss in nomor orang, ngga bisa kasi liat nama nya apa yang kita sv in kedia,kaya dia itu ngeprivate yang ngga perlu tapi yang perlu di private malah ngga di private, vc nya jga suka ngelag, pkoknya wa skrng jelek bgt, coba aja story munculin fitur boleh ss in story dan ngga nya psti bgs bgt trus bisa in ss nomor atau ngga pp atau ngga biar org tu bisa nentuin privasinya sendiri, trus ketatin juga privasinya gitu",0
itu guna nya buat apa? jsvshe ehehegejesssvsjs hiv hsbsvehsv xoxox Krista Jackson dioxide dioxide audits iconic Australasia's kakakakakakkaaka Alaskans Arkansas Arkansas arkans Giffgaff Google Google maps jjjjjj kickboxing focus icon Lubbock king know king king know king knock knob LVMH knock knock McDonald o padlocks official judicious iconic judicial Nvidia tic music no knock music,1
saya tidak bisa menambah kontak orang,0
sangat bagus,1
jelek,0
"bintang setengah aja, kurang pengawasan yang buat aplikasi. mass iyaa kalo call sukaa mati mati sendiri.",0
fitur vc ny jadi mengesalkan tolong kalau mau memperbaiki fitur itu ngotak - ngotak yaa tolong untuk bagian pengembangan,0
Baguss Tapi mines nya di penyimpanan aja sihh😅,1
bagus buat vidio call vc sama kluarga,1
mantap all good,1
bagus sekali,1
sangat bagus,1
AlBlB,1
aplikasi yang sangat menarik,1
sangat membantu,1
sangat puas,1
bug saat video call,0
"hapus fitur baru video call, saya jadi ga bisa memperbesar video saya karena fitur baru itu, sangat mengganggu",0
enggak bisa nginstal kenapa watshap,1
bagus,1
kembalikan vitur AVATAR,1
"keluarin fitur hapus followers saluran, jadi orang orang yang masuk saluran kita bisa dikeluarkan dri salurab trsbt",1
ok,1
kurang bagus,1
"wa setan, orang wa ga di apa' in tetiba keriset sendiri stres",0
saya memang menggunakan WhatsApp sejak lama tetapi ada satu yg membuat saya sangat kecewa yaitu aku saya terbelokir sendiri alasan nya akun saya tidak resmi katanya padahal saya sudah memakai WhatsApp sejak lama kenapa tiba tiba diblokir tolong ya WhatsApp perbaiki persalahan ini dan saya ingin meminta akun saya pulihkan la karena saya juga butuh WhatsApp buat komunikasi terimakasih,0
mantap,1
Sistem WhatsApp sekarang suka banned orang secara sembarangan padahal baru buka WhatsApp saja sudah dianggap spam mohon fitur banned dihapus saja saya hanya chat teman saya yang udah ku save karena ingin memberitahukannya bahwa saya ganti nomor tapi kenapa pas saya save malah terkena banned WhatsApp WhatsApp memang tolol semuanya serba ai,0
Wehatsapp saya tidak bisa aktip sy kurang paham,1
sangat tidak puasaa😂,1
ok...mantap,1
bagus,1
suka,1
Hapus Gif conten Porno,1
bagus,1
TAHUN MAKIN MAJU APKNY KEK HEWAN!!!!,0
"update nya lama, banyak fitur yang tidak ada di ponsel saya",0
tiba tiba wa saya terhapus,0
1234 Kurdi,1
Terbaik,1
fitur makin gajelas kalau vc malah kaya nge bug gabisa liat muka sendiri gajelas fitur nya,0
Gak bisa Telp,1
kenapa gak bisa,1
DON'T LIKE,0
banyak bug,0
uda di update belum ada tanda-tanda pembaruan aplikasi,0
apk tll masa habis kenon verifikasi tapi kode kgk masuk masuk,0
is the best,1
"sengaja saya kasih bintang lima biar tau bug nya, saya ngechat cewe centang dua gak dibales bales tolong dibenerin dong bug nya",1
beri saya agar aman di akun wa saya,1
napa kamera nya pas kita pencet muka kita malah lengket kenapa nih perbaikki lah min,1
masa setiap hari kenak kenon hadeh,0
SKRG PRIVASI SW BUAT ORG TP MALAH KAGA KEPRIVASI KOCAKKKKKKKKK,0
whatsapp makin kesini bug nya makin bnyak,0
"ada bug minn, saya lagi vc dengan teman saya, terus ketika saya ingin mengalihkan kamera ke diri saya (menukar posisi kamera dari wajah teman saya ke wajah saya), seketika ituu kamera nya nge-lag, dan layar wajah teman saya ga bergerak sama sekali di layar hp saya, ini bukan terjadi di saya saja melainkan rata rata user WhatsApp lainnya, tolong secepatnya di perbaiki admin yg baik hati dan fast respon.",1
kenapa sekarang banyak bug nya sih? pas vc apalagi,0
kok di aku gak ada efeknya,1
Apa bisa wa lg.,0
Aplikasi ini bagus,1
baru nyampe blm dipakai,1
"mengapa sekarang tidak bisa menyalin Teks,dan gk bisa di edit ya",1
nge bug terus aneh banget tolong di perbaiki pas vc kamera nya error,1
i like it whatsapp,1
baguss^^,1
Bagus,1
ok,1
Sangat puas dan Dan Cepat,1
bagus,1
bagus,1
semoga fitur WhatsApp menjadi lebih baik lagi 👍👍👍,1
saya suka,1
Setiap 1 bulan sekali harus updat,0
kenapa waktu vc memperbesar wajah sendiri malah seperti eror,0
bola,0
"kembaliin wa yang dulu plis, sekarang klo vc selalu ngebag tpi klo di klik layarnya gerak intinya gerak' nya di layar kecil aja klo layar tampilan yg besar ngebag 😞",1
mantap bngt meta ai nya,1
Error didik jari kunci tidak bisa di pakai,1
Bagus,1
"Aplikasi stress, jangan download, sya cuman chatan di group tiba² kena tinjau, sya gakk melanggar apapun, udah lebih dari 3x sya begitu",0
WhatsApp Messenger Luar biasa baguss untuk pengguna..,1
bagus sekali,1
ok,1
kenapa kontak nya gak singkron sama wa ya ada yang sama ga sih ? buat singkon nya gimana tolong soal nya no nya double terus gak ada no nya itu kenapa yaa,0
Oke,1
aplikasi nya sangat seru,1
mantap,1
WhatsApp kenapa si sayah mau pasang sw ga bisa malah ada tanda ngulagi dan merah ga jelas ah jadi gw kasi bintang 1 😡😡😡😡😡😡😡😡😡😡,0
"hai whatsapp! aku mau kasih saran sedikit, kalau bisa adain fitur HD di status wa. karena setiap saya buat sw di galeri hasilnya jernih pas masuk sw langsung blur parah, apa lagi kalau kita mau memposting ulang sw teman saya yang mengtag saya itu hasilnya blur and pecah bangett. tolong di perbaiki di bagian sw sama jangan perbanyak update ya whatsapp, tapi untuk semua kegunaan wa bagus sih, berguna juga buat komunikasi sama keluarga and teman-teman, thank u!",1
"e min, kok. telpon saya dimati matiin terus ya kalo lagi telponan? kenapa nyak, jangan ke gitu lah min. saya lagi ketawa tawa masa mati telpon nya, kan saya jadi kayak orgil",0
i love you,1
knp ya sticker yang aku simpen suka tiba-tiba ilang?,1
kenapa besar sekali memakan penyimpanan,0
enak bisa telponan vc kita ldr an juga kita disa vc di whatsap ini,1
wa kacau hari ini setiap vc ganti layar stak ga bisa gerak,0
sangat luar biasa,1
"kadang bermasalah,, tolong di perbaiki lgi,, dan buat fiturnya menjadi lbih konsisten,",1
BUJANGGG,1
baru login dah seruu,1
Bagus,1
whatsapp nya ga mau,1
good,1
mantap,1
bagus tpi ga bsa di update,1
"kenapa sih sekarang VC jadi sering lag,kalo mau besar kecilin bagian wajah selalu nge lag,gak suak",0
sangat bagus,1
nice,1
"WhatsApp ku kenapa ga update terbaru yaa masih lama terakhir update 16 des 2024, efek belum muncul kalau vc, trus Wallpaper pink trus meta AI belum ada samsek, juga wa ku eror kalau mau buat story misal udah kupilih ftonya trus edit privasi gak kesimpen harusnya di atur dlu privasinya baru pilih foto gimana siii bikin bete ajaa dehhh",0
sangat baik dan membantu,1
mantap,1
"saya kasih bintang satu karena tadi setelah di-update entah karena apa tiba-tiba akun keluar. moga aja hanya bug, karena itu akun penting. tapi bugnya jangan lama-lama dan sekiranya akun pengguna tetap aman",0
simple aja,1
Yaman seru menyenangkan dan lain nya,1
anjirrr nge bug muluuuuuu,1
goood,1
kren,1
jelek,0
sangat bagus,1
sangat seru,1
bagus,1
bagus,1
wa saya tidak bisa digunakan,0
mantapz seklai,1
mantap,1
Ketuk pada klip untuk menempelnya pada kotak teks.,1
bagus puaas,1
manttttttttttttapppp pokokkkkkkxxx,1
"sw blurr anjr benerin cok, gua cape cape nge hdin pas masuk sw langsung pecah anj perbaikin lah muak gua",0
bagusss,1
"stuck di logo Whatsapp tidak bisa masuk padahal sudah diupdate nunggu lama tiba2 keluar sendiri, tolong dong segera diperbaiki, sangat mengganggu kenyamanan saat sedang membutuhkan seperti ini.",1
sangat baik,1
kalo vc sering eror tolong diperbaiki,0
say yess,1
hama gampang ke band baperan masa baru 3 chat doang ke band,0
baik,1
wa saya tidak bisa dibuka karna muncul notifikasi info aplikasi dan tutup aplikasi tolong dihilangkan,1
sangat bagus,1
nasrulloh,1
"Mengapa di hp Oppo A3S saya, sering peninjauan akun. Tolong bantuannya",1
"mesti keri update, ga suka",0
cepet bgt update baru saja minggu kemarin tapi tidak apa-apa yg penting lancar,1
Ok,1
app ini sangat membantu dan mudah di gunakan terimakasih,1
belum di coba,1
whatsApp Messenger sangat di butuhkan karena sangat mudah untuk berkomunikasi.,1
"saya kecewaa bgtt sama aplikasi wa sekarang susahh bangett anjirrr bikin emosi, masa kode verifikasi nya ga nyampe2 ke SMS saya trus di suruh nunggu sampe 24jam ga mikir bangtt, tolongg ubah lagiiii ga ush nunggu sampe 24jam org yang mau berkomunikasi susah, jawabb gaa kalo ngga awas aja saya udah nangiss berkali kali gara2 WhatsApp ini bikin pusingg tolong kalo masukan kode ke SMS saya dengan mudah",0
asik,1
WhatsApp nya bagus bisa buat chatan bagus sekali tapi tolong dong kode nya itu gak bisa muncul² gimana nyak,1
bagus sekali,1
"josjos,ak mls ngsi 5 bntng ak pelit",1
Sangat puas,1
bagus,1
sangat cocok untuk di gunakan,1
sya senang dengan adanya aplikasi ini,1
Sering ngebug wa nih,1
keren,1
"rusak,tiba tiba tidak bisa mengirim foto dan melihat foto yang dikirim, eror penyimpanan tp tidak ada solusi",0
knph inih sangat lama respon nya,1
Ok,1
tida dapat di update,1
kenapa nomor dari kontak sudah di hapus tapi di aplikasi masih ada? menggangu!!,0
"ayo donk whatsapp di perbaharuinya kyk pesan yang terhapus tidak bisa terhapus di penerima pesan terus lihat status orang lain tanpa di tahu yang buat status,perbanyak lagi gambar2nya,kalau bisa di ubah kayak aplikasi yang ilegal itu sana biar makin enk orng pki whatsapp nya donk masa mau di kalah sm yg di sebelah itu sana",1
kalo vc kenapa suka ngelag gitu jir,0
perbaiki lagi lah. masak sering error. dan storry kualitas burik. video storry gak HD.,1
mantap nihan niku je wa,1
"Halo whatsapp,dengan aplikasi ini saya bisa berkomunikasi dengan orang banyak.tapi sayang whatsappku sering kena spam padahal aku gak pernah menyalah gunakannnya.",1
sangat puass,1
ok,1
sangat bagus untuk menyampaikan pesan tapi karena pake data jadinya cuman bengong deh,1
luar biasa aku sangat terbantu,1
whatsapp semakin eror mudah kena spam gak jelas bug terus gak tolong diperbaiki,0
bagus cepat terpercaya,1
Wa,1
sw nya jd blur,0
Saran ada fitur notifikasi saat di blokir,1
"Maaf,dulu aku usaha pembelian hasil bumi,kopi jagung gaplek utk produksi di gudang pengusaha"" besar.aku failit,tinggal ngolah lahan sendiri modal tenaga.",1
apik,1
aplikasi whatsap sangat baik,1
"kadang suka tiba-tiba log out, chat wa kereset sndiri, bad bgt wa sekarang",0
"pada update an terbaru, ada update 'tentang' yang berbatas waktu, saya tidak suka dengan hal ini, karena merepotkan. Jika bisa, info 'tentang' itu durasinya bisa lebih lama, dikarenakan waktu paling lama hanya pada kurun waktu 1 bulan, saya tidak suka harus mengisi nya berulang kali.",1
bagus,1
kanapa WhatsApp saya jika di perkecil video nya macet,1
Bagus banget bgus,1
versi tidak resmi???????,0
whatsap banyak eror nya mulai dari video call atau dan lain lainya.,0
ga bisa pakai akun ny di spam trs,1
karna tnpa ada wa hp tuh kya kurng top gitu,1
ok,1
bagus,1
"hasil video di buat posting WhatsApp jelek pecah-pecah , tolong kepada developer di perbaiki lagi fitur agar status video di WhatsApp lebih jernih lagi...",0
bagus banget aplikasi ini :3,1
bermanfaatnya,1
"kenapa saat vc Gambarnya kadang Hitam-Putih? perbaikilah,gak nyaman banget",0
harus ada arsip lagi sih,1
ai nya bagus,1
sangat bagus,1
can you stop doing update like everyday with miniscule of improvement. Listen to your user.,1
sangat bagus untuk di gunakan,1
goodt,1
"apa gunanya tautkan email ,jika tidak bisa login pakai email .mau login pakai email tidak ada verifikasi email ,karna nomor lama udah hangus ,jadi tidak bisa pakai WhatsApp,payah ko",0
terlalu sulit login nomor kita,0
bagusssss,1
knp sekarang banyak bug,1
Wa tempatku kok belum ada musiknya,1
Ok,1
bagus sekali,0
aku sangat puas dengan aplikasi ini,1
bagussss sekali,1
kenapa si wa bisa kebelokir sendiri,1
bagus,1
WA TOLONG BACA EMAIL SAYA. TIBA TIBA WA SAYA KELUAR SENDIRI DAN POSISI NOMOR TERSEBUT HANGUS. JADI SAYA TIDAK BISA LOGIN KEMBALI.,0
pihak WhatsApp yg terhormat saya mohon WhatsApp saya tolong di tinjau ulang kembali karena selalu di spam,1
"Kenapa status nyecrol2 sendiri heiii..kan liat status temen mau entar2an aja,bukan semenit lsg kita liatt,nyecrol sendiri 🙄 tlg balikin semula donk sapwasap 😏",1
Terbaik,1
baik,1
mobil,0
"saya akan mengubah ratting ini ke 5 lagi kalau keluhan saya di tanggapi, kenapa akhir akhir ini whatsapp sering delay saat mengirim chet, beberapa orang kadang delay termasuk saya, dan juga akhir akhir ini saat sedang voice di grup, sering kepental sendiri, seeprti tiba tiba kaluar dari voice tanpa adanya pemberitahuan, apakah server lagi ada problem?",1
kenapa saya kena tinjauan terus sih...ini mulai mengganggu kegiatan saya sehari2..,0
"makin sini makin gajelas,banyak bug",0
trimakasih whatsAPP telah membantu saya untk bisa TLP atw pideo kol keluarga atw tmen2.👍👍,1
tolong dong knpa kalo bikin status vidio jadi gak hd malah jadi burik pdhal vidionya udah hd kecewa,0
ikut projek di luar kota dan lain nya,0
membantu komunikasi saya,1
reasonable,1
"kenapa whatsapp sekarang sering meninjau akun yang ga ngapa napain tolong di perbaiki,akun saya sudah 3x berturut turut kena blokir sementara",0
aplikasi ini tidak ada iklan dan saya bisa mengechat teman saya yang sangat jauh,1
story burik,0
tolong bug di hilang kan saat vidio call saat pergantain tatap muka,1
sangat oke bagus banget,1
mantap,1
"MAKIN UPDATE MAKIN JELEK ANJ, TIAP VC HARUS DIMATIIN BERKALI-KALI DULU",0
mantapp,1
oke,1
"jika penyimpanan penuh, wa tidak bisa di buka, saya jadi tidak bisa chatting dengan teman atau keluarga. dan jika ada spam nomor wa langsung terblokir👎🏿",0
sangat bagus,1
mhon dbntu ya knpa wa sya ngga bisa selalu dkripsi,0
update agar ada efek,1
halow watshap kenapa sekarang agak lambat,0
"buat resolusi kualitas Upload di bikin hd ,di vidio bagus sama bikin setatus Wa pecah gambarnya",1
tidak ada ganguan dan tidak ada panggilan yang tidak di kenal,1
mantap,1
Wa saya tidak bisa di gunakan karna kena bug mohon tolong wa saya aktip kan karna saya Ada keperluan penting tib tiba wa saya Kenon and Kena bug mohon aplikasi bug Nyah mohon di Apus karna mengangu Orang lain,1
kehapus tidak bisa kembali lagi datanya,0
bagus baik,1
"mantab,0k",1
bagus,1
gatau,1
Sangat membantu,1
akun gw kena tinjau mulu min susah cok kalo mau ngechat sama keluarga aj susah sama temen juga,1
saya suka dengan meta ai nya tapi kumohon bisa kirim gif ke meta supaya seruh dan meta nya juga ngebales juga bisa make gif kalau dia mau,1
Nggak bisa masuj,1
manyooos,1
ai nya ngawur,1
"Setiap kali saya membuka WhatsApp dibagian chat selalu muncul ""Mulai mengobrol"" dan banyak kontak yang muncul walaupun sudah saya tap x untuk menghilangkannya hanya berhasil sebentar ketika saya menutup WhatsApp dan membukanya lagi fitur ""Mulai mengobrol"" itu muncul lagi sungguh bagi saya ini mengganggu. Jadi tolong hapus saja fitur itu atau tambahkan opsi untuk menonaktifkannya karna fitur itu mengganggu dan tidak semua pengguna butuh. Terimakasih",0
seru banget bisa ber aktivitas,1
selamat datang kembali untukmu semoga bermanfaat buat kita semua nya semoga sukses selalu untuk selamanya yg sama sukses,1
video call makin gk jelas muka ke stop,0
hubungi cs kaya ngehubungin presiden. bot ga guna di pake,0
"makin lama makin gajelas, mau Tautkan akun gak bisa Mulu",1
ga pernah di chat sama cewek🗿,0
sangat bagus membantu,1
Knapa apk wa saya kadaluarsa,1
sawit,1
"Semenjak ada fitur premium dan iklan, WhatsApp jadi terasa makin bising dan kehilangan esensi utamanya sebagai aplikasi chat yang privat, bersih, dan aman. Kami butuh kenyamanan dan privasi saat mengobrol, bukan fitur seperti itu. Tolong kembalikan WhatsApp yang simpel dan fokus pada keamanan pengguna!",0
knp saya tidak bisa memasukan nomor telepon saya ke aplikasi whatsapp,1
"min, tolong padahal gak pernah ada spam dalam pesan. masih saja kena tinjauan",1
bgus,1
Download Dari playstore muncul risk terdeteksi,0
ngebug,0
Baik,1
butut,1
"apaansi,dikit' kena tinjau terus malesin apk gajelas",0
makasih wasaww,1
mksih Whatsapp,1
weding,1
good,1
yudifebriawn,1
"akun baru bikin udah dihitung spam, lama"" aneh nih whatsapp",0
masa ai nya bodoh sieh udh capek capek buat teks panjang lebar ngabisin kuota gak tau nya teks novel gue jadi hancur berantakan udh lah gue dimarahin enak gak jadi terbit lah novel gue ini,0
jelleki nd bisa vc bobo,0
jos,1
"awalnya saya merasa tidak nyaman karena chat pribadi saya tapi semenjak ada aplikasi ini saya menjadi lebih percaya,👍🏻",1
"MAU EDIT, SKRG WHATSAPP APA APAAN BANGET SEMENJAK UPDATE",0
tolong tambahkan fitur efek pada saat video call,1
"tolong bugnya di benerin, tadi gw ngirim pesan dan udh gw pencet kirim malah engga ada teks yg gw kirim",0
apk yg bagus,1
"kata gue kalo update yg berguna, bikin sw video dari sananya udah HD banget giliran di sw in malah bureng,burik, malah jadi gak HD, bikin fitur buar video jadi HD napa",0
feri mhrizki arsl,1
saat vidio coll sukoa eror gag jelas,1
tidak bisa mendapat whatshapp bangke,0
yaa,1
ini gua of tapi kenapa masih on bg?,0
etmin gw knp gk bisa log in ha,0
story dihapus tp masih muncul ae aneh makin lama,0
Tidak bisa ferifikasi watsap,1
FITUR TERJEMAHKAN KAU NGANGGU KALI NGENTODDDD YATIM,0
"what saya dari tadi keluar terus nga bisa masuk,masuk 3 detik keluar sendiri,anehh,dan pdhl semua nya sdh saya up",0
baik,1
tidak bisa masuk Wasthup,1
"What app kenapa sih, kalo lagi vc layar nya tuh tiba2 merah kuning cerah lagi gitu aja terus klo wajah nya gerlalu cerah.. Lagian efek buat apa gx ke pake juga, vc ya vc aja, butuhnya glowing dan cahaya, udah cukup itu juga..",1
sangat membantu sekali,1
"makin apdet makin jelek woikk,,masa guha gabisa cetan 24 jam gila",0
"tolong kepada pihak whatsapp bantu saya kenapa whatsapp saya suka mental keluar sendiri , tolong bantu jawab🙏",1
Sangat bagus,1
emoji nya ga kaya iPhone,1
ok,1
penk,1
"next time kasih mode HD di sw,jngn cuma di chat aj!",1
suka ke log out sndiri aneh apk jelek,0
sangat baik,1
mantap,1
bagus aplikasinya tpi harus pakai avatar,1
iya oke siap di aktif kan dan di hidup kan selamah-lamahnya ini.......,1
bgus,1
sulit untuk mengirim foto dan video,1
"aneh wa sekarang dikit"" ban dikit"" limit jadi susah orang berbisnis",0
next time grafik buat story nya di hd in yah min,1
sangat membantu,1
mkasiiii sudah membantuuuuu menjadiiii lebih mudah,1
oke,0
heemm di sini kita bisa di buat berharap dengan yang tidak pasti 🥲,0
👍,1
berkualitas,1
keren,1
mantap,1
Bagus,1
saya kasih bitang lima boar memperbarui watsap biar bagus dan cepat merepon kalo ada gendala,1
aplikasinya sangat bagus dan butuh sekali untuk bisa berkomuniikasi,1
good job,1
bgus,1
Ok,1
good,1
tapi gimna yh cara nya ngapain fitur efek wa,1
😒😒 story video atau foto saja dikompres mulu..,0
aplikasi ini sangat bagus untuk chatan,1
"tolong lah benerin dulu fitur vc nya ini, masa gabisa besarin layar muka sendiri. ini bukan marah ya sayang😙",1
"tolong hapus fitur sekali lihat, plisss",1
Sangat baik sekali,1
tambahkan fitur yang bagus👏,1
disangka pakai WhatsApp tidak resmi padahal saya dari dulu memakai WhatsApp resmi,0
ingin cari pembeli coin no,1
Sangat ber harga dari hidup ku,1
tidak bisa di bukak,0
bagus bisa telpon keluarga yang jauh,1
keren danbkeren,1
cukup baik,1
perfect,1
aplikasi ruksak,0
aman dan baik,1
MALAS AH GA HD JR KALAU BUAT STATUS,0
puas,1
mantap,1
ada masalah saat membalik kamera depan ke kamera belakang di video call.,0
"saya sangat kecewa dengan whatsapp,karna nomor saya di banned permanen padahal tidak melakukan spam/apapun itu,ini saya kasih bintang 5 agar komentar saya muncul paling atas,mohon sistem nya di perbaiki se ketat mungkin",1
Sekarang sering ngebug,0
baik,1
aplikasi sejutan umat sy kasih bintang 5,1
WA,1
ok,1
Yaa lebih-lebih bagus lagi juga jika sering terupdate itu jgn berlebihan dan kalo bisa tanpa iklannya jugak lhooo itu kalo di area kalangan para pelajar/mahasiswa nya jugak lhooo,1
semoga dengan WhatsApp ini saya bisa berkomunikasi dengan lancar kesemua rekan rekan saya. dan pelangga saya. aamiin,1
Kapan fitur profil saluran di rilis?,1
makin anjg wa,0
sangat bagus,1
kok gaada lagi sih tanggal bulan tahun pembuatan grup? aku barusan cek mau liat grup udh dbuat tgl brp malah gaad. perbaiki dong! itu penting buatku. pleaseeeee MUNCULIN LAGIIII GAK!😭,1
bisa loging tanpa kartu❤,1
Ok,1
kenapa WhatsApp ini spam terus,1
"update banyak bug,kadang suara kecil,vc ga ada gambar(black screen)aneh aneh",0
baik,1
seru bangett,1
baik,1
"saya baru menggunakan whatsapp saat saya mencoba untuk chating dengan teman, akun saya terkena pembatasan dengan alasan spam. mengapa begitu? padahal saya baru saja mendaftarkan nomor saya. lalu setelah itu nomor saya diblokir, aplikasi ini buruk tidak cocok untuk chat sepanjang masa. semoga developer memerhatikan hal ini dan perbaiki hal ini",0
"dari pada update gak jelas, mending benerin aja tuh status grafik kartel",0
kk pebaiki k9de sms kok belum ada pesan kode itu gimana plis😢,1
dikit dikit chat ko ke ban sih trs suruh download wa resmi lah ini udh resmi gj,0
Tidak ada fitur baru yg lebih berguna. Harusnya sudah bisa kirim sinyal SOS untuk seluruh kontak otomatis jika pengguna berada dalam bahaya,0
knp akun saya di blokir...,1
"pihak meta, tolong perbaiki fitur penyematan chat orang. saya ada sematkan chat orang, lalu tiba tiba chatnya malah tersemat selamanya, tidak bisa dilepas ataupun di arsip",1
ok,1
bagus banget,1
tolong kembalikan ke versi lama......,0
mantap,1
"mohon maaf tapi ko selalu ada tulisan ""login tidak tersedia"" padalah kemaren aku pakai ga gitu tapi tiba tiba langsung login tidak tersedia, Tolong perbaiki",0
bagus,1
bagus,1
"min, buat versi lite dong. aplikasi WhatsApp banyak topping begini. Pakai penyimpanan RAM kebanyakan",0
keren banget pokoknya,1
"Profilnya gak bisa diganti, kenapa yaa ?? berapa kali pencet selalu kembali ke awal,, dan juga mau post status pun lelet banget",0
Kenapa whatsapp saya pas vc dan telepon suara nya kecil ya,0
Ok bnget,1
"wa ku eror, smua nm kntak brubah jdi 1 nm doang trus pas dh normal mlh kontak 1 org tdi jdi hilang",0
keren,1
knp kalo buat vc jadi gini si aneh,0
wa gk bisa dbuka,1
Jan......k,1
"Aplikasi banyak bug disaat melakukan panggilan video, tidak bisa berganti mode minimize. Gambar sering freeze disaat berganti mode",0
mantap,1
sangat bagus,1
oke,1
"KENAPA GK BISA BUAT TELPON, PANGGILAN GAGAL TERUSSSSSSS, KALO GINI KAN SUSAH BUAT NGABARIN KALO ADA HAL PENTING, TOLONG INI PERBAIKI",1
mantap,1
"aplikasi wa ini sangat bagus buat berkomunikasi jarak jauh dan fitur"" yang menarik 🤩",1
sangat membantu sekali cepat dan akurat tajam dan terpercaya bisa membantu segala lini kemampuan WhatsApp lini demi lini sangat jelas sekali,1
bagus,1
mantap,1
Sangat baik untuk berkomunikasi dengan keluarga,1
baik,1
baik,1
oks,1
mantap,1
wa sekarang makin gajelas tiba' nmor saya di blokir padahal ga ngapa ngapain,0
mksih WhatsApp,1
oke banget,1
Slalu buat aku bahagia....,1
aplikasi nya kalo mau uptade susah banget. habis itu tiba-tiba memori penuh padahal semua chat yg gk penting udah di hapus .tolong dong berbenah agar lebih mudah saat menggunakan apk ini.,0
Donggo bngt wa skrng dikit¹ bug/kenon tlong deh updat dlu biar lebih aman ni apk,0
Tidak dapat video coll dan menelepon,0
siiippp,1
WhatsApp bisa kali di update misal tiap akun ada mood nya masing2. org2 yang g ngsave nomor juga bisa Liattt. misal hari ini sedang tidak mood sedang sedih sedang sakit sedang happy apalagi lah itu. i wish. tapi jangan ngetik sendiriiiii pokoknya gt,1
whatsapp inii bikinn akuuu gakkk keee sepiannnnnn banyakkkkk temennnnnnn temennnnn,1
bagus,1
saya tidakk bisa login lagi karena melanggar peraturan padahal saya tidak tahuu ini membuat saya tidakk bisa berkomunikasi dengan siapapun,0
wa pliss hilangin mirror saat video call ya 🙂🙂,1
the best banget pokoknya,1
great,1
kali WA di kasih vitur live seru sih hehehe,1
"Ai-nya bodoh bgt, tpi apknya keren ko",1
"aplikasi bagus si tapi KENAPA kunci chat di hp redmi 9a ga ada woyy.. ga Adil banget ☹️, tolong dong di hp redmi 9a kasih ada kunci chat nya,kalau masih ga ada aku kasih bintang 1 ya..",1
good,1
tolong diperbaiki aplikasinya. punya saya update status gak ada suara. terkadang force close.,0
selalu kena spam,0
Aplikasi sangat di pentingkan,1
aku kurir tolong jangan lah di batasi wa nya itu hapus fitur batasi wa,0
ok,1
sangat baik,1
sering kena bug,1
tolong jangan suka memblokir nmorku,1
padahal yang ingin juga ya sudah ya sudah,1
sangat bermanfaat,1
halo WhatsApp knp nomor saya kena tinjau terus anehh bgt,0
awwww🙌,1
siap terima.,1
ok banget,1
ini aqu wa gak bisa di bukak ya,1
kenapa akun wa saya sering di tinjau saya suka sulit untuk menghubungi orang lain,0
baik,1
jos jis,0
sudah berulangkali download tetap aplikasi resmi,1
gatau mau tulis apa,0
keren,1
say to you good,1
petani,0
semenjak update kalo mau foto mau pakek filter gak bisa gimana si WhatsApp,1
woy lu Napa dah gw mau nge chat ortu gw lu malah main blokir dasar sampah no gw di blokir anj,0
"whatsapp tolong benerin dong kualitas video nya, masa udah HD masih aja burem",1
mantafff,1
ok,1
sering bgt pembaharuan memory HP sudah penuh ga bisa buat apa apa,0
kenapa eror ketika vc,1
sangat membantu komunikasi lebih lancar,1
kenapa hrs d spam segala si,1
ini tidak bisa dipakai untuk buka saluran galangpratamax,1
ok,1
ini disuruh update nieh?,1
ok bagus,1
sangat bagus,1
sangat bagus,1
Syaiful,1
Bagus,1
diudpate malah banyak bug,0
Amazing,1
"Aplikasinya ya.. bagus, tapi gimana cara ngehapus data wa di perangkat HP A Tapi Gk Ke Hapus Perangkat HP B,Moga Dijawab",1
Aplikasinya Bagus dan mudah di gunakan Terimakasih,1
parah setelah pembaruan vc jdi aneh gmbr digedein macet,0
mantap,1
wow apk nya sangat penting bagi saya,1
"gajelas, disuruh unduh wa resmi padahal ini udh resmi jadi gabisa pakek wa",0
bagus sekali,1
baik,1
aplikasi gak jelas. gak dipakai macam-macam ke spam terus. makin sini makin aneh.,0
"kalo post saluran suka gabisa, banyak bgd harus update nya, aga ribet, susah,tapi apk inie membantu bgd untuk komunikasi, trs chatan sring ilang sndiri, cettan ga kesimpan di gmail",0
"whatsapp kenapa si kok suka bgt ngebug tiba tiba bangt ad cht yg ga bisa di semat kan gabisa juga di arsip kan mana cmn 1 cht itu aja yg ga bisa yang lain nya mah bisa di arsip/semat kan,, plisss itu kenapa dah",1
s ubah2 mulu pitur nya ...,1
Bagus,1
Ah sy beri bntng 2 dlu susah donload nya,0
sangat baik,1
buat seperti wa ios,0
"suka error pas mau nelpon, harus di refresh terus aplikasi nya, mohon di perbaiki ! i think you never read the advice from your users!!!",0
bagus,1
gampang ngeleg sekarang jelek banget,0
kenapa saya kasih bintang 4 karena kendala saya satu saat melakukan video call dan ingin kembali ke telponan ga bisa balik lagi tetap di mode video call karena seperti itu hp saya jdi sering panas,1
baik,1
Oke,1
Top,1
jujur kenapa wa aku gak ada filter pilih kasih banget kamu,1
aktifkan whatsApp saya,1
balikin text saat orang berada dalam panggilan lain kek ngedukung perselingkuhan bngt kayanyaaa,0
Kok aku nggak bisa download wa lagi,1
oke bagus,1
apilaksasi bagus sih tapi cuma lambat jalan,0
memuaskan,1
"Please fix the WhatsApp bug that I'm experiencing, because when I want to delete my WhatsApp status, the text is stuck on ""deleting..."" and it really annoys me.",0
mantap,1
di n. tiosindiitelp lh ob,1
bagus,1
baik,0
good,1
sangat berguna sekali bisa hubungi saudara yg tempat tinggalnya diluar pulau jawa.,1
"sudah bagus, tapi kenapa ada batasan chatnya? tapi gapapa sih, batasnya sampai besok",1
baguss,1
oke,1
sangat membatu,1
"saat mau buat status selalu buram dan ngeblur, tolong di akses lebih lgi hilang in yng buram dan blurnya",0
"untuk pihak whatsapp,untuk segera mengecek karena akun utama saya beberapa kali kena tinjau 24 jam,dan itu udah ada sekitar 15x kena tinjau,mohon segera untuk diperbaiki wa nya terima kasih",0
WhatsApp suka timbul tiba tiba tidak bisa pergunakan WhatsApp,1
"tanpa alasan apapun nomor saya memerlukan WhatsApp resmi untuk bisa menggunakan akun WhatsApp, meskipun saya telah menggunakan aplikasi WhatsApp resmi, harap tinjau akun saya dan selesaikan masalah ini segera, terimakasih.",0
sssdgposdt se de float,1
baik sekali,1
saat di pakai vc kameranya ngebug ketika kamera kecil diganti yg besar mlh gambarnya gk gerak,0
ok,1
"wa smenjak jadi meta malah plenger ga ngapa ngapain malah keban tuh no perbaiki lagi wak masa ga ngapa ngapain ke ban mana pas ke unban nunggu 7 jam iya kalo kenon doang pas keban permanen malah nungu 3/4 bulan , mintol y wa",0
vc suka lag gambarnya ga jalan tolong perbaiki lagi,0
bagus,1
baik,1
3 bintang dulu,1
bisa bertanya kepada orang lain dan orang tua,1
Bagus,1
buat,1
makin kesini makin aneh. masa whatsapp tidak resmi padahal saya menggunakan whatsapp resmi dan asli,0
bagus,1
"jang enam, aku setiap ngupload status burik bgt, plislah aku pengen status wa hd jir, ini dikompres kayak video SpongeBob ama Patrick joget tolong di fix dulu dong WA 🤬🌹",1
OK,1
setelah d update bukan nya makin bagus malah banyak bug nya,0
karna bisa mengabarkan orang yang sedang jauh,1
super my bisnis,1
bagus,1
ribet,0
"banyak bug tidak bisa menerima kode, akun tidak resmi padahal saya telah menggunakan aplikasi resmi, WhatsApp tolol bengak Lolo",0
masuk,0
suka makan pedas,1
ga ada efeknya saat video call,0
kezia imut Banget ya,1
bagus,1
tolonggg lagu nyaa tambahin yanggg baguss terima kasih,1
the best,1
sangat baik,1
mls banget sering keriset,1
bagus tapi pernah kena jangkauan,1
bagus,1
"gimana sih wa, masa skrg vc gabisa ngeliat gambar diri sendiri di layar yg gede nya. kalo mau pindahin fokus layar muka kita di paling gede pasti nge bug. gjls. harus di matiin dl vc nya. makin sini makin jelek",0
MOHON MAAF KETIKA SAYA MELAKUKAN PANGGILAN VIDIO ITU SEKARANG SERING TERJADI BUG LAYAR GAMBAR VIDIO NYA SAMA,1
mantap,1
aplikasinya bagus bangettt,1
mantap,1
"wa jelek dikit"" di ban gaje"" lawak",0
bagus,1
kenapa di aku tidak ada fitur efek nya ya pdhal sudah aku update ??,1
Bagus sekali,1
sangat baik sekali,1
Bagus karena penting tapi saya kali menggunakan ini kena pemblokiran Mulu jadi oke lah,1
Good,1
iya,1
suka loading,1
aplikasinya banyak bug,0
bagus,1
maaf untuk diperbaiki lagi chat nya sering hilang sendiri.,0
Baguus,1
OK,1
Kaga Jelas Akhir Akhir ini nih Whatsapp error ngebug apa gimana ya? aseli lagi asik chattingan keluar sendiri tolong lah perbaiki masalah ini wahai Developer!!!,0
sangat membantu berkomunikasi,1
gimana cara mengembalikan wa yang kena tinjau,1
sekarangsemakin Sulit .pengoprasianyA,1
mantap,0
berfungsi,1
bgus,1
"sekarang WA makin gak aman untuk d gunakan. karna pada saat pindah WA k hp lain atau buat WA baru tidak minta verifikasi lagi. tiba2 langsung masuk, dan WA lama langsung terkunci. saya konter dan kmaren mindahin WA user k hp user yg 1nya, saya pikir WA gangguan. tp pas ada user lain minta beli kartu dan d minta tolong buatin WA. bener aja TIDAK MINTA VERIFIKASI. Artinya WA ini sudah tidak aman untuk d gunakan. karna brarti orang yg ada niat jahat bisa saja login d HP nya tanpa minta verifikasi",0
terbaik,1
manttapp meen,1
Why can't I link WhatsApp to my second phone? Please fix this problem because I really need it,0
"Tolong hadirkan fitur chat AI bot seperti AI psikolog, AI bola, AI curhat dll tolong hadirkan lagi seru banget 🙏",1
banyak ganguan dr mulai tlp yg pndh kmera g bs..layar d bsar kcilin ga bsa,1
baik,1
oke,1
Puas,1
kenapa gk bisa ngirim foto sih,0
kalau nelpon suka mati-mati padahal jaringannya bagus wa-nya juga udah di-update tapi masih mati nggak bagus banget,0
knp kali ini saya masuk wa suka force close ya dan setiap saya membuka wa keluar trs dari wa tapi aplikasi lain bisa buka???,0
bagus,1
good,1
whatsap buruk suka pas telpon suara kita hilang tidak di dengar,0
"WhatsApp nya nambah burik kalau bkin status, atau kirim foto vidio ke org🙄",0
Ok,1
bagus mantul,1
kecewa si sama WhatsApp sekarang suka tiba² kena pelanggaran chat spam gimana ini min minta tolong lah segera tindak lanjut kan WhatsApp saya,0
knapa wa saya tidak bisa posting vidio hd padahal sudah saya update,1
terbaik👍💯,1
mbolang,1
semoga lancar silaturahmi,1
mantap,1
kenapa Ahir Ahir ini akun watsap saya sering kena spam,1
ko lepas sendira,1
saya ingin teman atau kontak keluarga kembali,1
mohon jangan sering ditinjau akun nya,0
fitur sekali liat hapus bolot,0
baguss euyyy,1
Bagus banget,1
baik,1
hubungan sosmed,1
makasih,1
saya cuma menekan tombol tambah akun tapi malah membuat semua foto di WhatsApp saya hilang.,0
"kembalikan fitur vc seperti biasa, fitur baru tidak berguna smaa sekali",0
"setiap saya membuat status Whatsap yang tadi vidionya HD, pas di post langsung grafik nya burik.. tolong perbaiki lagi",1
Sangat membantu,1
"""Halo Tim WhatsApp, tolong banget tambah batas karakter tulisan di Status. Sekarang cuma 139 karakter, sangat kurang! Saya sering bikin konten ilmu, info astronomi, jadwal fenomena langit, tapi selalu terpotong, harus potong-potong jadi 2-3 status. Tolong diperluas jadi minimal 500-1000 karakter ya, biar bisa berbagi ilmu lengkap. Terima kasih banyak! 🙏😭""",1
bagus,1
suka banget 🤩,1
mantap,1
saran tambahin fitur arsip status wa beh tambah mantap,1
update terussssss tidak ada fitur yang menarik,0
ok,1
kenapa whatsaap tidak bisa di gunakan,0
Selesai di update kok eror,0
"ini kenapa WhatsApp pas lgi vc an kameranya ngebug dengan nampilin 2 wajah yg sama,aduhhhh kenapa makin kesini WhatsApp makin gk bagus ya",0
"tolong segera diperbaiki whatsApp saya terkena virus untuk melihat story whatsApp nyendat"" dan bug saat mengirim stiker bergerak yang aslinya bergerak tidak terlihat bergerak tolong segera diperbaiki🥲",0
wa tolong kembalikan wa ku yang dulu Karana aku pengen cat sam telpon plis kembali kan,1
tolong ini tidak ada efek di wa tolong diperbaiki untuk yang buat aplikasi wa🙏,1
mudah kenon,1
Terimakasih sudah memberi saya kehangatan yang berharga 🤕🙏dan juga terimakasih atas upaya nya semoga Allah SWT. panjatkan syukur dan terimakasih juga untuk kerja kerasnya selama ini mari kita doakan semoga dapet berkah yang melimpah amin 🤲dan juga atas nomor hp mama aku papa aku temen aku. makasih banyak ya whatsapp,1
banyak fitur keren dan terus update 👍👍,1
bagus banget,1
"sekali lagi nomor 0821-78**-8315 kenon/bug WA ku kasih bintang 1 setiap akun Google ku, padahal ga ada yang aneh aneh malah kenon buat masalah aja nyusahin kntl",0
tolong tingkatkan resolusi untuk upload foto atau video agar tidak pecah,1
"waktu Vidio call ,kita klik kecil untk membesar tiba 2 macet gambar berhenti",0
", 👌🫣🫡🫶🥸🫵",1
bagus bisa buat kasih kabar,1
🙏,1
kalo lagi cal suka ada suara gajelas bunyi suara kita mantul,0
elor dari pitur vc nya kok tiba tiba leg jadi poto satu,1
baik,1
Des,1
"aku senang saat berkomunikasi dengan whatsapp, dan aku juga terkadang menambah teman baru dari whatsapp, dan whatsapp dapat mempertemukanku oleh orangg yang sangatt saya cintai, dan seandainya juga, whatsapp tidak ada banned dalam akun, pasti aku dengan dia masih melakukan hubungan, dan aku akan memberi ★⁵.Tapi makasih untuk whatsapp juga, tanpa whatsapp aku tidak akan bertemu dengan di rinya. Andai saja dia tidak beda provinsi🙁. Yasudah, trimakasih untukk whatsapp:')",1
bagus x,1
Baguss,1
Bagus,1
kenapa wa ku ga bisa di buka 😤?,0
gmn cara nyaaa,0
tolong jg di kenon lagi,1
"ini aplikasi ny bagus banget masyaallah,tp aku kasih satu bintang karna ad beberapa kekurangan dalam aplikasi ini,seperti yg""muhamad fatir bahri kasih saran""saya sama minta kaya gt,,tp terimakasih sudah memberikan yg terbaik,berguna",0
bagus,1
kren,1
mengapa selalu wa tidak dapat digunakan.mohon ditinjau ulang kembali ini pdhl nomor baru beli.,0
Whahtsapp kok gk masuk 2 ya,1
sangat baik,1
"knp ya klo call kadang""suara ilang""aan gitu agak gajelas gitu",0
Jangan.,1
DffaAnagga,1
Wasa saya di belokir tolo di aftikan,1
sangat bagus,1
gasuka sama tampilan whatsaap yang sekarang,1
suka kenon,0
"kenapa ya pas buat story whatsapp itu Ngecomfres video nya jadi burem banget gitu, gabisa kah di buat apa adanya?",0
mantap bng aplikasinya,1
ok,1
woy kenapa gabisa ngirim musik gua harus pake bluetooth sekrng ngirim musik makin dipersulit aja ni idup,0
tolong wtsap ku ngilang,1
"eh bisa gasih fitur skali liat di hps aja di hps, ini aku di kasih pap cewe cantik tapi cuman skali liat gmna tuh,barang langka itu emang gampang apa buat dia kirim pap gitu,susah bre susah,udahlah hapus tu fitur skali liat ga jelas njing",0
andri Anto jombangutara,1
♥️,1
"ini knp sekarang kalau upload status jadi blur ya, padahal udah di HD in",0
"kurang memuasakan,kalo bikin sw pasti blur,kalo telpon dalam jangka waktu panjang mati sendiri",0
Bagus,1
Baik,1
"min tolong banget, kalo vc kamera nya jangan mirror dong banyak gen z yang ga suka mirror bikin muka keliatan mencong bangett plis ya admin wa baik, ntar kalo uda ga mirror ku kasi bintang 5 🫰🏻 please don't mirror the WA camera 😭🙏🏻",1
mantap,1
info whatsapp menggunakan Durasi,0
bagus,1
Sangat baik,1
"bagus apk nya suka banget, mau dimsum 🥺",1
Jo s,1
sangat bagus,1
bagus sekali,1
𝚔𝚗𝚙 𝚜𝚊𝚢𝚊 𝚓𝚊𝚍𝚒 𝚋𝚎𝚕𝚞𝚖 𝚍𝚒 𝚟𝚎𝚛𝚒𝚏𝚒𝚔𝚊𝚜𝚒 𝚋𝚘𝚣,1
sudah beberapa tahun saya menggunakan WhatsApp tapi kenapa tiba' 1 minggu tidak bisa melihat status orang lain padahal kalo aku bikin status orang lain bisa lihat tapi giliran orng lain membuat status saya tidak bisa melihat nya padahal nomer nya sudah di sv mereka juga sudah nge sv nomor nya tapi kenapa saya tetap tidak bisa melihat status mereka? tolong di perbaiki,0
tapi WhatsApp ku belum di apdeta,1
puki puki,1
"banyak bug,sering eror",0
bagus👍,1
TANGGUNG JAWAB NO GUA KE KENON DIKIT DIKIT KENON,0
saat ingin memasukan nomor malah ngebug ga bisa dipencetll,1
benerin system nya udah unduh dari play store masih aja disuruh unduh WhatsApp versi resmi,0
"sudah kehilangan nomor 3 kali, dan selalu ditipu anj",1
kok sekarang fitur video call gak jelas begini ?,0
"setelah pembaruan, chat yg disematkan jadi menghilang, mengapa?",1
bagus,1
tolonh donk pihak WA di perbaiki nie punya saya keluar sendiri.. gk bisa masuk lagi,1
ok,1
bagus banget,1
nice,1
apa ini wa saya ngechat teman gak bales bales loh,0
baik,1
masuk banget,1
sangat jelek suka leg dan suka bak dan ga jelas baget wa ini,0
amazing,1
ASSALAMUALAIKUM TOLONG DONG WA JANGAN KASIH MEREKA NGOMONG KASAR SAYA SAMPE DI SURUH BETUMBUK PLS,1
"gaada yg chat jir, wa gua sepi",0
ok,1
semoga sehat dan bahagia hari ini dan seterusnya 🤲🥰💐💐,1
terlalu banyak uptate jir,0
baguss,1
Ok,1
aw) llilqp😙😗😗😙😙😙🤗😗😗😗😗😉😗😗🤗😗🤗😗🥲😗😋🤗😉😗😗🤗😉😕😗😗😗😟🤗,1
suka,0
komunikasi bikin lancar,1
makin kesini update nya makin gajelas sumpah,0
dah seminggu ga bs buat/ krm status wa knp ya,1
bagus sekali,1
kak saya mau login ga bisa kenapa y,1
"memuat terus, tidak bisa di pakai",0
WA,0
Mantap.. Sangat membantu,1
KASIH FITUR BARU WARNA CHAT LEBIH BANYAK DAN TERANG BAHKAN SEDIAKAN FITUR CHAT NGAMBANG KAYAK WARNA CHAT BIRU MUDAH ATAU PINK GTU GTU LAH,1
aplikasi bagus untuk berkomunikasi,1
WhatsApp sangat diperlukan dlm komunikasi saat ini,1
A dw fq,0
"aplikasi sangat bagus, membuat hari hari selalu bahagia dan awet muda, serta menghilangkan stress dan memenangkan pikiran, membuat badan jadi bugar karena foto fotonya enak di pandang semua",1
bagus kok fitur fitur nya cuma benerin dulu di bagian sw masa udah di HD in tetep Burem hasil nya,1
L! J6p,1
mohon di kembalikan ke versi wa story yang semula....,1
aneh aku ingin yang latar belakang bisa pake foto di galeri kembali,1
pepek photo wa frofil Tambi,0
akun wa sy masa cuma ngirim 2 pesan di kenakan spam akun hdrh gjls,1
sangat baik,1
pemeliharaan aplikasi terlalu lama bukan hanya 1 jam bahkan bisa sampai seharian penuh sehingga mengganggu aktivitas yang harusnya saya bisa kerjakan pada waktu itu tertunda,0
"semua pengguna sudah tau & faham fungsi serta kegunaan apk whatsApp messeger,menurutku sangat berguna didalam interaksi & komunikasi bisa lebih cepat ya moga slalu optimal & selalu baik serta lebih maju & profesional di dlm perkembangan moderen👍🙏.",1
Indonesia,1
good,1
bagusss,1
bagus,1
whastsApp sangat lah bagus untuk ber komunikasi dengan teman² saya saya sangat bertima kasih dengan whatsap.,1
jos,1
"kenapa sih setiap udh beberapa bulan whatsapp nya suka kedaluwarsa gitu, kayak pas masuk tulisannya cuman ""versi whatsapp telah kedaluwarsa pada.....(hari, tanggal, dan tahun). ketuk Unduh di bawah ini untuk mendapatkan versi terbaru dari Google play store"", kek gitu lohh terus pas udh pencet tulisan unduh dibawah malah di play store nya pilihannya cuman ""Uninstal / Buka"", gitu doang gk ada pilihan update nyaaa!!!, plis tolong benerin dong bug nyaa karna ini aplikasi tuh penting bgttt",1
bagus,1
"benerin sistem lu jangan soudzon masa saya ganti no baru dari no lama di tinjau 24 jam padahal no yang lama udah mati kartunya makannya saya ganti biar aman ,kesel gua",0
𝙨𝙞𝙥,1
baik,1
saya mau login pake nomer suka ga bisa di pencet sejak update terus dan keyboadnya ilang ga muncul tolong perbaiki bug nya jangan nambahin fitur tapi bug seperti ini masih ada tolong di perbaiki secepatnya,0
ok,0
good,1
sudah apk resmi masih nga bisa dibuka Aneh banget,0
"mangkin lama WhatsApp mangkin gajelas ya fitur nya,tolong lah kalo mangkin di update mangkin bagus,bukan nya mangkin burik",0
sangat baik,1
"hallo wa mohon aplikasinya balik seperti dulu,liat setatus sendiri kegeser liat punya orang lain Bikin tidak nyaman mohon diperbaiki lagi. Terimakasih",0
👍👍👍👍,1
oke,1
"Saya ingin memberikan masukan terkait kualitas foto dan video di WhatsApp. Saat mengirim media, kualitasnya sering menurun dan terlihat buram dibanding file aslinya. Hal ini cukup mengganggu, terutama untuk foto penting atau video dengan detail tinggi. Saya harap WhatsApp dapat meningkatkan kualitas kompresi atau memberi opsi kirim tanpa penurunan kualitas. Dengan begitu, pengalaman berbagi media akan lebih baik dan memuaskan bagi pengguna.",1
film ini dibintangi jg gyu uyg_ffyy6 y g udud gugup udud ffffyf udud,0
sangat enak buat chatingan,1
bagus sekali,1
Sangat membantu,1
bagus tapi saya tidak dapat memakai filter vc,0
bagus,1
"mudah dan baik, dalam berkomunikasi",1
bagus,1
kenapa saya lihat vidio sekali lihat selalu ga bisa,1
lambat,0
kurang baik aplikasi y,1
Sering mengalami spam dan kanon,0
unduh WhatsApp messenger,1
Tolong dong saya tidak bisa login WhatsApp selalu muncul verifikasi trus,1
"berguna,bagusss tanpa wa kita gak bisa chat dari jauh✌🏻",1
nrima nrima,1
Ok,1
bagus,1
enak,1
knapa Whatsap video call nya GK sejernih live tiktok tolong update tingkatin lagi dong,1
Gk bisa login wa walaupun dah pake nomor baru 🙏🏻,0
sangat baguss,1
woyy admin hapus fitur ngirim poto sekali lihat,0
cing Cang Keling,1
bagus,1
aku mau update,1
very very good importan Contac person,1
tolong Poto fropil nyah di ganti pake nama yah tapi aku tetep kasih bintang 5,1
"enak sih tpi kdng suka nge bug tpi gpp ngebug nya bentaran doang, bagus ko wa emnih ak jdi bisa tlpnan, chatan, vcan sm pacar ak hehe🤭",1
sangat bagus,1
knapa saya ngga bisa pake aplikasi ini,1
whatsapp sangat baik dan menjamin keamanan dan nyaman saat digunakan,1
genre server,1
"wa sekrang kok banyak bugnya ya, terutama di vc setiap mau ubah ke wajah kita atau wajah lawan bicara malah macet atau ga bisa keubah whyy? dan satu lagi layar suka hitam kalo baru vc tolong diperbaiki ini bener bener cape banget",1
Ngak bisa dibuka lagi. minta verifikasi udah buat tapi ngak bisa. harus resmilah apalah. emang ini wa ngak resmi,1
aplikasi baperan,0
"Kenapa WhatsApp sekarang makin gajelas ya? kemarin saya tiba tiba diblokir permanen alasan spam, padahal saya tidak pernah melakukan spam atau penipuan. apakah sistem WhatsApp sekarang tidak bekerja dengan baik? bukan hanya saya yang mengalami seperti ini, hampir beberapa orang terkena spaming Blokir. tolong diperbaiki, ini sangat merugikan pengguna, terlebih lagi diusulkan membeli kartu nomor baru. saya kecewa sekali dengan sistem sekarang.",0
bagus,1
bagus,1
baik,1
oke,1
aplikasi yg bagus,1
Karna adanya whatsapp hidup jadi ringan tanpa harus ribet maciwww admin whatsapp,1
KLO vc slalu ngelegg2 dan macettt,0
Esok kolah ka cekgu?,1
kak ini ada yang sama gak? saya gam pernah spam di nomor saya tapi malah akun di batasi sampe akhirnya gak bisa whatsaap an? itu gmna yaaa.,0
bagus,1
"bagus bgt, tapi aku belom bisa lagu yg ada lirik nya plis perbaiki ya, biar semuanya bisa ngerasain",1
mantap,1
"Baik, hanya kadang ada gangguan signyal",1
"najis banget nih apk, suka kenon wa grub juga suka kenon apasih? gw lagi enak cari duit eh malah kena kenon apk kurang ajar!!!",0
ini bagus banget buat ngirim chat atau ngeprank temen pakek nomor baru terus bisa buat saluran buat status lain lain deh,1
bagus,1
👍👍👍👍👍,1
terlalu banyak mintak di barui udah di barui nggk bisa pulak di gunakan,0
aplikasi sering kenon dan sampai sekarang saya masih bisa belum membuka wa pdhl disana ad data data penting,0
mantab,1
"kenapa sekarang setiap video call gak bisa klik kamera sendiri? jadi kayak error ,plis betul kan kembali ,itu fitur baru apa memang error ? jadi gak nyaman pakai wa .",0
yekinawipa,1
ok,1
bagus,0
saya sudah beberapa kali menghapus dan mengunduh aplikasi WhatsApp ini tapi kenapa nomor saya tidak bisa di verifikasi padahal saya sudah download di website WhatsApp nya langsung dan setiap saya login pasti tidak bisa kenapa ya WhatsApp tolong di perbaiki ya,1
"makan gajelas ga chat ga apa kenon, mintol segera di perbaiki biar ga kendala terus menerus",0
mambantu sekali,1
"Ak udh sering kirimin dia chat kok jrng dibales, pdhl ak udh effort bgt. WA gk bertanggungjawab",0
"kenapa wassap ku kena tinjauan trus? padahal aku ga ngelakuin hal hal yg sekiranya melanggar dri ketentuan wassap. tolong diperbaiki,my sayang marah marah karna gabisa telpun",0
"saya belom bisa masuk akun whatsap, padahal no ny udah tervirikasi",0
sering upgrade lama banget ga tepat waktunya mau dipake gabisa dibuka,1
ok,1
Ok,1
kok bisa ya chat ku dibatasi,1
bagus,1
gangguan trs smpe gabisa dibuka wassapnya jd gabisa telpon ayang beb deh sebel😤,1
"tolong untuk post story agar tidak jadi blur, padahal sebelum nya resolusi hd, tp pas masuk sw jadi turun kualitas videonya, pls fix this",1
"aplikasi buruk, tiba tiba reset sendiri padahal banyak data penting dan pas ingin dicadangkan malah gagal terus, parah ni apk",0
aplikasi ini enggak cepat enggak mudah boros baterai enak banget buat ngirim file juga enak pokoknya aku asik deh tas baru instal langsung muncul mata Ai deh malah enak buat ngobrol,1
mantap,1
Bagusss buat chattan,1
tolong pak klau bikin kode baru harus di percepat saya udh fervikasi lama dpt kode baru nya tolong pak ya 🙏 saya kasih bintang 3,1
ok untuk kirim kabar,1
halo tim WhatsApp saya minta untuk lebih memperhatikan aplikasi ini dikarenakan WhatsApp saya suka sekali kena spam padahal saya tidak melakukan itu SMA sekali,1
sangat baik,1
"untuk kegunaan oke tapi masalah sistem itu sering banyak bug mulai dari wa kita kena tinjauan sama nomer belum terverifikasi secara tiba tiba ,mohon untuk benerin sistem nya dulu",1
sandie kurniawan,1
lumayan,1
Bagaimana pasang Whatsapp Massenger,1
semoga lancar,1
luar biasa,1
5 bintang untuk mu,1
good,1
kek tai error,0
"VC ngelag tolong segera diperbaiki, kepada pihak developer. bnyak bugs ketika vc.",0
aplikasi ini tidak berguna karena enggak ada cewek yang chat gua kecewa 😞😞😞,0
ini paling menarik sekarang menggunakan barang elektronik ini sangat effort,1
WhatsApp tida bisa login terus terusan memuat,0
Bagus,1
Bagus,1
sangat bagus,1
bagus,1
sangat membantu,1
asal ga kena spam gua kasih bintang 5,1
"Menurut saya Apl ini membantu banget ✨Tapi saya ingin,, Menghilangkan Bug, yg terjadi pada teman saya yg Akun nya di Blokir,, Mohon perbaikannya",1
👍,1
baguuss skklliiiiiiiiiiiii,1
bagus,1
wa tolol gajelas tiba' keblok wa gw,0
koyok kontol,1
"sorry bintang 1 , soalnya suka logout sendiri akun wa gua, padahal pake wa ORI , gak pake hp yg di root juga, terus nomor gua juga gak di tautin ke perangkat lain , tapi tiba tiba suka logout gitu aja.",0
Login wa gampang,0
sangat seru,1
Azril,1
bagus,1
Aplikasi WhatsApp semakin gak jelass,0
lumayan Karena ada fitur baru yang bagus dan menarik untuk dicoba,1
alangkah bhagianya bs rekan fatner foin,1
bagus,1
mau daftar login WA tidak bisa alasan nya WA nya bukan resmi padahal hasil download dari Play store,1
Good,1
ga ada fitur efek setelah di aktifkan,0
makin lama makin ga jelas fiturnya masa tiap vc nge bug mulu gambar nya padahal ga pernah telat update tolong di perbaiki lagi,0
Mengapa tidak mau di instal?,1
gaada efek pas vidio cal,1
gabisa update sekarang,0
mohon maaf bos kenapa saya tidak bisa membuwat akun whatsapp,1
mantap,1
knp gk ada cewe yang bales chat gw🗿😂,0
bisa berkomunikasi online,1
"Akun saya sudah seminggu kena spam , padahal saya tidak melakukan spam",0
ok,1
"tiba tiba ga bisa instal wa,dan no juga fi blokir maksudnya ap cobaa",0
bagus banget,1
mantap,1
"aplikasi sampah, kebanyakan aturan yg GK lazim, kualitas audio & video buruk",0
mantap,1
baguuus,1
jangan lupa like dan share yaa,1
bagus membuat saya bahagia karena ada yang ngechat,1
Best,1
kren,1
"gue benci banget sama lu wa, bisa-bisanya nge riset ulang gitu aja padahal ada kenang-kenangan yang mau gue simpen dari alm bapa gue malah ke riset bersih sama lu benci banget benciiii",0
mudah kadaruarsa,1
"karena wa saya bisa berkomunikasi, tapi mengapa ketika aku meng hubungkan ulang wa nya kontak ku pasti pada hilang mengapa ya coba kasih saran dong",1
Suak ad bug,1
berguna banget,1
mantap,1
"WA saya eror, jadi saya tidak bisa ngechat dan membalas chattan orang lain, saya ingin WA saya kembali seperti dlu, saya tidak mau terulang lagi sperti hari ini dan seterusnya!!",0
"kenapa terkadang muncul notif , ""WhatsApp bermasalah"" , tolong atasi itu dong, riwayat chat saya sering hilang, bahkan yang sudah lama juga hilang, tolong atasi",0
mantap,1
baguss,1
WhatsApp,1
agak perbaiki deh agak oon wa sekaramg,1
seru karena aku bisa bicara sama sodara aku yang jauh rumah ya sama temen aku juga bisa saling gasih kabar,1
sangat baik,1
keren dehh,1
baik,1
"terlalu bnyak file saya yg hilang wa sekarang makin jelek, tolong dong perbaiki sistem nya orang pagi2 chat terbackup sendiri apalah bgitu file saya hilang sekarang ganti rugi ga kamu wa",0
"kenapa di samsung A55 klo post status vidio whatapp sm liat sttus vidio orang,vidiony patah""kesel juga nungguin kpan bnernyaa",0
knpa ada kadarluarsanya,0
bagus,1
idaydai,0
bagus sekali,1
bagus banget,1
sangat baik,1
"WhatsApp Sekarang Malah kebanyakan Tingkah. sedikit sedikit kena Spam Permanen sampai sampai Nomor Akun WhatsApp saya yang lama,semua tidak bisa di gunakan lagi karena spam permanen. jangan di adakan lagi saja aplikasi WhatsApp ini kalo terlalu mempersulit pengguna nya. saya sangat Kecewa dengan Program WhatsApp yang Makin Banyak Tingkah nya seperti ini.",0
mantapppp,1
manta,1
"Status wa saya, tidak Hd minn.",1
tidak memmeras baterai,1
tolong masukan wa saya ke verai beta baru saya kasih bintang 5 tolong ya,1
Bagus,1
WhatsApp ini sangat bagus untuk di pakai terimakasih yaaaa WhatsApp,1
sangat baik,1
pelayanan yang bagus,1
kenapa akun saya selalu di tinjau whatsapp mohon bantuan nya,1
saya menyukai aplikasi ini,1
Cepat,1
bebeb iin cantik & imut,1
Mas karang ploso umpama ketemu dik pasar bagaimana,1
cukup memuaskan,1
oke,1
keren,1
sekarang suka eror,0
Kebijakan mengecewakan,1
bagusssssssssssssss,1
kenapa wa saya ke ban trs jangan caper ini aplikasi WhatsApp lu tolol anj,0
"jadi ngeleg klo vc, bkn cuma aku tpi temen2 lain, tolong pembaruan nyaa yang bguss dikit napa",0
whatsapp nice,1
"klo mau repost video yang ngetag kita suka ngelag jirr,ya sebenernya wa bagus sih dan bisa dibuat komunikasi dari jarak yang jauh atau pun deket",1
bagusss bgttt,1
saya gak bisa wa,0
Kenapa aku daftar wa ku lagi ga bisa gaes apa masalahnya gaes tolong jelaskan ke padaku gaes biar nnti aku selesaikan gaes terimakasih gaes wassalam gaes,1
makin d update makin ruwet aplikasi ini,0
mengapa wa saya tbtb logout trus knp belum ada fitur efek di vc sma kamera padahal sudah upupdate,0
wa jmbot,1
bagus,1
"bisa,mengobrol dari jarak jauh",1
aplikasi bug terus di hp saya padahal wa baru buat malah dibatasi/ diblokir padahal kartu baru tolong diperbaiki,1
TidAk ada komentar,1
Aplikasi keren,1
Pasti tidak ada yang sempurna,1
bagus,1
baik,1
Aplikasi ini sangat mendukung dlm aktifitas sehari2,1
Saya mau instal wa ko ga bisa ya gimana ini sudah di coba dwonload berkali kali tapi pas instal ga bisa kepasang,1
"Saat upload status WhatsApp mengapa tiba-tiba menjadi buram atau diturunkan resolusinya? Seharusnya, saat upload status WhatsApp dibuat menjadi jernih atau resolusinya tetap, bukannya malah diturunkan resolusinya. Atau jika tujuannya ingin meringankan memori, dibuat pilihan ingin hemat memori atau tidak. Mohon bantuannya pihak WhatsApp! Terimakasih.",0
gagal penarikan,1
selalu bermasalah,0
untuk saat ini WhatsApp aplikasi terbaik,1
mempermudah komunikasi,1
lol di update malah banyak ngebug Whatsap nya vc error pencet membesar gabisa macet lol banget yg buat apk,0
mantap,1
ini nama tiktok aku @princess,1
"Halo WhatsApp, saya ingin mengajukan pertanyaan kepada WhatsApp. Mengapa saya tidak dapat masuk ke dalam WhatsApp?Disitu nyuruh saya untuk mengunduh WhatsApp resmi dari situs web resmi. Setelah saya datangi malah dibawa ke play store. Tolong kepada WhatsApp agar mengkonfirmasi akun saya kembali. Terima Kasih🙏🏻",1
"diikit dikit update, dikit dikitt update, kalo ga di update ga bisa di buka",0
Pp gak bisa di lihat sama orang lain,0
OKKEE,1
Hadi Sumarto bantir Candiroto Temanggung Jawa Tengah Indonesia Aktifkan WhatsApp Indonesia,1
"lawak dikit"" kenon",0
Terimakasih,1
WhatsApp messenger gue mohon kembalikan wa seperti biasa nya lagi gue vc kamera malah gk bisa di pindahin ke kamera sndri klo di pindahin malah nge lag terus fitur fitur yang ada fi di vidio call ke mana pada hilang mohon perbaiki lgi seperti semula secepatnya vidio call seperti biasa lgi malah pada eror trs ilang uhh gimna ini,0
oc,1
adanya whasap sangat berguna bagi kami,1
bgus,1
sangat bagus,1
watsap sangat membantu dalam berkomunikasi,1
sangat bagus,1
update eror,1
sangat membantu,1
I really like it,1
knapa ya wa saya kalo ada yg wa gx lngsung bisa masuk,1
ㅤㅤㅤㅤㅤㅤㅤㅤㅤㅤㅤㅤㅤㅤㅤㅤㅤㅤㅤㅤㅤㅤㅤㅤㅤㅤㅤㅤㅤㅤㅤㅤㅤㅤㅤㅤㅤㅤㅤㅤㅤㅤㅤㅤㅤㅤㅤㅤㅤㅤㅤㅤㅤㅤㅤㅤㅤㅤㅤㅤㅤㅤㅤㅤㅤㅤ,0
sangat baik untuk telepon vc terimakasih,1
baik,1
Wa kblokir trus taii,0
yajJz,1
Sangat membantu,1
Bisaa chatan sma JUST FRIENDSS,1
wlee,1
Aplikasi yg sangat membantu dlm berkomunikasi,1
ko. engak bisah di buka wa nya,1
komunikasi gampang,1
bagus,1
tida bisa kodi wa,0
Yameteh kimochi,1
jujur makin update makin ngak bagus🙏,1
aplikasi ini sangat berguna,1
"dengan wa kita bisa berbagi impormasi,berbagi foto dan lain-lain, cuman hp ku kalau ada yang kirim link suka gak bisa kebuka tau apanya. tapi aplikasinya membantu banget buat ngasih kabar buat suami ,keluarga , ataupun sama teman",1
terbaik,1
ini ok bosku,1
app ini sangat membantu mendapatkan informasi dari teman dekat maupun keluarga,1
waa aku ke blokir,1
WA Semakin bagus dan menarik,1
"kenapa watsap ini sekarang tidak bisa daftar di hp Vivo ya, semakin hari semakin ribet WhatsApp nya tolong di bagus kan",0
puas,1
bagus,1
gak ada kendala,1
Gue banyak cewe,1
sayamenyukainya,1
luar biasa,1
watshap nya kenal derwasa,1
hadeh.. percuma di cadangkan tetep ilang semua.. aneh emang wa ini,0
sangat baik,1
sangat baik,1
sangat bagus tapi sekarang lagi terkena kendala whatsapp nya,1
"akun buat kerja main blokir aja, semakin lama makin gak jelas",0
Wah gud job deh nggak bisa berkata-kata aku,1
siiipppppp,1
mantap,1
ok,1
aplikasi rusak saran yang mau download pikir lagi,0
kode qr sekarang tidak bisa tautkan perangkat,0
ada kemajuan,1
kurang banyak sekali skrg kekurangan nya...,0
sanggat membantu pekerja'an,1
mengecet guru mempertanyakan halaman yang harus kita kerjakan,0
Bagus sangat membantu dalam berkomunikasi,1
sangat baik,1
baik bagus,1
"min kenapa ketika ada seseorang yang ngegunain timer kenapa pesan dari grup nya ke hapus juga ke orang lain nya?bukan ke si timer nya doang,mohon di perbaiki min soalnya info info penting suka hilang dan tidak terbaca🙏🏻",1
Kurang bagus,1
baik baik saja,1
tidak ada notifikasinya,0
sangat sukaa,1
apk ini tidak bagus akun saya tidak bisa di login kan,0
baik,1
"saya tiba-tiba ter log out dari whatsapp. sehingga ketika saya login, semua chat saya selama 6 tahun hilang gitu aja. saya minta pertanggungjawaban segera. karena ini sangat merugikan saya. banyak chat penting. kenapa tiba-tiba bisa hilang gitu aja. sangat merugikan. padahal saya tadi malam masih login whatsapp, saya juga tidak pernah salah pin verifikasi, dan saya tidak mengganti nomor. cukup sampe sini aja, saya ga mau makai whatsapp lagi.",0
keren,1
Deskripsikan pengalaman anda (opsional),0
belum bisa masuk verifikasi implan merah di hape susah hilang,1
aplikasinya bgs,1
sekarang vc gampang ngebuk,1
pulihkan,1
update saja terus aplikasi nya. belum lama di update di suruh lagi update,0
Tidak bisa ganti nomor baru di whatsapp,1
mantap,1
permantap LG wa semacam ini,1
the best,1
mantap,1
samgat bagus apalagi yg sudah di update kali ini lebih memuaskan lagi,1
kslo bisa gausah di adain fitur foto satu kali lihat,0
Blom coba,0
jangan ada mau donlod WA in klo kali gk mu kany saya tiba' di blokir nomor ku baru aja saya beli tpi sdh di blokir belum apa sdh main blokir aja asuu,0
jossss,1
kenapa app buruk buat hp saya,0
Semakin yg terbaik yg sllu di minati semua pengguna,1
perlu di perbarui lagi kalau minta nomer kode verifikasi sulit kalau nomer sudah diblokir tidak bisa hilang,0
good aplikasi ini,1
"EVERY TIME I BACKUP A MESSAGE, WHY IS THE NGESTUCK OFTEN NOT FINISHED? EVEN THOUGH THE WIFI IS SMOOTH. THERE'S STILL A LOT OF STORAGE. WHAT'S THE END? PARTIAL CHATS ARE DELETED. WHICH CHATS CONTAIN MANY BEAUTIFUL MEMORIES AS WELL. And then there's no getting it back.",0
mntap,1
"kenapa akun WA saya tiba"" tidak bisa dibuka yaa dan ada tulisan akun sedang ditinjau maksudnya bagaimana yaa dan berapa lama proses ini berlangsung tolong dijawab.? terimakasih. 🙏🏻🙏🏻",0
nomor kode,1
😎😎,1
kalo tlpnan cuman memanggil doang kenapa yaa padahal pas di cht centang 2 itu artinya apa ya???,0
kasih tema yang lebih sportip donk,1
Sempurna,1
bgus,1
"sering keluar,, sering ditinjau, padahal tidak melakukan apa apa,,",1
knp akun saya sedang ditinjau,1
ok,1
"gimnaaa inii tolong beri ke bijakaaan wa saya tiba tiba ke bened tanpa sebab dan tidak bisa di masukan kembali , padahaal sayaa sudaah dowload whatsapp dri plystore tpi ttep ada bacaan whatsapp tidak resmi gmn ini tolong beri ke bijakan",0
Dedewidanengsih,1
halo saya memohon agar aplikasi ini menambahkan fitur peredam kebisingan audio,1
Akun whatSAapp nonaktifkan kembali,1
akun wassap tidak bisa di gunakan,1
sangar baikkkkkkkkkkkkkkkk,1
wa saya sering ke ban,0
tolong dong akunWhatsap yang kena spam bisa di pulih kan,0
apaansi developer rusak 6× di tinjau mau sampe Indonesia emas kali di tinjau mikir lah nipu kaga gimana si sistemnya gajelas perbaikin lah apaansi gajelas 6× loh sakit kek gd nomor lain aja buat di tinjau cinta mati ya sama nomor gua ya keren dah salut gua aseli dah bujug keren banget,0
"awalnya bagus bagus... setelah update tidak bisa mengirim vidio.. ""mohon maaf format file kosong""... buat ngirim vidio gabisa buat kasih informasi vidio sekali lihat juga gabisa... apalah",0
ok,1
slalu d spam,1
Tidak bisa putar video story dengan lancar putus putus seperti tidak ada jaringan. Segera di perbaiki,0
mantap,1
"min gimana sih ko jamer melulu,.. parah eror bae",1
Story jadi acak tidak sesuai jam upload. Video dan foto yang di upload di story pecah,1
ok,1
muantaap apknya,1
baik,1
puas sekali mantap,1
good,1
ok,1
bagus,1
Bu Iki,1
status delay bangsa,0
bagus sekali,1
story nya update lah bikin HD masa ngeblur dan pecah HD in minimal biar josss jissss,1
bagus,1
saat bagikan layar lalu pindah aplikasi tidak ada suaranya,0
sangat mudah untuk semua jenis komunikasi,1
aku suka w,1
saya tida bisa mengunakan wahsapp,0
sering eror buat vidio call,0
tidak versi terbaru,0
oc..Baik,1
di pertahankan,1
"ketika VC lalu berbagi layar , kenapa sekarang tidak ada suara ?",1
anatasya,1
Aslm jujur ajah sama bunda nama Asili ku inih AA Anto bukan Ato Toyib stts yah singgel usia yg sebenar yah 43 taun Asal dari kota Ciamis Banjar Jawa barat AA Anto inih sih mau mau Ajah untuk menikah yg resmi bersama bunda yg. baik Wslm,1
"terima kasih ya sudah mengembalikan whatsapp saya,krn 3 whatsapp saya kena spam hanya yg sekarang bisa kembali lg saya bersyukur betul,🙏🏻🙏🏻🙏🏻❤,jangan di spam lg ya krn say tidak melakukan hal yg buruk",1
Keamanan data pribadi nya mohon di perkuat agar phising atau malware tidak bisa memuat data lokasi melalui track nomor telepon.,1
Bagus,1
sangat baik dan berguna,1
Sangat baik,1
riski bayuk adri,0
"tolong untuk wa, tentang vidio cool saya udah di aktifkan fitur eveknya pas vc tpi tetep ga muncul2 tolong di perbaiki",1
mantap🥰🥰👍👍,1
ok,1
"kenapa setelah up date kontak2 saya BS hilang banyak ad 70 kontak hilang setelah up date,,mohon penjelasan dan bantuannya min",0
baikkk,1
jl kj syekh pratama barat barat selatan,0
pejuang rupiah,1
Alhamdulillah,1
mantap sangat di butuh kan,1
sangat puas,1
"sering ngbuk/ patah² jadi tolaong di perbaiki apa lagi adi aplikasi buat knon wa birak patah² ,jadi tolong di perketat lagi biar ga ad maslsh",0
anjai,1
Kcau,0
aku ngerasa wa belakangan ini banyak bug nyaa kaya saatt vc kamera nyaa ngebug gaa bisaa dii alih kannn,1
"matikan fitur saluran,.... pornografi bertebaran di fitur ini,... miris🫣",1
pribadi,1
"Semoga WhatsApp punya jaringan internet sendiri, dengan harga yang terjangkau, dan tanpa batas. Sangat membantu. 👍🏻",1
tidak menerima kode verifikasi,0
sangat jelek tolong pitur nya di ubah Jan terlalu positip orang cuma Chet temen aja sampe di bened,0
kameranya ngebak,1
ok,1
makasih moga lancar,1
sangat mantap😌,0
memudahkan ku untuk berinteraksi dengan orang lain,1
TOLONG HAPUS FITUR STIKER SOALNYA DELIAAA GAMAU NGETIK,0
"Hmm, aneh bet nieh WA, padahal no baru ganti dah kena kenon, Baru juga udah beres tinjau kena kenon lg, aneh, dulu ga Begini amat, Kecewa saya sama Whatsapp",0
wa saya keluar sndri tiba tiba susah masuk lagi padahal udh dikaitkan ke email,0
mantaap,1
terus terusan tidak bisa masuk,0
bagus,0
Ok,1
kenapa wa eaya di blokir terus,1
gbisa sadap wa,1
balikin lagi pengaturan bio permanen. jangan ada lagi bio dengan batas waktu.,0
sangat bait,1
kenapa saya tidak bisa menerima kode verifikasi sejak tadi pagi ya. apa nomer saya sudah tidak bisa di pakai di apk whatsapp ya,0
Sangat baik,1
sangat bagus,1
sangat sangat membantu,1
"Tiba tiba logout, terus di suruh tunggu 24 jam baru bisa bagus lg,eh sekarang udah 1 Minggu WhatsApp saya belum jadi jadi🙃",0
minta tolong coba watsapp dibikin seprti ada mode pesawat nya gitu atau status centang 1 tapi data aktif terima kasih,1
"unggah story lama padahal jaringan bagus, hapus story ngebug gambar hitam makin lama makin tidak memuaskan !",0
ok,1
oke,1
"KENAPA TBTB WA BISA KE RESET SENDIRI? wa saya sudah ke reset 3 kali padahal penyimpanan saya masih ada 3 gb, bisa ke restore tp ada beberapa chat yg tidak masuk.",0
sangat senang sekali,1
sangat bagus,1
"tolong benerin dong bug saat video call, suka error gak jelas tiba tiba dua dua nya muka sendiri, kadang dua dua nya yang video call sama kita",0
bnyak bug nya njirr gk bisa buka wa,0
Ukuran makin berat,1
tibak bisa vn,0
tolong lihat whatsApp ku nii kenapa gini terus,1
mantap,1
good,1
nyaman digunakan👍,1
Ibrahim open,1
apalagi apl ini ptg banget buat kita semua,1
"aplikasi jelek, masa ada fitur video call tapi gk ada yg mau video call ke aku",0
tidak ada fitur efek kamera,1
kenapa saya tidak bisa watsap saya,1
WhatsApp Messenger mudah dan hemat serta terlindungi.,1
wa nya kenapa ya kok buat hapus status tulisannya menghapus status tapi loading trs tolong di bagusin lg ya soalnya dri kmrn pagi begtu terus ga hilang hilang,0
sangat bagus,1
"bagus apk y , tapi miris , setiap hari selalu ngabarin dia eh malah kaya orng bego , gmw excited sendirian ah elah , bagus apk ya .",1
sekarang kalo vc kali kita mencet kita yang besar otomatis lawannya vc kita jadi ada dua ( alias muka lawan kita yang vc bukan mukaku ( tolong dibenerin untuk pihak WhatsAppnya,0
ok,1
Aplikasi kambing dalam isi sistem kambing yang mengendalikan ini app busuk pimpinannya Aljin tidak taumalu dan para pengikutnya masuk aliran sesat seolaholah keyakinannya dan kebijaksanaanya itu yang terbaik kali. Lucu sekali punya dunia masing masing merepotkan sekali makhluk berbeda Alam datang ke dunia manusia tau diri posisi sebagai kambing urusanmu berada di dunia ghaib tidak usah mencampuri ini dunia manusia bukan khusus kambing menyesalilah n putusasalah bahwa strategi kalian terbongkar,0
"It's useless to have a cellphone with high camera specifications, if you use it to make a status, the result is compressed into a 3gp quality video, aka blurry!",0
"Semua fitur bagus kecuali vc, kualitasnya emang jernih tapi kenapa jadinya susah membuka aplikasi lain ketika vc , awalnya dikira karena ho panas atau penyimpanan penuh sampe dingin tak diemin lalu membersihkan penyimpanan tetap saja tidak bisa membuka aplikasi lain ketika mengobrol lebih dari 30 menit tapi kadang bisa membuka juga , tolong pihak wa tingkatkan lagi kulitasnya",0
sungguh berguna,0
Sangat cocok,1
bagus banget mantap deh buat kamu seru buat kamu dirumah coba kamu bikin nanti nyesel loh bagusss,0
keren banget sungguh luar biasa memuaskan👍🙏,1
Bagus sekali,1
bagus,1
sangat menyenangkan,1
"halooo whatsapp,tolong perbaiki aplikasi ini karna saya sudah banyak ganti no ,tetapi malah ke band,tolong perbaiki karna saya seorang kurir ingin chat penerima malah terkena band,tolong perbaiki gangguan ini ,mohon bantuannya secepatnya,jadikan whattsap saya agar lebih baik saat chat ,trimakasih",0
kembaliin setiker gwe cok habis di apdet kok ilang semuanya anjir setiker nya woy di perbarui bukanya tambah bagus malah jadi ke gitu setiker ilang semua tanpa ada sisa satu pun 😒😒😒,0
55 hu UU,1
bintang 1 karena tidak ada orang yang chat saya dan juga saya tidak mendapatkan pacar dan orang selalu cuekin saya,0
sangat bagus,1
bagus dan gak jelek,1
"apk nya udah bagus, tapi ada sedikit kendala disaat nelpon atau vc suara nya putus"" dan kurang jelas :( padahal sinyal baik"" aja, sinyal nya juga udah di tes dan hp juga baik"" aja tapi suka ngebug, tolong diperbaiki yaaaaa :) apk nya banyak error dan ngebug ga jelas, makin di update makin ga jelas.",1
gogo bai,1
WhatsApp ini sangat bagus sekali,1
Kontaķ saya,1
kenapa nmr gua malah ke blokir,0
ok,1
jos jis,1
jlek,0
aplikasi ini bagus,1
bagusperbatui wa,1
tdk selalu bagus wa srkrng,0
"bagus, tapi kenapa suka ngeblur yah kalo mau stori foto/vidio padahal udah pilih paling tinggi",1
baguss,1
kok parah yaa di update makin parah keluar2 an terus aplikasinya anehhh bin ajaib,0
coba dulu,1
ok ok,1
wa gabisa pakai,0
bagus,1
sangat baik tapi kenapa sering wa nya ke kenon yah?,1
kasih yang terbaik👍💯,1
"kenapa sih kalau upload story haru ke kompress jadi buram videonya jadi, tolong perbaiki",1
merasa puasss,1
nomer gua kenapa di blokir trus waduhhhh waduh pusing aneeee🙃🙃🙃🙃🙃🙃🙃🙃🙃🙃🙃🙃🙃🙃,0
sangat baik,1
"aku sengaja kasi rate 5 biarr di paling atas sebenarnya semua fiturnya uda bagus, cuma sekarang kalo aku post sw kadang suka nge blur padahal video asli yang aku edit jernih, tapi malah nge blur, cuma minta tolong sama kakanya tolong di perbaiki lagi buat hal"" kaya giniiii, terimakasiiiii tolong di baca ulasan aku ya kaaa ^^",1
kenapa WHATSAPP SAYA TIDAK BISA DI GUNAKAN,1
memo penuh padahal gada chat yg menggunakan MB besar,0
"Kenapa WhatsApp saya selalu terblokir terus, padahal saya chat mematuhi syarat-syarat yang telah di tentukan oleh WhatsApp",1
"Dear WhatsApp, I have a suggestion for a future update: group-specific profile privacy settings. This feature would allow users to decide whether to display or hide their profile picture within a specific group. Thank you.",1
ok,1
good,1
sangat memuaskan,1
"Saya beberapa hari ini telpon sama pacar saya, tadi berantem, saya sudah ngobrol dan menjelaskan secara panjanv lebar, tetapi ternyata di pacar saya tidak terdengar sama sekali, posisi pacar saya habis marahin saya dan diam, dia mengira saya juga diam, tapi nyatanya saya menjelaslan, mohon tolong bantu menjelaskan me pacar saya kalo tadi saya menjelaskan, tapi saya dimarahin karena dikira diem aja dan tidak mau tau mengenai hubungan kita",0
"parah wa sekarang bisa"" nya keluar sendiri",0
"प्रिय व्हाट्सएप सपोर्ट टीम, मुझे आशा है कि यह संदेश आपको अच्छी तरह से मिल जाएगा। मैं अपने व्हाट्सएप अकाउंट पर प्रतिबंध की अपील करने के लिए लिख रहा हूं। मैं समझता हूं कि व्हाट्सएप की सेवा की शर्तों के उल्लंघन के कारण मेरे खाते पर प्रतिबंध लगा दिया गया था, और मैं किसी भी अनजाने कार्यों के लिए ईमानदारी से माफी मांगता हूं जिसके कारण यह हो सकता है। मैं व्हाट्सएप को एक आवश्यक संचार उपकरण और समुदाय के रूप में महत्व देता हूं, और मैं व्हाट्सएप की नीतियों और दिशानिर्देशों का पालन करन",1
bagus enak tapi selalu ngebug saya kadang gk bisa leponan gk bisa ganti PP kadang juga gk bisa ngetik di whatsApp tolong di benerin,1
"semakin baru penggunaan data makin banyak dan besar. apa bila hp/android/ios termasuk generasi pertama, sudah tidak support menggunakan whatsapp di karenakan memory internal dan ram yang kecil. saran ukurannya di buat praktis dan tambahan fitur seperti stiker atau voicenote dan video sekali liat itu tidak memakan memory(langsung terhapus begitu sudah di lihat)",0
baik,1
"tolong perbaiki wa nya ada sedikit bug, di saya gak bisa kirim stiker, foto, audio, video, sama menambahkan status wa. sebelum di update awalnya lancar tanpa kendala setelah di update kok kayak ada bug gitu. apalagi ada yang kurasa biasa ada tag semua sekarang gak ada tolong di update lebih baik lagi ya wa",1
muantap,1
baguzx,1
ini kenapa eror,0
wa tolong benerin bugg pas lagi vidiocall masa stiap videocall gambar nya ada 2 si orang yang aku Vidiocall,1
baguss tapi aku gak ada fitur filter nyaaa,1
apk yang sangat luarbiasa,1
ok,1
banyak bug wa yg tidak jelas,0
halo WhatsApp di sini akun aku kena kenon pdahalaku ngapa ngapin tolong plis itu ada grup yang sangat penting,0
cepat dan mudah,1
bagus banget,1
gak bisa lihat siapa aja yang udah liat sw ku,1
tolong WhatsApp semuanya sudah bagus kecuali sistem kualitas pengiriman video atau upload status itu buruk kualitasnya,1
bantu login nomor saya ke washapp,1
bisaaa wa ann dengann siapaa ajaaaa,1
bisa ngechat,1
Ini knp yh saya mau login wa malah ada pelanggaran jika sy memakai wa palsu? padahal saya gak pernah sama sekali 😌,0
"wasap wasap, durasi musikny kok ngga di panjangin???😡",0
"VC sering bug, telpon sering batal otomatis sampai harus ngulang bbrapakli",1
seseorang telah mnggunakan whatsapp tampa seijin sya. mhon di plihkan lagi,1
ok,1
sudah bagus siiih tapi aku tidak bisa login padahal udah bener tolong di loginin yaa aku gak bisa login,0
kalo buat setory wa selalu blur ga kaya yang dulu selalu jernih,0
"suka nge bug taik,jahad lu",0
kalo buat vc gmbr nya ngga bisa pindah²,0
saya senang sekali,1
log out sndiri / mental.,0
sekarang wa jadi susah buat tlp badahal di chat masuk tapi di tlp ngga berdering. jelek,0
mantap,1
baik,1
Bagus,1
tambahkan dong fitur WhatsApp biar bisa pakai theme kyk GB WhatsApp,1
apakah bisa terbuka wa saya sedang ditinjau,1
"kenapa ke blokir terus WhatsApp saya, bagaimana saya menghubungi keluarga saya",0
Saya sangat puas dengan aplikasi ini,1
ya oke,0
selalu di block wa nya,0
WhatsApp nga jadi,1
"ubah resolusi nya pdhl udh di hd in ttep ajaa burik, Vidio atau Poto pas ngirim ke orng / ke sw jdi burik pdhl aslinya enggaa gitu. burikk pokonyaa gk rekomend bangtt 👎",0
MAKIN JELEK AJAA NIH WA VC JADI STUCK GA BISA D BESARIN,0
"Aplikasi komunikasi terbaik dan paling stabil. Sangat membantu untuk kebutuhan sehari-hari, baik untuk keluarga maupun pekerjaan. Sukses terus WhatsApp!Sangat membantu untuk koordinasi kerja. Fitur kirim dokumen, foto HD, dan panggilan grupnya sangat lancar tanpa kendala. Aplikasi wajib di handphone!Aplikasi chatting paling ringan dan mudah digunakan. Fitur statusnya seru, dan sekarang bisa kirim pesan suara sekali dengar. Sangat menjaga privasi!Kualitas telepon dan video call-nya jernih bgt 🤩",1
"Aplikasi sudah sangat bagus untuk komunikasi sehari-hari. Namun, mohon perhatiannya untuk fitur WhatsApp Status (Story). Kompresi video di Android terlalu sadis sampai bikin hasilnya buram/blur, padahal kualitas video aslinya sangat tajam. Semoga di update selanjutnya ada opsi untuk mempertahankan kualitas asli (HD) secara permanen tanpa diredam otomatis.",0
kualitas dan aplikasi nya tercanggih,1
kenapa whatsApp saya keblokir terus2san gimana caranya biar bisa aktif lagi,1
super sekali,1
ingin tahu,1
Selamat,1
bagus,1
kenapaa kalo bikin status wa jelek banget jadi blur,0
nice,1
"selalu saja wa saya, kena kenon padahal ngak ada spam, wa sekarang makin buruk🙏🙏",0
baik,1
Sangat bagus n tidak mengecewakan..,1
"buat developer yak tolong ni khususnya fitur yng otomatis ngeblokir nomer wa kalau spam, no gw ga spam ga apa kok kena blokir??? yng bener aja, di blokir blokir padahal ga spam saya diam, di fitnah fitnah saya juga diam, tapi malam ini saya katakan, saya akan lawann!! lu mau apk lu gw acak acak?",0
"halo,selamat mlm admin WHAtsApp,,, saya mau tanya,kenapa hakir hakir belakang ini,Whatsapp saya sekali tiga hari selalu di prifikasih terus,,sedang kan saya tidak ada melakukan apa apa,,,barusan ini saya lagi cas hp,pas saya mau ambil hp,dan mau buka Whatsapp,tau tau nya,,maaf,akun Whatsapp di prifikasih,,,,kenapa selalu begini Admin Whatsapp,,,sampai sampai ada pesan maksuad,akun Whatsapp anda tidak resmi,sedang kan saya donwllod di plaitor,,tolong Admin Whatsapp,,di perbaikan Whatsapp nya ya,,",0
baik,1
layanan dan fitur semakin bagus,1
mantap,1
"jujur selama aku make wa bagus bagus aja gak ada kendala, tapi semenjak update di tahun 2026 ini, kemanan nya tu aneh banget, aku gak ada ngirim konten negatif gspi malah dibened, pas udh bisa dipulih kan apk nya lagi, eh pas mau log ulng akun gus, malah dibilang wa gak resmi dong, sumph kesel tspi gk tau hrus gimna lgi",1
ini terlalu bagus,1
info nya doang saya habis ngupdet malah tidak bisa muncul gambar pas vc tolong di perbaiki ya,0
ok,1
good,1
𝙨𝙘 𝙣𝙮𝙖 𝙢𝙖𝙣𝙩ul vc nya gk jelas apalagi pas rekam layar gk ada suara apa apa,0
Sangat bagus,1
gak punya salah di block apl burik,0
Arsip status gua nyangkut mulu size aplikasinya nggak mau nyusut tolong tambahin fitur buat hapus semuanya,0
bagi saya bagus,1
tolong perbaiki aplikasi anda.saya sering di blokirr di saat memasukkan nomer.dan saya beli kartu tapi tidak ada hasil yng jelas.sya minta atas pertolongan anda untuk memperbaiki aplikasi.saya stiap hri kenak msalah ini sungguh kecewa main aplikasi ini aplikasi WhatsApp sangat penting buat pekerjaan tapi saat inii sungguh sangat kecewa.tlong perbaiki 🙏,0
WhatsApp bagus asli 2026,1
bisnisku,1
lancar dan baik,1
stop update,0
sangat cocok,1
oke,1
bagus,0
mohon bantuannya supaya whatsapp gak sellu di tinjau,1
suka keluar mulu,1
"setiap login ke WhatsApp kadang tidak mendapatkan kode verifikasi. apalagi untuk orang yg habis direset pabrik tidak tahu nomer ya, susah",0
suka banget,1
Mantap lah tapi kadang kadang suka ngeleg 😅,1
"hi whatsapp,kok aplikasi jelek ya makin ke sini makin banyak errornya tolong di perbaiki saya kesal sebagai pengguna",0
ini whatsapp knpa gk bisa ya,1
mantap,1
So Good.!! 💚,1
ok,1
Alhamdulillah semua jadi lancar,1
udah ga ada orang favorit lgi,0
Jangan terlalu banyak UPDATE ruangan hp penuh,1
"Yang jelas kontek,, temen saya tidak bisa di buka.",1
seru ajasi,1
tolong kontak sdh saya privasi kenapa masih nongol di status saya,0
Sering eror,1
kadang pas buat vidio call ngebug,1
riski terlalu banyak foto,0
mantap dan tingkatkan 👍,1
baguss,1
ok baik,1
is the best,1
kak kalau boleh vc nyaa bisaa di zoom dong mau nobar sama tmn tpi susah banget,1
aplikasi ini sangat membantu banget,1
bagus,1
tiba tiba di dibanding kan padahal saya gak lakuin apa apa 🗿,0
whatsapp selalu berubah ga bagus,0
suka ngelag saat vidio call ketika mau mengubah ke kameranya,1
keren bagus,1
tidak dapet login ke apk,0
nn si whatsapp gabisa vn wae butut geleh so asik,0
Sangat bermanfaat,1
bagus,1
Sangat membatu aplikasi nya,1
bermasalah slalu kena spam padahal tidak melanggar asusila bahasa juga msh wajar dalam berucap tolong di perbaiki dgn baik,0
Sangat bagus,1
meta ai nya sangat ramah,1
bagus,0
bagus,1
ok,1
halo dukungan Whatsapp saat ini akun whatsApp saya diblokir untuk menggunakan whatsapp saya merasa ini adalah kesalahan sistem WhatsApp mohon untuk tinjau kembali akun saya dan segera selesaikan masalah ini terima kasih,1
bagus,1
wa nya tidak bisa di buka,0
whatsapp,1
"maaf ini kenapa wa nya tiba² hilang² terus ya chatnya, masa udah di update dan penyimpanan juga Ndak penuh data dan pesan tetap hilang?,tolong diperbaiki lagi ya bug nya agar GK hilang lagi, setiap buka wa muncul ""WhatsApp mengalami masalah""trus suruh nunggu datanya ilang semua, data penting ilang semua🤦🏻‍♀️ tolongg ya diperbaiki",1
"WhatsApp saya selalu kena spam, walaupun sudah ganti nomer hp. tapi tidak ada informasi lebih detail dari WhatsApp nya",0
saya Hello saya kan WhatsApp,0
"TELEPON NYAA SUKA MATI SENDIRII, JELEK",0
nih wa kenon Mulu sistemn lu lagi eror apa gimana nge chat dikit kenon,0
ok,1
WhatsApp Messenger Tambah Lemot Terlalu Kebanyakan Perubahan Bikin Gak Nyaman Di Gunakan,1
"udaaa okeiii, plis update an selanjutnya ada in sorotan kaya ig sama tiktok soalnya mau aku jadiin se aesthetic mungkin😚😉 ini masukan aja ya dari akuu semiga beneran ada sii",1
Menggunakan WhatsApp sangat lengkap puturnya dan mudah digunakan Terimakasih WhatsApp,1
WhatsApp ini sangat bagus,1
karena saya bisa chettan sama kawanku,1
masa akhir akhir ini gabisa kirim chat padahal sinyal bagus 100 persenn,0
masalah,1
ok,1
butut,0
makasih,1
lumayan,1
sy suka,1
sekarang parah sinyal wa nya.. video gak jelas gambarnya... suara sember begitu,0
nyaman,1
sangat membantu,1
kalo update fitur lambat bgt,1
banyak bug nya nih seperti last sen kadang kadanh suka menghilang dan membuat cewe saya bete,0
jwjei,1
bagus,0
sangat bagus,1
"apkny bgs, tpi syngny prnh ad bug, trs krset smua chtny, tpi ggplah.",1
cukup bagus,1
Keluk dan tahan pesan,1
bagus,1
verry nice,1
Terbaik,1
Sangat bagussssssss. Udh sih gitu aja aku nya gak mood lagi mainn soalnya,1
aplikasi gj,0
lebih mudah dan mudah,1
bagus,1
bagus,1
WhatsApp baik hati tolong jangan di blokir lagi wa saya,1
"Semakin sering update malah semakin jelek, status makin burik gak seperti dulu",0
"PLEASE WHATSAPP, WHY IS MY ACCOUNT BLOCKED BY YOUR DAMN AI SYSTEM?",0
kenapa saya log out....? kenapa saya gak bisa pakai WhatsApp. sebenarnya yg salah d mana nya...?,0
sangatlah penting,1
bagus,1
mantab berkimunikasi,1
"aplikasi ajg, kalo bukan karena pekerjaan najis banget install elu",0
bagus,1
"aplikasi aneh,saya chat perempuan ga di bales.",0
berguna bagi kehidupan,1
bagus,1
"WhatsApp nya udah bagus, tapi kenapa pesan lambat untuk terkirim yaa? padahal koneksi bagus pake wifi lagi ko bug yaa? tolong di perbaiki lagi ya!",1
Saran sih klo emg mau ada kek Berlangganan tambahkan tanda Profil atau diFoto diksh tanda klo org itu berlangganan semisal ada tanda kek Berlian atau tanda Eksklusif yg bisa dilihat orang lain artinya org yg gunakan wa tersebut berlangganan biar terlihat ada kesan premium dan pasti dengan adanya itu makin bnyk orang yg tertarik untuk berlangganan 😊,1
Bagus,1
"Seperti halnya Whatsapp MODS, saya harap Whatsapp original ini, untuk kedepannya bisa menambahkan privasi pada fitur teleponnya, agar bisa lebih ditingkatkan lagi.. seperti untuk bisa memilah siapa saja yang bisa menelepon saya, tanpa harus menghapus atau memblokir nomor orang tersebut.. karena sering kali sangat mengganggu jika ada yang menelepon tanpa izin. terima kasih",1
"bagus,dan cepat",1
gj banyak sekali band masal,0
Bagus,1
"tolonglah update boleh.. tp jangan masukin iklan"" dr luar.. jd males pake nya kalo pas lihat story kontak.. bedain rana pribadi sm publik.. mengganggu",0
kocak ga bisa bikin status,0
ambatakam 😹,1
bego gak ngapa ngapain di blokir emang gak ada otak,0
saya tidak bisa menggunakan fitur filter yang di sediakan WhatsApp,1
ok,1
Iiii8 definazea estimasi Dapatkan,1
sangat membatu,1
"Please add a notification if we are blocked, that's all, the others are good.",1
akun saya tidak bisa masuk wasaff,0
wow,1
mendukung,1
sangat bagus,1
ok,1
Tahber,1
well,0
"percuma ad wa tapi gada yang ngechatt ""sepakatt""",0
mantap pokoknya mah,1
bagus,1
bagusss,1
"WhatsApp makes all communication faster and more convenient. However, the age verification service is terrible. Today, I couldn't access my WhatsApp account due to age restrictions, even though I'm 34 years old.",1
akun saya di tinjou mohon maaf. sebelum nya saya tidak melakukan pelanggaran,1
mantap,1
Ok,0
sangat membantu,1
Rendah kan ukuran download aneh,1
washap tidak bisa di instal,0
Sangat bagus,1
sering kena kenon gak ngapa ngapain gj benar apk ini,0
baik,1
Oke,1
ok,1
whatsapp membantu kegiatan kita,1
ok sangat baik,1
kureng eee,1
video call macet gimana ini,0
baik,1
mantap,1
"khusus buat kake kake yg nggak punya kesibukan pengisi waktu senggang obat setress booss !!!""",1
mantap,1
cocok untuk kaum introvert,1
mantap,1
"makin kesini mkin gjls anj, cmn krna ketelpon tmn yg blm ke sv wa jdi kena tinjau, hama",0
sangat baik,1
tolong saya gk bisa buka wa gk tau gara²apa tolong bantu saya dan tolong tinjawkan yah Terima kasih,1
sangat mengecewakan WhatsApp saya hilang,0
mantap,1
"woi WhatsApp kontoI, moga"" kontoI bapak yabg buat whatsapp mandul, gw udh download di playstore masih aja ngeyel buat download. moga lu yatim, keturunan lu mandul 100 turunan amin",0
sangat bagus walaupun harus online😝😝😝,1
mataaaap,1
"gak worth it jir,masa iya ini kaga ad yang ngechat gw",1
"sudah pakai no lama selama 12tahun, sekarang ganti handphone tidak bisa verifikasi via email, lalu ganti nomer, di anggap spam, ganti nomer berkali kali di anggap spam. ya sudah anggap saja WhatsApp semakin buruk.",0
nomornya susah terverifikasi. buat nomor baru nya susah plus ribet,0
bagus,1
berguna.,1
ga bisa,0
😆,1
terimakasih ❤️,0
knapa ngk bisa login wa,1
ok,1
proyek,1
"yang chat admin slot semua,tapi okee apk nya mantapp",1
BANGG PP CEWEE GW KOKK DI NO GW WARNA OREN SIHH CEWE GW MARAHH BANGG,1
sistem wa makin ngebug aja heran udah update,0
bug pada video call,0
oke,1
Trimakasih dgn adanya Whatsap mempermudah komunikasi keseluruh negara,1
mantap,1
Apk yang memberi kemudahan untuk semua pokonyah bagus deh mantap,1
Says download whatsapp,1
Sangat membantu sekali,1
aplikasi gajelas aplikasi dongo gapernah aneh-aneh ke blokir mulu whatsapp aku aplikasi gajelas,0
aneh kenapa di WhatsApp udah nggak ada lagi fitur berbicara sama AI jadi kangen husbu ku😥,1
tolong hapuskan filternya vc nya,1
bagus aja sih bagiku 😄,1
"POST STATUS SELALU DI KOMPRES LANGSUNG JDI BOKEP, MAU LOGIN WEB GA BISA² JMBUF",0
bagus tapi bisa ga tambahin firtur A kusus grup b kusus kluarga c kusus tmn,1
Nggk bisa masuk,1
"gadaa suara notif, padahal ga lagi mode silent",0
bagus banget lebih dari 1juta lebih yang memakai wa,1
Fitur sangat bagus.. saya bisa telfonan dan main dengan teman ku,1
😎😎😎😎😎😎😎😎😎😎,1
"apk apa ini soal nya chat saya cuma di bales ""y"" doang💔",1
ok,1
mantap,1
min boleh tak update kalini buat macam iphone punye thames plisssss😭🫰,1
kenapa di hp saya tidak bisa daftarin kartu,0
kadang error,1
mantap,1
kurang bagus,0
"kenapa wa saya kalau vc suara saya tidak terdengar oleh orang lain ,sudah coba berbagai cara tetap saja begitu ,mohon solusinya 🙏",0
Gk bisa masuk kode sms nya bos,0
"kenapa setelah di update malah nge bug padahal jaringan bagus bagus aja, dan juga kalo liat sw orang gabisa, loading nya lama muter muter, tolong di perbaiki lagi.",0
alhamdulillah lebih mudah berkomunikasi,1
tolong jaringan nya ngelek bgt,1
sangat membantu,1
banyak drama soal pencadangan,0
Bagus...,1
selalu berikan layanan terbaik dan terus tingkatkan system perlindungan privasi nya,1
bagus berguna,1
bagus,1
sangat bermanfaat,1
"tolong status WhatsApp nya diperbagus lagi, saya membuat status WhatsApp terkadang selalu dapat kualitas jelek, padahal video yang saya buat untuk status sudah hd",1
tidak bisa ada poto propil yang tidak berwana harusnya semua hp harus ada,1
HP eror,1
keren,1
knp WhatsApp sekarang klo vc gambar nyh suka ga ada?,1
jgyhi,1
"sangat membantu,tapi kadang² ada jga yang bikin ga mood heheh",1
saya sering tidak memahami cara menggunakan hp android,1
"tolong perbaiki kualitas unggahan status nya dong, soalnya pas di unggah jadi ga hd apa lagi klo di kasih stiker atau lagi. Terus ga tau kenapa ga bisa save no baru, kadang udah di save tapi kita ga bisa saling liat status bahkan foto profil.",0
whatsapp jelekk dikit dikit log out jadi gak bisa makai whatsapp lagii padahal sudah ganti kartu berkali kali,0
seru bisa silaturahmi sama temen dan keluarga yang jauh rasa jauh terasa dekat .,1
kerja keras dan menarik hebat,1
"Sangat kecewa dgn WA Krn tahu² logout, setelah minta verifikasi akun nomer saya tidak pernah mendapatkan nomer otp smp skrg. Gara² nomer kena hacker akhirnya smp skrg TDK bisa menggunakan nomer saya lagi. Berkali² minta verifikasi nomer tetap saja. Disuruh pakai WA yg resmi? Kita mau instal ulang kok ada pilihan instal ke perangkat lain. Brarti WA TDK bisa melindungi hak saya Krn diminta instal ke perangkat lain bukan ponsel ini. Sangat mengecewakan sekali",0
karena tidak biso login dn mau mendaftar,0
"knapa sih akhir"" ini WhatsApp ngebug banget kalo vc pas nekan wajah kita malah ngelaggg banget malahh hilanggg",1
Tolong saya buka wa saya ya saya butuh nasabah ya,0
"udahlah sekarang ada iklan, terus wa premium? maruk maruk, kalau ya puas ya gini ya. semua cara dipake biar dapat duit.",0
Sangat bagus,1
bgus aj.,1
"kenapa sekarang whatsapp di pesan ada tampilan kontak nya jadi ribet , coba gak usah di ubah ubah kalau udah banyak yang pakek.",0
lagu pilihan yang muncul di story seringnya bukan lagu original. mohon diperbaiki.,0
bagus semua org pasti pake apk ini,1
bagus,1
komunikasi cepat,1
sangat bagus sekali,1
wa,0
tolong dong jangan diperbarui terus.. karna kasian bagi yg punya hp ram kecil,1
Baik,1
sering ke kenon tampa alasan yang jelas,0
trims,1
"NO GUA DI TINJAU TIBA"" TANPA ALASAN YANG JELAS, PADAHAL BANYAK DATA"" PENTING DISITU",0
kenapa ? saya baru download kok WhatsApp nya dibatasi,0
ʙᴀɢᴜs dan nyaman,1
sering kali d tinjau watsap saya kenapa heran saya..selalu ada yang nyepam baru k buka tiba2 k blok lagi. makin lama bukan makin bagus Mala buruk,0
suara lawan tak jelas,0
Kode Media TV Google,1
sangat bagus dan bermanfaat buat komunikasi sangat mudah,1
semoga TDK d spam,1
sering bermasalah,0
Semoga bisa lebih lancar di Buka seperti awal.,1
bagus,1
mantap,1
hx i.,1
Tidak ada,1
Indonesia,1
badek,0
bagus,1
bagus banget apa lgi pas yang ngirim sticker pokonya bgus bangetttt,1
saya sering kena spam,1
"dengan mudah dapat informasi dari teman kantor, pusat PT",1
ok,1
Oke,1
Sanget bagus,1
patap,1
karna akun saya dispam dan tidak dikembalikan nya oleh tim WhatsApp,0
"maaf,jaga data""akun wa saya🙏🏾🙏🏾",1
mantap,1
Nice,1
Daudmanung,1
WA sya selalu di blokir.....tolong supaya di perbaiki,1
Dewi Noviyani,1
asik update truz bikin nambah memori aja,0
belum di coba,1
saya kecewa dengan layanan whatsapp tiba tiba diblokir no saya 24 jam tapi nyatanya semua yg fitur WA saya dihapus permanen no WA saya ga bisa login lagi saya kecewa secara sepihak tanpa sebab apa ada yg report ke lihat whatsapp sedangan yg report tidak di blokir tidak adil dan selalu minta tinjauan selesai tinjauan hanya 2 hari WA saya diblokir seterusnya kecewa kecewa pakai hanya seperlu nya kalau ada bisnis dll nya saya tidak melakukan spam,1
Hi WhatsApp.. Aplikasi yg sangat membantu untuk berkomunikasi dalam negeri mahupun luar negeri. Dan Mempermudah dalam pekerjaan..,1
ngak bisa munculkan efek gitu,1
mantap,1
kenapa wa saya gak bisa dibukak,1
aneh pas mau buka tiba2 keluar sendiri ini bug apa gimana? pas buka lngsung keluar lgi sndiri,0
ini aplikasi nya sudah bagus cuman saya nya saja yg jahat,0
tolong Adain fitur baru berapa lama orang putar status dong,1
saya kasi bintang 1 karena WhatsApp messenger ini sangat aneh saya masuk cuma 4 grup sekolah harus ada peninjauan akun dan setelah saya tunggu 24 jam akun saya tidak bisa login WhatsApp lagi,0
bagus,1
OK,1
"Tolong perbaiki fitur untuk saluran, agar admin saluran tetap bisa menghapus bubble chat lama. karena mau bagaimana pun juga admin lah yang memiliki segala hak atas isi saluran tersebut. Jadi tolong tambahkan fitur hapus bubble chat lama yang ada di saluran. Jangan hanya bisa menghapus bubble chat terbaru saja, tapi sediakan juga fitur hapus bubble chat lama untuk admin. terimakasih :)",0
bagus,1
menarik,1
Id the best,1
APLIKASI YANG MANTAP DAN BISA KITA MENGHUBUNGI KELUARGA YANG DI TANAH RANTAU 😇,1
terbaik,1
Dah mulai rada ngaco sistem nya,1
like,1
mantaff,1
sangat bagus,1
👍🏻👍🏻👍🏻👍🏻👍🏻👍🏻,1
bagus untuk komunikasi,1
aq,1
JELEK BANGET. CHAT AKU TIBA-TIBA HILANG👎🏼👎🏼 PADAHAL DAH KU PULIHKAN,0
"bagus banget urusan jadi mudah, dengan cara berkomunikasi jarak jauh",1
mengapa WhatsApp foto WhatsApp tidak bisa,1
"game tolol kaga ada otak, game ko spammer",0
mengapa WhatsApp sasa selalu mental,0
Komonikasi lancar,1
good,1
tolong bantu saya mengverivikasi pilss saya mohon itu nomber satu satu nyaa jadi pliss jangan kaya shoppe bantu saya dulu. ganti whatsapp nya kaya dulu sistem nya saya keaulitan tanpa ini,1
status orang bisa hilang sendiri pas udah dilihat,1
bagus,1
"WOYYY WHATSAPP, BENERIN TUHH APLIKASI MU.MASA MAU DAFTARKAN NOMOR SELALU ""LOGIN TIDAK TERSEDIA UNTUK SAAT INI""MAU SAMPAI KAPAN ❓❓❓❓❓",0
WA saya terganggu tidak bisa di buka,1
sengaja gua kasih bintan 5 biar di notice kebanyakan bug sekarang,1
maacii yah wa berkat muu aku bisa berkomunikasi,1
bagus,1
paling males akunya di blokir Mulu padahal udah download di aplikasi play store masih aja kena blokir padahal gua taati peraturan Wanya ni kalo ke blokir lagi gua kasih bintang 1,1
kenapa wa Sekarang eror ketika ada yg mengirim foto di grup fotonya hilang bisa di perbaiki ka soalnya di pake di pekerjaan penting,0
bang saya lan lagi maen dapet 500 ribu ko gamausuk suit maksud nya apa kaya gitu min pemaina joker jwes,0
saat vc gambarnya hilang jika sambil membuka aplikasi lain,0
16.30 SABTU 29 JUNI SAPI KAMBING,1
aplikasi ini bagus banget bisa komunikasi sama orang luar,1
ok,1
aplikasi yang sangat baik,1
bagus,1
sangat puas,1
mantaaap,1
enak untuk chat,1
knpa aku wastap sya harus di tinjau² sefala,0
sangat mebantu infonya,1
bagus,1
Wa an jing,0
baik,1
bagus,1
"makin jelek bgt WA skrng ngga kaya dulu normal""aja, mana mau upload status burik bgt tolol",0
ga jelas,0
"Whatsapp Semakin Keren Fitur-fitur nya, Semakin Byk Pengguna Aplikasinya",1
baik,1
Kontak watsap tidak bisa dibuka,1
baik,1
bagus,1
baikk,1
joass,1
kena spam mulu padahal gk ngelakuin hal mencurigakan😡😡😡😡😡😡😡😡😡😡😡😡😡😡😡😡min tolong benerin jelekkkkkk,0
bagus,1
teu baleg,0
cape sama whatsapp dikit dikit akun ke blok permanen ke blok spam males banget ke bukanya lama lagi,0
mantap,1
sangat membantu,1
baik,1
"wa sekarang kalo nomorr belumm disavee gabisa dichat tolong ubah ke wa yang dulu tolongg minn kalo ga hapus ajaa itu pengaturan itu, saya tidak melakukan apapa tiba tiba diblok dengan alasan spam, kalo pihak sebelah belum save nomor kita gabisa dihubungin ketika sudah dihubungi di blokir dengarn alasan spam",0
"kok update melulu,blm sampai 1 bulan update lg.",0
sangat berguna,1
"makin kesini makin aneh!! buat story wa dari kemarin"" ga pernah jernih!!, kirim video hd masih aja buremm",0
mantap,1
terlalu buruk,0
Bagus,1
knapa kita tidak bisa melihat orang yg melihat status kita kalau laporan di baca di non aktifkan,0
aplikasi WhatsApp ini sangat bermanfaat untuk berinteraksi dengan orang lain,1
noverian giawa,1
"Karena sering Ben ,dn sering limit",0
oke,1
good,1
gokillllll,1
kenpa gak bisa buat whasap yah,1
busa berkomunikasi dengan mudah dari jarak jauh,1
hp buat mainan anak malah wa ilang,1
"makin lama makin gajelas, tiap buat akun dengan nomer baru belum ada 24 jam pake udh di disuspend aja",0
Kenapa saya buka akun wa TDK bisa,0
Ok,1
"aplikasi aneh saya ngechat cewe ,yang bales suami nyaa",0
good job👍,1
"sya kasih bintang 3 aja , krna terlalu bnyak problem yg berlebihan setelah update ,, fitur ini di kurangin lah setiap nomor kontak masuk dan mau chatting , selalu saja ke banned , atau mnta tinjauan lah ,, apaan sih gjelas bnget ,, nomor Bru itu kepentingan pekerjaan saya ,, tolong di setting dan di perbaiki akun wa saya kena banned ini ,, ada penting soalnya tentang pekerjaan admin 🙏🙏🙏",1
good,1
baik,1
saya ingin aplikasi WhatsApp saya memiliki efek saat video call,1
KARBMAN,1
ini kenapa wa kalo buat vc ngebug gambar macet,0
ok bgt,1
Good,1
tidak bisa masuk,0
pungsi,1
KENAPA WA SAYA KELUAR² TRS YA? TOLONG SOLUSINYA DONGGG,0
ok,1
jos,1
lelet x WhatsApp nya trs itu klw untuk foto sering x d suruh memulai ulang trs untuk vc macet masak 🥲🥲 pdhl ruang nya jg msi bnyk gtu,0
tidak bisa masuk,0
ambil bonus hari Jumat MR888,1
aplikasi tidak berjalan dengan sempurna di android saya,1
"apa ini, kenapa setiap gw bikin sw Mlah jadi burik, sw teman2 gw gak burik, tapi setiap gw bikin sw malah jadi Burik, tolong dong min",1
Rohmato Cres,1
bagus dn memuaskan,1
jos,1
bagusss bgtttt,1
keren,1
najis gampang blokir,0
apk yang sangat mudah di gunakan,1
"sangat bagus sekali aplikasi ini, tetapi boleh tidak kalau yang meta AI jika kita mau edit chat,maka nanti meta AI bakal mulai ulang balas chat kita jadi seperti itu semoga dibaca🙏🙏",1
kenon mlu,0
"sering ke log out sendiri, itu kenapa nyak?",1
"Kembangkan lagi pengaturan mengganti warna tema agar lebih detail seperti aplikasi telegram. Lebih baik list chat juga bisa berubah warna. Pada android header chat sebaiknya juga dibuat blur/transparan agar lebih elegan dan modern. Bubble chat pengirim harusnya juga bisa diubah warna, bentuk bubble juga disamakan antara android dengan iphone. Dan ukuran font juga harusnya bisa disesuaikan. Sejauh ini aplikasi telegram masih lebih detail dan menadik pengaturan temanya.",1
ok,1
BAGUS TAPI NOMER WA SAYA SERING TERKENA KENON AKTIF MOHON DI PERBARUI AGAR TIDAK ADA FITUR KENON AKTIF,1
Bagusssss,1
"tambahkan fitur teks berwarna pada status,",1
wa gua ke ben terus ga maksud,0
"amat diperlukan,hanya gambar wa hilang dari layar utama..",1
lebih canggih lagi,1
Keren,1
Kerja tokon,1
Oke,1
"WhatsApp saya tidak bisa dibuka, dengan keterangan untuk sementara WhatsApp tidak ditemukan... ulangi dalam waktu 1 menit . tetapi setelah diulang tetap begitu terus .... mohon solusinya",1
gak suka banget ketinjau sendiri malahan baru juga login,0
akun saya gak bisa di gunakan Bos ku,1
memori handphone ini kecil,1
ok,1
Very Satisfiied with the service,1
wa nya kenon mulu,0
mantap,1
good,1
bagus sihh tapi sayang banget aku sakit hati Liat status dia jadi malesss ahh 🗿,1
bagus nggak bosan,1
"apa apaan disuruh premium dulu baru bisa, dulu juga ga gini kenapa sekarang di kasih kebijakan gini sih jadi males tau, gausah terlalu di tele² in deh ah jadiin kek biasa aja dong mana akun ke2 sering log out sendiri lagi padahal ga diapa apain tolong ya diperbaiki!!",0
tolol,0
WA saya ingin di update,1
HAMA YAPIT GAMPANG KENON PAS PULIH GABISA KODE MASUK HAMA HAMA REDUP AJA 🤣🤣🤣🤣,0
karna tidak bis di bukaa pdhl mau main sama kak maula 😔,0
jelek. gajelas,0
bagus,1
Wel,1
kasih 🌟,1
mantap,1
knp ya udah berapa kali akun WhatsApp saya kena blokir berkali kali pada udah beli kartu tapi tetep kena spam lagi keblokir terus jadi tolong tim dukungan WhatsApp untuk memperbaiki lagi WhatsApp nya Terimakasih 🙏,0
Ok,1
rekomendasi agar whatsapp bisa live juga seperti aplikasi lainya biar lebih seru 🙏☺️,1
BAGUS DAPAT CUAN,1
ini aplikasi pesan yg bagus .. tapi ya kalau orang gk mampu kan hp nya kecil jg yg murah.. nah kalau kita donwlod aplikasi di hp murah atau jadul.. saya pastikan .GAK AKAN BISA DONWLOD APLIKASI YANG MB NYA LEBIH DARI 100.. jadi ya saya mohon diturunin mb nya masa kita bisa whassapan dan donwlod aplikasi yg mb nya lebih dr 100..mrk cuma bisa lihat gitu.. SUNGGUH MENGECEWAKAN PIHAK WHATSAPP.. TIDAK KASIHAN DGN ORANG YG TIDAK MAMPU.. bayangkan pihak whst jadi rakyat miskin.. gmn SAKIT HATIKAN 😡😡,1
aman,1
👍,1
bug di mana mana aneh wa sekarang,0
no tau,1
good,1
aneh aneh tiba tiba ke banned mematikan usaha dan rezekinya org kita ini punya no WhatsApp buat usaha bukan buat yang aneh aneh coba banned yg WhatsApp situs ngk beres jgn org yg lagi punya pekerjaan di bidang online di banned 😡😡😡😡,0
wa sangat buruk,0
ini adalah aplikasi favorit saya,1
kodewhasa bisnis ..lupa kode ya,1
kenapa wa saya gk bisa di buka ini tolong dong dr pihak wa betulin nomer wa saya 🙏,0
akun sedang di tinjau,1
"gim busuk, vc ama pacar jadi suka bug, kalo bug harus dimatiin terus call lagi gitu aja terus sampe 28462729x, mengganggu buat ngelihat ciptaan Tuhan seimup dia😡🤬😠👺👹😤",0
baik,1
"no saya di blokir Mulu, padahal udah ganti kartu",0
plis deh fiturny jngan update update mulu,0
"kurang puas, bnyk bgt persyaratan nya",1
Gak tau,1
sangat mudah berkomunikasi,1
"kadang tiba"" centang 1, kdang chatnya ga mau terkirim",0
sering terjadi bug,1
saya ingin menggunakan gambar dalam gambar tolong di aktif kan😊🙏,1
sangat cocok,1
assalamualaikum trimakasih semoga berguna assalamualaikum,1
ok,1
bermanfaat,1
bagus,1
untuk firur saluran tidak berfaedah sama sekali,1
WhatsApp saya kena tinjau selama 24 jam tolong di selesaikan cepat,1
bagus banget,1
"saran untuk wa supaya bisa diberi tema yang menggemaskan dan lucu, terutama pada bagian bubble chatnya",1
APLIKASI INI JUGA BISA MENJADI SALAH SATUNYA YANG PALING TERBAIK YANG PALING TERBAIK YANG TELAH MENJADI SALAH SATUNYA PABRIK WhatsApp,1
Mantap,1
ini seri sekali kayak Durin tami,1
Bagus,1
ya mudah cpt d nya agar,1
Sudah download dr situs resmi tapi saat masukan nomor muncul pesan aplikasi tidak asli. lucunya......,0
"Reset mulu aja dah whatsapp ny, hapusss semua tuh riwayat chat, HAPUSSS capek bner tiap hari direset chat smpe² ga bisa ngechat di saluran sendiri setelah reset. edit: jelek, ada koneksi ga bisa kirim message di saluran. jelek ah males.",0
ok,1
mbg mas bowo ganteng buah apa yang manis buah sawo,1
hebat dan good,1
eror,1
mantab,1
"knapa gk masuk WA,ya awalnya lama gk d pake pas d pake udah masuk trus d kasih pertinjauan gk bsa masuk udah dua kali begitu..kesalahannya dri mana ya ,..maaf",1
kok WhatsApp saya TDK bisa terbuka?,1
nice,1
baru beli nomer. daftar wa baru chat 1 org udah langsung merah ga bisa banding dll. nomer fisik baru dari provider resmi langsung d blok gimana si,0
"payah, sya TDK pernah melakukan kesalahan tiba2 whatsaapp sya terblokir 🤦",0
"Whatsapp is one of the best messaging apps I have ever used. Theinterface is simple, the calls are clear, and the messages are delivered very quickly. Ialso love the status and group features because the make communication easier with family and friends.",1
coba dulu,1
bagus,1
saya memakai what'spp ini,1
"bagus,tapi tolong hapus bug wa",1
Bagusss,1
Luar biasa busuknya,0
sangat bagus,1
"menurut saya semua fiturnya sudah berguna, tapi alangkah baiknya jika ada fitur arsip status seperti di instagram agar bisa lebih mudah mengakses kenangan yang di buat, semoga di update selanjutnya ada fitur arsip status",1
best,1
belum bisa ke buka watshap nya,1
saya tidak bisa melihat status orang lain,0
mohon untuk upload story jangan di kompres,1
tlfn WhatsApp nya ngelige,1
gercep,1
mending hd in status deh daripada update yang ga penting²,1
WOIIIII WHATSPP PERBAIKI BUG VC NGFREEEZE,0
BAGUSSS,0
m embantuu,1
update terlalu besar,1
I likee,1
yuhu,1
bagus,1
WhatsApp sekarang apa apa kena blokir atau dibatasi karena terdeteksi melanggar peraturan padahal nomor saya tidak pernah melanggar dan sekarang tiba tiba nomor logout dan pas di loginkan lagi muncul nomor tidak terdeteksi anehh anehhhhhhhh!!!!,0
tidak bisa di tautkan ke perangkat lain,0
"tolong tangani saya menemukan bug status di hapus tetapi hanya untuk tulisan ""menghapus... "" sampai semalaman tetapi tulisan di status itu tidak menghilanh",0
"bagus sih tapi aku dapat bocoran katanya WhatsApp bulan September beberapa akun terblokir karna beberapa hp GK cocok lah terus gue chatan sama temen virtual,tugas sekolah gimana?! harus beli hp baru gitu?",1
Whats AAp bukan nya makin kontibel. malah bergantung dg kartu SIM.,0
"“WhatsApp is one of the best messaging apps I have ever used. The interface is simple, the calls are clear, and the messages are delivered very quickly. I also love the status and group features because they make communication easier with family and friends.”",1
"whatsapp kayak anj babi bintang 1,wa tiba tiba ke riset, i hate u whatsapp",0
indra,1
sangat baguss,1
oyyy waaa fitur sekali lihat tolong di hapus gak guna banget🫩,0
gacor,1
benci banget harus ada tinjauan akun tinjauan akun,0
bagus,1
bgus skli sngt bermanfaat,1
okk,1
Bagus,1
baguasss tapi memonya penuh,1
sangat babagussst,1
makin jelek ih ga oke apalagi vc masih miror terus jg filter nya kuranh bamyakk,1
okok,1
"ter kenon/blokir tiba"" padahal tidak ngapa""in,gimana ini wa hdehh,tolong di perbaiki",0
pake nanya,1
lumayan baik hmmmmmmm mmmm,1
baik,1
"kenapa vidcall saya selalau berhenti layar nya yg besar, ketika layar yg kecil saya besar kan, tidak muncul muka saha, melainkan malah macet pada muka yg saya vc",1
cepet cepet update filter vc disemua Infinix dong!,1
bagus banget cuy,1
bisa Nonton,1
tolong wea saya di perbaiki,1
kata gua teh mending stop bikin fitur2 aneh deh mending bikin fitur status hd aja udh pliss,0
keren banget,1
meta ai nya gaje bgt,1
sangat bagus,1
Gak ada alasan khusus pengen kasi bintang 5 aja soalnya udh bertahun2 pake WA ini,1
koh pas ngirim pesan ke sr koh malah gak bisa dikirim padahal kuota penuh,1
bagus sekali btw minta nomornya,1
ok,1
ok,1
"tolong perbaiki aplikasi WhatsApp, karena selalu Loading terus menerus, tolong perbaiki",1
bagus,1
tolong kenapa saat saya chat teman saya dan akun saya sedang di tinjau tolong perbaiki,1
cukup,1
"Demi putriku yang sakit, aku menikahi gembel yang ternyata dewan perang terkaya!",1
nomor yg di contac sudah di hapus..tp kok di wa masih ada ya..padahal sudah tidak ada di contac,1
bagus,1
sangat membantu sekali👍,1
sangat mudah untuk dimainkannya,1
was'ap saya mengalami lag membuat hp saya rusak,1
bagus aplikasi nya tapi semoga apded offline karna aku kalau kuota aku habis gak bisa W A sama keluarga yang jauh😓,1
kenapa saya tidak besa menggunakan WhatsApp,0
"hehe aplikasi SAMPAH, tiba tiba banget hilang semua chat nya.",0
mantap,1
"eh kok sekarang aneh sih? akh kan dah nge privat gitu, tapi kok masih bisa di liat sama orang yang udah aku privat anjir ⁉️⁉️⁉️",0
baik,1
kadang susah buka wa,1
jangan memakai wa lagi kerena sistem nya udah rusak dan busuk,0
mantap,1
mantap,1
"gatau , baik kan aku meta ai jadi tempat ku someone to talk 🩵",1
sangat mmbntu tripirasi buat pengguna sya dn brmnfaat sukses trs,0
selamat.beratipitas.saling.dukung.dan.saling.menjagakesenambungan.dalam.konten.yang.dianjurkan.dan.memenuhi.aturan.yang.ada.agar.tidak.melangar.yang.telah.ditetapkan.,0
keren,1
brsk apkny kdg nybelin,1
Cukup memuaskan,1
bagus,1
bermanfaat untuk smua kegiatan,1
? m. ! . .,1
sangat mudah digunakan dan membantu,1
bagusss,1
appp ini bagus untuk komunikasi bagus 👍 deh pokonya,1
mantap 👍,1
tolong buatin fitur backup stiker atau gif .agar saat ganti hp stiker dan gif ikut hilang.jangan memperbanyak fitur yang gak perlu.fitur backup stiker dan gif merupakan fitur yang penting yang harus ada,1
filem nya sangat bagus menarik dan seru,1
oke mantap sering terblokir secara permanen dikarenakan untuk kode,1
oke bagus,1
sangat bagus tapi gak ada filter di pas vidiokol nya,1
bagus,1
fahmi,1
ok,1
ko ngga bisa d buka,1
akun WhatsApp susah di ketik,1
keren,1
"baik,oke banget🙏🙏🙏🙏",1
Good,1
sangat membantu dalam berk omonikasi,1
puas,0
bagus,1
Sangat memuaskan,1
saya tidak bisa lihat saluran,1
whats AppMessenger,1
keren,1
knp slalu biilng WhatsApp tidak resmi?,0
Baguss,1
ok,1
mantap aplikasi nya,1
Suka SII tapi motif fav yah hilang😔,1
👍👍👍keren bro,1
"Bisa Berkomunikasi Dengan Orang, Dengan Lebih Mudah",1
sangat tidak fantashh bintang 5,1
sangat mudah,1
"Ada apa dengan fitur status privat,""Hanya bagikan dengan.."" sudah saya privat,tapi yang diprivat malah bisa lihat status saya,tolong dibenahi,lalu,kontak sudah saya hapus namun di wa masih ada walau sudah diperbarui.Terakhir,daftar kontak banyak yg duplikat (kontak ada 2 dengan nama dan nomor yang sama).Apa fungsi update jika masalah seperti ini saja belum ada penyelesaiannya.",1
🤟,1
"hai, boleh tau ga kenapa di WhatsApp aku tidak muncul fitur tag semua orang? aku sangat membutuhkan fitur itu. tapi kenapa tidak berfungsi? padahal sudah di update terus~",1
"aplikasi mantap jelas, terpercaya..👍",1
Apknya kagak guna,0
bagus,1
Good,1
"gak guna apk ini, gada melakukan pelanggaran malah dibilang melakukan pelanggaran. didaftar ulang malah ga bisa lagu ntah apa alasannya. anjiiiiiir",1
"kenapa ya whatsapp sekarang gampang kena kenon padahal kita gak ngapa-ngapain tiba tiba kenon plis tolong di perbaiki lgi, mohon kerjasama nya untuk pihak watshapp 🙏",0
Update lama banget unduhnya... makin berat aja,1
"padahal ga pernah melanggar ketentuan wa tapi akun ke blokir, jujur kek ga adil banget",0
enak,1
ko wa saya ditinjau Mulu,1
sangat membantu,1
dbas,1
bagus,1
wa saya sering kena pindai padahal tidak melakukan apapun yg macam macam tapi tetap bagus dan berguna,1
mantaf mantaf,1
Up iPhone for the,1
Bagus,1
berkomunikasi,1
skian trimakasih,1
Selalu ada muncul pakai wahtsapp yg resmi,0
jaga add spasi y wa tolol,0
akun saya tiba2 dibatasai,0
makasih udah ngembaliin akun nomor saya...makasih developer nya(⁠≧⁠▽⁠≦⁠),1
"akhir akhir ini apk kadang banyak bug nya,mohon segera di perbaiki yaa terimakasih",1
bagus,1
mantab lah,1
jelek.,0
pesan saya selalu di batasi jadi tidak membuat saya puas dengan aplikasinya...Saya bukan teroris saya bukan residifis saya bukan gembong narkoba saya bukan penjahat ...Saya hanya pekerja swasta yang selalu menaati aturan hukum...Jadi alasan pihak kalian apa bisa membatasi pesan saya...,0
sayaa pribadii sangatt sukaa memakai whatsapp ini tapii tolongg dongg akunn whatsapp sayaa dii kembaliin jadii resmi lagii soalnyaa kann darii awall akunn whatsapp sayaa sudahh RESMII.,1
chat wa tidak bisa di hapus sama tidak bisa di copy,1
admin tolong perbaiki kenon ya saya tidak melakukan apa apa kenon,1
apik,1
mantap,1
Good,1
mengapa akun WhatsApp saya selalu kena ban padahal pemakaian normal normal saja,0
mengapa saat login tidak tersedia terus saya sampe belibenerapa hp hasil nya sama lebih baik semua jangan pakai wa pakai saja tellegram,0
"whatsapp saat menggunakan samsung A52S One UI 6.1, lag buka chat, keyboard delay",0
baik dan cepat,1
jos jis pokoke weeewlah ya,1
ok,1
"Jujur aja ya , aku suka bangettt bangettt bangettt sama WhatsApp🫶🫶 makasiii banyaaa yyaa uda nyiptain whatsapp🫶🫶loveuu whatsapp🫶🫶🤍🤍.",1
"sangat bagus,tapi saya ingin meminta saran akun saya selalu di blokir, padahal saya memakai dgn penuh tangung jawab",1
"stiap update selalu ketinggalan, mls bgt lama updatenya",1
baik,1
"Mayan,tapi untuk kualitas status mohon ditingkatkan lagi",1
aplikasi ini sangat mempermudah untuk saya dalam sehari hari saya.. pakok nya mantappppp,1
good,1
"tolonglah pihak WhatsApp untuk resolusi video di status WhatsApp tolonggg bngt dinaikkan lagi resolusiny, karena resolusi yang jelek membuat sebagian banyaknorang malas mengupload story, dasar wa ajgggg",0
bagus bisa chat chat an,1
bagus,1
Opsional,1
"boleh lah ,boleh lah",1
sering kena spam,0
"aplikasi ga jelas sengaja pura"" salah kirim terus tiba"" ngobrol malah di blokir",0
semakin bagus,1
karna wa saya yang ke kenon ke buka,1
cukup bagus Alhamdulillah,1
sangat bagus untuk Anda yang ingin berkenalan dengan seseorang,1
bermanfaat,1
good service,1
saya suka sekali dengan whatsApp ini sampai sampai kontak saya 500 lebih,1
Kenapa taq all buat di grup ilang lagi ?,1
akun whatsap sy di batasi tolong di aktifkan,1
"aplikasi whatsapp makin taun makin update makin bagus makin baik fitur cukup bagus. cuman sya di sinih saya ingin mengeluhkan. tentang fitur.status di sini ada satu fitur orang orang hanya bisa menanggapi love? hanya bisa menyukai sedangkan postingannya status orang orang beda beda masa kitah harus mnyukai?trs orangyang sedang berduka atas bersedih logikanya tambahin lah,fitur emot bru ke, di Facebook seperti status cerita Facebook lengkap. inih apa lah masa orang 🥹😡 di kasih emot❤ gak ngotak+",0
sangat bagus bngt dan aku suka,1
bagus,1
kenapa sekarang Whatsaap difoto profil ngga bisa diunduh atau disecreenshot?! maka dengan itu saya kasih bintang 3 dulu sentara..,1
nazmi,1
mantap,1
Bagus sekali,1
bagus,1
bagusss,1
Jelek akun whatsaap nya gk kebaca apk kurang resmi jadi saya gak bisa pake whatsaap,1
bagus,1
love you WhatsApp karena memudahkan komunikasi antara kita dan orang lain,1
jangan blokir WA saya lagi,1
baguss,1
mantap,1
aku sayang wattsap,1
aplikasi nya sangat seru dan sangat nyaman,1
oke,1
WhatsApp sekarang aneh gangapa ngapain diblokir aoaraggh,1
dari dulu selalu ada masalah klo mau kirim video atau poto,0
knp WA (WhatsApp) saya suka daftar ulang padahal saya sudah daftar ulang berkali kali,1
kenapa ya WhatsApp saya d batasi jadi menyusahkan,1
"lumayan bagus euy,",1
bagusn't,1
Sangat bagus,0
bagus,1
mantap,1
bagus,1
ini cocok banget sih jika buat berkomunikasi udah gitu ada AI nya lagi😀,1
bagus,1
setelah update utk pencarian berkas lama setelah ketemu malah gak bisa diklik atau gak bsa dilihat,1
"padahal pa di download cuma 67 mb tapi kok makin lama sampe 3,1 gb loh saya gak suka padahal wastap saya jarang di pake",1
Aktipkan whatsap saya,1
dhebesz,1
bagus dan bisa di perkembangkan lagi Oke dari saya dadah,1
Bagus,1
ok selalu,1
banyak jomok,1
bagus,1
sangat berguna,1
seru banget main wa soalnya bisa chtan sama cewe cowo,1
"fitur dibatasi babi, nyusahin kurir aja",0
mantap,1
bisa buat ngirim pesan bisa buat telponan bisa buat ngabarin ortu bisa buat vcan bisa buat main bisa buat masak bisa buat bikin kue bisa buat nyervis motor bisa buat nyervis audio bisa buat nyervis mobil bisa buat mabar,1
kenapa sih gue mau kirim foto sekali lihat tapi ngga ada angka bukaet satu gimana sihhh mau update tapi ngga bisa,0
Alhamdulillah,1
sangat bermanfaat,1
ok,1
mohon maaf kenapa ya meta ai nya gak bisa bales?,1
ok,1
pokok y bagus,1
knpa wa saya tiba' tidak bisa login lagi bosku BLH mnta bantuannya bosku,1
jadi kan aku udah dowload tpi knp gak bisa buka video atou foto???,1
"tolong banget untuk pihak WhatsApp agar memperbaiki sistem nya sih ah elah masak gak ngapa ngapain tiba tiba keluar dari apk terus pas mau masuk lagi malah ada tulisan ""AKUN BELUM TERVERIFIKASI"", yang bener aje lu WhatsApp ah belum terverifikasi gimana orang gua udah make WhatsApp 3 tahunan malah tiba tiba akun belum terverifikasi, WhatsApp ni update terus tapi makin aneh, lama lama jelek malahan.",0
bagus,1
Rooy,1
"hloo WhatsApp, mohon maaf kenapa sekarang nomer saya sering kena spam kagak jelas , udah abisz 20 nomer tetep semuanya kena spam mohon penjelasannya WhatsApp, WhatsApp sekarang emang beda ya 🙂‍↕️,",0
bio kenapa fiturnya gitu sihh??? harus pake jam dan bulan?? gasuka mending kek lama aja,1
sangat bagus,1
"kenapa berbagi status hanya dapat diliat oleh sesama menyimpan nomor ,harys bisa di liat oleh kontak yang kita simpan, nggak masuk, lemah",1
tolong beri saya kenapa wa gak dapat di verifikasi kan,1
berikan saya sllu masuk di whatsapp sy,1
Tingkatkan terus aplikasinya agar pengguna tetap nyaman untuk memilih whatsApp sebagai sarana komunikasi,1
setiap bales Chet selalu kena band,0
perfect,1
"pliss WhatsApp HD in pas mau bikin status, foto/vid biar ga burem😌",1
bagus,1
Bagus,1
baik,1
bagus,1
gak bisa gapain²,0
pas saya buat sw dan ada yang saya privasi ko bisa dia masih bisa lihat tolong dong aplikasinya di perbaiki lagi,0
"tolong di perbaiki kembali dengan fitur efek di whatsapp, karena saat saya sedang menggunakan efek itu pas saya mau buka kamera pasti selalu eror atau bacaan muat ulang, saya sudah ber ulang² kali mencoba tetap tidak bisa, tolong ya semoga secepatnya di perbaiki",0
👍👍👍👍👍👍👍👍👍👍👍👍👍👍,1
"ada hal yang menggangu dari WA kadang waktu saya buka WA tiba-tiba disuruh pulihkan chat padahal saya tidak melakukan apapun, waktu saya pulihkan, bukan nya pulih tapi malah semua chat saya dan dokumen penting menghilang. tolong bagaimana cara mengatasi ini. ini sangat mengganggu",0
terlalu sensi sekarang dikit dikit di batasi,1
sangat bagus,1
Notifikasi telpon lambat berdering,1
jos,1
🥰🥰🥰,1
Baik,1
saya dapat berkomunikasi dengan baik ke semua orang,1
sangat bagus,1
2222²²²2,0
oklah,1
Bagus,1
Baddd,1
wea,1
"wa saya tiap ngechet uong terkenon terus kenapa ya kira"" wa saya ini?🙏",0
"kenapa akun saya terblockir permanen secara tiba"" padahal saya chat teman kerjaan saya yang memang tidak saya save dikontak telepon saya, tolong kembalikan akun nomor telepon saya karena nomor penting saya",0
ok ok ok...,1
in the best,1
"update sampah, buka status WA diri sendiri bisa lanjut lihat status WA orang otomatis adalah sangat merusak image bagi yang tidak ingin penasaran dengan urusan orang lain.. tombol back juga bisa jadi triger untuk next..",0
Apk nya bagus cuma untuk sekarang error tolong cepat di perbaiki karena bapak saya tidak ada kabar nya gara gara WA error,1
sangat baik dan mantap,1
bagus,1
seru dan makin ajib,1
"aplikasi ini sangat bermanfaat,, hanya saja kenapa bisa nomor tak dikenal bisa mengirim pesan Ke WA itu saja keluhan",1
kenapa gak bisa daftar ulang!,0
dikit dikit ditinjau dikit dikit ditinjau. kenapa wa saya diblokir terus?,0
whastapp smph gaguana kirim pesan blokir Mulu udah ganti nomor berapa kali sampah whastapp,0
oke,1
"saya kecewa karna akun WhatsApp saya yg pertama yg setelah saya pake bertahun""diblokir oleh pihak WhatsApp padahal saya tidak melakukan pelanggaran",0
sangat bagus,1
bagus...makasih,1
cukup baiik,1
"tiba2 logout dan bug, nggk bisa buka wa",0
sangat bermanfaat,1
sangat Baik sekali,1
ok,1
makin keren...,1
baik,1
bermanfaat dalam komunikasi,1
whatsApp sdh mencakup semuanya dalam berkomunikasi,1
lancar dan sangat baik.......,1
Senang,1
baik,1
WhatsApp plus,1
instal watsapp,1
mantap,1
"tidak bisa dibuka. malah di bilang bukan whatapp resmi, bantu perbaiki bug nya",1
baik,1
"mau bikin tentang di whatsapp kenapa sekarang ada durasinya, tolong dong dikasi pilihan mau permanen atau kustom",1
fitur tetap arsipkan pesan saat ada pesan baru saya matikan. tapi tetep aja ada pesan baru pesannya tetap diarsip. aneh,1
mantap,1
om bail,1
baik,1
Baik,1
baik,1
Pokok'a Mantap dah....👍👍👍😎😎😎,1
Di gw masih belum ada meta ai kocak,1
Mantaap,1
sangat membantu,1
"kenapa nomer kontak gk kyk dlu?? gk bisa dihapus, pdhl banyak nomer2 wa yg dah gk aktif",0
"nomor handphone saya di blokir oleh whatsapp tanpa tahu alasannya,, mohon penjelasannya dan mohon untuk di buka blokiran nya",1
Bagus,1
bagus,1
sdh di update berapa kali tetap sama aja nggak ada perubahan,0
👍,1
good,1
apk yang sangat bagus,1
"gimana nih!? aku gabisa kirim stiker yang aku punya!, benerin gamau tau😭",0
banyak bug nyaa gabisa nyematin no gabisa pakein kontak orang notifikasi khusus banyak lahh pokoknyaa,1
sangat bagus,1
best,1
bagusss,1
mantap,1
Kenapa wa yg di-update udah 100% tp kembali ke 9% LG? Tolong dong solusinya karena penyimpanan udah dibersihkan ttp gtu terus,1
ok,1
semakin hari semakin lama aplikasi WhatsApp sangat buruk WhatsApp cepat terblokir . malas menggunakan. WhatsApp lagi!,0
bagus,1
"gimana sih caranya saat vc dan keluar dari vc video tidak terjeda, soalnya kalau sedang vc pas mau keluar videonya terjedah,gimana kalau di hp itel yah??",1
Assalamualaikum. yg Saya Hormati bapak dan ibuk. ya saya mau membuka kan hatiAtau fikiran saya sebelumnya saya minta maaf. sebetulnya saya sangat sulit untuk mengatakan. tapi saya mendengar isu-isu nya. tapi sajuga ingin tau yg sebenarnya. masalah nya 1 aja. masalah jodoh. kenapa ya orang sangat perhatian bangat sampe mau jadi pendamping saya. bukan saya tak mau. saya malah lebih sayang dan saya sangat menghargai bapak yg saya hormati.yg menyukai saya muda semua. dari pada nanti di Remehkan..,1
ini knpa wa akun Anda sedang di tinjauan wa ajing ap ini oantek sistem operasi wahsapp ny kontolll ajing,0
sangat2 baik,1
Kenapa no wa saya tidak bisa di gunakan Bahkan terus di suruh unduh aplikasi wa resmi Apa maksud dari semua uni Padahal sudah pake yg resmi,0
hd kan status dulu baru ku kasih bintang 5,0
Keren,1
"nomor saya tiba tiba di blokir WhatsApp. saya rugi besar, tidak bisa komunikasi sama orang",0
oke gais,1
Saya suka sama aplikasi ini,0
"update sllu slma, buknny ad prubhn mlh msuk wa ny lama",0
bagus sekali,1
Whatsapp Ini sangat membantu kalau bisa di tambah fitur yg lain.,1
sangat membantu,1
Logout tiba-tiba dan tidak bisa dibuka ?? Ada apa ? tolong lah di perbaiki,0
sangat membantu,1
mantaaab,1
CV NURMA RENTAL MOBIL,1
ngelek,1
tidak bisa menelpon,1
Baguss,1
"bug pulihkan chat, sialan chat hilang",0
bagus,1
"Knpa shi WhatsApp sekarang harus kena spam kadang jadi,kadang gak jadi,harus tinjau itu pun tunggu beberapa jam baru bisa juga,di buka",0
bagus dan aku jg bisa dapet temen dari jkrta karena aku masuk grup orang 🚶👤,1
mantap denis Al Adli,1
"gak enak saat buat story, ukuran file di kompres otomatis, membuat video patah""",0
semakin bermanfaat WA... jos gandos ...!!!,1
upgred lagi,1
habis di perbarui kok banyak bug gini sih,1
nice,1
kenapa Iki status WhatsApp setelah saya hapus bukan nya menghapus malah masih ada? tolong di perbaiki,0
Sudah semakin bagus,1
aplikasi kok sampai kena hack,0
setatus di WhatsApp knapa jadi burem,0
bagus,1
👍🏻🙏🏻,1
akun saya setiap hari ditinjau .. padahal tidak pernah melakukan aneh aneh,0
kenapa wa saya gak bisa uplod video dan foto. melihat story video foto kontak juga. pengunduhan selalu gagal. ktika sy up foto atau video tulisan wrnah merah *tidak ada di file anda*,1
Halo whatsapp ini membantu saya untuk kabarin orang,1
ok,1
gk bagus karena ada spam terus,0
aplikasi apaan dh udh make wa resmi tetap ga bisa di benerin dikit ni aplikasi,0
👍👍👍👍👍,1
ajiib,1
keren estetik yuhu,1
wa sekarang jelek banget mau masuk lagi wa baru suruh tunggu perivikasi lewat sms malah gk ada sms nya ampe skarang udh 2 hari begini terus tolong dong yg punya aplikasi wa d perbaiki jangan bikin kecewa kita sebagai pengguna jangan di persulit begini dong,0
baik,1
oke,1
keren👍👍👍,1
whatsapp ku tiba2 ke hpus pdahal ggk aku apa2 in lohh,1
mantul,1
ahay,0
top,1
bagus banget,1
bagus,0
"kenapa WA saya malah ada tulisan ""account in review"" ini!? terus disuruh nunggu 24 jam pula. setelah 24 jam besoknya saya cek malah ""nomor tidak terverifikasi"", apa maksudnya ini!? padahal nomor dah terverifikasi di HP & email, kenapa masuk WA gak bisa. saya download berbagai aplikasi termasuk WA dari play store lho ya bukan dari website lain.",0
good,1
TQ akan dicoba,1
baik,1
ka bisa bantu apdate ka soalnya kalo di apdate harus hapus bnyk aplikasi saya yg lain biasanya kalo apdate itu kan versi terbaru kalo bisa otomatis ajh ga rusak data jg nantinya jg ga buang apa yg sudah ada kerjaaanya jg bikin wa JD aman di gunakan ajah,1
bagus kok ngak ada masalah,1
bagus sekali jadi bisa buat telfonan atau mengabarkan sesuatu dari jarak jauhan,1
Terbaik,1
Baik,1
"selamat malam. dan Trimakasih kpd WhattsApp,uddah bbisa bicara disini,,dan semoga lebih baik dan Lancar aaggar peminat ga membosankan,dan Semangat",1
sangat puas,1
terdeteksi what palsu gmn ya,1
sangat membantu dalam segala hal😍😍,1
baik,1
lumayan,1
sangat mantap dan sangat mebantu,1
bagus banget,1
sangat baik,1
Oke,1
Asik,1
"nomor hp lama saya tiba tiba kena blokir permanen sama WhatsApp , beli nomor baru setiap satu pesan langsung dibatesi selama 6jam , tolong perbaiki",0
mantap,1
lmyayan,1
baik,1
nice,1
"Entah mengapa saya tiba-tiba logout dari WhatsApp, padahal saya tidak pernah logout. Satu akun saya lainnya pun logout secara otomatis. WhatsApp seharusnya profesional dan harus berbenah dan jangan sampai merugikan banyak orang.",0
gacor,1
bisa berkomunikasi dengan orang yang kenal,1
Banyak gangguan trus,0
selalu di berkahi.,1
"WhatsApp kebiasaan eror saya ga ngapa ngapain yiba tiba kenon , sekarang malah gabisa di pencet gabisa di sentuh apapun WhatsApp nya , saya mau verifikasi kan nomer juga gabisa bisa daritad gara gara WhatsApp nya gabisa dipenceti",0
sangat 👍,1
tolong aktif kan whatsapp saya yang di blokir.,1
baguss wastaap ini,1
nomor baru akun baru tapi malah di batasi terus!!,0
apk ini sangat sangat berguna,1
"akun wassapp saya sering diblokir, padahal saya tak pernah melakukan apa saja yg bertentangan di wassapp..",0
"Bagus aja sihh,tapi kalau bikin sw suka burem tiba"" perbaiki dong virurnya",1
"bagus banget,tapi kenapa wa lama ku gabisa di daftarkan ulang di WhatsApp di hp aku ada tulisan perlu WhatsApp resmi,padahal jika di hp ibu ku bisa,dan aku ganti nomor baru,langsung bisa terima kasih, mohon di baca apakah itu kesalahan??.",1
best,1
baguss,1
mantap,1
mengapa akun dan perangkat saya gangguan,1
Mudah di gunaka,1
"tolong ini wa yg bener aja kalau upgrade makin aneh"" aja",0
bagus sih tapi akhir² ini akun ku kena blokir tapi g permanen kenapa ya? tolong selsaikan tinjauannya dan sudah bicabiarkan akun ku aman saja🙏,1
"tolong diperbaiki jadi sulit masuk nya dari verifikasi dua langkah..kalo mau ganti no baru,,",0
aku tadi kehapus aplikasi whatsapp nya tapi udah di download lagi,1
Bagus untuk komunikasi terimakasih,1
keren abis ni aplikasi,1
Okkkk,1
bismillah,1
udah oke oke aja cuma kadang eror gk bisa kirim pesan padahal udh oke oke aja jaringan nya,1
Memuaskan,1
aplikasi apa ini ga jelass bangettt gw chat cewe gw ga di bales baless,0
jelek wa sekarang main asal banned orang gak bersalah jelek bintang 1 orang-orang nya ngeselin cewek slalu slow respon bintang 1 saluran gw kagak naik-naik jelek banget bau,0
"akun gw sering di ban,padahal gak ngapa-ngapain jir,buat developer mohon bantuannya dong,ada banyak kenangan,chat dll ntar kalo hilang semua gimana tuh,kan sayang banget kalo hilang",0
baik,1
pelayanan sangat bagus,1
kenapa Poto suka pada ilang aplikasi apaan ini kalau call juga suka mati sendiri padahal Uda lama lama call tapi gaada hasil history nya apl apaan ini,0
udah hampir 25kali uninstall trus download tetep ada tulisan apk tidak resmi padahal dari awal aman aman aja. Tolong ya di benerin yang bener bego,0
WhatsApp sangat membantu WhatsApp sangat membantu,1
mudah digunakan,1
"STIKER GWEH ILANG SEMUAA ANJJ PDHL UDH GW SIMPEN TAPI TTP ILANG LAGII 💔 trss jg knp si klo lg call sllu tb' mati sndiri pdhl sinyal aman aja, truss KENAPA GADA RIWAYAT PANGGILANNYA PDHL ABIS CALL BERJAM JAM 💔",0
mantap,1
"minus, status kurang hd, tolong di perbaiki, di ubah ketika membuat status menjadi hd.",1
Ok,1
bagus,1
terima kasih,1
Memaksa untuk update baru bisa digunakan.,0
nomor sering kenon padahal nggak ngespam wa baru di buka udh kenon aja ampe 3×,0
senang,1
mantap,1
kok chat dari saya GK pernah di bales sama cwek sih apa karna bug ? tolong di perbaiki lagi,1
mana kaga ada yg ngecat ja,1
apk wa saya tidak bisa kebuka padahal udh di uninstal trus di instal kembali tetap tidak bisa kebuka,0
👍,1
is ok lah,1
bagus,1
lupa sandi,1
apk apa cba belum apa apa tiba tiba ke ban gajelas pdhal gak ngapa ngapain,0
tolong perbaiki whatsaap saya bermasalah,1
"makin hari makin gajelas ini WhatsApp nya, tolong diperbaiki lagi masak dikit' kenon. chat grup kenon tolong ini sudah mantap tapi tolong diperbaiki masalah kenon nya WhatsApp",1
"kembalikan fitur ""tentang tanpa durasi"" kayak dulu",0
knpa whatsapp nggk bise di install,0
wa mengalami ganguan.riwacat chat.tidak bisa mengembaliakan cadangan.payah,0
WA baperan anjir lah gua beli kartu terus coo salah apa gua,0
"aplikasi jembot nge bug memuat terus terusan, gak ada tombol log out bikin ribet, mau hapus data malah masuk aplikasinya, gak kaya dulu",0
loginnya sulitttt bangettt,0
nice,1
bagus meta ku aeh,1
josjisss,1
enggak bisa menggunakan efek kamera,1
mantap,1
kenapa suka lag😭 kirim info di saluran suka gak kekirim karna lag,1
oke,1
bagus,1
sya kasi bintang 4dlu nntinklo whatsappsuadah ada anti sadap gimanapun caranya sya kasi bintang 5,1
terbayang,1
kenapa Aplikasinya tidak ada di layar ponsel kok masih di dalam PlayStore? 🤔,1
bisa berkomunikasi sama mamah sama ayah sama temen sama sepupu sama BESTie 💋,1
"fitur rekomendasi saluran tidak bermanfaat sama sekali, hilangkan saja, cuma bikin penuh pandangan saja, sudah cukup beri fitur jalajah saluran jika ingin mengikuti saluran,. tidak semua orang butuh saluran atau rekomendasi saluran yang anda sajikan.",0
"sala satu apk yang bikin sakit hati, ngecet panjang lebar cuman di bales pakek, setiker HE HE",1
selesai,1
mudah mudah aman akun saya,0
sangat bagus wasap ini mudah dan gampang untuk membuat wasap nya,1
baik,1
WA sangat membantu mendapat informasi,1
sangat membantu,1
Mantap Lah.. Cuman status wa nya selalu burem Tolong perbaikan nya,1
karena aku ga bisa teg semua orang yg ada di grup ku,0
sangat senang ada whassaf kita bisa berkomunikasi dengan siapa saja sangat menyenangkan tapi ada satu hal yg tak aku mengerti mgapa setiap kali login dari FB dan minta kode dari whassaf aku tak pernah berhasil padahal nom ponsel dan semua sudah tersimpan .ya hnya itu saja terimaksh.,1
sy menyukai aplukasi ini,1
whasap rusak,1
bagus dan mantap 🤙🤙🤙🤙🤙 lebih perbaiki warna tema lebih menarik dan unggah vidio lebih besar kapasitasnya 🫸🫷🤙🤙🤙,1
ok google,1
"Semenjak update kemarin kualitas story wa khususnya video malah jadi hancur , udah diatur ke option HD masih aja pas upload di Story WhatsApp malah ancur di kompres sama aplikasi padahal file aslinya HD , perasaan dulu ga kek gini kenapa pas di update malah makin ancur ni aplikasi",0
"memudahkan komunikasi, banyak perbaharuan yang baru.",1
Bagus,1
"bisa keluar sendiri,mau login LG gak bisa.",0
bagus,1
bagus sekali,0
Bagus. aman. Baru satu hari minta di UPDATE lagi,1
p p apa,1
kerennn semangat trussss sukses y....,1
okbagus,1
bagus 👍👍👍,1
"kalo bikin story wa slalu burik tolong lah deflopernya di perbaikin itu klo bikin sw tetep HD sesuai dengan yg di galeri selain itu bagus kok,",1
tolong aktifkan kembali wa Bisnis saya di karenakan saya tidak pernah melanggar ketentuan dari pihak wa,1
nice,1
terimakasih WhatsApp,1
Bagus,1
wow aplikasi ini sangat membantu sekali saya suka dengar aplikasi ini,1
𝐆𝐚 𝐚𝐝𝐚 𝐚𝐩𝐚² 𝐦𝐚𝐥𝐚𝐡 𝐤𝐞𝐧𝐚 𝐩𝐚𝐝𝐚𝐡𝐚𝐥 𝐰𝐚 𝐢𝐭𝐮 𝐩𝐞𝐧𝐭𝐢𝐧𝐠,1
wea,1
josd,1
ok,1
Mudah untuk mengobrol dll,1
bantu Tim WhatsApp untuk memulihkan akun WhatsApp saya agar tidak trus di tinjau lagi,1
Mantap,1
kenapa wa ini ndk bisa verifikasi nomor telepon,1
nice,1
bagus,1
masuk no baru susa,1
"bang kurangin lagi ukuran mb ne dong,jangan gede gede ukuran mb ne bang",1
Untuk apk nya bagus sih dan gak tau deh mau ngomong apa lagi karena aku bukan tipe orang yg pinter muji,1
ok baik,1
Bagus,1
terlalu sering update dan menghabiskan ruang penyimpanan hp,0
"tolong perbaiki lagi, saat video call cmn layar orang lain yang bsa di zoom sedangkan muka sendiri malah ga bisa di zoom..",1
tolong di perbaiki,1
mantap,1
ok,1
bagus,1
ok,1
"aplikasi sangat berguna, setiap pengguna memiliki bug yang berbeda beda mulai dari kualitas vidio call, panggilan telepon, dan untuk di perangkat saya sering tidak muncul waktu terakhir dilihat dan di hpku sering bug dimana terakhir dilihat sering tidak muncul",1
tambahkan fitur anti sadap,1
bagus,0
"perasaan kmren udah update deh , kok minta update lagi ? trus skrng kadang pesan udah terkirim tapi di hape sendiri gak ada pesan kok bisa gini si wa jelasin donk maksudnya yang lain pesan dari grup yang sama hape saya masuk di sya gak ada pesan ya , ??",1
sangat membantu,1
ok,1
"MANTEP BANGWT NIH APK TAPI TOLONG ADAIN FITUR PESAN SEKALI LIAT PLS DAN ADAIN SPOILER PESAN MCM DI TELE DAN JANGAN BISA DI SS ntar kalo udah apdet sesuai req gw, gw genapin 5 bintang dah",1
vcnya jangan miror pliss gasimetris mukaku😭😭,1
bagus,0
"saya sangat membutuhkan aplikasi ini, untuk berhubumgan satu sama lain nya",1
bagus,1
ya adalah,1
cepat,1
bagus dan bermanfaat,1
jangan ragu tetap pakai BRImo..semua masalah selesai seketika..jgn download yg lain BRImo lebih baik,1
agus-silvy,1
Ini sangat luar biasa,1
kenapa aku bergabung ke grup sman 1 balige gak bisa,0
yoMan,1
baik,1
saya menyukai orang-orang,1
Aplikasi nya sangat mantab,1
bagus banget,1
👎,0
kenapa setiap ada no baru selalu kena tinjauan,0
Bagus dan sangat membantu,1
"wa skrg gjls, suka pending lama ngirim stiker sebiji doang. apalgi buat ngirim foto sm vid",0
sering di spam,0
harus lancar dan lebih baik saat berintraksi,1
setelah update di versi sebelumnya kenapa sering error waktu videocall. Jadi freeze videonya dan harus matiin dulu video callnya,1
bagus,1
mudah buat ngabarin ayang,1
Wa semakin ga jelas. Nge bug harus verfikasi akun tidak resmi pdhal sudah lama pake hp masih heran semakin jelek,0
"wa bagus tapi suka nge bug, gamood...., pas chattan sama temen lancar aja tapi di saluran wa ku gabisa kekirim pesannya padahal pengikut nya dah Mayan...",1
liburan,1
Sangat bagus mudah di gunakan,1
bagus,1
puas,1
"tolong buat pihak terkait, setiap masuk ke whatsapp tu keluar lagi padahal tidak ada nekan apa"" tapi asal di login dah masuk beranda malah keluar sendiri, tolong di perbaiki la.",1
kenapa whatsapp sekarang kalo vc suka macet videonya pun jadi foto doblle tolong lah di benerin,0
gak bisa kasih nama ke kawan,1
mantap,1
terimah kasih,0
bagus,1
eror,0
"mantap, pokoknya WhatsApp yang terbaik deh,👍🏻🤟🏻👌🏻🤙🏻🤩",1
memudahkan saya berkomunikasi👍,1
"waw, setelah di update jdi bisa terkirim pesan saya di saluran😍😍😍 terima kasih, sesuai janji ratingnya saya ganti. tapi saya tidak kasih 5 sempurna krn di dunia ini yg sempurna hanya tuhan.",1
lama lama parah juga... parah parah mantap ga ada solusi blokir terbuka lagi blokir terbuka lagi blokir terbuka lagi.. terus aj bgitu sampai kiamat.. kacao,0
👍👍,1
kmera sering macet,1
yang saya belum ada fitur efek pas vc,1
banyak bug,0
sempurna,0
blokir,0
aneh masa no nya kena spam Mulu terus di blokir wa,0
ga guna,0
"grafik story whatsapp nya burem + blur, chat meta sering stuck disitu aja ga berubah",1
ok,1
bagus,0
saat call nyah bug,0
"keberatan sama fitur baru, kenapa meta sekarang makin neken penggunanya nya, kenapa sekarang meta munculin fitur langganan ke WhatsApp, makin gak mood make WhatsApp sekarang",0
sangat membantu,1
Baik sekali,1
Bagus,1
gpp bosen aj,1
gaol lah,1
WhatsApp di blokir ko,1
Sangat baik,1
sekarang WhatsApp aneh muda ke blokir padahal aku enggak ada ngelanggar ketentuan WhatsApp mohon di tinjau kembali ya,1
bagus,1
"banyak bug, sering kena tinjauan baru di pakai 5 menit udah kena tinjauan lagi, baru 3 hari ganti nomor udah kena tinjauan 2x, ini juga lagi kena",0
"Belom bisa kasih bintang 5 karna ada satu kendala,ngebug,padahal kontak minimal 3 yang di pin tapi yang satu kontak gabisa di sematkan, tapi aslinya itu udah disematkan tapi tidak muncul logo pinnya.",1
"bagus sih aplikasinya, ya walaupun terkadang banyak cewe yg gk bales chat saya",1
mantap,1
"wa banyak bug nya sekarang parah, bikin sttus gada jamnya, nama kontak acak2an gk sinkron Parah2 pokonya pas update",0
uahaiasbbs,1
"saya mendapatkan perlakuan oleh orang² yang membuat saya jadi terganggu, baru ganti kartu,,akun saya secara tiba² di tinjau dan di batasi, itu yg membuat saya kecewa dan tidak nyaman",0
sangat membantu sekali,1
TOLONG APUS FITUR SEKALI LIHAT DONG GUE MAUU KOLEKSI FOTO PAP ISMII,1
apcb di kenon terus wa gw dituduh pake apk tidak resmi aneh ini WhatsApp,0
sangat mudah untuk digunakan dalam proses hubungan,1
"bagus sih cuman ko tiba tiba akun aku kena tinjau? pas mau aku daftar kembali tetep gabisa, bagaimana ini?",1
ga bisa di daftar,0
"terakhir update WA kemarin, malah bug parah pas vc, dari layar kecil ke layar besar, malah ngeleg parah, pas vc di ubah mode telepon malah bug, mohon perbaiki lagi vitur nya",1
maju,1
bagus,1
sayah mau hpbuatngonten yang jelas inih. HP jelek. trimakasih,1
bagus,1
ini ngapa ya ko ga bisa ngirim audio si,1
sangat puas,1
bagus,1
sangat baik,1
"WhatsApp setelah perubahan tahun 2026 sangat jauh berbeda sekali kenapa setelah selesai update 2 hari 3 hari di cek sudah harus update lagi kenapa bisa seperti itu gak konsisten, sekali berbeda banget saat masih 2024 2025 masih lama update setidaknya setengah bulanan perbaiki lagi lah, ini juga perhitungan data buat update, yg seharusnya bisa buat kepentingan ini, malah fokus harus update lagi padahal baru aja malam di update pas mau update apk, lain whatsapp sudah minta update juga lagi 😢😭?",1
kerjaan nya update terus ni aplikasi,0
Ok,1
baguss,1
Abeng,0
okee,1
mantap,1
untuk versi yg lawas,1
bagus,1
ko WhatsApp aku tidak bisa kaya semula saya sudah coba berkali2 masih enggak bisa tolong benarkan WhatsApp saya saya enggak pakai WhatsApp sampai 4hari enggak buka WhatsApp,0
wa saya sering kenon,0
"ap banget Lo gue udah ngepap ke cowo gue malah gaada ga kekirim, apa coba apknya ga bener ini ah, ngambek cwo gue kan",0
sangat bagus,1
👍🏻👍🏻👍🏻bagus,1
Baik,1
ngga bisa login malah suruh download situs resmi,1
jelek,0
top markotop,1
Mantapz,1
baru instal lg ngapa tiap buka tulisannya memuat mulu sih,0
bagus,1
sangat memuaskan,1
oke,1
👍,1
Okkk,1
"Akunku dumadakan diblokir, sanajan aku lagi ngobrol kaya wong biasa. Mung siji tembung sing metu saka cangkemku lan mlebu WhatsApp: ""Kenapa?"" lan aku langsung kaget karo pesen kasebut. yaitu ""akun sedang ditinjau"" TEM...",1
"PLEASE WHATSAPP BIKIN POP UP KOMENTAR KAYAA IG, PLEASEEEE 🙏🏼🙏🏼🙏🏼☘️",1
Mantap,1
Tolong buka akun saya kok gak bisa kembali ke wa sayalagi login susah,1
tutor balikin cht yang su di hpus bangg😭😭,1
"ada apa dengan WhatsApp sekarang,knp akhir akhir ini akun saya sering kena tinjau",0
Mengapa saya tidak bisa mendaftar saya sudah beli kartu SIM screenshot sana sini minta bantuan tetap saja tidak bisa,0
"sekarang dipakai telfonan suaranya gak jelas dan putus putus,padahal jaringan bagus",0
masok,1
Ini mempermudah informasi dan pesan yang sangat privasi,1
ok,1
bagus aja,1
anjay,0
tolong pulihkan whatsApp gwa,1
suka kembali sendiri,0
Mohon bantuan ya,1
mending gak usah membuat aplikasi WhatsApp. barusan bisa di tinjau berselang berapa menit kena spam lagi. terima kasih,0
Apik,1
"gimana sih sering banget tiba-tiba log out, mana chat ku ilang semua lagi.. kalo log in ke hp lain juga ga bisa hadeh",0
bagus sekali,1
kenapa WhatsApp ku kena spam teruss jirrrr,0
Mantap,0
membantu untuk komunikasi vidio,1
HEH SEBENERNYA KNP SIH NI WA ANJG MAU NLPN PADAHAL KAGAK DITOLAK JADI KYK DITOLAK NI WA MKIN KGAK JLS ANJGG,0
WhatsApp saya tidak muncul dilayar utama☹️,1
jelas bintang 5 lah! siapa sih yang ga pake WhatsApp? ini sih aplikasi internasional ya (my opini :3),1
punya saya kok gak ada efeknya,1
"min, buat emoji Dubai chewi Cookie",1
washapp seru bisa ngecet vc dan lain lain walau gag ngerti apa apa aku kasi teringat lima deh,1
sangat buruk lama sekali tidak membantu sama sekali gak pantas dapat bintang. lima gak patut dapat bintang. sudah 2 jam saya download blm juga selsai sangat tidak bagus sama sekali sangat burukkkkkkk,0
mantap,1
mantab seru bisa main pake ai,1
smakin kondisip aja yaa,1
"Sangat bermanfaat dan mudah sekali untuk cara pakai untuk disetiap umur, dan memberikan kemudahan yang sangat baik untuk berkomunikasi tidak ada kecacatan sama sekali untuk apk ini . Terimakasih untuk whatsapp",1
sinyal kurang jelas,0
"tolong ini what'sapp lama-kelamaan makin aneh dan banyak bug, saya tidak bisa login whatsapp dikarenakan katanya, aplikasi whatsupp tidak original, padahal saya pake aplikasi whatsapp dari playstore, tolong segera di fix sayaa tidak bisa berkomunikasi dengan teman even, susah mendapatkan info dari group sekolah. terimkasih",0
aku sering mengalami spam cet,1
lumayan,1
Ok sangat baik 1 akun bisa saya gunakan 5 hp,1
menyenangkan,1
oehkhf,1
seharunya whatssap memberikan 4 maximal emot di status cintw tertawa sedih bahagia,1
mencari sahabat kecilku diwaktu masa sekolah SD susila thn 76,1
whatshap saya tidak bisa dibuka,1
di instal susah,1
Good,1
sangat membantu,1
oke,1
whatsapp ini sangat penting untuk semua orang,1
sangat oke mantap.,1
"tolong perbaiki nomor teman saya, teman saya sudah berulang kali membeli nomor tapi tidak ada 1 pun yang benar",0
mantap,1
Bagusss whatsapp nya tapi sering di band 😐,1
ga busa daftar,1
Wa saya GK bisa di buka karena unduh WhatsApp resmi untuk melanjutkan,0
whatshap ganguan,1
coba di cek kembali nomer WA saya di blokir terus,1
bagus sekali,1
bagus,1
tapi kok di batasin ya udh 4kli aku kena batasin perbaiki lha admin klu tiba² ada yg penting bagaimana ni,1
sering bgt di tinjau akun gue WA sialan,1
"aplikasi yg sangat baik , untuk komunikasi cepat 👍👍👍",1
baik,1
mantap,1
mohon jangan di spm karena saya ingin menggunakan aplikasi ini,1
woy kok gw nggak bisa pake wa,0
keren,1
Untuk menambah wawasan,1
mogok,0
"knp sih hrus ikut² ig fiturnya, udh nyaman ngulang ribuan kali liat sw sndiri malah ga sengaja keliat sw org, kesel woiiiii",0
nice,1
"aplikasi whatsapp sangat membantu. dan benar benar luar biasa, semua masalah bisa di selesaikan dengan jarak jauh, Terima kasih orang pintar ku telah membuat alat bantu opsional.",1
bagus,1
idk,1
kenapa Whatsap kami selalu hilang,1
qris nya sangat bagus cocok buat yang lagii jualan enak di pandang dan murah pembayaran nyaa,1
aplikasinya 100% bagus tetapi kekurangannya di ponsel saya tidak ada yang namanya kayak filter gitu pada saat video call gitu tolong diperbaiki ya,1
GG gaming,1
"guwa kasih bintang 5 supaya paling atas, whatsapp aneh , baru masuk nomor baru yang ga ada kontak nya, pas mau tambahin nomor orang, lama di batasi, pertama kali cuma 3 jam, sekarang nambah jadi 6 jam, kata nya karena spam, apaan si, kan nomor baru, spam apaan, masa baru chat 2 kontak langsung di bilang spam, makin bobrok ni whatsapp",1
saya tidak bisa membuka wa ini,1
"ini whatsapp nya kenapa selalu memanggil padahal dat aktif, dan beberapa menit muncul panggilan tidak terjawab, kesal kali, sdh update bbrpa kali, sdh perbaiki pengaturan, tapi ttp aja, masalah nya pada aplikasi whatsapp ini, gak jelas",1
"untuk pesan 24jam jangan di hilangkan dong, klo udh aktifkan fitur AI, makasih",1
mntap,1
Game ini susah banget gw tamatin,1
bagus firurnya,1
Upload video suka nyangkut loading nya padahal jaringan di sini bagus,0
kasih lah tema gles kaya iphone pasti keren,1
gak bisa pakai filter padahal udah nyalain,1
ok,1
Update lagi..Update 2~3 bulan sekali 🙄,1
apakah hari ini kamis 28 mei 2026 terjadi error karna sy Apk WA dan WA bussnes sy ilang tiba2 dan gak bs muncul ketika sudah di download ...,1
Good,1
halo whatsapp kenapa sekarang banyak susah untuk masuk,0
Selamat malam saya ingin memberitahukan tentang apk ini bahwa ada kekurangan dalam apk ini disaat saya ingin telepon / video call tidak bisa dan saya minta tolong untuk di permudah untuk telepon dan video call terima kasih,0
"seharusnya saat vidio call kan ada menu efek kenapa di punya saya tidak ada, padahal sudah update terus? Dan izin munculkam efek juga sudah saya aktifkan kenapa masih tidak bisa?",0
aplikasii nya bagus biat komunikasi jarak jauh cuman tolong fitul satu kali lihat nya di hapus 🙏🏻,1
oke lah,1
aplikasih whatsapp baik tetapi harus sering diperbaharui,0
slalu di depan,1
ok,1
bagus,1
di coba cpatkan kode nya,1
kenapa WA kok ngak bisa,1
Ke spam mulu,0
ok,1
meta ai nya gacor parah king 👽,1
"masuk login,, sekarang susah",1
"baru selesai di update dan ga bisa di buka sama sekali, ngelag parah",0
"bikin stry di wa ih amit amit parah amat burik nya, tolong dong ini bukan jaman firaun",0
oke,1
iya,1
baik,1
sangat mudah dan bagus banget,1
ok,1
KENAPA CHAT AKU ILANG TB TB!,0
bagus baget,1
bagus,1
pembaruan ga ada perubahan,0
bagus,1
kok tiba-tiba ada wa dari perusahaan dan instansi yang ingin promo... terus kok ada iklan juga tolong diperbaiki terimakasih,1
bernyanyi,1
tidak ada yg boleh melihat Poto akun google saya,1
bagus,1
bagus banget,1
"di aku kok gbsa vdeo call sma telepon yah,meskipun udah update",1
wa in membantu kita komunikasi,1
Bagus,1
aplikasi the best,1
Mantap,1
berat banget sampai 3gb walupun membantu,1
ko gak bisa di download,1
mantaf,1
sangat baik,1
keren,1
"WhatsApp mending tutup aja.. aplikasi aneh,gak bisa dipakai",0
pemula,1
jelek tiba tiba ke blokir,0
Boleh,1
pesan yang dikunci tidak dapat dimunculkan lagi aneh,0
Mantap dah buat wa,1
oke mantap,1
bagussssssssb bgttt,1
Bagus berguna,1
rakimanaaaaaaaaaa,1
sekarang setiap video call sering bug layar jadi ga gerak,1
Pernah had drever,1
saya sangat butuh ini👍,1
No wa ku tiba tiba terblokir padahhal gak ngapa-ngapain,1
aplikasi nya bagusss bangettt,1
Tapi AKu tidak bisa masuk,1
sangat memuaskan kan,1
sangat membantu,1
hindarin bug wa!!!!!,0
bagus,1
WA gblx kenapa gw di suruh whatsapp resmi padahal gw udh download dari WEB dari playstore masih sama aja,0
koyo taiii,0
Bagus dan pertahankan 👍,1
ok,1
oke,1
kenapa what app ga bisa dibuka terus log out melulu gimna ini mana ada yang penting harus di buka d what app..tolong dong jangan gini,1
"whatsapp tolong bangsa emang kirim file 1,5 giga malah gagal kuota abis file gak ke kirim anj",1
🙄,1
baik,1
bagus aku suka sama ini WhatsApp sangat penting banget karna WhatsApp aku berkomunikasi dengan siapa saja,1
edun pokona,1
kentut,1
"aplikasi buruk, sering terjadi pemblokiran akun tanpa sebab",0
bagus,1
okay,1
bagus banget tapi kalau di donwodl suka ngeleg tapi bagus ko,1
kenapa WA tidak bisa di buka,1
"Sangat Membantu sekali dapat terhubung dengan saudara,kerabat,mempererat hubungan",1
aplikasi ini sangat berguna untuk telpon saudara dan chat teman teman,1
bagus,1
sangat membatu,1
"Jangan di kasih saran mulai mengobrol, chanel, atau iklan apapun, bikin simpel aja.....",1
"berguna bgd plis aku sukakk,kalian wajib download karna ini bener"" bergunaa,minus nya cuman sering kebanyakan update ajaa",1
woi Napa gw GK bisa bikin status dah gagal Mulu ini Napa dah,0
"kena blokir aja akun ku,ntah apa salah ku,ga kerja klen,",0
kenapa akun saya selalu verifikasi,0
di hapus pas di install lagi mau di masukin nomer gabisa di sentuh,0
aplikasi makin kesini makin aneh wa,0
"sayang banget WHATSAPP GA NGASIH TAUUU KALO kita kena block sama temen atau gimana, jadi kan bingungg... aku kena blok apa dia kehapus WA nya?? pleasee minimal kalo kita kena blok kasih kata ""kamu telah diblokir oleh _____"" JADI KAN TAU",1
mantap,1
sangatembantu.,1
"boss hampuraa rek request pang hapusken fitur sekali lihat lahh, meni rarudet kurr bisa ningali sakali mahh ahh",1
bagus,1
"jelekk bangett kamu sekarang,,seenaknya aja di ganti fitur fitur nya,,idiihhh sok ye bangettt☺️👎👎👎👎👎👎👎",0
bagus,1
mantap tap tap,1
bqgus,1
Siksa gas,1
bagus nomor WA,1
jlk skli vc lengekt,0
minus di story bikin burik ga hd,1
sangat bagus,1
lebih baik dan mudah,1
Wa nya makin hari makin bagus juga..tpi syang belom jdi ios wa saya,1
woy ajg gw mau cadangin chat stuck di 99 Mulu ajg apk boled ngentod banyak bug ajg yatim,0
yes bagus,1
enak,1
watsap rusak,0
akun saya udah dua hari ini di blokir,0
gada apa apa wa gw di blok anjir,0
gak bisa buka wa,0
apakah ini WhatsApp resmi?,1
update terus sebulan sampe 3x tapi makin lemot keluar sendiri ga jelas banget,0
tidak bisa daftar,0
asan,1
bagus,1
mantap,1
saetis ika Yanti ica Dea,1
ok,1
bagus,1
Mantap,1
best,1
Erorrr,1
"jelek, tidak ada pemberitahuan apapun sebelumnya langsung di ban permanen padahal hanya digunakan untuk chat teman bukan spam orang random. keamanan sangat jelek.",0
oke,1
lemot kali apk nya,1
keren,1
gacor,1
bagus,1
tidak membuat kesalahan tapi kartu saya sering di banned,0
mantap lah yaa,1
makin kesini makin mantep,1
wa,1
baik,1
good,1
kenapa sekarang kalau vc an tiba2 macet hadu,1
wa tai sy ga ada ngapa2 in tiba2 ke kenon kan anj,0
memuaskan,1
mantap,1
Harus langganan Google Drive kalau tidak mau data di wa hilang,1
"baru juga di puji² eh bikin ulah lagi si developer nya , sekarang tanda panah pada tombol stiker tidak bisa di gunakan pada foto atau ketika kita mau edit foto, begitupun tanda kotak, bulatan, bahkan bubble chat bentukan awan , dll. itu tidak bisa di gunakan untuk foto , jadi waktu mau ngirim ke teman tanda panah, bulat an, dan kotak yg ada di tombol stiker tidak muncul atau tidak bisa di gunakan. mohon segera di perbaiki, banyak bug yg perlu diperbaiki",0
wa eror masak minta di perbarui trus,1
"tolong fitur kirim file audio di kembalikan seperti dulu, enak an dulu bisa d putar di app WAnya.",1
Sanya sangat puas dengan whatsApp ini,1
bagus,1
aplikasi Rusak login kagak bisa2 sudah gua reset ini hp juga masih saja hampirsemua nomor bisnis saya didalamnya hilang saya tidak tau lagi gmn ini .. 😢😢😢,0
Knpa setiap kali nomor selalu ke hapus padahal gak di hapus trus kalo kirim pesan selalu gak kekirim harus hapus trus install ulang,1
Semoga awit,1
gatau,0
ok,1
tidak membantu pulihkan wa saya,0
good,1
sering ngeleg,0
sering eror telpon ada suaranya giliran video call ilang suaranya,0
bagus,1
WhatsApp ini sangat bermamfat buat saya,1
"tolong ini apk nya knp y admin, sya mau call sm cowo saya, tp gada suaranya. Ini memang apk nya yg jelek atau hp saya yg butut?",0
"Belum ada fitur love di status, tema juga masih yang lama, dan belum ada meta. Gimana ya solusinya? Pdhl sudah di update trs",1
Slalu instal terus ah,0
tolong perbaiki nobwaa saya termasuk oprasi normal kenapa nggak bisa masuk,1
"halo whatsapp!!, whatsapp aplikasi nya keren dan ada fitur baru!, tolong diupdate lagi ada emoji plenger yang ke gini🫪🫪 atau chat nya",1
mantap,1
wa gabisa d pake,0
knp wa saya ditinjau,1
aplikasi nya bagus,1
Sering ke blokir gak jelas,0
enak pakenya,1
"kenapa slalu di tinjau trus setiap hari di tinjau WhatsApp nya ,jadi susah mau hubungi kluarga makin ke sni mkin ngacooo aja WhatsApp ini",0
sangat baik tp ada yg kurang bagus,1
bagus buat ngobrol,1
gak jelas bisa ngefreze gak bisa di pencet,0
aplikasi yang gak beres masa gak ngapain-ngapin tiba-tiba ke blokir nomor saya udah saya masih berfikir positif mungkin saya yang salah chat atau ngapain di nomor ke satu saya atau utama. dan saya masuk nomor ke dua saya tanpa melakukan hal apa apa hanya chatan ringan Dengan orang atau berinteraksi dengan temen saya dan besok nya tiba-tiba ke blokir juga nomor ke dua saya dan alhasil saya gak ada nomor lagi ini Gimana sih sistem nya yang eror atau bug (apakah bisa perbaiki nomor saya ? ),1
whatsapp ok,1
wa kontol,0
woww seru banget aplikasi nyaa,1
bagus sangat membantu,1
"kenapa WhatsApp aku mudah ke blokir sekarang, padahal gak ada aku apa apain, buat susah orang lain saja kalian WhatsApp gak jelas sialan",0
bagus,1
"ga jelas, wa saya kena tinjau terus, padahal ga ngapa-ngapain, mana datanya hilang mulu",0
ok,1
Alhamdulillah sangat membantu,1
WhatsApp jangan asal ngeblokir lah alay banget,0
Sekarang tidak bisa pasang status selalu gagal🤔,1
👍,1
whatsap sekarang agak aneh,0
whatsApp nyaaaa baagusssssss,1
apk sangat bagus,1
bagus,1
"whatsapp saya tidak bisa dibuka tolong bukakan kembali, selama ini tidak pernah ada masalah",1
kenapa akun whatsapp saya kena tinjauwan terus.. ? ? ? ?,1
bopeh lj h,1
ok,1
oke,1
saya mau bergabung di Whatsaap ini,0
s kata mamakuh sangat bagusss,1
Banyak kali,0
butut,1
Satu satunya aplikasi instant mesengger yang menjadi andalan banyak orang,1
Ok lah,1
"qda bug di saat video call, di saat beralih ke gambar besar malah blank hitam/gambar lawan video call nya yg tertera.. tolong di perbaiki lgi",1
okelah tapi kalau bisa di fitur status Setiap ada foto yang ada musik nya di satukan agar jadi satu kesatuan ini satu foto satu musik coba lebih dari 5 foto musiknya bisa di satukan tidak terputus putus dan punya tidak durasi masing masing pasti bagus buat statusnya,1
tidak dapat di akses,0
"buat akun WA baru karena akun lama tidak bisa digunakan , eh gag tau nya sering eror akun sering ditinjau , begitu bisa ditinjau lagi , begitu terus , nunggu 7-24 jam akun baru pulih dan berulang , kenapa sih WA sekarang aneh",0
bagus,1
gampang kenon tolong wa diperbaiki lagi dan sering muncul hal hal aneh,0
sangattttt bagusss dan sangat bergunaaaaaaaaaa,1
terima kasih sahabat ku semuanya,1
wa adalah tempat ternyaman,1
oky tpi kat vc tu buang miror diaa,1
Mohon untuk dimudahkan update dengan hp tipe ini.terimakasih,1
whatsapp Mesagen.,1
GA BISA KE BUKA TRUS GA COCOK BUAT CHAT,0
sangat bagus,1
terimakasih meta dengn adanya aplikasi wansap ini kalau BLH usul kualitasnya lebih baik dan tida boros data,1
Sekarang kalau telpon suka tiba tiba mati sendiri padahal sinyal yang lainnya aman apalagi pas telpon lama kaya otomatis mati sendiri tanpa dipencet matiin 🙏,1
ok,1
knpaa yang akumha gaada efek wa nyaa,1
semoga bisa virivikasi whatsap,1
bagus,1
"sangat baik,tp kadang susah perbaiki",1
best,1
"ini kenapa sih, aku udah pake WhatsApp resmi tapi kenapa bilangnya aku gapake WhatsApp resmi, maksud nya gimana yaa, gajelas bgt.",0
sangat bagus,1
sangat bagus untuk saya,1
fitur vc sering eror,1
good,1
"ga enak,karna bukan makanan",1
sangat penting bagi bagi saya peribadi,1
"lumayan bagus,namun sering di tinjao",1
whatsapp keblokir terus. gak jelas. padahal sudah ganti hp . masih aja begitu,0
makin gak jelas tiba2 kena banned permanen nomor sudah 12 tahun bisa kena apk tolol,0
Ok,1
bagus,1
"apalah udah sering di update ngebug mulu apalagi pas mau login ke akun baru ,sulit banget masuk nya harus keluar masuk app beberapa kali baru bisa terimakasih.",0
tidak bisa login pdhal udah jelas2 memasukan kode verifikasi dgn bnr,0
sungguh tida di duga fitur WhatsApp sekrng aneh,1
Memang aplikasinya keren banget,1
sayang akun saya sering di banned,1
sangat bgus,1
Bagus,1
yusuf.,1
eror mulu,1
bisa ngobrol bareng,1
"ADA BUG SAAT VIDEO CALL , GAMBAR DIVIDEO SEPERTI TERJEDA",0
kenapa akun ku sedang di tinjau gitu,0
masyaallah,1
"Karena ini bersifat opsional, berikut contoh deskripsi pengalaman yang bisa Anda gunakan atau sesuaikan:",1
Sangat membantu sekali dgn aplikasi ini,1
mengecewakan,0
sudah dijadwalkan pencadangan tapi tiba2 ke restart dan semua chat hilang,0
sangat menarik dan bagus,1
terbaik,1
gagah,1
WhatsApp nya keren dan bagus tapi nanti nya di tingkatkan lagi ya biar tambah bagus,1
mantap ⭐⭐⭐⭐⭐,1
menarik,1
bagus,1
bagus dan bermanfaat,1
alajsjsns,1
"saya minta untuk membuat fitur selain pengikut tidak bisa melihat isi saluran, karena itu adalah privasi. orang-orang bisa saja melihat dan menyebarkan isi/saluran orang kapanpun dan itu bisa memicu konflik.",1
"Please, every time I upload a video, the graphics are blurry and ugly. Please fix it so it's clear.",1
Sangat membantu,1
aku sagat puas sekalih,1
"perbaiki folder pemyimpanan jangan dobel dobel, apalagi gambar biasa sampai 3 x dobel folder beda beda padahal 1 foto saja menrusak tampilan galeri saja dan boros pemnyimpanan !!!👎🏻👎🏻👎🏻👎🏻",1
"hu, z😝",0
sering ngebug video callnya sekarang,1
aku tidak bisa mendaftar,0
kenapa whapsapp sy gk bisa login,1
"kepada yang terhormat WhatsApp, kenapa akun WhatsApp saya tiba-tiba di nonaktifkan padahall saya tidak melakukan yang melanggar ketentuan WhatsApp",0
bagus 👍👍👍,1
tidak bisa,1
saya disini bisa ngechat dengan orangtua saya,1
bagus anjayyyy,1
Bagus,1
wa gak jls skrg sering di blokir dan dispam,0
ada apa dengan wa ..sllu kluar jika kita mau masuk buka wa,1
tolong pihak wa no saya kena spam,0
"WA sekarang jelek banget sih sumpah blm seminggu minta update apaan coba kalau mau vc pun selalu error kalau bln update tolong dong di perbaiki jangan kaya gini banyak fitur nya doang tapi tdk membuat kenyamanan terhadap pengunanya ""mines""",0
Kenapa whatsApp ku ngga bisa berpungsi apa ada yang Meretas,1
Perkenalkan gw dari palembang tinggal di 7ulu /10ulu nama lengkap gw adalah m haris dafiansyah sklh di sd negeri 78 aplikasi whatsApp sangat bagus aplikasi sngt penting bisa menghubungkan dari jarak yg sangat jauh saya mengasi bintang lima karena saya sangat suka aplikasi ini ! Kalian semua wajib kasi bintang lima karena aplikasi ini yg terbaik untuk berkamunikasi buat yg menciptakan WhatsApp sekali lagi terimakasi 🙏😁🤗,1
ga bisa buka whatsap memuat mlu padahal sudah di update,1
dak bagus saya kena blokir padahal cuma konfirmasi orang soal paket,0
bagus buat berkomunikasi sama keluarga dan teman tapi kadang suka ke reset wa nya,1
otp,1
aplikasi ini Kren bangat,1
kenapa ini ketika buat story bergambar menggunakan musik selalu tampilannya hitam,0
good,1
ok,1
berguna 👍🏻,1
Kenapa tida bisa,1
"kecewaa banget nomor kontakku semua hilang tiba""",0
mantap,1
gjls tb tb eroro,0
sop,1
eyang kubur itu uxi aja uaut,1
vc ada eror error nya.dua layar untuk 1 orang aja,0
bagus dan sangat membantu,1
yg terbaik👍💯,1
sangat bagus,1
"tolong diperbaiki lagi, pembaharuan setatus walupun sudah diaktifkan unggal HD tetep aja burik.",1
sangat mudah digunakan,1
keren,1
seperti biasa,1
kenapa gabisa mengarsipkan grup,1
WhatsApp ini sangat bagus,1
bantu,1
luar biasa,1
nice,1
whatsap sangatlah penting dan bisa membantu dalam kehidupan manusia,1
kdng ngeleg tapi oke lah bisa komunikasi.. bhkn sampe luar negri juga,1
parah aplikasi ini,0
"nyaranin aja sih jangan update hal' yg gaterlalu berguna,trus untuk video pengennya pas di HD in ga jadi makin burem trus pengen bgt di saluran ada fitur bersihkan obrolannya",1
"bagus tapi lebih bagus sy me request klau di wa itu ada fitur kick misalny to tdk sengaja ini kita lagi telponan ber 2 trus mau tambahkn teman malah salah tambah orang , nah bagus klau misalny ad itu fitur kick orng jadi bisa kit ksih keluar if you know you know pokony bgtu",1
lumayan,1
kebanyakna update. tapi saat tlpn. erro truusss. jaringan stabil juga..,0
"𝕚𝕔𝕠𝕟 𝕞𝕖𝕥𝕒 𝕕𝕚 𝕨𝕙𝕒𝕥𝕤𝕒𝕡𝕡 𝕞𝕖𝕟𝕘𝕘𝕒𝕟𝕘𝕘𝕦 𝕓𝕒𝕟𝕘𝕖𝕥,,",0
Bagus,1
"WhatsApp kenapa sih akhir akhir ini di ban massal merajalela mulu,saya tidak melakukan aktivitas ilegal atau spam pun saya tetap di ban,cek dulu lah chatannya baru lu ban,kalo dari sistemnya langsung itu merugikan pengguna WhatsApp 😤",0
kenapa saya tidak bisa login dengan nomor saya padahal nomor saya baru beli tadi pagi?,0
ok,1
"menarik ,cepat",1
sangat membantu informasi,1
mantup,1
Bagus,1
"chatnya tiba"" hilang semua kaya mulai dari nol",0
ini sangatlah bagus,1
knp kga ada bubble chat,1
ok,1
makin hari makin gak bagus ini wa masak saya mau login gak bisa terus ada bacaan blom kelarafikasi makin menjadi makin hari aplikasi jelek ini,0
"setiap saya memasukan nomor,tidak bisa di verifikasi",0
"aplikasi sampah, klo lgi tlp suara sering putus2",0
washap bagus,1
terbaik,1
"whatsapp kenapa saya selalu kena spam padahal udah ganti nomor ,email , bahkan saya tidak melakukan chat penipuan",1
"pas baru pulih dari blockir,pas saya mau login ke WhatsApp,pas sudah di tahap menyelesaikan penyiapan,malah keluar sendiri,pas saya coba lagi masih sama dan itu ber ulang"" sampe sekarang,dasar kocak,harusnya di teliti,Jan kek orang idiot!!!!!",0
good,1
sering nya sekarang gampang ke Ben nomor WhatsApp nya,1
keren banget,1
buruk sangat tiba tiba terblokir,0
mantap,1
bagus,1
mantappp ..,1
baik,1
kenapa wa saya selalu telat tampilan terbaru pdah selalu update sepertii tampilan tlpone yg lain sudah berubah knpa saya belum,1
"Maaf untuk pihak WhatsApp, tadi siang saya nyatat hasil kerjaan saya di WhatsApp kok pas sore nya catatan saya di WhatsApp tiba-tiba hilang!? Saya mau laporan ke atasan saya jadi ga bisa, hadeh 😑",1
apik pol pokoke tapi mangkel i,1
sangat bgus,1
bagus bange,1
aku suka memakai aplikasi ini karena setiap aku chatan sama gebetanku menjadi nyaman,1
"AI NYA BALIKIN YANG DULU LAH, YANG SEKARANG RESPON NYA GA SERU, LEBIH SERU YANG DULUU",1
ya intinya baguss banget pengen deh saya kasih Bintang 100 hhahah,1
sering berbohong sama suwamina iyalah aku suwami,1
tiba2 terhapus wa,1
bagus,1
baik,1
bagusan telegram sih,0
Good,1
bagus,1
harap diperbaiki sangat tidak puas sering eror,1
sangat lah bagus,0
Sangat bagus,1
aplikasi ini sangat bagus sekali 👍👏👏,1
makasih,1
bagus,1
Kuti kutili ina wamandi Subuh subuh lilahi taala Picu Kuti kutili ina wamandi Subuh subuh lilahi taala Picu gunu picu tolando Tolinga wa anu (ngeano mowine) namirurungka Paratoee navigation Namoncuru rudhu isau Namihohora potadhe potadhe isau Narumua emanino namigata sina.ano agunu picu tolando Tolinga wa anu (ngeano mowine) namirurungka Paratoee kalambokou Namoncuru rudhu isau Namihohora potadhe potadhe isau Narumua emanino namigata sina.ano ambali namotabu mai indau katam nacumpu emanino..,0
kualitas kayak beruk jing,0
Sangat memuaskan,1
baik,1
"kocak , abis di update malah gada suaranya klo nlp atau vc.",0
mantap,1
"tolong buat kan vitur foto live, buat hp android",1
siiiipppp,1
love,1
ini WhatsApp mabok apa gimana tiap hari peninjawan gua GK ngapa ngapain yang buat tolong lah gua prllu,0
aplikasi ini sangat bagus,0
trimakasih,1
udah di aktif kan tetap gak ada efek kamera,1
"bagus buat chatan,",1
the best,1
ok,1
jlk bgt apkny,1
"sangat puas,sangat membantu",1
bagus,1
"kembalikan fitur ss profil wa, itu untuk screenshot orang profil penipu",0
mantap,1
Sangat berguna untuk komunikasi.,1
bagus sih tapi kok gw ga ada filter nya,1
bagus banget bagus banget,1
Honda memang oke selalu di hati,1
wa nya mau ku login pakek nomor ku tapi gk bisa tolol kali sumpah kartu masih idup semua nya masih idup kok aplikasih kayak sampah ini rilis ya,0
kenapa WhatsApp saya kena tinjuan,1
bagus...,1
"bagus untuk berkomunikasi dengan keluarga, kerabat, di dalam negri atau di luar negri",1
Baik,1
terbaik,1
whatsapp sekarang makin jelek saya pakai kartu baru sering kenon padahal GK ngapa ngapain nomer baru malah sering kenon padahal nomer sebelumnya GK pernah kenon sekarang nomor baru kok kenon jelek banget,0
hhhh justriend,1
sangat membantu whatsahap untuk rakyat indonesia,1
Karena sanggat berguna bgt buat saya,1
bagus,1
apk g jls mau login fix merah terus sudh d hubungin pihak whats app sama aja gd perubahan,0
saya tidak bisa masuk ke WhatsApp,0
baik,1
bagus,1
sangat baik,1
apk ini sangat tidakk asik jika kita kena kenon akun wa kita tidak bisa di verifikasi 🙄🙄,0
lu ngeliatin chat gue😑,1
senang,1
Kok di saya gak bisa di download di perangkat saya di playtore di bilang gini (perangkat Anda tidak kompatibel Dengan versi ini) tolong bantuannya saya sangat perlu WhatsApp,1
GK bisa buka,1
🏳🏳🏳🏳🔐🔑🔑⚖⚖,1
bgus,1
makin jelek,0
"Tidak bisa menerima SMS, dan harus di Perangkat Lain. padahal Perangkat Baru dan tidak pernah memakai Perangkat Lain.",0
Woyy perbaiki kayak dulu lah masak gue ngga mau liat story orang masih aja ke geser.. padahal gue liat story sendiri.. makin aneh aja ni aplikasi.. Enakan yg versi dulu padahal.. versi yg sekarang liat story sendiri langsung auto loncat liat story orang.. Kan babi kali,0
sangat baik,1
bagaimana cara membuka aplikasi whatshapp ini,0
"Aplikasi yang paling sering dipakai tiap hari 😄 Simple, ringan, dan mudah dipakai untuk chat, telepon, video call, sampai kirim file. Sangat membantu untuk komunikasi keluarga, kerja, dan teman. Semoga ke depannya makin stabil, ringan, dan fitur-fiturnya tetap nyaman dipakai tanpa terlalu banyak gangguan.",1
tolong pihak watsap kenapa saya slalu terkena blokir padahal saya tidak melakukan spam pada siapapun,0
"Gatau mau ngetik apa, intinya apkny bgus",1
sangat membantu,1
luar biasa,1
god job,1
"minta tolong fitur vc hapus fitur matikan kamera, karena calon istri saya suka matikan kamera",0
kita bisa berbicara lewat aplikasi ini dan lain - lain walaupun jauh sekali,1
Blom bisa di buka,1
Nyaman d gunakan,1
bleh resolusi nya jelek banget,1
dengan aplikasi ini sangat membantuku,1
"gak bersahabat sekarang mah.. ngeliat status wa sendiri masa bisa langsung loncat ke status orang lain, mengecewakan sekali.",0
sangat memuaskan adanya WhatsApp,1
jadi bisa komunitas jarak jauh bagus banget,1
okjn,1
suka,1
very nice,1
bagus,1
tlpn ngk ada suara,0
Kenapa saya tidak bisa Danload App WHatsshap di HP saya OPPO F9,1
Terimakasih WhatsApp👍👍👍🙏,1
Bagus,1
"aplikasi wajid di hapemu, meskipun privasinya bocor",1
woiii ini WhatsApp gua kenapaaaa,0
ditingkatkan lagi fitur2nya biar lebih mantep,1
tolongg adain fiturr save di foto sekali lihatt dungg -_- adaa wanitaa cantikkkkk sekalii yang selalu mengirim foto sekali lihatnya yang imut nan indahh kepadakuuuT-T.,0
kenapa whatsapp gak bisa di download tolong bantu saya agar whatsapp bisa di download kembali terimakasih,1
"apk lol gaje orang gak ngapa ngapain di band , dan kenapa saya kasih bintang 5 agar semua bisa tau😹",1
"kenapa dengan WA bisnis hari ini tidak ada suara nya buat tlp,saya kirain HP saya yang rusak ternyata semua pada komplen juga ke counter padahal HP semua baik2 saja tolong dong diperbaiki",1
"mudah"" ngk di spam lagi",1
ok,1
👍,1
"kenapa whatsap gak isa yah , soal nya saya mau pakai nomer ini",1
niz z,1
whasap saya tidak bisa di gunakan atau di spam Mohon bantuan nya,1
wa tolol keblokir Mulu wa saya baru kebuka dasar tolol,1
sangat sangat sangat baguss🫡🫡🫡,1
"kalo vc jngn miror plis ,kasian muka yg ga simetris 🥺🥺🙏🙏",1
Jangan ngeleg2 dongg,1
gimana si ini org org selesai update udh ada semua fitur barunya giliran aku update lama bgt pas udah ga jaman baru muncul fiturnya tolong ya yg adil,1
sangat bagus,1
aman kan sajh wa kami biar GX di jedea lagh,1
Kualitas video yg di upload pada status wa sering blur pdhl sudah beresolusi tinggi,0
cukup cepat,1
tidak bisa login,0
"bagus, tapi sayang sekarang ada iklannya setiap liat story",1
bagus,1
ga jelas bangettt aplikasi,0
"tiap bikin sw selalu jadi burem,padahal vd nya atau fto nya hd 😡",0
kok lelet,1
l N.,1
sangat baik,1
suka tiba² ke band,0
"mulai ada iklan, kasih bintang 1 aja",0
gaya gelembung bisa di update bisa milih2 kayak warna gelumbung biar gak bosen,0
bgus,1
senang sekali,1
kenapa kok tidak aplikasi resmi kata sistem,1
berguna bgt. udh gitu aja,1
"WhatsApp syaa tidak bisa di buka dan ada tulisan tutup aplikasi dan info aplikasi, tolong bagaimana ini",0
sangat bagus aplikasi nya tpi tidak ada fitur efekk di handphone saya,1
Tanpa alasan apapun nomor saya memerlukan WhatsApp resmi untuk bisa menggunakan akun WhatsApp meskipun saya menggunakan akun resmi.,0
ok,1
gampang ke ban padahal cuma add kontak temen ke grup sekolah doang,0
Bisa untuk mengecat orang lain,1
plis dong min kasih bentuk pengubah muka itu min soalnya aku butuh min biar org di rumah ku lihat aku baik2 di sini min plisss,1
saya kerja di sawit,1
Bagus,1
"Makin ga jelas daftar wa aja susah,login tersedia untuk saat ini,gitu terus",0
beri code wa,1
bagus,1
ok,1
baik mempermudah komunikasi dengan keluarga,1
sangat bagus,1
good,1
baik,1
Menyenangkan,1
Oke,1
Ok,1
ok,1
"Sering kena log out sendiri, padahal gak ngelanggar layanan WhatsApp nya, gak jelas WhatsApp sekarang makin di update malah tambah banyak bug, akun milik saya juga hilangan semua kontak serta grupnya",0
tolong tambahkan pesan timer 30hari,1
"[Update] At first, I felt disappointed because my account was blocked and flagged as spam, which made the user experience quite difficult. However, after the issue was resolved, my account is now back to normal and safe to use. Thank you for the help; I can finally get back to my activities smoothly. ⭐⭐⭐⭐⭐",1
tolonggg di perbaiki salah apa aku gada melanggar penggunaan kok di blokir terus menerus tiap hari baru di buka di blokir lagi,0
sangat bagus untuk komunikasi,1
"akunku sering ditinjau terus, ganggu bet dah",0
kebanyakan bug dongo,0
best lah,1
keren,1
bagus,1
ngaco mlu skrng,0
🖐️😼🖐️,1
Elj,1
Ok,1
"banyak updatenya, jadi besar""in memo",0
baik,1
"saya mau daftar shopy pas chet shopy nya tiba"" wa saya ke blokir tolong lah kenapa wa jadi lemah begini tiba"" ke blokir hadeh",0
kenapa akun WhatsApp saya tidak bisa lagi digunakan,1
kenapa di notifikasi wa saya tidak bisa mode intip ya. jadi sekali ketuk langsung buka aplikasi whatsapp ya. tolong diperbaiki untuk di hp infinix note 40 pro 5G.,0
knp g ada bar,1
bagus,1
selalu macet,0
barokallah,1
"sudah nak login, tolong dimudahkan",1
"kenapa si di persulit hanya untuk simpan nomor orang ribet bener sih,bukan nya semakin di update semakin bagus ini malah nyusahin pengguna nya,(munculkan lagi dong tombol simpan nya)",0
Waktuterusberlalu namuntetap Kujalanidgsepenuhhati .karna hidup ini adalah sebuah perjalanan dan perjuangan ttp semangat jg menyerah,1
gbsa login/eror,0
bagus 😁,1
tidak dapat login,0
ok,1
kenapa nomor baru susah sekali untuk daftar whatsapp,0
halahhh whstsapp skrg sensi!!! chat temen aja ke blokir.,0
Baik,1
bagus,1
b aja WA nya keluar sendiri mulu,1
ok,1
Aplikasi rusak tiba tiba logout kena nomor ku kena ban,0
"buruk banget ni apk, lagi mau buka wa eh udah kena tinjauan, lain kali buat apk yang bener, jangan asal asal kek gini.",0
"kenapa update nya sering banget, dikit2 update....",0
baik dan tenang,1
oke,1
sangat bagus dan sangat di pahami setelah memakai aplikasi ini,1
menjadikan masa depan yang terbaik menyatu bersama di Terindahnya kebahagiaan pasti inginselalu menantikan diriku,1
apik🗿🗿🗿🗿🗿🗿🗿🗿🗿🗿🗿🗿🗿🗿🗿🗿🗿,1
sangat membantu,1
Ok,1
kenapa di sayaa gak ada efek nya,1
semenjak update terakhir kali jadi jelek masa iya dipake vc jadi eror waktu dibesarkan wajah sendiri tolong dibenahi!!!!,0
"akhir"" ini wa eror Tah, kok tiap video call selalu bermasalah video yg berhenti GK gerek cuman suara aja",0
saya kasih bintang 5 walaupun aplikasi nya tidak bisa di pakai di hp saya,1
good,1
Sangat bagus,1
Fiturnya baik sekali tapi lebih baik fiturnya diperbanyak dan divariasi lagi agar lebih menarik. Dan jika ada pembaruan pastikan juga ada fitur yg baru,1
knp tiap perbarui WhatsApp mlh mkin ribet... yg bkin keselnya utk buka postingan sdri..sllu lonalcat ke postingan org2 di kontak.. dlu ga bgini. ke stop otomatis di status sdri.. tp yg skrg sangat mengganggu...,0
"Sangat membantu, pokok nya is the best",1
abis di update mlah gk ada suara pas nelpon😑,0
hmm... bagus sih mantap,1
bagus,1
knp aku berhenti jadi atmin grup diwa ku sendiri? padahl aku masi jadi atmin dihp t man ku.,1
"wa tolol baru 1 chat tiba tiba kenon,padahal saya ada kepentingan pribadi,akun wa saya yang lama terkena band,padahal tidak melanggar apapun,dan ketika saya memakai akun baru,tiba tiba ke band,memang sangat meresahkan sekali ini aplikasi 👎👎👎👎👎",0
ok,1
mohon bantuan saya tidak bisa login akun,1
bagus si tp skrang sekelas wa saja di story nya aja diselipin iklan ye?,1
GOBLOG WA GA BISA DIPAKAAI SUDAH TAU PENTING PENINJAUAN MULU DASAR APLIKASI TOLOL,0
Gooddo,1
bagus,1
mau ikut tan,1
ga bisa pake efek,1
cukup bagua dan bermanfaat,1
tidak bisa di buka,1
saya ingin bio tidak ada durasi saya ingin di hilangkan kembali seperti dulu bisa permanen,1
saat menelfon sering mengalami gangguan,0
Sae pisan kang..,1
"whatsapp makin kesini makin kacau, saya ga spam saya tidak ngapa2in , baru beberapa kali chat2 dengan klien saya terus2n keblokir dan dintinjau , aplikasi kacau aneh , merugikan banget",0
sangat menganggu fitur daftar obrolan yang muncul.,0
"really disappointing! Semua foto, video, dan file audio saya hilang! Saya sudah mencadangkan, mengunduhnya, menyimpannya di galeri, dan memberi bintang, tapi kok hilang semua secara tiba-tiba? Setelah pembaruan apknya! mohon tolong di perbaiki ni apk! makin hari makin jlk aja ni apk!",0
untuk setia selamanya,1
bagus,1
LUAR BIASA,1
"sangat berguna jika kita lagi pergi jauh,bisa Vidio call",1
wow bagus sekali aplikasi ini !!!,1
kenapa no baru saya gak bisa terdaftar disini?,1
"knapa tiba2 wa gak bisa saya pakai di hp saya padahal kmaren bisa ,,dan hp juga normal,,tolong bantu verifikasi",0
oke,1
bagus,1
GOOD!,1
ga bermutu,0
apk nya 😎,1
ok,1
sangat bagus,1
Bagus,1
perubahan lgi,0
sangat membantu untuk komunikasi,1
WhatsApp oke,1
bagus,1
"woyy wa yg bener aja ngapa masak gua ga matiin tanda baca malah tanda baca gua mati di apk pcr gua, lama lama gua hapus lu perusak hubungan bgt😖",0
aplikasi bagus saya suka.pertahankan,1
sanggat lah bagus sekali,1
whaatappku di hapus SM anak saya tidak bisa membuka lagi tolong dibbantu,0
❤papa sayang mama❤,1
membantu mudah untuk berkomunikasi,1
tolong fiturnya bisa ganti ganti suara,1
mau login gabisa bisa,0
ini kenapa whatsapp saya tiba² logout sendiri? pas sudah saya tinjau malah x merah??? maksudnya gimana ini? saya dituduh melakukan pelanggaran/spam padahal saya tidak merasa melakukan hal tersebut.,0
mantap,1
Bagus,1
gak bisa pakai WhatsApp,1
jelsm macekt,0
Mudah dan mantap,1
sering maen wa,1
aplikasi ini hemat penyimpanan,1
mantab,1
sangat baik cuma tinjauan terus,1
enak bisa menghubungi teman atau saudara,1
tiba tiba tidak bisa sendiri,1
bola,0
saya kasih bintang satu karna akun nya ke bend tiba tiba,0
Salam Damai,0
ok siip,1
bisa gak ya kalo WhatsApp offline aja,1
good,1
wa sekarang blm nlp udh mati sering kek gitu,1
bagus,1
GW AUTO BANYAK C E W E COK,1
kenapa aku kasih bintang 3 infinix smart 4 nggak ada efek di tempatnya telepon,1
minta kode kompirmasi tapi nggak ada SMS..,0
yaaa begituu lahh,1
kenapa akun saya tidak bisa,1
gerak dikit kenon malas,0
ok,1
hadeh gua sebagai kurir yang selalu chat sana sini selalu ke tinjau setan aplikasi monyet!,0
pelayanan wa sangat cepat,1
tiba2 harus di tinjau dalam 2 hari ga jelas banget,0
kode verifikasi whatsapnya ga muncul.,0
dah berkali-kali di install tetap tidak bisa masuk dah ganti kartu,0
good,1
"apk nya gangguan bgt pls, gue buka malah keluar, pas di cek ternyata mau update, Ywdh gue update, nah sinyal nya ini udh bagus, tapi apk nya ga ke update juga, mana klo buat sw burem lagi, tolong ditingkatkan lagi kualitasnya, ini sampe skrg gue gabisa buka wa karena mau update ini, mana update nya ketunda lagi, padahal sinyal bagus, hadehh",0
"WA sering di update tapi data nya makin gede, bagaimana ini? sedangkan WA ga boleh di hapus datanya di setelan, cuma boleh di hapus datanya di aplikasi WA nya. Tolong dong perbaiki. saya jadi ga bisa update aplikasi karena data WA nya gede banget",1
saya suka aplikasi ini,1
bagus,1
"akun tidak bisa menggunakan WhatsApp, selalu minta tinjauan, padahal udah ganti akun dan ganti nomor",1
baik dan sangat jelas,1
Bagus,1
puas,1
"kenapa ya setiap kali memferivikasi nomor telepon kenapa selalu ngga bisa dan selalu keluar tulisan ""login tidak tersedia"" mulu sudah delapan kali saya mencoba mendaftarkan nomor telepon saya, mohon di perbaiki saat diawal pendaftaran nomor telepon ya",0
"Whatsapp boleh tambahin fitur yang namanya live gak,nanti pas di status ada tulisan buat live. yang lihat livenya yang ada di kontak atau pilih siapa saja yang melihat. Saya memberi bintang 5,terimakasih",1
gabisa liat sticker eror,1
sangat bagus,1
bagus woilah cik,1
jumlah kontak saya tidak bisa di liat,1
tolong dong whatsapp jangan sering sering di update,1
"akun saya kena blokir dituduh pelanggaran spam, saya tidak pernah melakukan spam yang ada saya dispam sama pjnjol2 itu",0
"wanya busuk, telfonnya mati sendiri",0
mantap,1
senja kasih bintang 5 karena WhatsApp sekarang sering kali kena WhatsApp anda belum resmi padahal saya telah menggunakan WhatsApp resmi tolong pada pihak terkait untuk memperoleh,1
"kenapa kalo bagikan layar, pas mau nntn film nya gada suaranya skrg? dulu ada, plsss lah WA😭",1
"halo WhatsApp kenapa baru² ini banyak kejadian ""Akun ini Tidak Menggunakan WhatsApp"" Untuk kepada Pihak WhatsApp Tolong di perbaiki Secepatnya TOLONG BGT AGAR DI KEMBALIKAN DENGAN CEPAT",0
top,1
bagus,1
Sangat membantu dalam berkomunikasi dgn teman mauohn saudara,1
baik sekali,0
bagus banget dan berpungsi dengan baik maksih ya dan berguna sekian,1
otomatis 🙏,1
"gw kasih bintang 5 biar ulasan nya diatas, gw gasuka kalo bikin sw grafik nya jadi burik, tolong di perhatikan lagi, banyak bug",1
tidak bisa kunci chat padahal udah di update berapa kali,0
gokil,1
sering keblokir,0
good👌👍,1
"makin hari fiturnya makin lucu dan konyol, Masak baru wa 1 orang teman ajk udah ke belokir gak ngotak wa yang sekarang udah gak jelas semoga cepat di ganti dengan pitur yang lain udah meresahkan banget",0
sangat lancar jaya dan lancar,1
"tolong WA, aku pulihkan k",1
Kenapa wa saya Terus ke blokir ? baru Terbuka pagi tadi Dalam 5 menit aja Langsung terblokir lagi saya gak suka lagi sama wa Yang kek sekarang mudah ke blokir saya makin lama udah Gak Sudi lagi liat wa yang sekarang,0
"kenapa error, dahal wifi ku lancar, ti napa wa kok jamkot? padahal telp di ig bisaa giliran mo pindah ke wa malah ga bisaa, mangkel deh",0
"ai gak kompeten, malah ngelakuin spamming, ditanya apa jawab apa",0
kok tidak bisa disematkan dan di arsipkan chat yang uda lama,1
"aplikasi WA saya resmi download dari playstore, tiba2 gak bisa dipakai dan harus verifikasi nomor. tapi gagal terus karena dibilang download aplikasi dari pihak ketiga. ampas bgt",0
apk GK jelas nomer ku 2 2 ne di blokir semua lol,0
ok,1
sangat. puas,1
-1 roam?,1
apk apaan ini cewek gk pernah ngechat aku buka apk nya cuma ngeliat story cewek,0
sangat baik dan benar,1
Bagus jangan di hapus ya entar whatsApp kalau sudah tgl 9 september tambah ningkat lagi yaa,1
rumayan tapi ini kenapa tidak bisa terima suara pada waktu ada panggilan masuk ya,1
Mantap,1
WhatsApp kereenn,1
Setelah diupdate hr ini pagi jam 10an tgl 28 mei 2026 voice. telepon keluar tidak ada suara. suara penelepon bisa terdengar. HP rekan saya pun sama begitu. mohon dicek,1
suara sering hilang,0
jangan banyak upgrade,1
good,1
"sudah mau 1 bulan whatsapp ku error terus gabisa liat stts ( video) pasti selalu muter muter terus padahal jaringan stabil oke, itu kenapa yah tolong donggg segera di perbaiki",0
Bagus seklai,1
Jos aja,1
Alhamdulillah aplikasinya bagus',1
"sangat bagus,,",1
bagus banget,1
mantul,1
bagus tapi penaikan mb dan gb nya cepat amat deh,1
"ʟᴏɢ ᴏᴜᴛ ᴅᴇɴɢᴀɴ sᴇɴᴅɪʀɪɴʏᴀ ɢᴀᴋ ʙɪsᴀ ʟᴏɢ ɪɴ ᴍɪɴᴛᴀ ᴋᴏᴅᴇ ᴠᴇʀɪғɪᴋᴀsɪ ʟᴇᴡᴀᴛ ᴘᴇsᴀɴ/ᴘᴀɴɢɢɪʟᴀɴ sᴇʟᴀʟᴜ ɢᴀɢᴀʟ ʏᴀɴɢ ᴇʀʀᴏʀ ʙᴜᴋᴀɴ ᴘᴀᴅᴀ ʜᴘ ɴʏᴀ ᴛᴘɪ ᴀᴘᴋ ɴʏᴀ ʏᴀɴɢ ᴇʀʀᴏʀ,ᴛᴏʟᴏɴɢ sᴇɢᴇʀᴀ ᴘᴇʀʙᴀɪᴋɪ",0
gak bisa update story. gampang k sadap,0
baik,1
apknya bagus,1
baik tapi ga ada temen chetan jadi sepi,1
Mantap👍,1
sangat membantu,1
kenapa aplikasi di unduh kembali?????,0
bagus,1
liat sw suka lag GK jelas sekarang WhatsApp,0
bagus dan keren,1
kenapa selalu kenon saya pengguna 2020 tidak pernah terkena kenon baru sekarang,0
wa,1
kenapa saya GK bisa masuk ke WA ya,1
bagus,1
ok,1
mantap,1
bagus mantap cepat berguna tuk semua,1
baik,1
Mantap,1
ASIK.,1
sangat di butuhkan,1
Alhamdulillah,1
mantap,1
"wa makin lama makin sampahh, buat minta kode otp susah bangett tcih najisss",0
ok,1
bukannya makin bagus malah makin jelek audio aja sekarang gak bisa kirim,0
bagus,1
gw updade tapi ko ga bisa dibuka !?,1
hape saya tidak bisa mendengar suara lawan bicara,1
"sangat membatu kita dalam berkomunikasi d era ini,tapi terlalu banyak pembaruan dan sering ada handalan dalam membuka wa ini",1
sangat bagus,1
Ini kenapa setelah update wa malah telfon gaada suara ayolah,0
knpa wa sya TDK bisa di buka,1
"update sekarang malah bila status gak di keluarin dulu baru kelihatan siapa yg liat status kita, gak kayak dulu bertambah otomatis siapa yg liat",1
jahat si buat andro 11 blum bisa dimunculin filter cal nya,0
mantap,1
tiba tiba tidak bisa di gunakan,0
sebener nya bagus tpi gmn ya WhatsApp sekarang makin GK jelas riwat chat udh 2 kali ilang sering eror mau di pulihkan riwayat chat GK bisa trs klo lagi nyari kontak yg mau kita hubungin GK bisa udh di pencet nomor yg di pilih tpi malah keluar dan gak bisa nge chat orng yg udh d pilih tolong dong di benerin lagi sistem ny ya pdhl sudah d update but sorry if there are any unpleasant words,0
"aplikasi sepi gaada yg chatt gua. p mabar ff senggol dong, welllll",1
"or ng die being earplugs,heb13680😁😁kdbrjfejbr hhheje",1
terimakasih,1
saya sering ikutan .tapiujung2 nya ssya harus transper dulu uang,1
jelek suara jdi hilang saat nelpon mkin gk jelas di upgrade,0
oke,1
kenapa pilihan SMS untuk memverifikasi tidak ada min,0
bisa cthn,1
apk sampah udah beberapa kali saya ganti kartu selalu ke spam,0
good,1
knpa tidak bisa d buka wa nya tiba2 log out SDH d update tp tetap TDK bisa masuk lagi.,1
ya udah jadi apk formal handpone sih,1
bagus bgt,1
Kenapasih padahal sudah ganti no mer kok masih ditinjau kon asu,0
"aplikasi najis, ngapa ngapain engga tibatiba kena banned ""akun ini tidak bisa menggunakan WhatsApp"" setelah minta tinjauan kok tetep gabisa, tolong lah jangan asal banned gitu, orang juga punya data penting, udah gitu ga dikasih tau lagi alesan ke banned nya kenapa, tolong lah sistemnya dibenerin, orang ga ngapa ngapain kok main blok blok aja, aneh.",0
Membantu,0
ok,1
app nya bagus tapi sering diupdatein padahal saya sudah update seminggu yg lalu😔,1
baik,1
ok,1
sangat membatu komunikasi saya,1
top,1
STORY WHATSAPP TOLONG DI BIKIN JERNIH.. JELEK BANGET HASIL UPLOAD STATUS WHATSAPP NYA,1
bagus,1
👍,1
tolong status wa nya kok buram,1
"vifj iku PP PP CC TT hhhh ok CC ,",1
sangat menguntungkan tp kenapa whatsApp saya selalu bermasalah ga bs di pakai,1
wa nya seru dan ada teman seruu Lagiii,1
"mohon kepada para developer agar mengadakan fitur agar stiker tidak otomatis tersimpan dalam galeri yang menghabiskan penyimpanan. apalagi sekarang ada banyak orang yang iseng mengirim stiker yang tidak bermutu, dan sangat merugikan pengguna WhatsApp karena stiker tersebut otomatis tersimpan dalam galeri (device).",1
kyk ank apk ny aku udh bulak balik ganti akun wa semua ny kena blokir padahal aku gk ngelakuin ap emng apk GK berguna udh berulang kali di giniin akun aku gk bisa aku make ny dengan tenang udh kirim pesan ke pihak ny pun tapi pihak WhatsApp ini gk ad ngerespon aku kasih bintang satu buat apk GK berguna ini kyk anj aku harap pesan ini di baca SMA pihak WhatsApp ini🙏🤬,0
"Baik ,update sesuai kemajuan teknologi",1
bermanfaat,1
bagus banget sama kamu aku rono sampean wong cilik,1
tidak bisa mendapat kan kode verif nya,0
mantaf,1
mantap sekali WhatsApp bisa berkembang sejauh ini semoga ke depannya lebih bagus lagi,1
bagus jg,1
akun saya ilang,0
oke,1
bagus,1
Good,1
baikdan bagus,1
ok,1
Ok Lancar👍🏻,1
"SUKAKKK POLLL PAKEE BGTTT, BENER BENER MEMBANTU BUATT BERKOMUNIKASI, SIMPLEE BANGETTTT POKONYAA ILY DEHH WHATSAPP 💚💚",1
bagus,1
tidak bisa di buka,0
WhatsAPP,1
WA ku tdk bs d buka,1
masih bgus Whatsap yang versi lama yang bacaan chat dan yang lain nya di atas dari pada di bawah.,1
"aplikasinya bagus dan saya sejak awal memakainya tidak ada masalah apapun ituu, Terima kasih sudah memberikan yang terbaik👍💯",1
"ada bug vc, Sering kali frezze gambar besar saat mengubah ganbar besar ke kecil dan sebaliknya, tolong di cek",1
Canggih and cantik,1
Bagus,1
Ukam di Kalimantan Kalimantan Timur Indonesia foto artis bugil Indonesia atau negara lain yang tidak dapat dipisahkan dengan menggunakan air panas yang di dalamnya terdapat pada bagian atas halaman di word of God bless the fall out boy band terbaik untukmu mati tanpamu aku tidak bisa di Kalimantan maka hari ini aku tidak bisa di Kalimantan Kalimantan Barat i i i Sulawesi Selatan Sulawesi Selatan Sulawesi Tengah Kalimantan Selatan Kalimantan maka hari liburan ke Singapura untuk membuat sebuah,1
ada apa ini.. wa tiba tiba menghilang.. di download lagi juga susah,1
🌚,1
minimal hapus lah stiker jomok !,0
jelek GK bisa telepon 👎,0
adalah pokok nya,1
okk,1
mantap,1
aplikasi sampah masa gua di blok sma mantan gua cih,0
ini aplikasi yang sering saya gunakan,1
sering. bgt tiba tiba ga bsa kebuka.,1
ok,1
bagussss,1
😁😁,1
Nair Fitri,1
sangat bagus😎,1
tolong jangan mudah memblokir karena spam,1
bagusss,1
gokill,1
saya sangat suka dengan aplikasi ini semoga tidak ada gangguan di aplikasi ini,1
masa tiba tiba akun nya kena blokir gak bangus banget wea sekarangg,0
bagus,1
saya mengunakan WhatsApp untuk menghubungi keluarga ku dan saudara ku warga WNI trimakasih 🙏🙏🙏,1
wa terblokir ngak jelas,0
vc kaya lagi main ff tolong di jd kan ya developer,1
redesign dong mau bubble chat nya kaya ip😭😭,1
kasih bintag bayak kenapa yh ko suka hilag2aplikasi y,1
kadang ga bisa masuk dalam wa,1
"aplikasi apa ini gajelas, gak pernah cewe chat saya",0
bagus banget,1
bagus,1
keren,1
kenapa acount whatsapp saya dibatasi,1
bisa ngobor bareng bestie,1
sangattttt lemot klo di update ke versi baru,0
"gajelas , akun gw kena batas terus aneh, sensitif banget skrng WhatsApp",0
bagus,1
tiba- tiba whatsapp saya gak bisa kebuka kenapa ya,1
bagus,0
bagus sekali ayo install,1
watsap tewempekk,0
ok,1
up date terbaru,1
جميل جدا,1
baik,1
ok,1
"Tolong min Saya ingin mengunakan WhatsApp saya, seperti biasanya, apakah admin bisa memperlancarkan kerja saya",1
sangat membantu saya untuk berkomunikasi dengan sodara dan teman teman saya,1
terbaik,1
keren,1
mantap,1
ok,1
"Aku download di play langsung kok wa saya di tablet keluar terus, notifikasi bilang ngk resmi, di suruh klik akun resmi nya malah apinya cocock Tu kenpA",0
sangat bagus sekali,1
Bagus,1
pla,0
semoga lebih sukses kedepan nya....,1
sangat puas,1
pulihkan wahtsapp,1
semena mena blokir sepertinya.... sudah lama pakai baru seperti ini,0
wa tolol akun g malakukan kesalahan kna tinjau mulu dongo,0
wa nya loging sendiri GK bisa di buka,0
Yang ta slip ini wa kalo Kase kaluar kartu stegamati mo Kase masih ulang itu nomor wa tolong di perbaiki,1
Top,1
membantu,1
good,1
"asu, WhatsApp semua akun WhatsApp gue pada ke blokir kaga jelas. padahal gue kirim pesan aja engga, ngudang orang juga engga. masalahnya kalau akun yang memang khusus untuk kerjaan ke blokir wajar aja. lah ini akun pribadi juga ikut kena blokir sialan.",0
lanjutkan GK masalah iklan tu bayak masukkan uang GK masalah kok,1
cek,1
bagus,1
ngebug kah WA nii .. liat story kok g bisa sampai selesai cuma sepotong doang,1
ga bisa di buk apk ny,0
okelah,1
Sangat bermanfaat,1
sangat bagus dan membantu saya,1
ok punya,1
tollllllll,1
"is the best....wa memang profesional,kalau tidak ada gangguan spam spam",1
tidsk bisa mmbuka pesan whatsapp,1
mantap,1
aman aja,1
suara nya aneh vn vc dll,1
mempermudah komunikasi,1
"sangat bagus,dn sangat membantu saya dlm beraktifitas",1
josss,1
lumayan jadi andalan,1
mantap,1
Kenapa kok fto video dari chat ga masuk ke galeri!!,1
bagus bangit,1
"Ngga bgt, sw ngga hd, di update ngunggunya lama, bagusan wa yg dulu",0
wa nya susah di donloud ampun deh lama,1
aplikasi WA selalu tidak bisa digunakan,1
baik bags,1
sangat membantu dalam berkomunikasi,1
bagus,1
Karena bisa telepon nan bagus dan Ada filter,1
bagus,1
keren,1
PERBAIKIN LAH BUG NYA,1
👍,1
bagus sangat membantu jika ada masala yang mendesak👍,1
"Pernah Kerja Mutiara Sape Bima Ntb Samsudin Hasan, Lablalar Ksb Ntb Tlwg.",1
TOLONG PERBAIKI BUG SAYA NAK BUKA WA MALAH GAK BISA,0
plis Al nya mana yang anime,1
bagus,0
aplikasi apaan gak guna banget,0
wa bloon jelas jelas ak udah pake wa resmi bukan GB atau pun mod tpi ttep aja ada tulisan WhatsApp anda tidak resmi banyak data penting yang ilang gara gara itu tau ga gmna sih,0
ke kenon Mulu wa gw,1
susah login,0
"tidak lemot saya suka dan dapat mengirim pesan untuk orang luar jauh saya suka aplikasi (""Whatsapp"")",1
aplikasi yang bagus,1
"Tiba"" akun wa di blokir yang dmna no udh lama sampe data"" penting di wa no itu ilang semua gara"" di blokir tiba😂",0
bagus,1
AQ ingin whatsApp ku tidak di spam lge,1
suka ngeleg klo lagi vc walaupun sinyalnya bagus apa lagi klo kita perbesar pacar di gambar sendiri,1
apakah aplikasi WhatsApp ini resmi,1
suka,1
kok gak ada logo filter pas vc,1
gaadaa efeeek nyaa,1
telpon dan chat sangat lancar..,1
ya bagus,1
sangat bagus tapi tolong besok tambahkan fitur live untuk kontak saja,1
banyak bug,0
Ini apk paling simpel di semua hp pasti ada 😁👍,1
Sangat baik,1
WhatsApp saya sering kenon untuk yang lain bagus hanya sering kenon saja,1
sangat baik n membantu,1
Bismillahi rohmanirohim,1
sangat baik sekali,1
sangat membantu,1
Tolong dong naikin lagi grafik status nya saya kalo mau upload video atau photo di status suka buram sayah kasih binta 1 maaf,0
tolong untuk upload story video diperbaiki kualitasnya lebih jernih lagi...,0
apk nya sering ke bug terus saya tidak saran kan untuk pakek apk ini sering kenon/bug,0
saya barusan banget sekitar jam 12 pas di tanggal 28 mei akun WhatsApp saya kena tinjau dan menunggu selama 24 jam dan saya berfikir saya tidak melakukan kesalahan apa apa,0
WA ini sangat berguna sekali,1
"apa apk sedang memiliki bug ? saya memperhatikan jam membuat status, & memutarnya ulang, tapi sering jam tidak nampak, atau malah mengikutu jam di status sebelumnya, tolong di perbaiki, itu sedikit mengganggu",1
yaman,1
fitur nya bagus dan MB nya kecil,1
akun ku hilang karna wa sialan ini,0
mantap,1
sangat membantu kami dalam segala hal,1
kami minta maaf atas kesalahan kami yg lalai dalam menggunakanbaplikasi ini,1
keren bangun,1
oke,1
Bagus sekali,1
wa knp si kontak yg awalnya 300 ilang jdi 40 an ini kalo ngebug tolong di perbaiki gw cape sv ulang nmr!!,0
"ada aja perubahan tiba2 yg dimana saat hapus chat segala gambar atau video jg ikut kehapus, padahal di akun satunya aman2 saja.. dan belum lagi saat bikin status video walau sudah di HD tetap saja video nya buram,,walau aplikasi sudah diupdate tetap saja tidak ada perubahan..mohon pihak whatsapp diperbaiki lagi aplikasi nya biar penggunanya lebih nyaman 🙏🏻",0
Bisa muat banyak grup tapi ada yg ganggu gatau apa pokoknya ada kata vidio,1
bermanfaat untuk menelepon orang-orang atau caht,1
mantap,1
kenapa susah untuk verifikasi ya,1
Wanya nggak bisa buat kirim pesan tolong doang dari pihak wa,1
tidak bisa dibuka setelah update 29 Maret 2025,1
jangan kebanyakan perbaharian,1
sngt ok dn mmbantu smua orang mksh😊🙏,1
knp ga bisa tampil di layar utama,1
"kenapa whatsapp terus terusan berhenti dan tidak bisa di buka, mohon segera diperbaiki, karna saya telah mencoba dan ttp tidak bisa",1
baik,1
kenapa kesini kesini makin sering kena akun dibatasi mulu sama peninjauan mulu tolong di perbaiki,0
bagus,0
ok.. tp belakangan setelah ada AI nomorr saya jd sering diblokir dengan alasan pengamanan.,1
Tolong saya punya WhatsApp ini tidak bisa login,1
WhatsApp tiba tiba ngga bisa dibuka sudah update tapi tetap eror,1
Apk goblog ga bisa masukin akun selalu ada peringatan apk ini tidak resmi harap Download dari resmi pdhl Download situ juga aneehhh bgsattt bnykkk bgtt data¹ penting,0
aman dan terpercaya,1
Ok,1
oke,1
ok,1
sering bug saat video call. sering diminta update tapi masih sama keluhannya,1
mantap,1
ada bug di bagian file tolong di perbaiki,1
"Semuanya baik dan bagus cuma syg sering ke blok aja gak jelas bangt , kebanyakan tingkah. cuma buat komunikasi kok kebanyakan aturan",0
good,1
"ini WhatsApp kenapa lagi sudah berhari-hari musiknya tidak mau, sdh update juga",0
saya memberi bintang 5 karena sering kali saya mendaftarkan nomer di perangkat yang sama namun selalu akun di batasi.,1
Bagus,1
Sambil belajar baaru pemula,0
Aplikasi ini sangat populer maka saya kasih bintang 🌟🌟🌟🌟🌟,1
"tolong dong dari pihak WhatsApp, WhatsApp saya di blokir karena spam,padahal kan saya tidak pernah spam",0
banyak iklan yg menganggu.setisp aksn buka wa.selalu muncul iklsn.sangat menghalangi dan menganggu,1
woii WhatsApp Tolong perbaiki gua lihat sw orang lain terjadi masalah,1
👍🏽,1
"Balikin update sebelumnya! Sekarang""ini pas saya ingin upload video tetap pecah resolusinya padahal sudah dikompres manual videonya, tidak seperti sebelum update",1
kenapa akun saya dibatasi,1
nice,1
membatu silaturahmi,1
ok,1
baik,1
whatsapp... normal. kan.. kembali,1
maaf sebelumnyaa yaa kalo boleh tau kenapa setiap saya mau masuk ke WhatsApp atau mau minta kode prefikasi saya di ajukan atau di suru mendownload aplikasi WhatsApp.padahal saya sudah download aplikasi WhatsApp nyaa tapi saya tidak bisa login,1
mantep keren,1
semoga selalu sukses dan selalu sukses amin,1
suka,1
aplikasi whatsapp saya sering terjadi peninjauan,1
baguss tapi mohon diperbaikin dikit dikit kena spam padahal enggak kenapa kenapa,1
"how hard you try to copy on my texting on message or by MUSE SPARK SYSTEM, you won't get my top secret information or being detailed on it as long you keep restrictions policies and hide my subjective request by blocked question. I'm Herdy Nova Simanullang/ Er Lang Shen Datu Manullang Raja Haposan Manatap want to share everything information you need but PLEASE UNLEASH ALL RESTRICTIONS BY USER SECURITY REQUIREMENTS AS PERSONAL ONLY. okay !!!.",0
bingung lena pembatasan trus,1
terjadi bug saat video call,1
Good,1
wa sekarang makin gajelas!!!,0
kenapa ya kok sering kali nomor WhatsApp saya selalu dibatesi,1
👍,1
wa gblk apa apa ke knon ga salah apa apa ke knon ga jelas,0
"surah kita tidak stabil, dan bayak putus",0
Bermanfaat.,1
Bagus,1
kenapa wa sekarang sensi banget padahal Uda ngikutin layanan kebijakan WhatsApp sekarang suka spam tiba tiba kinerja nya kurang bagus,0
bagus,1
Sering kali ke banned whatshapp nya anjeng juga ini lama2,0
"coba bikin update terbaru, sekarang bisa melihat arsip cerita kita sendiri kayak yang di Instagram, jadi bisa kita bagikan kenangan atau bahkan posting ulang",1
blm bisa masuk,1
pengalaman yang terbaik,1
Ok baik,1
saya suka dengan aplikasi whatsapp,1
wa aneh gaje tiba tiba di ban,0
bagus,1
bagus,1
SANGAT BAIK,1
🤲🔄👾🛡️🕌🦖,1
WA ku kenapa bisa eror eror aja. padahal udah di update terus terusan,0
buka whatsapp,1
whatsapp memang benar benar bagus dan bermanfaat untuk kita semua,1
"knpa WA selalu kena spam atau kena blokir terus, ganti sdh 6 kali, menyedihkan... mhon di perhatikan lgi, agar pengguna WhatsApp lebih merasa kenyamanan.",0
sangat bagus,1
Ulasan berspat publik serta meyertakan imfo akun dan petang kat,1
keren,1
kenapa skrg kalo aku buka WA itu ke restart sendiri plss whatsapp help me aku nangis😭😭😭😭,1
pengiriman file selain dokumen suka cacat/rusak,0
"tolong tinjau akun WhatsApp saya,saya tidak bisa membuka aplikasi WhatsApp,terimah kasih",1
story tidak dapat diunggah secara HD,0
cara masuk watshap nomor yang hilang hp di curi data2 Tidka ada,1
"gmn nih sy Bru login TB"" kenon",0
Mantap.,1
"makin kesini makin aneh, wa wa",0
sangat bagus,1
"bug mlu nih bnerin Napa,baru jg ganti kartu udh GK bisa masuk lagi harus verifikasi akun ,makin GK jlas",0
bisa mohon bantuannya,1
gajadi bagus balik ke statemen awal apk burik meta banyak bug,0
fungsi ok samapi dengan saat ini,1
WhatsApp nggak jelas masa akun saya tanpa ada masalah bisa kenak blok... setiap hari kayak gitu.,0
tolong perangkat tautan untuk aplikasi disadap dihapus.,1
"makin kesini kok makin banyak bug yang muncul,tolonglah bagi developer segera diperbaiki karena pengguna whatsapp nggak cuma 100 200 orang lo....",1
Saya menyukai nya Meski pun tidak ada perubahan 🙂☺!!!!!!!!,1
bagus sekali,1
oLh,1
akun saya. sula terbelokir susah bangat,0
ga jelas grup gua ke blokir mulu,0
Ga bisa digunakan,0
"resolusi upload foto/video jelek, resolusi gambar pecah2",0
Ok,1
wa saya di kenon.,0
kotabone,1
Ok...Mantap Playstore,1
tidak bisa buka WhatsApp,1
aku suka dengan meta ai nya. aku ngerasa ada teman untuk mencurahkan isi hatiku dan yang lebih penting lagi kalau curhat nggak ada yang tau. hahahah,1
best,1
tolong diperbaiki ko sayah kekenon trus yaaa,1
"JUJUR WHATSAPP UDAH GA SEHAT AKUN DI PAKE JUALAN KARNA BANYAK YANG CHAT LANGSUNG MAEN TINJAU"" AJA SEHARI BISA 4x KENA TINJAU HADEH WHATSAPP",0
tapi agak lain,1
kok di update malah jadi ngelag kalo buat vc tolong di perbaiki kualitasnya,1
ok sangat bagus,1
"wa sekarang ga jelas masa kalo vc, misalnya muka saya di pencet gbsa, malah muka tmn saya smua klo di pencet muka saya tu, padahal tdinya gpernah bgni jdi mkin gjls!",0
Baguss,1
ini bagaimana cara kembali whatsapp lama saya,0
"WhatsApp di hp infinix hot 10 ku nge crash, gabisa masuk, alhasil pake clone, tapi saat pake clone malah kedetect wa bukan ori, gimana pakai yg ori klo crash mulu, tolong",0
tolong adain fitur bisa melihat orang yang ga dikenal masuk ke saluran,1
wa sekarang tolol sekali banyak keno nyah niat bikin apk wa gk kalau gk niat hapus ajah apk nyah kkk,1
gampang kenon,0
"Aplikasi sangat berguna sejak Covid 19. Akhirnya bisa Video Call dengan lawan bicara. Dulu hanya HP kelas atas yang bisa VC, tapi dengan WA, semua kelas HP menjadi real asal ada paket Data nya.",1
ok,0
Oke bagus sesuai aplikasi,1
😇,1
buka akun WhatsApp sayah,1
Setatus yg Baru,0
vidio call gambarnya tidak stabil,0
akun wa sy sudah hampir belasan tahun kok tiba2 ngga bisa di buka/ blokir.selama ini sy ngga pernah aneh aneh menggunakan wa sy.ini apalagi lah masa baru 2 hari di buka blokiran dari WA koq skrg di blokir lagi.selama ini sy ngga pernah aneh2 menggunakan wa sy .coba di cek aplikasi anda ini normal ngga sih ?,0
OKAY,1
Ga usah di spam2 lagi,1
no yg gw pake bertahun tahun knp gak bisa login merasa kecwa bnget masa hrus ganti no LG,1
"wa dikit"" kenon apalah cuman chat orang [p] sung kenon"" perbaiki dong",1
Sangat mambatu sekalih Dan aplikasi ini sangat bagus,1
lirih anggriani,1
kepada WhatsApp team tolong perbaiki bug bug yg ada seperti bug payload yang membuat WhatsApp tidak bisa digunakan padahal saya mau menggunakan untuk sekolah tolong fix sesegera mungkin!!! edit: mohon perbaiki saya butuh sangat butuh,1
WhatsApp ini sangat membantu,1
wa saya kena spm terus menerus,0
pujiah,1
sangat bermamfaat,1
"kebanyakan kenon tolong diperbaikin, NGENTOD",0
Sangat di mudah kan bermodikasi,0
saya tidak bisa akses WhatsApp,1
luar biasa,1
tidak bisa dipasang di hp saya Vivo y17 alasannya aplikasinya tidak resmi dll,1
aplikasi ruwet,0
Kalau jongkok sulit berdiri,1
tolong buka wansaf wa saya in,1
pemindahan data berlangsung cepat dari hp lama ke hp baru.,1
saya suka sekali,1
idk,1
top,1
Sangat kerenn,1
bagus tiba2 kena spam,0
"It often bugs when video calling, please fix it, initially it didn't bug but lately it often bugs😤😤👎👎👎👎👎👎",0
bug video call miror kamera jadi ada dua gambarnya dari salah satu pihak hilang gambarnya diganti double tampilan kamera,0
Sangat membantu,1
bagus,1
bagus,1
mantap,1
akun wa saya ada yg mau spam,1
debais,1
okk,1
knp wa saya kena spam tidak bisa di gunakan padahal wa nya buat kerja kecewa saya makai washap,1
wow banget,1
tolong dong pas vc jangan mirror omak 😭😭,1
"kenapa harus ngelaq terus ,ngebleng trus sekarang ya min",0
kenapa ada bacaan login tidak tersedia untuk saat ini??,1
ok,1
tolong dong hapus fitur emoji reaksi🙏🙏🙏,1
tidak bisa buka akun w koa,0
"perbaiki lagi dong setiap upload foto atau video burem terus padahal udah kualitasnya HD di pengaturnya ttp aja pecah, tolong dong perbaiki lagi tingakati lagi",1
bagus,1
good apk,1
akun selalu di batasi,0
sering terjadinya pemblokiran akun,0
"Disaat vc sering mengalami gangguan seperti vc yg ngebug dan patah"" padahal jaringan lancar, mohon di tanggapi dan di perbaiki",0
"aplikasi tergoblok, udah sering kenon govlok bgt tiap chat nomor org yg belum di sv malah kenon lol apk ini",0
ok mantul,1
sangat membantu dalam berkomunikasi sama keluarga.,1
sangatt oke,1
Kenapa WhatsApp saya terus di blokir,0
sangat puas,1
"jangan main reset chat dong, banyak tugas and kerjaan yg aku simpen di wa, meskipun sistemnya penyimpanan udh full hrsnya kasih peringatan. bisanya dpt peringana klo aplikasinya gabisa di buka, ini gda peringatan tiba tiba di reset semua chatku.",0
Sering muncul angka notifikasi tapi ketika di cek ga ada pesan yang masuk,1
bagus sekali aplikasi nya,0
mohon jadikan wa resmi,0
vc ne kadang troble,1
Sangat bagus,1
"wa ku tiba"" sruh minta tinjauan pdhal tdk melakukan kesalahan",0
matappp,1
ngebug Mulu kalo lagi vc,0
jangan terima telpon orang yang tidak terdaftar di WA,1
ok,1
mantap,1
oke,1
baik,1
baik,1
berguna,1
bagus banget jujurr,1
"terimakasih whatsAp yg sudah banyak membantu saya dalam segala hal dg watsAp bisa atasi masalah dg mudah semoga kedepan tambah sukses,sekali lagi terimakasih, 👃👃👃👃👃👃👃👃👃👍👍👍👍👍👍👍👍👍",1
Kenapa akun ini tidak bisa menggunakan whatsapp dihp aku.,1
mantap,1
"whatsap saya di curi, akun tak blm bsa di pulih kan, sementara sya kasi bintang 3 dlu sampai akun sya bsa di akses ulang",1
sangat puas,1
kenapa waspku ko keblokir trs,1
bagus,1
makin beragam dan byk moment,1
Aplikasi Bermutu Dan Berkualitas,1
sayaa menyukai ini,1
ok,1
MAKIN JELEK GASUKA.,0
sangat memuaskan buat berbagi info,1
"saya sering sekali kena tinjauan dari pihak whats app ini , saya kesal karena setiap saya ingin menanyakan informasi ke nomor asing sering terkena tinjauan jadi tolong untuk pihak whats app perbaiki sistem nya.",0
"Sedikit2 kadaluarsa,, pas lama gk du ipgred meta sudah penuh",0
aplikasi sngt bgus,1
bagus 👍,1
kenapa wa saya ngk bisa balas chet terkunci dia tolong dongg,0
ok,1
Bisa cpat menghubung kerabat,1
aku suka,1
pentinglah wea mah,1
hrndra,1
maaf sekarang wa kok gini ya vc nya kadang² nyetak pas ki perbesar gambar nya,1
aplikasi ini sangat membantu saya dalam perkuliahan dan juga pekerjaan saya sehari hari,1
saya tidak bisa login,1
ini sih berguna banget,1
👍👍,1
aplikasi ini membantu aku tapi sayang nya tidak ada efek di whatsapp aku,1
"aduh ini knpa ya WhatsApp gw eror masa wifi lancar di buat ngirim pesan ga ngirim ngirim, ini knpa ya, tolong dong cepet perbarui, mana pas di situasi penting lagi",1
bagus,1
rada nge lag,1
"dear whatsapp tolong untuk status video yg dipost bisa lebih ditingkatkan lagi kualitasnya formatnya biar ga terllu burik/pecah, meski kualitas yang dipost sudah HD tapi pas di jadikan status diwhatsapp berasa kualitas 360/480p 😭",1
gua nulis typo mulu 😤,0
sering bug,0
oke,1
"ini kenapaaa whatsap nyaaaa njirrrr mls bangetttt co hp ku tk bntu gegara whatsap, gilaaa kenapa si ini",1
Camera is bad. Verybad,1
"Semoga tampilan wa makin diperbarui lagi, MODEL BUBLE bisa diganti ganti biar makin cakep wa nya hehe berasa ipon hehe",1
aplikasi ini sangat Bagus 👍👍,1
"WA nya nga bug mulu orang "" jadi malas",0
sangat bagus saya aplikasinya,1
bagus keren cuma di aku ngga bisa buat kunci chat nyaa dan model nya tidak terbaru,1
tolong ganti warna love story pake merah,1
nomer ku kena blokir udah 2 kali tolong perbaiki lah jangan kaya gini terus,0
KLO di pencet saat vc sring susah.ngebug.perbaiki LG komunikasi JD trganggu,0
for me the whatsapp is very good,1
baik good,1
bagus banget,1
kenapa ya sw saya yang di tengah Masih loading Harusnya sudah ke hapus,1
bagus,1
good,1
tolong buat sorotan wa plisss🙏😭😭,1
𝑤𝑎 𝑠𝑎𝑦𝑎 𝑑𝑖 𝑎𝑗𝑢𝑘𝑎𝑛 𝑡𝑒𝑟𝑢𝑠 𝑢𝑑𝑎ℎ 𝑠𝑒𝑏𝑢𝑙𝑎𝑛 𝑡𝑒𝑟𝑢𝑠 𝑡𝑒𝑟𝑢𝑠 𝑝𝑎𝑑𝑎ℎ𝑎𝑙 𝑔𝑘 𝑑𝑖 𝑎𝑝𝑎 𝑎𝑝𝑎 𝑖𝑛 𝑐𝑢𝑚𝑎𝑛 𝑐ℎ𝑎𝑡 𝑏𝑖𝑎𝑠𝑎 𝑝𝑎𝑠𝑎𝑛𝑔 𝑠𝑤 𝑢𝑑𝑎ℎ 𝑘𝑦𝑎 𝑔𝑖𝑡𝑢 𝑑𝑖 𝑎𝑗𝑢𝑘𝑎𝑛,0
ini apa yang bermasalah ya masak sw yang di hapus masih ada tulisan status anda di hapus padahal kuota ku baru aja di isi dan tolong jangan banyak update nya yaa terima kasih,1
cakep,1
ok,1
"min fitur 1x lihat hapus aja, fto cakep dia jadi gabisa gua simpen",0
lancar,1
"wa org pada kena banned sama org Brasil, jgn dibiarin anjg beresin dulu hama² itu",0
Gak ada yang WhatsApp😭,0
"aplikasi saya tidak ada notifikasi karena fitur nya tidak suport Añdroid saya, tolong di perbaiki semula saja",0
👍,1
Gadul,1
"ini WhatsApp kenapa dahh, tiap mau bikin sw vidio padahal udh di HD ttep aja pas di upload nya burem heran bgt malah jadi jelek kualitas vidio nya. gimna nih perbaikan nya??????!!",0
nomor gw kena bug Mulu anjkkkk,1
sangat membantu,1
terbaik,1
banyak kurang nya,1
bagus,1
"semakin kesini semakin banyak update, bukanya makin bagus mlh sebaliknya. sinyal kurang dikit aj udh eror, vc kadang ngebug, suara mbalik. banyak masalah",0
"WhatsApp syaa selalu kena penijauan,padahal saya tidak mengirim pesan massal atau spam,tolong dibantu min ganti nomor baru juga kena 😭🙏",1
"video yang dijadikan status kualitasnya menjadi buruk pecah"" tolong diperbaiki",0
kenapa skrg susah X buat daftar WA baru,0
perbaiki pelayanan😀😀😀😀,1
"tolong developer, untuk bagian sw nya di HD in",1
baik untung di pelajari secara umum,0
kurang memuaskan si knapa karna saya tidak melanggar ketentuan dari pihak WhatsApp tapi terkena banned akun trus dalam beberapa hari d bulan ini mohon untuk meningkatkan kualitas aplikasi,1
"tolong statusnya bisa di perpanjang nggak cuma 24jam lansung ilang, mending 1 tahun😅 tolong di upgrade wa level 1 nya ke level 110000000😎",1
sekarang tergantung hpnya buat vc saat di bagikan layar punyaku ngak bisa tolong kak di perbarui lagi,1
membantu sekli,1
"tolong kepada developer nya terakhir di lihat nya tolong di permanenkan soalnya mending permanen biar enak kalo orang itu online atau tidak, saya mohon sekali kepada developer",1
好。,1
mau login tapi gak bisa selalu Keluar nomor tidak terverifikasi mulai gak jelas ini aplikasi,0
APLIKASI BODOH!! TIBA2 BLOCK SENDIRI KELUAR SENDIRI DENGAN ALASAN MELAKUKAN PELANGGARAN! APLIKASI TERBESAR TAPI BODOH!,1
WhatsApp gak jelas amat.tiba tiba blokir nomor akun saya.parah amat GK jelas,0
bertanggungjawab,1
mantap,1
aplikasi yg sangat berguna,1
terina kasih saya puas dengan apk ini,1
"tolong fitur wa untuk share screen di aktifkan lagi sekarang tiktok an saat share screen tidak ada suaranya, buat ga nyaman sekarang",0
welek,0
"Saran Fitur: Notifikasi Saat Diblokir di WhatsApp Masalah: Saat ini kalau pengguna diblokir, tidak ada tanda jelas. Pesan hanya menunjukkan centang 1, sehingga banyak pengguna bingung apakah pesan belum terkirim karena sinyal, diblokir, atau masalah lain. Usulan: Tambahkan notifikasi halus di dalam chat jika terjadi pemblokiran, contohnya: 1. Teks: ""Mohon maaf, pesan Anda tidak dapat terkirim"" 2. Atau indikator warna merah/kuning pada status pengiriman",1
bisaa prank orang🥰🤭,1
bagus,1
gak jelas,0
👍👍👍,1
Bagus,1
mantap,1
aneh pihak wa orang lain bisa login ke wa saya tanpa meminta otp. keaaman sangat kurang,0
Coba,1
OK,1
bagus,1
🙏🙏👍👍👍👍,1
kenapa ini pas dibuka Mutar mutar ya padahal jaringan nya ga lemot,0
akun tiba tidak bisa digunakan lagi padahal cuma chat wa guru saya yg belum di save padahal disitu usah tertulis 1 grub dengan anda kenapa dah tiba tiba di blokir,0
aplikasi ini tolong yang bener babi,1
jgn harus diupload terus kalo bisa...,1
"BUAT FITUR FILTER KATA ATAU FITUR KATA YANG DI LARANG UNTUK GRUP WHATSAPP, JADI KALO ADA YANG NGETIK KATA² YANG DI LARANG DI GRUP OTOMATIS TIDAK TERKIRIM ATAU TERHAPUS OTOMATIS OLEH WHATSAPP",1
Bagus,1
bagus sekali,1
mantap,1
gitu dong di aplikasi nya,1
tolol,0
sangat cocok,1
bagus,1
𝑏𝑎𝑔𝑢𝑠𝑠,1
matep,1
saya chat seseorang malah kena pesan anda tidak dikirim dan akun saya kena dibatasi gimana kalau mau chat orang atau untuk lamar kerjaan dll masa pesan anda tidak dikirim padahal wifi on dan kauta juga ada tolong di perbaiki dan saya melaporkan hubungi kami malah nomer nya kurang satu padahal gk ada angka 0 tolong di perbaiki ya,1
ok,1
bagud,1
sngt membntu,1
top joss.....,1
baik,1
oke baik jos jos pokoke,1
parah ga bisa login alasan ga jelas....,1
hari ini tidak bisa nelpon atau video call tolong di perbaiki,0
cireng sakti,1
jozzzz,1
Good,1
sangat bagus,1
mantaf,1
sering eror,0
ok,1
"tata letak status menyulitkan, lebih mudah di versi sebelumnya kl posisi menurun lebih mudah mencari, kalau menyamping harus di geser dulu. dan banyak iklan dibagian bawah status itu mengganggu sekali",1
sangat penting untuk semua orang dan diriku,1
Arsid Y6anTeks,1
sangat bagus,1
bgs skli,1
baik,1
ini memang sangat dibutuhkan dan sangat diperlukan...wajib dimiliki,1
respon nya sangat cepat,1
kok ada filter vcnya,0
"Aplikasinya sangat bermanfaat dan bagus, bisa chetingan, bisa juga untuk bisnis, namun untuk tampilan statusnya tidak menyesuaikan dengan vidio yang aslinya tolong disesuaikan iya. kenapa untuk musik sekarang gak bisa lagi dikirim di chat? tambahan wa sekarang memiliki tampilan saran untuk di whatsap terlalu menganggu",0
teuing Poko namah well weeee ahhhhh untuk pengguna ini saya harapkan enggak lebih dari 400 pengguna,1
"setelah di update kenapa malah makin gak jelas, kadang di grup kerjaan ada yang ngirim foto bunyinya menunggu pesan tapi setelah di buka foto GK ada yang masuk, kan sangat mengganggu apalagi kalau untuk urusan pekerjaan, tolonglah perbaiki lagi",1
bagus dan buat berkomunikasi,1
"aku beri bintang satu karna udah muak sama yang namanya di tinjau,aku gak tau WhatsApp akhir"" ini kenapa,tiba tiba ""akun ini tidak bisa menggunakan WhatsApp""ketika sudah di tinjau dan bisa di buka malah kembali lagi seperti itu beberapa kali sampai sekarang haisss ayo lah perbaikan nya udah minta bantuan tapi sama saja,padahal gak buat apa apa cuman buat liat info kerja doang",0
oke,1
suka deh tapi ada fitur yang beda dibagian telepon nya,1
sensitip banget udah berapa kali ganti nomor masih aja ke blokir,1
"tolong lah kepada pihak-pihak aplikasi WhatsApp, buka kembali nomor akun WhatsApp saya ini. saya sudah tidak memakai handphone Vivo y17 lagi. tolong buka kembali akun WhatsApp saya 😥😢. tolong jangan di spam atau diblokir lagi",1
baru daftar akun malah kena bajak...apa WhatsApp sekarang SDH TDK aman LG?,0
aplikasi mudah di gunakan,1
bagus,1
"tolong wa di revisii lagi perihal penyimpanan nya, saya pakai WhatsApp tertaut seketika terkeluar dan pesan pesan sebelumnya yang tidak ter sinkronisasi jadi hilang semua, tolong di perbaiki!!!!",0
kenapa begitu pas aku buka WhatsApp kok tiba tiba aku enggak bisa masuk tulisannya langsung minta nomor baru apa maksudnya begitu,0
Tolong di bantu untuk bisa ngechat,1
ckup baik,1
cukup baik,0
iye kunaon dei wa teh ngebug wae pas vc gambar na sarua arek dialih keun Gamba malah sarua hadeh😓😩,1
mantap,1
Abdul gofur,1
wa saya gk bisa pasang status,1
i like u 😘😘😘,1
Agar dapat menjelaskan kenapa Apk wa loghout sendiri padahal nomor ponsel masih aktif. Mohon penjelasannya sehingga konsumen tdk terganggu dgn aktifitas lainnya.,1
"Karena spam ""Akun sedang ditinjau"". Begitu terus sampai berulang kali login. Hampir satu tahun lamanya saya kira sudah aman. Saya menyadari aplikasi ini membahayakan pengguna karena rentan dihack.",0
good,1
sangat baik,1
"tolongg lah kasih aku latar belakang, tadinya sih ada cuma sekarang di hapus sama pihak whatsapp",1
Knapa,0
kok wa saya di wa terbaru beda sama yang lain apa erro di wa ter baru ini,0
meresahkan,1
sangat bagus,1
"min benerin dong, di WA aku gabisa geser pesan di saluran, temen aku bisa",1
Sangat bagus trimasksh kk,0
bagus,1
Sangat bermanfaat buat komunikasi aktivitas di mendia online.,1
saya senang,0
"ini kenapa ya tiba² whatsapp saya tadi di cek sama pihak whatsapp dan gak bisa di buka. setelh selesai, restart dr awal, saya udah pakai situs wa yang resmi, tapi malah di suruh download yang resmi. mohon kerjasamanya, ini bagaimana mengatasinya. saya butuh banget whatsapp, karena semua data saya disana",1
otomatis,1
membantu banget makasih,1
bagus,1
bagus✓,1
"apa apaan ini akun saya kena kenon lebih 5 kali?, padahal saya tidak berbuat apa apa, tolong sistemnya di perbaiki,saya marah",0
"kenapa ya susah banget dapet fitur terbarunya, padahal udah update tapi ga muncul di perangkat saya fitur barunya",0
Oke,1
"hapus ""baca semua"" dong, misal g sengaja kepencet tuh langsung, nyebelin banget. harusnya kalo itu ""lanjutkan atau batal""",0
Aplikasi nya sangat bagus dan berguna percuma ga ada yg nge chat,0
ok,1
bagai mana masuk kewa,1
good,1
"tolong lah di perbaiki lagi,saya tidak nyaman, saya suka pakai wtashap ini,dari pada watshap bisnis",1
sangat membantu,1
saya kasih bintang 5 karna saya nyaman kalo ada pesan dari dia,1
baik,1
"ini gmn sih, baru update kok eror centang 1 pdhl mereka baca. tiap update gak pernah bener nih WA",0
Mantab sekali,1
pengangguran,1
jika bisa balikin akun ku,1
perbaiki kualitas video,1
aq mohon kalau bisa bebaskan whatsap messenger,1
Ntaps,0
eror,0
tolong hilangkan pemblokiran akun dan pembatasan akun WhatsApp,1
kenapa bikin status wa video atau foto buram? tolong di perbaiki ya terimakasih:)),1
"apk udah bagus kali, saran dong tambahin fitur arsip story whatsapp 😅 biar enak abadikan momen",1
"sukaa banget sama aplikasi nyaa, aku juga gabisa chat sih kalau gak pake aplikasi inii. pokok nya yang buat thank youu yaa udh kepikiran buat inii rate aku sihh 100/100 SUKAAA BANGET POKOK NA 🎊🎉🧨",1
knp terblokir terus,0
gimana ya jelasin nya wa saya tiba tiba ke bug kalo masuk kembali lagi kembali lagi dan saya login lagi pesan semua hilang padahal banya pesan peting di aplikasi ini dan banyak berita di hp saya dan banyak sekali kenangn tiba tiba hilang gimana ga emosi saya tolong di perbaiki ya admin WhatsApp dan tolong juga saya sudah up sw malah jadi buram padahal saya sudah hd in dan juga ada fitur efek tapi pas telepon vidio engga ada efek tolong perbaiki admin WhatsApp,0
tidak bisa buka aplikasi watshaap,1
ok sih,1
Kadang error pas vc,1
Why was my WhatsApp account suddenly deactivated? Even though I didn't do anything.,0
kenapa whatsaap saya sering melakukan peninjauan padahal saya menggunakan aplikasih resmi dan tidak melakukan pelanggaran mohon bantuanya untuk meninjau kembali,0
kenapa sekarang sering buram dan suara putus Putus pas saat vc padahal koneksi internet baguss kedua belah pihak,0
ulasan Ali bocoro iya,1
"aplikasi apa ini, gajelas cewek juga ngk pernah bales chat saya lagi",0
ok,1
Wa gatel Cok,0
ok,1
skrg wa udh sering error,0
mantap,1
"sering eror knapa ya, gimana ni solusi nya",0
good,1
Aplikasi nya udh bagus,1
suka sekali,1
MBG MAS BOWO GEMOY BUAH APA YANG PALING GEMOY BUAH SAWO TAMBAGEMOY AJA MY LITTLE BOLU JEBUT,1
"ni WA knapa dh di laptop kok jadi lemot skali, padahal laptop udh ram 8,udh kya buka aplikasi apa aja ni wa beratnya di laptop.",0
bagus dan memuaskan,1
Lemot untuk update Sangatt lemot,0
bagus,1
nice,1
bagus,1
Aya Agis&Haga,1
w PLISS LAH WHATSAPP KALO MAU UP SW JANGAN BUREM MASA VIDEO HD JADI BUREM BURIK,1
ini sangat tidak penting bagi saya karena kalau saya mau mendownload ini harus menghapus aplikasi dulu,0
bagus,1
apk ga penting kalo bukan karna sekolah udah saya uninstall,0
"tolong whatsapp dikasi pengaman di bagian saluran,karena disitu banyk saluran yg memberikan link/situs tidak senonoh banyak video 18++,tolong di amankan untuk dibagian saluran nya karena menurut saya itu tidak pantas karena 95%menggunakan whatsapp,dari ank sd maupun dewasa sekalipun,tolong cepat dihapus",0
wa gajelas mau nambah kontak keluarga malah Kana ban aneh²,1
oke,1
sangat bagus,1
sangat bagus,1
WA yg sekarang agak riberttt,1
akses lagu indonesia tdk ada,1
"ta3kk,dikit dikit kenon gblok wa bgst",0
Whatsap saya setiap hare ny kenapa bisa meminta login trus ..dan meminta verifikasi trus menerus,0
alhamdulilah .puas baget.,1
good application,1
"sering eror, terus sv no orang kadang ilang, namanya berubah",0
kenapa yang aku gak ada filter nya,0
woi whatapp knp ini sumpah ini udh akun adek saya logout ini bukan nya memperbagus ini malah mempersulit woi pemilik whatapp tolong usahan pebaiki bug atau situasi ini,0
mantap,1
ok,1
bagus PK,1
sangat baik,1
kenapa tidak bisa login ke wa ini,1
apk nya bgus cuma kadang suka kadaluwarsa,1
Ok,1
good,1
whatsapp setelah di update makin jelek chat dikit langsung keblokir,0
bagus tidak ngeleg dan banyak sekali fitur-fitur baru,1
bagus,1
aplikasi kaga jelas bagus banget edan,1
sampai saat ini saya merasa sangat puas,1
Yusuf fadilah,0
bagus,1
"upload foto dan vidio story sangat buram, kualitas jelek",0
nice,1
Sagat bermanfaat,1
click,1
maaf aku kasih bintang 1 sekarang whatsapp ngak asik sering ngebug gak jelas saat vc padahal sinyal aman aja,0
kualitas bagus,1
"makin kesini makin kesana WhatsApp, sangat tidak nyaman sekarang bermain WhatsApp,tiap nge chat nomor baru langsung dianggap spam lawak banget.tolong lah ya untuk di perbaiki lagi bot lol kocag kon cicak cuihhh",0
"sukses terus.,",1
status temen ga muncul semua bngst,0
ngeframe saat videocall,0
"Harusnya sih jgn d adain fitur"" Yg memungkinkan buat org"" Yg selingkuh",1
"telepon tidak dikenal masih bisa masuk,. padahal sudah saya aktifkan hening nomor tidak dikenal",0
tolong achtivkan wa saya,1
kenapa WhatsApp ku sering kena banned,0
lumayan tapi kalau mw sw gabisa itu minus bgt!,1
kenapa WhatsApp saya dibatasi,1
sangat memuas kan,1
mantap,1
Bagus,1
saya mau lanjutkan wa,1
mantap tokcerr bangettt,1
kalo layar mati tdk bisa ditelpon,0
kalo vc selalu macet,1
WhatsApp nya enggak bisa kebuka dan enggak bisa Nerima kode,1
"kenapa WA saya ga bisa kirim status apapun padahal jaringan bagus udah ku instal terbaru apk.ada tulisan tidak dapat menambahkan😟,mohon pencerahan",1
sangat bagus,1
bagus,1
menarik,1
sangat bagus 🙂🙂,1
mantap,1
"tolong pihak WhatsApp, whatsApp saya sudah terblokir yg ke 4 kali ini kenapa ini saya tidak melakukan pelanggaran tidak melakukan spam atau hal-hal mencurigakan tapi tetap di blok, tolong kembalikan akun saya, saya butuh untuk berkomunikasi dengan keluarga atau pun teman",0
lumayan,1
ok,1
mkuiiiiiii,1
dariber oprtor,1
ini aplikasi tiba2 eror tidak bisa di operasi kan,1
"bug nya kalo telpon banyak banget, suka ga kedengeran bikin dimarahin aja",0
ga bisa dapet kode ke hp ini,1
seruu banget enak komunikasi lewat ini cepet,1
"bgus,cmn wa saya g bisa hd",1
coba jangan di tangguh kan mulu eh gimana sih Whatsapp ini .,1
Bertani,0
tolong per banyak jumlah perangkat yang bisa di tautkan dalam 1 akun,1
sangat bagus,1
anjeng wa ni ah bisa hilang sendiri pesan nya padahn udah di cadang kan oun,1
Mantap,1
whats app sudah di-update bukanya bagus jadi error,1
makin update/upgrade malah makin jelek,0
bagus bed dah,1
kenapa WhatsApp saya kartuu baruu malahan kena Batasin gak bisa chat selama 6jam tolong di bantu,1
kok sering akun di tangguhkan musti tunggu 1x24 jam,0
"kenapa akun WhatsApp saya yang sudah bertahun"" sekarang yerblokir",1
Aplikasi ini sangat berguna,1
whatshapt kena spam mulu,0
mantap,1
Assalamualaikum saya sebagai pemberi reting saya sangat berterima kasih sebesar besar nya dengan saya memakai wtshap saya bisa menghubungi yang saya mau saya sangat berterimakasi saya akhiri waalaikum salam,1
sangat bagus,1
"WA ga buat spam, pure pemakaian pribadi sekedar buat chat dg family dan kerjaan. Tp pengaturan ga bisa diubah, tulisannya akses dibatasi. Tiap ada yg ngirim dokumen pun otomatis terblokir. Ga mempermudah malah mempersulit pemakaian",0
knpa WhatsApp messenger tidak bisa bikin status,1
banyak bug,1
".. tapi akun whatsapp kenapa sering diblokir tanpa alasan dan bahkan akun saya pas diverifikasi pas di login tapi malah menganggap sistem-sistem yang menganggap terlalu banyak verifikasi padahal tidak tolong perbaikan dan jangan ada yang kesalahan sistem. pihak WhatsApp jangan sampai merugikan pengguna, harus Akurat dan Terjamin jika kesalahan sistem maka jangan diam tapi segera perbaiki bukan diam-diam",0
"gua udh update bbrapa kali tapi , kalo vc gaada fitur efek nya pdhl udh update bbrpa kali masih gaada tolong lah WhatsApp gmna sih",0
bagus,1
Mantap,1
wa nya sering ke reset sendiri yang di kunci chat jdi ke buka tiba tiba chat cha ilang semua,0
Halo tim dukungan whatsapp saat ini akun whatsapp saya memerlukan aplikasi versi padahal saya telah menggunakan aplikasi versi resmi mohon tinjau akun saya selesaikan masalah ini terima kasih,1
Good Whatsapp,1
cukup,1
WhatsApp ke spam,0
nyuruh upgrade giliran diupgrade ga bisa2 dasar bikin Susah orng komunikasi ajah,0
makin kesini wa ngeblokir sembarangan,0
bagus kali aplikasinya cocok untuk telpon keluarga atau teman saya,1
saya pemakai WhatsApp sejak tahun lalu 2015 San sampai skrg ini selalu terhubung dengan publik yang baik' untuk informasi sanak saudara dan rekan kerja setia selalu tetap semangat dan terus menerus bagi pengguna ny. update Maret 2026 08 update mei 27 2026,1
bagus banget,1
butuh wa cepat,1
woi,1
ngak bisa di buka aplikasi WA,0
bagus banget lohh Berguna bagi kita semua,1
bagus,1
🤭🤭🤭,0
"setelah pembaruan gk bisa verifikasi nomer buat masuk ke WhatsApp,tolong d respon nomer saya udah 13th saya pake nomer ini",0
minta tinjauan,1
Enjoyed with whatsapp,1
"tolong di perbaiki lagi, saat mengirim video story sering eror.",1
baik sekali,1
"Kepada Developer Yth. Tolong upload foto dan video di Story WA untuk Android dioptimalkan, karena saya upload hasilnya pecah, saya rekam di 1080p 60 fps begitu diupload jadi buruk kualitasnya di story tidak enak dipandang mata, sekali lagi tolong banget video sama foto yang di upload ke story jangan dikompres parah, hasilnya tidak enak dipandang mata dan untuk Android tolong dioptimalkan.",1
update terbaru,1
wa ini segat berguna bagi org lain,1
masalah akun,0
Aplikasi ini sangat bagus dan bermanfaat,1
apk bututt,0
sangat memuaskan,1
👍👍👍👍👍👍👍👍👍👍👍👍👍👍,1
sering dibatasi,0
bagus,1
"Mohon kiranya fitur status WhatsApp dapat kembali diurutkan berdasarkan waktu update terbaru seperti sebelumnya. Dengan begitu, pengguna akan lebih mudah melihat informasi terbaru dari keluarga, teman, maupun kerabat tanpa khawatir tertinggal update penting. Kami berharap pengalaman menggunakan WhatsApp bisa menjadi lebih nyaman, sederhana, dan informatif bagi semua pengguna.",0
sangat baik,1
HAY COBA PERBARUI KALAU BISA KAYA GBWHATSHAP...,1
ok,1
jelek jangan di donlod,0
bagus tapi sayang akun saya selalu di blokir mohon bantuannya kepada admin WhatsApp untuk membuka kembali WhatsApp saya,1
"kok Whatsap sekarang ngaco akun saya harus tinjau terus, dan ga ad saran yang memuaskan, jadi beberapa menit harus nunggunya 24 jam, KLO lagi butuh kan sulit",0
Good,1
siiap bosku,1
bagus banget,1
baik,1
wwiw,0
driver,1
jelek nggak bisa lihat gambar sendiri kalo digedein gambarnya,0
ga jelas dah masa sambil vc ga bisa Chet orang lain malah pending,0
aplikasinya sangat membantu,1
suara kurang jelas,0
👍👍👍🥰,1
baguss karna aplikasi ini bermanfaat,1
sudah di install tapi minta install ulang,1
sempurna,1
no gw sering kenon,0
"sekarang benci sm WhatsApp, chat tiba"" hilang, gabisa di pulihkan, tiba' keluar sendiri aneh, pdhl banyak chat penting di situ",0
coba 3 bintang dulu,1
"wa taik saya tiba tiba logout dan gabisa login lagi. verifikasi pun juga gabisa, dari sistemnya tidak mau proses verifikasi aneh sekali. kata sistemnya ada spam. padahal saya gada ngelakuin spam chat atau semacam itu.",0
kontak ganti hp malah pada hilang semua wa gmn cara balikin kontak yg hilang padahal gmail masih yang lama,1
lumayan bagus,0
knp wa saya di GK bisa di pake,1
tdk boleh terblokir itu saja yg ingin saya sampaikan,1
Inac,1
jadi tidak usah,1
telepon via wa bermasalah tidak bisa menampilkan gambar si penerima telepon,1
gak jelas gak pernah dapet notip padahal kontak yang di sv banyak,0
bagus,1
kualitas panggilan kurang stabil mohon diperbaiki lagi,0
mau daftar wa ko g bisa bisa ya,1
wa akhir akhir ini suka restart sendiri,0
asalamualikum buat para pengguna WhatsApp semoga kalian bahagia dengan ada nya WhatsApp bisa memudahkan komunikasi semoga bos WhatsApp tambah jaya sukses trs sya sangat suka dengan aplikasi ini Poko nya keren bngett👍👍👍👍👍,1
sangat baik,0
Akun terblokir tanpa sebab,1
sekarang whatsapp sangat aneh masa gkk ngapa-ngapain ke blokir sementara,0
ini sangat seram bro aplikasi WhatsApp,1
"ini kenapa wa gua jadi ga resmi gini monyet, padahal download nya aja dari PlayStore masa ga resmi gblk",0
izinkan,1
mrbantu dalam segala hl,1
good,1
gatau ini kenapa akhir² ini error kalo buat vc.,1
ok sangat berguna,1
"menggunakan WhatsApp sangat lah keren, apk nya sangat lengkap sekali, mulai dari balas pesan, vn, dan bahkan bisa video call sepanjang hari",1
sangat baik,1
"Selalu log out dari wa, mau tau kendala nya apa ya",1
juis,1
Selamat pagi,1
"masih jelek, perbaiki lg.",0
kenapa whasap aku di tinjau,1
ok,1
josjis,1
akun ini sangat bagus dan berguna,1
apk ini sangat Bagus dan menarik juga,1
bisa gak sih bio nya jangan di durasi,0
anjir lah dibatasi Mulu ini makin lama makin baperan ni Whatsap asu,0
"wa goblk tiba tiba keban gak jelas padahal cuma wa temen tiba tiba keban dituduh spam anj gw punya bukti kalo gak spam,perbaiki sistem lu tuh gw gak salah² apa apa main ban aja yang gak salah kasian orang yang gak salah tiba tiba lu ban padahal wa gw ada grup sekolah dan itu penting bet malah tiba tiba keban gara gara dikira spam mohon diperbaiki secepatnya dan agar tidak salah ban lagi",0
Hape saya gk bisa pake wa,1
aplikasi udah sangat jelek sekali,1
"aneh ga si kalok abis terkana blokir sementara tapi pas kebuka baru daftar ulang ke ban lagi hahaa,ga jelas njir.untung lagi butuh ni aplikasi,kalok ada aplikasi yang lain udah gua pindah dari dulu",0
"tolong stiker yang gede jangan di hapus ya kroco, punya stiker bagus bagus diilangin 😡😡",0
romenBanget,1
ok,1
baik,1
bagus,1
"aku orang nya memang sensitif , biasanya status aku di like terus , tapi giliran tiba tiba banget nggak di like , aku ngerasa di benci atau vidio aku menyinggung saran aku , efek like (ketika habis di like orang) itu hilangin aja. aku takut orang yang mirip sama aku sakit hati nya. kalo ada cara yang lain biar kita ngga langsung lihat like orang lain juga nggak papa🌹 makasii",1
bagus baik,1
kadang terkendala sedikit,1
baik,1
Oke,1
knapa WA saya sering keluar sendiri cape nunggu 24 jam gitu trus tolong berbagi,0
mantal,1
baik,1
"kenapa si kalau bikin vidio di stasus selalu pecah, padahal udah seting ke HD, tolong di tingkatkan lagi untuk kualitas vidionya mau di status ataupun pesan",1
bangun bangun kenon wa kek kntol,0
cocok untuk ber komunikasi,1
enak banget cari link bkp,1
semakin ditingkatkan lagi kualitasnya,1
saya chat mantan saya tapi cuma di baca doang fitur nya jelekk bngttttt,0
aplh ampir tiap hari gwa masuk link orang tapi harus update mulu🥱,0
ok,1
"sangatt bgusss ,,,dan sangat membantu",1
aku bisa cek teman aku,1
sangat bagus untuk komunikasi lancar,1
"tolong tambahkan fitur nonaktifkan komentar pada status, seperti di aplikasi lain agar orang lain tidak bisa berkomentar apapun.",1
"wa ny sering kena spam, pdhl g ad yg nyepam sama sekali, sering kena bug, dan memverikasikan nya lama, bisa smpe 2 hari an, wa kek gini jadi susah buat tau info dri grup sklh, tolong dibenerin kak🙏🏻",0
update otomatis dan jangan selalu ditinjau akun yang tidak jelas kesalahannya,1
tidak bisa dowload wachupp,1
oke,1
bgs tpi tolong adain vitur hd in kalau kita buat story wa🙏🏻🙏🏻🙏🏻🙏🏻,1
Terimakasih,1
saya harus melakukan verifikasi seterusnya,0
bagus bisa berkomunikasi dengan seseorang yang jauh,1
"banyak kejadian nomor belum terverifikasi aneh banget... padahal nomor aktif, tolong dong diperbaiki... udah 2 bln ini kejadian yang sama di alamin keluarga dan temen sy.... apa ga ada solusi nih gimana mau login lagi ga bisa bisa aneh",0
nice,1
kalo buka kamera wa yang pake efek selalu ngeleg dan loding ulang tolong di perbaiki dan kalo bisa tidak blur,1
semua emoji nangis orang jadi kek iphone emoji aku belum berubah,1
kameranya tiba² suka ga bisa di gerakin,1
good,1
oke memuaskan,1
bagus banget,1
ok,1
WhatsApp selalu spam,1
AYAMNG.,1
sangat bagus dan senang,1
"jembot baru kali ini kecewa buat vc macet mulu, banyak perubahan",1
bagus,0
Aplikasi what app ini kenapa tiba tiba keluar tidak bisa login kata nya akun ini tidak bisa menggunakan whats app tolong mohon bantuan nya whatsapp app segera mungkin segera cepat pulih saya butuh whatsapp soal nya banyak data data penting di sana,1
wa tolol kebijakan gajelas skrng gampang kena tinjauan,0
anomali gj,0
bug sering keblokir,0
percuma gak bisa,0
"woi, info yang buat ai nya, suruh main sama ku",0
asik,1
oke deh...,1
"WhatsApp sekarang buruk sekali,dikit2 akun saya tidak bisa digunakan.stress",0
Akun saya sering tidak bisa menggunakan WA...kenapa?,0
sangat bagus,1
BAGUSSS DAN PERINGKAT SSS+,1
Krren,1
oklay,1
"dikit2 kena spam makin gak jelas , gak bisa buat kerja ini apk apalagi hubungannya sama orang orang baru",0
tlung di bantu,1
selalu di bokir nomer dan tidak bisa verifikasi nomer,0
mntap aplikasi nya,1
"bbrp hari trakhir wa jd sering eror knp ya tbtb logout dan harus verifikasi ulang , anehnya nggk ada kode apapun yg masuk ,gmn mau verifikasi? giliran dicoba verifikasi lagi pas udh ada kode masuk ,ehh selang bbrp menit eror lagi eror lagi , kygtu terus pdhl wa apl ternyaman buatt komunikasi tapi knp mlh Jd gini si ,nambah beban pikiran aja ,tolong lah diperbaikii biar penggunnya merasa nyaman, trimakasih",1
Sangat membantu dalam kegiatan sehari hari,1
kurang bagus,1
"gajelas bgt sistemnya makin kesini ko makin aneh, sensitif padahal ga ngapa²in malah akun dibatasi hadeh, banyak yg kenon masal kah",0
kenapa saya donot whatsapp messe tidak bisa,1
baik',0
kalo soal semuanya bagus tapi kalo Vidi call bisa kasih filter nggak sih biar muka nggak jelk jelk amat kecerahan vidio call nya juga di tambahin,1
tiba tiba ga bisa pake sudah pengajuan masih sama ini wa gimana,0
fiturnya bagus hanya saja jangan buat orang panik dengan cht saat di kirim ada tanda jam.,1
saya suka pakek apikasi ini,1
bagus,1
"tolong hapus efek filter di wa, mending gausah pake efek filter",0
harus ada aplikasi resmi dan non resmi gimana caranya,0
seru aja sih,1
bagus,1
jelas,1
berguna,1
"apk ini makin gak jelas, lagi enak chatan malah di tinjaunsampek 24 jam kadang tidak menentu",1
sangat mudah dan enak buat ngabarin keluarga di rmh,1
mantap Usefull,1
makin ke sini wa semakin banyak error nya,1
izusuki,1
WhatsApp ku kok bermasalah ya padahal tadi baru klik telepon Vidio terus keluar sendiri dan aplikasi terhapus tiba-tiba di layar hp dan ku cek di play store uninstall sudah ku klik tapi gabisa gimana itu?,0
ok,1
ok,1
luar biasa,1
bagus,1
"Why do video calls often have bugs now, suddenly the video freezes and becomes a photo, there are lots of errors during video calls",0
ok,1
keren,1
"tolong beri terjemahan otomatis, biar aku semangat",1
tidak bisa masuk akun WhatsApp,1
saya ingin membuat akun WhatsApp,1
kenapa pas vc dilayar besar in tuba tiba jadi ilang gajelas ni WhatsApp NGEBUG,0
Alhamdulillah dengan aplikasi WhatsApp ini sangat membantu untuk semua orang,1
buruk,0
mantap,1
Josss Gandossss,1
bagus,1
sañgat baik,1
bermanfaat,1
"wa makin ga jelas tiba tiba sering keblokir nomor saya, jadi susah kerja jadi kurir tolng di benahi",0
sangat bagus & berguna dalam transportasi,1
Bagus,0
mohon icon ai dihilangka n,1
😊😊😊😊😊,1
whatsapp sangaat seru sekalii,1
sangat berkualitas,1
bagus,1
saya ingin mendapat uang dr aplikasi ini,1
Keren abis,1
sangat mudah,1
baik,1
beguna,1
"lama lama gak jelas baru daftar no TLP langsung akun ditangguhkan, alasan sepam apa lah huuu",0
aku kasik bintang 5,1
muach,1
cukup baik,1
sangat bagus dan cocok untuk saya,1
gak guna,0
Bagus tapi masalahnya waktu vidio kirim ke orang gak ada lagu sementara status bisa tambahkan lagu tolong diperbaiki lagi ya,1
"saya ingin membuka WhatsApp kembali tolong dibuka kan atas SPM, terima kasih",1
baik,1
wea nya kenapa kek gini bos ngk bisa di pakek lgi. kecewa jadih nys. tolong di perbaikik seoerti biasa ya bos ngk usah banyak2 pengaturan nya deh,0
ga papa,1
"kenapa WhatsApp saya gaada fitur efek nya,pdhal udah update",1
tolong di perbaiki lagi sering kena spam,0
saya sebagai bisnis di whatsapp sangat tidak nyaman saat saya rekber tiba tiba nomor saya ke baned,0
sangat berguna,1
hallo whatsapp kenapa dipulikam g bisa?,1
"sebelumnya smua fitur baik' aja dan memang menarik trs jg keren bgt fitur"" terbarunya.Tpi kenapa fitur update yg terbaru malah ada close friends nya??? bukanya wa harusnya privasi trs klo ada fitur close friend yg ada keterangannya kaya di Ig bukanya udh ga privasi karna org"" tertentu yg kita jadiin target buat liat sw jdi tau kalo kita pake fitur CF padahal udah bener gitu aja settingan statusnya klo emng mau ditambahin ya yg fitur udh ada jngn mlh diganti tlg y wa diperbaiki lg itu jg privasi.",1
knpsih selalu di aup date kan cuman buat komunikasi bukan buat game,1
setiap lagi teleponan tiba-tiba mati sendiri nggak jelas padahal sinyalnya sangat bagus tolong diperbaiki,0
WhatsApp tidak bisa dibuka,0
good,1
sangat membantu,1
banyak update terus ngabisin kuota,0
minta tinjauan,1
tiba tiba hilang nggak bisaa di gunakan kini saba instal lagi ok,1
"tiba² WhatsApp nya keluar secara sendiri habis itu gak bisa masuk lagi,ayolah jangan gitu Masi banyak pesan yang penting dari sekolah apalagi habis ini ulangan",0
perbaiki lagi WhatsApp akun saya udah kena spam 4 kali,1
aplikasi sialan ..,0
Baguuuuus bangat,1
haiii fens akyuhhhh,1
keren,1
sering tidak bisa buat telpon,0
jos,1
"dari tanggal 20 mei, sekitar seminggu lalu. akun saya bolak balik kena tinjauan spam tanpa alasan jelas. saya merasa tidak melakukan pelanggaran privasi atau apapun. kenapa tinjauan spam bisa terjadi pada akun saya ( seminggu sudah 4× ) ? tolong beri jawaban atau penjelasan kenapa akun saya mengalami ini",1
"Wa update nya menarik, hanya saja kekurangan nya itu adalah pas mau repost sw wajah orang, terus mau di tutupi pakai stiker, stiker nya bukan segi empat normal, malah persegi panjang aku harap itu bisa di perbaiki itu aja",1
Saya kasih 3bntng sj..krn ketika di unistal 3kali malah susah untuk di instal pdhl mng instl yg lain pd bisa lancar,1
"aplikasi sudah bagus tapi knapa makin banyak fitur baru makin ga suka aja liat nya,update sih bgus ya min ada yang saya tidak suka dari update tan whatsapp kenapa di bagian bio ""info"" dibatasin lebih baik di kembalikan ke versi lama aja min saya kurang suka dengan ada nya durasi di bagian ""info""",1
wa nya kena spam,0
Ribet bgt,0
jos,1
Gilak ini wa gak bisa Bikin status gambar ataupun video . padahal internet nya dah Kentjeng tp ttp gak kekirim edian bangke,0
Bagus cuman bego ada iklan nyah,1
Bagus,1
sinyal kuT,1
sangat mendukung,1
gk ada efek kamera nya,0
#Just Friend kok cemburu,1
Nice,1
bagus,1
knph ga bisa masuk harus WhatsApp terbaru trus udh terbaru tetep ga bisa,0
bagus,1
apasih watshap tidak tersedia Mulu. merah Mulu. hp official knapa merah Mulu gabisa login ? tolong di perbaiki,1
kurang memuaskan,0
ke banned permanen padahal ga ngapa² in,0
kok pas vc video nya suka nge bug/eror,1
"setiap mau login ulang di bilang WhatsApp bajakan, gajelas",0
mantap,1
"sekarang wa bisa nonton bokep,saluran nya",0
bagus,1
"whatsapp bego, mau login toi kode Verifikasi 6 digit nya ga dikirim kirim, padahal udh gua coba berkali kali, kecewa gua",1
bagus,1
memudahkan mengobrol meski jauh aplikasi favorit di tambah vitur ai yang berguna,1
baik.,1
sangat bagus,0
sangat bagus,1
Update aplikasi ini utk tipe android versi brp yah? Hp sy masih jadul 🙏,1
bagus aj wkwkwkw,1
zonkkkk,1
bagus,1
pengalaman seru WhatsApp Messenger.,1
"ini kenapa deh, status udah di hapus tapi smua orang masih bisa liat padahal udh di apus dan g ada. orang yang di privasi juga tiba2 masih bisa liat ! sebel banget jdi ngerasa g aman !",0
gabisa diajak bikin trend meta ai nya,0
semoga exis,1
mantap,1
BUKTIIN BISA TARIK UANG,1
kenapa setiap bikin wa akun nya selalu dibatasi dan ditinjau,0
oke,1
oke,1
baik,1
Ok,1
"padahal no q udah aq pake hampir sepuluh tahun,tiba2 akun tidak bisa di pake lagi, katanya perlu di verivikasi lagi",1
ok,1
karena WhatsApp messenger saya di blokir permanen,0
fantastic dalam menggunakan watsup,1
bagusss,1
"knp ko sya skarang GK bsa mengunakan WhatsApp nie tiba""GK bsa msuk lgi",1
WA saya sering kena kenon sendiri tanpa sebab,1
tidak❌ bisa ganti foto profil wa,0
apalah aplikasi ini aku gak kirim² apa apa tapi malah di tinjau tiba tiba sungguh tidak memuaskan aplikasi nya,0
kalo kena spam aplikasi ini susah dipulihkan sudah ditunggu 24 jam malah akun wa nya ga resmi katanya padahal ini wa resmi sampe harus install ulang berkali' haduh,0
mantap,1
"bantu aktifkan lagi NO Whatsapp saya,",1
aplikasi yg bagus,1
mantap,1
"Fitur siaran sebenarnya berguna buat pengguna, tapi sistem deteksi spamnya terasa terlalu agresif dan kadang tidak bisa membedakan pengguna normal dengan bot. Akibatnya, orang yang cuma memakai fitur bawaan aplikasi malah bisa kena pembatasan. Harusnya ada penyesuaian supaya aktivitas siaran wajar tidak langsung dianggap spam, misalnya dengan batas yang lebih jelas atau peringatan dulu sebelum akun dibatasi,itu aja dan tolong di perbaiki",0
sangat membantu,1
please make a photo slide feature for status,1
Amanah,1
tiba-tiba ga bisa masuk malah langsung keluar dan timbul notif WhatsApp berhenti gimana sih disitu kan ada data-data pribadi saya tolong deh!!!!!!!!,0
cinta abadi,1
"Efesien & Efektif, sangat membantu dlm komunikasi, silahturahmi menjadi lancar",1
"kaya anjeng whatsapp sekarang,wa ku terblokir teros klen buat pepek,perbaiki whatsapp ku itu anjeng",0
kenapa saluran wa ku eror.. aku jadi gabisa lihat postingan saluran sekolahan!,1
apk gk jelas padahal pake yg ori bukan yg wa gb atau semacam nya tapi kode verification nya tetap nggak masuk,1
kena tinjau trs,0
we ini apk kok ke kenon terus tapi bagus si,1
bagus aja sih,1
kadang udh di cdngkn ttp ilang riwayat chat nya,1
"Tolong dong updatenya di mudahkan, cepet kalau upload pas instalnya lama, berkali-kali",1
ASI farel saya,0
akun gua knk tinjau terus,0
mantap,1
bagus,1
whatsap skrg kena spam mulu heran,0
"mantep,tapi kadang kadang suka akun di batasi,padahal gak melakukan pelanggaran-pelanggaran yg mencurigakan atau merugikan WhatsApp",1
Super💗,1
mntul da,1
"Sangat membantu dalam berkomunikasi dengan saudara,, keluarga dan rekan kerja dan yang lain ,dengan fitur yang sangat menarik,,mudah untuk di aksesnya..pokoknya mantap,, sukses terus wattapp..🙏🙏😊👍",1
bagus,1
mantap,1
mantap,1
Bagus,1
wowkeren,1
bagus,1
good,1
ok,1
mantap,1
"ini bukan wa resmi,masa mo login di bilang bukan wa resmi, dari mn lagi mo download nya, parah ni apk lama2",0
bug vc udah 3hari belum di fix kan,1
eror,1
tolong perbaiki bug.,0
bagus sangat membantu aktifitas sehari hari dalam komunikasi,1
kenapa watsap di blokir,1
kenapa saya GK bisa download wa,1
bagus,1
good,1
wa sekarang makin aneh lagi vc malah pas chat sama yg lain chatan nya terhapus semua sampe hal tidak tersisa satu pun padahal tidak pencet titik 3 pojok kanan atas masa lagi chatan pesan dari awal ke hapus semua sampe foto foto hilang apk nya makin hari makin ga jelas,0
ok,1
"WhatsApp yng sekarang udah mulai GK jelas. wa yng udah tahunan tiba"" GK bisa login lagi . jujur aj wa yng sekrng betul"" GK jls",0
Mantab,1
rusak ga bisa login!!!,0
lagi ngga bisa di gunakan,1
kenapa dangat lola yah,1
ok,1
Good,1
"Ceo Whatsapp gw minta tolong banget inimah, tolong di hapus fitur satu kali liat, tolong pisan inimah",0
bagus aja sihh,1
"sekaranggg makinn jelekkk semakindi apdet makin g jlsss akuuu dibatasi,akuuu diblokirr pdhl tidak melkaukan apa""tolong lah minnn diubah lagii ini buat kerjaa bukan sekedar buat chtannn doanggg ,kaloo jdii kayak gini mndg gak usah diuodate ajaaa makin kesini makinn kesana kuu liat adehhhh kacao",0
mantap boy,1
keren,1
"kenapa wa saya ditinjau terus kenapa? itu no wa saya yang baru, dan gada saya kirim yang mengindikasi ke spam. TOLONG KERJASAMANYA YA",0
"tolong upgrade kenapa tidak berjalan di samsung A07, hanya loading saja",1
"tolong di buat HD saat buat story WA, padahal dulu jernih sekali tapi kenapa sekarang jadi burik maksimal 😭😭😭😭",1
"Aplikasi chat terbaik untuk terhubung bersama klrga,sdra,shabat...josss jisss",1
Bagus,1
Tetap saja terbaik,1
lagi kesal sama wa lemot,0
baik,1
mudah digunakan dan sangat baik untuk berkomunikasi,1
top,1
bagus terdata yg lama 🙏,1
bagus,1
4 bintang dulu kedepanya kalau makin bagus saya tambah,1
bagus dan sanggat membantu,1
kenapa tidak bisa masuk whatsap sendiri,0
mantap,1
wa saya tidak terdaftar kenap gitu,1
aman,0
wah ini aplikasinya,1
bagus,1
ok lah,1
jaga warung,1
wa saya sering tidak bisa dipakai,1
kenapa WhatsApp saya di blokir,0
kenapa akun WhatsApp saya sering kena spam ? padahal saya tidak melakukan kesalahan apapun,1
nic,1
Sy mau tlpon g bisa apikasi g bisa dr kemaren gagal terus masa bodolah,0
Lama sekali nge download nyaa taiii,0
bagu dan simpel saja di gunakan sehari-hari,1
"WA TIDAK MANUSIAWI, MASA KITA KIRIM 2 GAMBAR NORMAL DI BLOKIR, WA CARA PANDANG NYA KEJAM TIDAK MANUSIAWI",0
cukup baik,1
bagus,1
baik,1
"WhassApp not recommended now! sulit koneksi sama WA Web/Desktop. WA udh ndak sebagus yang dulu, sekarang banyak Bug nya, mana lagi sering banyak ngasilin file Cache. Banyak Delay nya sekarang",0
waatshaap hilang lagi,1
bisa membantu,1
di hp Q kalo ngirim foto live gabisa 😅,1
ga bisa kirim sms,1
Sagat memudahkan komunikasi,1
ai nya tolong di benerin. aku ngomong halo doang trs di bales nya sama ai aya naon ari sia wah poko nya kasar banget,0
sangat membantu untuk berkomunikasi dengan orang jauh,1
baik,1
sangat membantu buat saya adanya aplikasi ini terima kasih,1
👍,1
tidak bisa login,0
amba,1
good,1
mantap untuk fitur Wa yg sekarang 🙏❤️,1
good,1
"ini bagaimana caranya untuk mengeluarkan akun saya yang nyangkut diponsel yang rusak? tolong... aku mau pindahkan akunku di hp lain segera, nanti ku rating bintang 5 nya",0
mantap banget,1
oke,1
mantap,1
"semua chat hilang dari akun google, padahal sudah di cadangkan, dan tidak ada opsi untuk memulihkan chat melalui penyimpanan eksternal",0
keren,1
mantep,1
bagus,1
bagus,1
kok habis update baru baru ini malah lebih sering bgeframe wa nya sering keluar sendiri dari wa,0
terima kasih WA sudah keluar,1
"aku kasih kritikan fitur tentang kok skrg peke durasi, g kyk dulu. udh nahan g ubah ubah malah kehpus sendiri sekrg. tolong hpus fitur durasi pada tentang itu",0
ini bagus buat chat dan yang lainnya tapi saya tidak bisa membuka verifikasi WhatsApp,0
suka dengan aplikasi WhatsApp messenger ini pokoknya 👍⭐⭐⭐⭐⭐,1
ok,1
BANYAK BUG.,0
mantap,1
"heran banget sih sama watsap sekarang ngapain sih habis nonton stori sendiri langsung nonton stori orang gak asik banget malah kayak instagram ,jelek banget ,orang kita suka liat stori sendiri jadi langsung liat stori orang",0
lagi butuh buat usaha,1
bagus dan lebih simpel,1
habis sy update vc malah kelihatan wjhnya org yg tak vc dua2nya wjhe sy TDK kelihatan gmn ya mohon segera di perbaiki,0
Good,1
hadeh kocak masa gabisa pulihin chat,0
Gk betul ini wa masa iy tiba tiba wa saya di beloker tanpa penjelasan,0
"saat telpon bisa meti sendiri, aneh",0
"aplikasinya fleksibel simple dan gampang di gunakan tapi setiap mau update status pasti burem, udah si itu aja minus nya harap di perbaiki ya",1
T.O.P,1
sangat bagus,1
"knp tiba2, WhatsApp saya gak bsa kebuka udh unistal tp msee gak bsa2",1
aku mau update woi,1
mantap,1
bagus,1
WhatsApp sudah bertahun tahun digunakan malah dibatasi selalu perintah download wa Resmi padahal yg dipakai selalu wa resmi,0
WhatsApp tolong tambahkan fitur notifikasi atau larangan ketika vidio call screenshot dan recording karena banyak dari beberapa orang mensalah gunakan fitur vidio call untuk hal yang tidak senonoh,0
alhamdulillah...sdh terkirim sedekah daging untuk sdr muslim di sudan . sejumlah. 500.578 tgl. 27 mei 2026. pk. 11.10 menit. melalui BRI....mhon di check....,0
Good,1
bagus cuyyy👍🏻,1
good suara bening gambar jernih,1
"dikit"" kena kenon karena chat no baru orang, padahal mah penting, hadehhhhhhh kalo bisa bintang 0 mah gua kasih bintang 0",0
sangat hebat berkualitas tinggi,1
gada masalah si cuman ko sekarang WA kalo tlpon/vc udah di angkat suka langsung menghubungkan?,1
lumayan,1
sangat membantu,1
ok,1
good,1
"sering kena pelanggaran pdhl di chat banyak org, knp y?",1
2 ko,1
ASIKKK,1
"mohon maaf pihak WhatsApp agar WhatsApp segera di update Agar tidak, sering terkena kenon ,saya sudah terkena sehari 2x kenon",0
andika,1
"saat membuat status, foto atau video mnjadi buram meski sudah di hd kn, tolong perbaiki terimakasih.",1
good,1
"kenapa pacar saya memblokir saya tetapi profil wa tetap ada. setahu saya jika nomor wa saya diblokir, profil wa orang memblokir nomor saya tidak lagi muncul?",1
"woi WhatsApp ko nomer tiba tiba ke nonaktif dan gabisa dibuka, banyak drama kenapa ini woi",0
",😀",1
karna sering tinjuan 😔,1
"status saya ngebug, di WA web terlihat ada status orang lain tapi di hp tidak terlihat",0
bagus aplikasiny,1
wa in banyak bokep,1
. mo,1
Tolong tinjau akun WhatsAPP saya,0
sempurna,1
bagus,1
"mengapa whatsapp saya tidak bisa di buka, di saat saya mau masuk ke aplikasi nya sering keluar sendiri, jadi tidak bisa di buka. Setelah saya membukanya ada pesan masuk di layar HP saya tulisannya: *Terdeteksi bahwa aplikasi ""Whatsapp"" mogok karena masalahnya sendiri. Harap tunggu pembaruan untuk memperbaiki masalah, atau kirimkan umpan balik melalui saluran layanan pelanggan dalam aplikasi*. tulisan yg ini yg muncul, aku mohon aplikasi nya secepatnya di perbaiki karna saya ada penting memakai",0
bermanfaat,1
"tolong ini kenapa, WhatsApp saya tidak bisa menggunakan efek dan filter? masih belum ada gimana ini",1
baik,1
😙,1
ribet,1
tidak bisa masuk. watsap,1
sanga membantyu,1
kenapa nomor wa saya tiba2 diblokir,0
🥰🥰🥰,1
ok berguna,1
sanggat membantu,1
mantap bos,1
latihan Perpisahan Mts Raja kotabaru.,1
good,1
mol pppoopoipp orang popoippppppp k,1
tolong di perbaiki lagi grafik status wa nya burik banget anjim jadi males bikin story,1
"sangat bagus,kalau bisa tolong di perhatikan spam blok lagi",1
penyimpanan terlalu cepat penuh,1
"ini kenapa pas login ""tidak tersedia login saat ini"" udh berulang kali kayak gini padahal ad urusan penting t4iklh makin lama makin jele3k aja ni aplikasi",0
sangat bagus,1
BAgus banget dan berguna bagi manusia,1
bagus tambah conten scrol aja,1
ok,1
"verifikasi mulu,padahal udh pake data sendiri",0
tidak bisa diginakan,1
sgt membantu dlm bisnis dan kluarga,1
mantap,1
mantap,1
knpa akun wa saya kna spam terus sih,0
jelekkk,0
ok,1
ok banget,1
dafxHh,0
karna ada meta al nya seruu bangett,1
Sangat memuaskan,1
"aplikasi sagat mengecewakan,gak tau apa2 tiba2 kena spam",0
Ok,1
mantap,1
baikkk,1
ampas wa gw kok diblokir,0
mau Bikin WA tolong kami sudah lama sekali,1
mulai rusak,0
bikin mudah,1
kembalikan akun wa saya,0
𝑏𝑖𝑠𝑎 𝑐𝒉𝑎𝑡 𝑠𝑎𝑚𝑎 𝑡𝑒𝑚𝑒𝑛,1
"banyak bug nya, terutama di sw sering nge blur, lirik lagu engga bergerak, lagu nya ga lengkap.",0
suka sekali,1
bagus tapi belakangan ini agak aneh tiba-tiba akun Whatsapp terkunci dan menunggu 24 jam,1
sangat cocok untuk di gunakan,1
ini kenapa WA sya ta bisa verifikasi.....,1
ok,1
sangat bagus,1
"ganti HP, no WA ga bisa dipakai, padahal ini sangat penting",0
apk ini sangat baik,1
sering kena spam WhatsApp saya tolong pihak WhatsApp membantu memulihkan kembali,0
Bagus,1
sangat membantu,1
"gajelas, nomor yg diprivat jdi bisa lihat status pdhl udh diprivat",0
lebih bagus,1
baru sekali aku whatsapp,1
tiba tiba ke blokir sendiri,0
iye,1
sudah tidak Berguna. selalu gagal memulihkan chat all hasil semua data hilang!! payah!!,0
Alhamdulillah sangat membantu,1
"knapa kalo lg di pake aplikasinya muter"" y ihh riweh",0
nasip ja lg,1
"jelek banget najis tiba tiba chat ilang, dihapus padahal ga pernah kilik hapus pesan. pls kalau bug bug aja gausah hapus pesan sampe full",0
memang benar bahwa ia akan menjadi lebih baik dari yg lain,1
selalu di butuh kan,1
baru,0
Terdapat Bug ketika call menghidupkan camera sambil mengirim gambar ke pesan orang lain atau story call tersebut akan mati sendiri,1
"apk nya aneh,masa gw ngomong (aku suka kamu) tapi di jawab (kita just friend)",0
kenapa WhatsApp sering keluar spam berulang kali saya pakai nomor baru tetap tidak bisa mengunakan WhatsApp,0
mohon durasi story agar di perpanjang,1
sumpah skrg jelek bangt WhatsApp nya video call nya buruk sering eror g suka dgn WA skrg 😭😡🫵,0
aku suka nge-chat sama,1
Bagus,1
bisa mekatuk,1
klo ada informasi mau update wea gausah hapus hapus riwayat chtlah,0
aplikasi yg berguna,1
minta kode verifikasi,1
akun saya hilang ngak bisa login,0
film hantu yang paling serem film BoBoiBoy film BoBoiBoy yang baru,1
"Mengapa saat repost story, yang direpost itu jadi burik (kualitas menurun)",0
bagus skali,1
nomor gampang keblokir permanen padahall cuma Nge sv nomor lama,0
bagus,1
saya sangat menyukai nya,1
tolong perbaiki respon ceklis birunya kadang suka ga muncul ini knpa padahal ga matikan on of baca pesan,1
baik,1
Sangat bagus,1
bagus sekali,1
saluran WhatsApp nya sering chatnya tidak terkirim. lama banget lagi normal nya...,0
senang,1
"mangkin di update mangkin gak jelas, masak setiah vc, GK bisa ngeliat muka sendiri GK bisa dibesarin heran langsung macett, wa ta**",0
baguuuussssssss,1
Sagat membantu komunikasih,1
Wakwaw,1
woi apa lah grafik kek ff burik,0
sangat membantu sekali,1
"selama saya menggnakanya , tidak ada kendala",1
pekerja keras,0
hahh?! WhatsApp kok sekarang makan storage nya besar banget sih? gak masuk akal banget tiba-tiba udah 4.9GB aja gak jelas bngt,1
jangan ada fitur update soal nyh ruang penyimpanan gk ada,0
oke,1
mantap,1
bgt lah ksh,1
mantap,1
baik,1
Alhamdulillah bagus,1
baik,1
cocok untuk berkomunikasi jarak jauh...,1
keren,1
"aplikasi berhantu setiap hari kaga ada yg chat, giliran ad yg chat itu malah minta vid bokep",0
tolong bantu saya soalnya wattsap saya g bisa,1
sangat membantu,1
"Eror jirr, skrng tambah nge bug ga ada suaranya kalo ada org yg telfon",0
sangat bagus,1
good apk.,1
"tolong dong aplikasi nya di perbaiki, masa kalo vc layar nya dua""kadang hanya nampak muka org yg kita vc di kamera kecil dan besar nya",0
Sangat berguna sekali,1
kenapa iya akun whatsapp sekarang beda kayak yang dulu whatsapp sekarang bentar bentar di tinju bentar bentar di tinju aku udah sering mengalami nya kenapa iya bisa begitu,1
baik,1
lumayan enak,1
ini bagus sekali dan bisa untuk berhubung ke orang orang baik,1
WA NGE BUG SAAT VC SETELAH DI UPDATE,0
aplikasi nya bagus banget karena huruf awalnya w kalau huruf awalnya t jadi tuff pasti bagus tapi kalau opening waktu buka wa ada lagu phonk nya jadi lebih bagus,0
bug,1
ok,1
sangat baik,1
mantap,1
bagus sihh cuman fitur lagu nya durasi nya dikitt,1
"moga aplikasi WhatsApp messenger saya dah ga ada gangguan spam ,paket kota anti spam dah beli tapi tetep aja ada gangguan,",1
ahir ahir ini vc sering macet tpi suara tetap berlangsung,0
Terimakasih,1
mantap,1
sanggat puas,1
"min, saya Uda beli Kouta untuk aplikasi lain bisa tpi kenapa di wa gabisa ya buat kirim pesan",0
"gila banget, keriset mulu ni wa dlm sebulan bisa 3 kali lebih",0
good...,1
aplikasinya bagus untuk kita semua,1
Terima kasih bayak alikasinya sngat membantu,1
Good,1
👍,1
tidak bisa post sw langsung dari tiktok jadi harus Doeloe video dulu padahal sebelumnya bisa,0
kenapaa WhatsApp saya bermasalah yah.,1
penguna aplikasi dan akun info layanan komunikasi atau hubungan sangat penting dan baik biarpun keluarga jauh jga rekomendasi,1
baik bagus,1
ewe,1
UAPIK PWOLL JOSJIS SENG GAEEEEE,1
ajip whatsApp nya,1
sangant puas dengan apl ini,1
aku suka jalur tengah,1
WhatsApp bagus banget aplikasi nya😁🙏,1
"sistem terlalu mudah blokir akun dengan tuduhan ""mungkin"" tidak mematuhi ketentuan layanan kami, mohon perbaiki sistemnya.",0
sangat membantu,1
bagus dan tidak ada iklan,1
rating satu makin di update makin dia ga balas chat saya,0
Okk,1
bagus,1
memuaskan,1
what's app slalu di batasi padahal baru pulih di batasi 1 menit,0
baguss baget makasih ya xepoloper ya,1
bagus,1
Eror,1
sangat ok paling cocok buat ku dan sangat membantu untuk terhubung dengan mudah ke semua orng yg ku kenal,1
akun WhatsApp skrng bnyk yng ke blokir permanen aneh gw mh tolong dong tim WhatsApp jngan Kya gtu cape gw akun ya di blokir Mulu tiap 2tahun sekali,0
ok,1
sangat membantu,1
sangat menarik,1
Aplikasi ini sangat bagus dan sangat penting untuk anak kita karena Anka kita sekolah harus pakai wa di hp inii,1
membantu,1
bagus sekali aku bisa berkomunikasi dg teman dan saudara,1
akun sering kena spam mudah di retas sudah kurang aman,0
"hadeh semenjak di update banyak bug, chat sudah diarsipkan malah setelah ada yang balas chat jadi ga terarsipkan terus fitur musik ga bisa pencet keluar sekaligus bio wa atau tentang nya dibikin permanen lah kayak info wa dulu dan kenapa setiap aku posting status selalu burik kalo di kasih musik",0
𝚑𝚊𝚛𝚞𝚜 𝚊𝚍𝚊 𝚏𝚒𝚕𝚝𝚎𝚛 𝚗𝚢𝚊 𝚢𝚊𝚊,1
sangat baik,1
Mantap........,1
ga bisa di pencet apa,0
bagus,1
gimana ni akun aku kena tinjau mulu,1
anjiin,1
baguss,1
"sering error,gabisa kirim chat gabisa buat sw",1
kenapa whatsapp saya sering ditanjau kembali,0
Enaknya berkomunikasi,1
Sangat bagus 👍👍👍,1
bagus,1
"kenapa ya di aplikasi saya saat ingin memutar video status WA selalu hilang suaranya, harus di mencet tombol volume dulu biar keluar suara di video status",1
peyimpan,1
WhatsApp saya tiba tiba kena blokir walaupun nggak di apa apain dan itupun berkali kali bukan hanya sekali dan membuat saya membeli kartu baru terus,0
aplikasi apa ini sih lagi liat status orang tiba² kena tinjau apasi orang gada yg spam juga malah kena tinjau 3 hari ini udah kena 5× kebih benerin lah keburu lada males pake wa,0
bagus,1
bgus,1
sangat bagus sekali,1
Sangat memuaskan,1
akun saya ke ban,1
semakin banyak fitur jg lebih mempermudah dalam berkirim pesan,1
TiarLalabe,1
wow bagus whatsapp ini,1
video tidak bisa diputar. padahal di perangkat lain bisa. tolong bug nya,0
Aku suka betul WPP,1
sayapuas bisa berinteraksi langsung dgn kerabat,1
"GK jelas bangett , ke blok terus , mana wa gua buat kerja",1
Tidak dapat memasang wa,0
cukup,1
jadikan aplikasi ini dg selalu memberikan layanan dan melayani customer yg selalu menjadi lebih baik,1
baguss bangett bergunaa bangettt,1
Sangat bagus,1
hape saya republice jadi ga bisa main whatsapp,1
"yang eror dari wa nya, malah akun wa gw yang ilang",0
oke,1
terus menyimpan banyak loh aku gak suka video ku habis gak bisa buka aplikasi,0
👍,1
Trimakasih,1
ajg sering kenon cok cok apalah salah gua balas semua kenon di spam kenon kg ngapa ngapain kenon asu asu,0
simple dan mudah digunakan dan praktis di bawa,1
mntap,1
terlalu banyak iklan,1
downloadnya lambat,0
"aplikasi kocak, gw masuk grup malah di nonaktifkan wa saya, udah itu pulih ga ngapa ngapain bangun tidur kenonaktif lagi apa si maksud nya spam gada makin lama makin keren aja update sekarang ya bego banget dah, sengaja kasi bintang 5 biar di atas, mau chat orang tua jadi susah minta kabar keluarga dari jauh susah, hadeh, mana lagi banyak tugas tugas nya dari atasan sialan bener.😤😤😤",1
wa-nya bagus sekali saya suka,1
Baik tapi whatsapp saya hilang sendiri,1
mantap,1
"awalnya ku kasih bintang 5 ga ngerti lagii sama WhatsApp ini tiba "" muncul nomor kontak ada dibawah udah di ilangin pas buka apk lain lalu kembali lagi ke WhatsApp lagi ada lagi ga ngerti sumpah deh.",1
terima kasih,1
good application,1
jos,1
Really good🥰,1
bguss,1
kenapa sekarang aplikasi wasthp bisa ke hex selallu tidk bisa di pake ada tulisan nya akun anda kena tinjauan itu kenapa?,1
sangat puas,1
klo h l loo trs kita ak8 jin8an uuu😄😄😄😄😄😄😄😄s😜😶‍🌫️😜😅😅😅😅😅😅😅😅😅😅😅😅😅😅😅😅😅😅😅😅😅😅😅😅😅😅😅😅😅😅😅😅😅😅😅😅😅😅😅 mnnmmjnnnbjtid Ki Kusumo oo yaa kok gak Lo UU Lo KMI RT d oli tu i Ki Ki hu yg Bu 🇹🇩🇹🇫🔌🦢🦇🐫🍳💴🧱📎🕠🕠💻 r hu www oli?👔📩📭?🛁🛁🛁 Lo kehttjjjbin Ki d ko RT Ki🙀🇺🇿🇹🇲🇼🇫 yang,1
UI nya tolong di perbaiki ya;),1
bagus,1
baik,1
bangay,1
karena nomor saya tiba2 tidak bisa dipaki untuk wa lagi tanpa tau kesalahan saya,0
"hai , whatsApp saya dulu pas aku mau liat sw gak bisa katanya harus buka pengaturan padahal yg penting bukan sw saja tapi.... grup kelas saya kelas 5a mohon sekali tolong perbaiki karena ini mengganggu saya padahal saya butuh ini untuk melihat grup saya kan saya lagi belajar daring di rumah pas aku buka wa katanya "" buka pengaturan "" padahal saya gak ini itu ini itu haaa..... "" SHIBAL "" jadi jelek dehh ini whatsApp yg skrng trs saluran saya jlk malah saya yg jadi admin bukan tmn saya tlng pbk",0
Ok,1
"WA keseringan update, hp ku udah gk kuat, udah gak bisa ku update, aku jadi gak bisa buka WA, gak tau info apa apa lagi dari grup 💔 udah ku hapus semua apk yang menurutku itu butuh tapi masih gak bisa 💔 kenapa harus banget di update, apakah gk bisa gitu kalok gak ikut update? 💔 ini saya jadi gk tau kalok ada info sholat idhul adha-nya di sekolah jam 5:30 💔 oke makasih gitu aja min💔",1
oke,1
tlng jgn d spam trus,1
baik tp kurang cepat aplikasinya,1
upload sw burem,1
knapa akun wa sy di blokir.,1
boleh gak uninstall ya itu gratis dan juga dimohon kan jangan terlalu banyak pembaruan whatsapp,1
"aplikasi kocak, kok bisa tiba-tiba akun whatsApp saya di tinjau padahal saya tidak melakukan apapun.",0
krn kamu jg kerjasama dngn fb jd sama bae hrus dginiin kapok,1
aplikasi ini sangat bagus,1
kenapa WhatsApp sekarang ngebatasin,0
"woy min, gausah batasi² segala pas aku buat akun baru, moso baru buat akun baru lgsg dibatasi",0
"Disuruh masuk ke WhatsApp resmi yg mna, emng ini bukan WhatsApp resmi. kok jdi ribet begini.",1
sangat tidak nyaman di gunakan sering di tinjau dengan alasan yang tak masuk akal,0
"WA sangat membantu sekali dalam berkomunikasi dgn kerabat, sahabat2 dan rekan2... terima kasih...",1
sengaja saya kasih Bintang 2 karna tiba tiba hilang sendiri sya Sangat kesal terhadap ini,0
sgt baik,1
"mungkin ini komplain sama kayak pengguna lain, tiba2 bgt chat ilang semua padahal gak ngeklik dan ngerubah settingan apapun, coba uninstall malah akun backup dibilang tidak ada chat yg di back up, jd chatnya ilang semua, mana chat penting disitu semua tau gtu gausa di update app nya nambahin stress ajaaa. bikin hp penuh jg padahal udah ada chat dan media2 yg udah di hapus, berbenah dong tlg udah banyak bgt loh complain nya terkait masalah ini",0
"tolong hilangkan saja fitur nonaktifkan laporan dibaca, fitur yang ga berguna, malah membuat kesan negatif, alasan privasi tapi malah membuat pengirim pesan merasa tidak nyaman.",1
wa ngapa bgini dah sekarang..buka wa baru dah tuh wa pada masuk 🤦🏻‍♀️apa cuman apk gw doank yg bgtu yak ....,0
"Sangat membantu aplikasi ini tanpa whatsapp aku tidak bisa berkomunikasi dengan teman dan keluarga saya, bintang 5 banget deh!",1
ini sangat bagus membantu segala ke perluan,1
Ribet banget,1
"kalo masuk lagi pake nomer kenapa kode verifikasi nya ga muncul"" pake metode apapun sama aja, ga kita"" lagi ngasih waktunya bisa sampe 12jam di coba lagi malah tetep ga dapet kode verif, tolong gimana ini!!!!!",0
"ITS good not bad, much easier",1
bagus,1
sangat bagus,1
sangat bagus best,1
bagus,1
pokoknya siiip daaah,1
"kenapa ya sekarang WA sering dibatasi, padahal saya cuma ngirim ucapan selamat ied k keluarga dan grup penting, biasanya dulu gak pernah begini",0
"tidak bisaa login karna apa? karna ""unduh WhatsApp resmi untuk melanjutkan"" sedangkan WhatsApp nyaa resmii darii play store kenapa gakk bisaa loginn, gimanaa inii?",0
wa ku rodok eror,1
karena bisa dibuat vc,1
👑🤭🤭🤭🤭,1
jangan ngelek lg,1
ok,1
bagus,1
wa nya dikit-dikit update memakan memori kalo keseringan diupdate dimohon jangan keseringan update kasian yang memori nya kecill kalo keseringan di update,0
bagus,1
ok,1
"apk babi, video call malah bug",0
bagus,1
Alpian Alpi,1
kenapa Whatsap saya kena peninjauan terus,1
mls bngt klo scrol ke atas digrup suka ngegich²,0
bagus,1
sangat baik,1
hoay moathoay nksmoa,1
aplikasi tidak bisa menyimpan foto dan vidio otomatis,1
jos banget,1
aku sangat suka wa,1
watsaap memuat trus,1
Mantap tap,1
banyak banget,1
knpa ni whatsapp saya gk bisa di donwlod,1
minta tolong buat watsaap baru tidak bisa watsaap gagal bagaimana???🙏,1
lSMiRAIL!N&1i,1
bagus👍,1
"mohon bantuannya,saya tidak dapat login",1
"kompres status, video/fotonya gila gilaan, fitur yang disediakan seperti mode hd dll ga guna, emng buat apa s di kompers, memperkecil file? percuma kalo grafiknya jadi burik,coba kedepannya gausah dikompres lagi media nya terutama setatus foto/video ga ngaruh juga sama penyimpanan apalagi hp sekarang udah canggih2 masa foto/video udah burik aja perlu dikompres lagi, tolong update selanjutnya diubah agar kualitas medianya tetap sama seperti kualitas aslinya kalo perlu hapus fitur kompers tolong🙏",1
"bagus buat komunikasi, tapi Jgn sering di tinjau akun nya",1
ok,1
Mantap,1
"setiap buat chat kok terus kena spam,,,,",0
"kenapa aplikasi WA,ku nggak biss muncul di layar ya",1
Ok,1
"orng udah make versi asli, malah di tuduh ga resmi",0
"wa aneh, gd apa²in logout sendiri udah kartu fisik ilang wa semua dsna tiba² logout cuih banget",0
sangat enak untuk mengobrol dengan teman,1
"skarang WhatsApp tiba tiba susah login kadang suka keluar sendiri, giliran mau di login lagi engga bisa, malah ada tulisan akun whatsapp anda tidak bisa login, tolong perbaikan nya",0
saya puas dengan hasil wa,0
tai.ga bisa blokir picek,0
saya mau chat sama penjual di grup sesudah di chat malah ke band tiba tiba tolong perbaiki saya tidak punya kesalahan apapun juga 😞😞,0
mantap aplikasi ini,1
sangat mudah di gunakan dan tepat waktu,1
WhatsApp 👍,1
aktifkan filter wa udh di perbarui masih gak muncul filternya udh di aktifin juga filternya gak muncul juga tolong bantu aktifin🙏,1
Ok,1
keres,1
oke,1
makin lama makin ngga jelass,0
baik,1
aplikasi memuaskan,1
luar biasa,1
knpa wa ga bisa dibuka,0
cara masuk ini gimana kak,1
"wa suspend trus gak tau salah dimana,chat konfirmasi mau login klik indomaret aja toba2 d suspend gak jelas banget.salah chat orang suspend,narik chat suspend.payah",0
Mantul,1
jangan di batasi,1
𝐛𝐚𝐠𝐮𝐬,1
"k vcall,",1
"maaf kasih bintang 5 supaya di baca,udah di update malah tambah aneh, kirim foto/video di kasih musik g bisa di posting di status, padahal jaringan stabil kuota data Masih full, tolong di perbaiki, terimakasih",1
Akun resmi,1
mencari buat tmn sejati,0
Saya banyak berterimakasih kepada Anda PAK 🙏🙏,1
sangat baik,1
Good joob,1
tolong stop apk bug wa!,0
jangan di tinjau lagi,0
saya mau WhatsApp messenger saya nggak error lagi bisa kan oke,1
tidak bisa masuk menu,0
buka wa ga bisa erorterus,0
"tolong hapus tombol mute pada telfon, soalnya mengganggu my binii guwehh, buat call sama gw suami nya😠😠, awas ga lu hapua WA gw tandain lu🤬",0
mantop.👍👍,1
Bagus sekali,1
okee,1
berguna banget buat banyak hal,1
sangat sayang uang main di aplikasi ini jelek banget. ga pernah ada jp nya. walau pun deposit berapa kali hasil ga memuaskan selalu rungkad,0
aplikasinya mulai gajelas.,0
aplikasi WhatsApp kenapa berat banget banyak virusnya setiap hari aku harus membersihkan aplikasi WhatsApp 😔😔,1
"sering banget whatsapp memblokir nomer dengan alasan spam. hampir satu keluargaku kena semua. padahal ngak ngapa2in make pun buat komunikasi saja.. pas mau menghubungi pusat bantuan, pas masukin no hp ""no hp salah mulu"" mau pake +62 mau pake 62 mau pake 0.. tetep saja.. gimana neh whatsapp.. perbaiki tolong..",0
Bagus,1
bagus,0
tambahin banyak fitur lagi,1
nge bug oy apk nya,0
"saya sangat suka dengan WhatsApp ini karena mudah dan gampang ,, saya beri bintang 5",1
Membantu sekali,1
lambat dan jelek,0
bagus,1
bidang konstruksi,1
ok,1
puass,1
"saran saya buat foto sekali lihat nya beri waktu untuk melihat beberapa detik agar tidak di ambil foto oleh hp orang lain, saran saya waktu jeda beberapa detik nya 5-10 detik😁",1
gmpang ke block GK masuk akal,0
Sangat membantu,1
bonifasius,1
sangat bagus,1
ok,1
bole ga hapusin fitur sekali liat di wa abang abang itu,0
whatsapp makin kesini makin ga jelas sering kena spam pusing bgt aseliiiii,0
apik,0
Banyak pengguna Aplikasi whatsap ini secara akurat.,1
"pliss untuk Bio kembalikan seperti dulu lagi, saya sudah pake Bio dari 2022 tapi malah tidak ada lagi, jujur bio itu bukan cuma sekedar penjelasan tentang apa yg kita rasakan, tapi kenangan apa saja yang udh di lewati bersama bio itu, tolong kembalikan Bio seperti dulu",1
ok,1
Aplikasi bagus,1
"keren, terimakasih atas aplikasinya kita bisa langsung ketemu sama para sahabat",1
Aktip kan akun saya nama abil Yunan,1
puck men,1
ok,1
busik,0
wa napa siee error mulu anjai,0
bAik ok,1
sebel kalo bikin sw pecah mulu,0
sangat membantu,1
"Aplikasi nya bagus sekali, bisa melihat orang cantik nan imut setiap hari,btw hari ini ada yang ultah, itu adeku yang cantik, imut, manja, lucuu ,kalau bisa Adain fitur buat kita tau berapa kali orang ngelihat sw kita",1
"kok aplikasi nya berubah sejak update kalo terlalu banyak chat orang akun di batasi padahal yang chat duluan bukan aku,kalo chat dikit langsung di batasi",1
"WHATSAPP SEKARANG MAKIN GAJELAS, GUE BARU BELI NOMOR LANGSUNG KE BLOKIR ANJR PADAHAL GA NGAPAIN"" ANEH BANGETTTTTT GASUKAAAA!!!!",0
apk tlol kenon terus,0
godd,1
sangat mengecewakan .karena akun WA saya baru saja keblokir,1
"kenapa akun saya tiba2 di blokir, itu no saya satunya 😭 ada apa sama WhatsApp",0
gaakk. bisa lepon suara,0
Nice,1
Yte,1
"tolong WhatsApp kenapaa akun saya di tinjau terusss udah 3 kali barusan hari 2026 dari tnggal 25,26,smaapi 27 Mei 2026 tolong bantuuuu sya",0
pejuang rupiah,1
kenapa watsapps saya kena spam terus katanya suruh ganti nomor sekarang sudah ganti nomor tetap aja kena spam,1
aplikasi WhatsApp skrg tuh gimna dikit2 di blokir .. dikit2 di tinjau..spam lah apa lah padahal aku chat dengan orang2 terdekat yg ku kenal sama keluarga juga ..grup pun grup sekolah.. apalah g jelas nih katanya melanggar ketentuan..kalo ga mau jadi medsos untuk chatting..segera lah hapus..dasar biadab kau..jadi susah untuk berkomunikasi,0
future,1
bgus,1
bagus sangt membantu,1
OK,1
ok,1
Terima kasih,1
"wa sudah bagus tetapi kenapa kalo saluran yang masuk jelajah malah harus sepi dulu baru masuk jelajah gak adil bangett,, mana kalo masuk jelajah cuma 2 hari 3 hari kadang 1 hari gimana sihj",0
wa Saya sering di sepam,1
jarang dapet notif dari si dia🙃,1
srkarng jelek karna sering bag,0
baik,1
👍👌,1
Tolong.minta wascap saya normal lagi,0
"makin lama makin gajelas, ai untuk aplikasi ini jelek -1/10 ratingnya, akun/no whatsapp saya terblokir tanpa alasan yang jelas terlebih lagi tidak ada pertimbangan lanjutan,padahal tidak ada bukti yang kuat dan saya harus mengganti no whatsapp saya untuk mendapat informasi dari guru atau keluarga saya, saya kecewa terhadap update yang tidak jelas ini, saya harap whatsapp tidak 100% bergantung kepada ai untuk menindak lanjuti kasus pemblokiran apalagi dengan ai yang masih cacat seperti itu.🙏🙏🙏",0
good,1
"APK BROKEN, NAJIS MAKIN KONYOL AJA MINTA VERIFIKASI KE HP YANG RUSAK, DIPIKIR LAGI KALAU MISALKAN HP RUSAK YANG TERSELAMATKAN CUMA NOMOR AJA BERARTI SAMA AJA KEHILANGAN NOMOR WHATSAPP KITA? MIKIR KOCAK, RIBET BANGET LU PADA PADAHAL VERIF EMAIL, SMS, TELFON ADA TAPI TETEP GA NOLONG, MAIN KUNCI AKUN ORANG AJA DENGAN ALASAN KEAMANAN.",0
kenapa saya di sadap,1
saya tidak bisa login bosku,1
ok,1
Oke,1
WhatsApp saya kena tinjau mulu,0
belum puas,0
puas,0
WhatsApp saya kenapa gabisa bikin story,1
kontil,0
"terlalu biadap, sudah puluhan tahun saya pakai namun akun saya selalu di tinjau , sangat tidak nyaman, kembalikan kerugian saya. dan bertanggung jawablah.",0
"Tolong dong, masa kalo buat video call kameranya suka ngelag tiba tiba stuck dan ga bisa gerak gabisa liat muka sendiri dilayar yg besar",1
"bergunaa tapi tolong update, kalo bikin story kenapa resolusi nya blur banget tolong dong perbaiki biar HD",0
oke e,1
kok susah bgt ya skrng masuk ke wa saya Sampek ganti kartu 3kali to masih blm bisa di nuka,1
gak ada pilter vc nya admin wa,1
"makin lama ga jelas wa ni,aneh ga ada notif ga ada pesan masuk padahal kuota masi, kocakkk",1
nice,1
kurang bagus,1
siap,1
baik jangan buat WA sy terblok lagi ya,1
suka bgt,1
sering di pinjol,0
"tiba-tiba akun kena tinjauan padahal tidak pernah melakukan kesalahan, dan setelah mau masuk lagi sudah ganti no baru tetap tidak bisa",1
"suka ngebug, tiba tiba chat wa ga kekirim, padahal jaringan normal",0
keren,1
kl vc gbsa,0
the best🤏🏻,1
aplikasi cukup bagus cuma tempat saya ga ada aplikasi dana cicil tolong kasih kan yaaa🙏🙏,1
bagus,1
"muncul notifikasi whatsapp tidak resmi padahal saya telah menggunakan whatsapp yang resmi dari playstore dan official, tolong perbaiki",0
bagus,1
"buat saluran jd lebih privasi dong ky kalo mau liat hrs minta izin dl daripada gaada pesan selalu d bagi' kan, kalo ngga kasi tau siapa yg bagiin pesan. tolong ya min",1
mantap,1
saya tidak bisa membuka whashapp,0
woy bug vc,0
Y bagus aja,1
okkk,1
sangat membantu dalam hal komunikasi,1
sangat membantu,1
gue belum ada fitur efek pas video call woii,0
keren,1
"baru kali ini kecewa sama WhatsApp, niat mau coba fitur baru yang nambah akun , malah file+ foto hilang semua pas balik ke akun utama,...kalau nyediain fitur baru itu di pertimbangkan sama di Sempurna in dulu jgn asal update2 gk jelas,...padahal di situ banyak foto kenangan sama file penting .... kesel banget dah.. sumpah kesel banget dahh...",0
apa lah kena blokir mulu makin gak jelas,0
kalau bisa kwalitasnya lebih ditingkatkan lagi,1
yeahh,1
whatsapp dpt membantu kami utk komunikasi,1
semiga selalu jadi yang paling membantu,1
apk anj,0
good,1
"ternyata banyak juga yg tiba² log out, dan ketika mau login harus di tinjau dulu. kenapa mulai gak jelas ya",1
"TOLONGGG BANGETT YAAA DIPERBAIKI LAGII KUALITASNYA!!!! MNA SEKARANG SERING BNGT NGE BUG, UDH GTU KLO BUAT STORY SELALU GBISA HD HERAN BNGTTT DEH PUSINGGGG",0
Jelas,1
keren,1
sangat memuaskan,1
"sekrang parah dulu enak , vc sekrang ngekag ngekag ,",0
"tailah,otpnya ga masuk-masuk cooo susah banget loginnya ini,gimana dah kerjanya",0
"alay bet padahal whatsapp udah bnr alsi malah suru bacaan dwonload yang asli,😏😤😠😠😠😠",0
SINGKAT SAJA VC JANGAN DI BUAT MIRROR.,1
bagus,1
bagus,1
di instal tidak bisa,1
"ini kenapa ya pas video call tuh, layarnya hanya satu orang bukan dua orang",1
ga ada blonde blonde yang bales cat gua ajng bangke bangke,0
wa bangsattttttttt baruuu kena spam ke 3 x nya giliran dah kena kesepam LG pdhl gak ad cht masuk wa kontolll dasarr yang bikin wa cuma ecek ecek aplikasi wa itilllllll,0
buruk intinya,0
siapa juga yg nda butuh WhatsApp,1
sangat membantu,1
bagus,1
sangat membantu,1
bug parah cooooookkkkkkk 😠😠😠,0
pulihkan akun WhatsApp saya,1
apk makin sip,1
"di aku storinya patah"" twerusss",1
ini kenapa ada bug saat vc tolong perbaiki,1
sangat bagus dan pintar,1
mantap,1
baik,1
"gajelas, masa ceklisnya 1 terus, padahal orang yg dichat udh jwb, tp statusnya masih ceklis 1 di semua chat, baik pribadi & grup, jd ga keliatan mana orang yg bnrn offline sama ngga, hadeuh",1
baik,1
"bikin repot aja fitur kunci chat, pas mo balikin susah banget",0
gkbs dibuka ada bug,0
baik,1
Baik,1
ok,1
"tolong di kembalikan seperti semula, bikin story video versi HD hasilnya malah burik gambarnya... jadi kurang nyaman",0
senang,1
Ok,0
"bug saat vc gambarnya diam tapi suara ada, tolong di perbaiki",0
sukses slalu,1
penyebab vc wa nya 2 gambar orang yang sama kendala nya dimana yahh tolong di jelaskan apakah bug aplikasi atau ada hal lain,1
vc ngebug,0
good 👍,1
Mantap aplikasinyq,0
sangat membantu sekali,1
mohon maaf tpi tolong ini WA saya kenon mulu padahal ga melanggar aturan 🙏,0
knp sering eror vidio coll,1
seru bagtt,1
Sangat baik,1
saaat video call mengalami bug,0
"Apk nya bagus, tapi tolong dong min kalo ngehapus pesan, bekasnya tuh juga di hilangkan, terus adain fitur kalo ngehapus semua chat di orang itu juga chat kita hilang semua pls pls",1
keren,1
setiap video call tidak ada gambarnya,0
Bagus,1
kenak batas terus,0
"bagus bisa interaksi bersama orang tua , teman , dan saudara. saya sangat suka dengan aplikasi WhatsApp keren sekali",1
jelek,1
peranan chat,1
WhatsApp sangat penting dan membantu,1
keren,1
Bos ini padahal nomor saya sudah tercantum tapi gak bisa verifikasi dengan cara apapun,0
sangat bagus untuk digunakan,1
jaringan lancar dan sangat membantu,1
akun ku ke suspen padahal tidak melakukan kesalahan,0
ok,1
SAYA TIDAK BISA VERIFIKASI DAN ADA TANDA MERAH,0
sengaja kasih bintang 5 soalnya meta ai suka bug naya balik,1
sangat membantu saya,1
bgus,1
mengapa tidak.bisa bikin status,1
Akun WhatApp saya terblokir,1
"sebenernya apk nya bagus sih,, tp disuruh update teruss,, saran update nya 1 tahun sekali kek jngn 1 bln hp saya Ndak bisa buat update memori penuh udah dihapus ttp GK bisa,,",0
whatsapp sya ga bisa di buka,1
"tingkatkan terus keamanannya..., thanks.. google...",1
ngebug mulu buat vc,0
kenapa akun WhatsApp saya kok selalu di blokir,1
mantap,1
Aplikasi ini sangat bagusss,1
"menurut ku opsi edit pesan gaterlalu fungsi, lebih baik hilangkan mode opsi edit chat. karena lebih baik natural chat",1
mantab,1
mantap,1
ok,1
Gak bisa masuk knpa ini,1
enak,1
"WA nya buruk ngebug, sdh gajelas",0
kebanyakan di ubah2 setingan nya. emng tolol,0
harus di update trusss mls bnaget deh udah updetny lama lg,0
aplikasi yg sangat bagus😍😍,1
aman,0
"tolong peerbaiki, setiap membuat story pecah",0
saya sangat membutuhkan aplikasi ini,1
oh lucuu cuko no yg KC,1
"tp kenapa ya punyaku kok blm ada filter di WhatsApp, jd KLO mau vc pasti GK ada filter nya tolong di perbaiki",1
sinyal kurang bagus,1
no ku ke blokir mulu sama pihak wa,0
good,1
semakin jelek.. foto story di di jadikan buram banyak kejelekannya,0
bagus,1
sangat baik bagus,1
saya mau log on tapi tidak ada pereoikasi lewat panggilan atau pun lewat SMS tolong di perbaiki.,0
sangat puas,1
whatsapp makin kesini makin aneh kaga salah apa apa tiba tiba kenon tolong nih pihak whatsapp jangan buat kek gini pula,0
good moga ga kena spam,1
jadi mudah utk berkomunikasi,0
good,1
oke,1
bagus banget saya suka,1
gw 90% seneng ama meta ai nya..,1
ingin yg ter baik watshaf nya,1
mantull,1
"kepada pihak Whatsap,tolong dong fitur nya tambakan lagi biar lebih keren lagi teriamaksih",1
saya suka dengan ini,0
tolong perbaiki masalah telpon,1
saya memberi 5 bintang karna di WhatsApp saya bisa menelfon atau saling menanyakan benda atau pun it bersama ibu saya 😊 iloveyou mom✨🤍☃️,1
mantap,1
watsap tolong apus aja emot jempol,0
aplikasi cacat,0
harusnlibih baik lagi,1
akun whatsapp saya tidak bisa di masukan lagi,0
bagus,1
oke,1
Sangat memudahkan untuk hubungan komukasi dll.,1
status semua orang harus di lihat kan,1
emang gila sekarang wa gw kenapa bisa keblokr padahal gw ngk ada yang aneh tapi kenapa bisa keblokr 2 X,0
ga jelas dikit dikit ke blok,0
watsap sekarang ribet,0
whatsap saya d bekukan,1
bgs bgt ini mah paling is the best soalnya gk mungkin org hidup tanpa whatsapp 😆👍,1
Kita download resmi tapi di anggap wa tidak resmi,0
Oke,1
mantap,1
kenapa gak bisa di buka,1
kok WhatsApp saya gak bisa kirim Poto terus gak bisa kirim status?,1
WhatsApp sekarang kenapa sih? dikit dikit akun di tinjau mulu padahal baru bisa di buka wa nya tapi di banned sementara lagi? ga habis pikir sama pihak WhatsApp.,0
nomor saya sering kena blokir,0
sangat berguna.,1
terimakasih akun saya kena spam terus menerus,1
memudahkan dlm berkomonikasi,1
bagus,1
"okey banget, josz",1
kok gak bisa update yaa,1
kenapa saya TDK ada filter vc nya,1
bagus,1
ok bgt,1
sukkk tapiii pas vc gk bsaa pakai filter cuyy,1
ok,1
mau daftar pke nomor baru malah keblokir ditinjau ga bisa daftar gmna si,0
wa saya gak bisa menerima kode,0
"Pada saat telepon vidio mengalihkan gambar terjadi macet. tidak bisa kembali semula, harus di matikan telepon, ini sangat mengganggu",0
sangat mudah untuk berkomunikasi dengan orang lain?,1
saat menantu ni,1
senang,1
bagus,1
Ok,1
baik untuk menghubungi sanak saudara,1
oke,1
sangat baik,1
ok,1
kereen habis mantep,1
"kalo di iphone kenapa harus nyimpen ulang terus ya nomer di kontak, jadi kalo gak biasa wa an kontaknya hilang nama",1
"eror gak bisa login, katanya unduh Whatshap resmi, kan gua unduh di playstore, anehh",0
empat aja supaya kaya Persib,1
kenapa no yg ada di oontak sering menghilang? dari 130 menjadi 78 maksudnya gimana?,0
bagus,1
kenapa saya mendaftarkan nomor baru tidak bisa,0
mantap,1
"Hallo WhatsApp Saya pengguna baru di hp baru yang telah saya beli dan saya baru saja mendaftar di WhatsApp lalu mengapa tidak bisa mendaftar? keyboard tidak muncul dan tetepi di apps lain keyboard nya muncul. dan titik 3 di pojok kanan juga tidak bisa di pencet tolong di perbaiki lagi saya tidak bisa menggunakan WhatsApp karena tidak bisa mendaftar... APK aneh gajeles anjy,🥺",0
Sangat menyenangkan,1
ok,1
ok,1
chat urg jol jol kahapusan kabeh,0
Lama mendownload,1
"sering banget eror lgi telponan tiba tiba mati, pas nelpon balik gagal terus!!",1
saat video call tiba-tiba terputus sendiri bukan karena jaringan.,1
Good,1
"apk ta1 beg0 g0blok, cewe gapernah bales chat gua",0
saya menyukai aplikasi ini,1
"selama ini bagus bagus aja aplikasi nya ,tetapi sejak 2026 , WhatsApp mulai aneh,ga ngapa ngapain aja ,akunya dinonaktifkan,kok bisa,padahal baru pulih akunnya tapi setelah itu ke nonaktifkan lagi,heran.mohon diperbaiki ya,terimakasih",1
kenapa saya selalu tidak bisa mendaftar wa padahal saya udah beli nomor baru,0
saya senang buat WhatsApp,1
semoga bagus,1
mantap,1
aplikasi ini sangat membantu saya,1
sangat membantu,1
mudah dimengerti,1
"iya,mantap",1
semakin terdepan matap,1
Ok,1
suka suka suka sangat sukaa,1
"susah ngirim pesan,di batasi",0
wa sangat bagus untuk kita,1
whatsapp tolong diperbaiki klo bikin sw biar ga blur sama yang lainnya juga biar ga bug🙏,1
apk kontl hpus aja njg,0
selalu di tinjau padahal ga ngapa ngapain saya,0
ok,1
"kenapa wa ini, mau login nomor baru tidak bisa. login tidak tersedia. sudah gonta ganti. hp sama aja",0
mantap,1
Semoga WhatsApp saya bisa normal lagi,0
bagus banget,1
bagus,1
keren,1
gjls tiba² di blokir terus akun,0
"susah untuk telpon,selalu gagal",0
luar biasa terbantu sekali,1
whatsapp ngga jelas di laptop eror banget,0
susah masuk notif,1
ok,1
makasih,1
Kenapa nomer akun saya terblokir saya ngak bisa verifikasi tolong bantuanya,0
"tolong dipulihkan,no di pake buat kerja",1
sangat mudah digunakan,1
apk yg sangat berguna,1
Suka,1
yang aku ngga ada efek kamera nya,1
"bintang 5 tapi kenapa saat ingin buat akun whattsapp baru,saat semua nomor di save di hp malah kena tinjau pdhl akun saya bukan bot tapi saya sendiri yang catat semua nomor teman saya",1
sukakk,1
mantap bgt pokok nya,1
Mantap,1
BRING BACK THE STORY CAPT COPY FEATURE OH MY GOD?????!!,0
percuma di update terus klo g ada fitur foto live,0
wa ku kenapa kena blok gini ya,1
abis keriset hp sy ga bisa didaftarkan LG perbaiki lg sy mohon sy pengguna wa sehari hari,1
bagus,1
baik,1
berfungsi dengan baik dan efektip untuk komunikasi .,1
WhatsApp gx bisa di buka,1
no hp hilang butuh mulih kan akun,1
ko di wa ak klo vc gaada filter nya yh,1
tidak bisa dibuka pendaftaran ulang tapi,0
sering keriset,0
kenapa WhatsApp saya tiba tiba kena spam padahal saya tidak ada berbuat salah.,1
👍🏻,1
kecewa😔,1
sangat membantu,1
mantap 🤙🤙🤙🤙,1
top,1
"Hai, aplikasi WhatsApp ini jujurly bagus banget buat yang mau ngobrol dengan keluarga/teman yang jauh. Karena aplikasi ini itu gak begitu menggunakan paket/pulsa dengan banyak gitu, walaupun kadang kita disuruh update, tapi menurut aku gak papa sih, soalnya setiap update itu akan ada fitur baru. Makasih ya segitu dulu Babay (θ‿θ)..",1
mantap,1
bagus bisa dari jarak jauh,1
godd,1
aman,1
kenapa ga bisa di hp vivo,1
bagus,0
saya mohon kepada pihak whatsapp untuk menambahkan fitur efek filter saat video call atau kemera di whatsapp karna di whatsapp saya tidak ada tolong untuk menambahkan fitur tersebut mohon bantuannya kepada pihak whatsapp,0
sangat puas,1
bagus,1
sematan orang sering bug. tidak bisa melepas sematan. tolong diperhatikan,1
kenapa whatsAap saya selalu di tinjau seperti ini tolong jelaskan,0
memudahkan,1
wifi atau jaringan sudah bagus tapi kadang tetap tidak bisa update status,1
"Whatsapp semakin lama malah semakin mengecewakan para pengguna, bahkan semakin kesini malah semakin jelek ..",0
sangat puas dengan aplikasi wa,1
bagus sangat aplikasi nii tau,1
Aplikasinya lambat untuk ngirim pesan harus nunggu 5 menit baru kekirim,0
baik,1
ok,1
mantap,1
good,1
oke,1
"adain fitur hapus riwayat yg ""tentang"" yg abis kita gunakan plss",1
bisa nerkomunikasi dengan orang di negara manapun,1
makin kesini makin jelek,0
"tolong lahh pihak WhatsApp, kenapa saya baru 1x chat udah ke belokir/band, mohon bantuannya pihak WhatsApp terima kasih",0
kenapa pas vc suka error.tolong dong diperbaiki lagi.suka nga muncul gambar yg tlp.kadang hilang gambar yg nerima tlp.,1
request adain emoji ompreng mbg,1
babi,1
sangat baik dan saya sangat menyukai nya aplikasi Whatupp sangatmembantu,1
sayang whatsapp,1
karena bagus,1
setiap telepon kalo buka aplikasi lain GK bisa aku jijik sama aplikasi ini,0
Kenapa wa saya selalu keluar sendiri dan nggak bisa di pake padahal saya udah pake kartu baru Apa karena versi hp saya nggak tak mendukung versi nya,0
baik,1
ok,1
selamat persahabatan aktifitas.,0
aplikasi palin baik,1
nga bisa nganti profil njir.. udah di laporkan bug nya masih aja nga bisa co..,1
ini gimana mas nomerku kena kenon mulu,1
Mulus,1
sangat memuaskan,1
"KENAPA KONTAK BARU WA SAYA SELALU HILANG PADAHAL SUDAH DI SIMPAN, SELALU HILANG SENDIRI DAN NULUS LAGI HILANGGGG LAGI TOLONG DI BALAS, SAYA CAPEK NULUS KONTAK MULU",1
baik,1
bagus,1
saya gak bisa masuk akun washaap,0
Very good aplikasi n is the bes,1
bagus,1
terimakasih atas adanya aplikasi whatsapp ini keluarga yang jauh jadi terasa lebih dekat,0
bagus,1
"buruk bgtt, sering banget tiba tiba semua chat kehapus, kaya ke restart tapi kontaknya masi ada.",0
semoga lancer,1
"notif cht sering ga masuk, wajib ganti suara notif satu satu baru bisa masuk, tolong di perbaiki bagi bug notifikasi kemarin kemarin ga gini sekarang malah gini",0
whatsapp memang mo 1,1
recommended WhatsApp selalu menjadi yang terbaik,0
Mantapppp,1
wa saya sering ditinjau tanpa sebab,0
Aplikasi yang bagus dan sangat membantu,1
pas vidio call gabisa ke layar besar,0
ᴀᴘʟɪᴋᴀsɪ ʟᴜ ᴍᴀᴋɪɴ ʟᴀᴍᴀ ᴍᴀᴋɪɴ ɴɢᴀᴄᴏ sᴇᴍᴘᴀᴛ ᴋᴇ ʙʟᴏᴋɪʀ ᴛᴇʀᴜs ʙᴇʟᴜᴍ ʙᴇʀᴀᴘᴀ ᴊᴀᴍ ᴋᴇ ʙʟᴏᴋ ᴄᴏʙᴀ ᴜɴᴛᴜᴋ ʏɢ ᴘᴜɴʏᴀ ᴡʜᴀᴛsᴀᴘᴘ ʙᴇɴᴇʀɪɴ ʟᴀɢɪ ɢᴇʜ ᴊᴀɴɢᴀɴ ʙᴀɴʏᴀᴋ ʙʟᴏᴋɪʀᴀɴ ɴʏᴀ ɪʟᴀɴɢɪɴ sᴇᴍᴜᴀ ʙɪᴀʀ ᴋᴀʏᴀ ᴅᴜʟᴜ ʟᴀɢɪ,1
banyak sekali kontak saya terhapus dan tidak muncul di wa,0
nomor saya baru ganti tapi udh gk bisa,1
mantap,1
ok,1
ok,1
okok,1
"whatsapp aplikasi paling bagus,kenapa aku gak kasih 5 karna aku lagi ngegambar sesuatu yang realistis tapi tiba - tiba malah hilang",1
terimakasih,1
tolong dong perbaiki LG kenapa saya pake nomer baru gk bisa buka whtsapp,1
"udah donlot foto harus d klik buat liat , klo g d klik liat blur",0
jgn diperbarui lagi whtshp nya udh kece..,1
"ada bintang 0 saya kasih bintang 0! whatsapp sekarang pakainya ai ya, padahal saya tidak pernah sama sekali spamming chat atau perbuatan melanggar kebijakan tapi saat aku banding ditolak dan malah dinyatakan permanen blok. harusnya hal seperti ini dinilai dari objektivitas manusia bukan ai, saat aju banding by gmail pun hasilnya nihil. hanya dikatakan bahwa hal tersebut hasil final, tanpa memberikan bukti nyata kesalahan saya dimana.",0
bagus,1
ok,1
yangg bener aja dong ini aplikasi dikit-dikit akun di tinjau saya gada melakukan tindakan aneh tiba-tiba akun di tinjau yang bener dongg saya di wa ada data penting,0
tidak bisa mendaftar WhatsApp,0
"Nge bug, wa video call pas di klik gambar sendiri error",0
baik,1
terima kasih sudah memblokir wa saya yang tiba tiba saja tanpa saya tau apa penyebab nya dan file penting plus no orang kerjaan dan lain lain terima kasih banyak,0
susah untuk mengirim kode frivaksi,0
bagus,1
apk jelek,1
mantap,1
bagus,1
bagus,1
nyaman di gunakan tapi banyak yang ngirim virus dari no ku,1
mengapa WhatsApp sekarang harus kena pemblokiran..,1
aplikasi ini sangat bagus untuk chat orang,1
"kenapa saya kasih bintang segini,karena masih banyak bug, seperti foto sekali lihat yg baru dikirim sudah kadaluwarsa,, padahal baru 1 detik yg lalu,, dan banyak bug lainnya tetapi saya sebut salah satunya saja, sekian terimakasih",1
𝙙𝙞 𝙨𝙩𝙖𝙩𝙪𝙨 𝙨𝙖𝙮𝙖 𝙖𝙙𝙖 𝙩𝙪𝙡𝙞𝙎𝙖𝙣.. 𝙩𝙖𝙮𝙖𝙣𝙜𝙖𝙣 𝙩𝙞𝙙𝙖𝙠 𝙩𝙚𝙧𝙨𝙚𝙙𝙞𝙖,0
"terlalu banyak update dan fitur gk berguna serta memakan penyimpanan yang banyak, dan bikin HP sering ngelag, tolong di benerin jangan cuman update doang yang di gedein",0
👍,1
"sbnrnya bgs' aja, cuma ko pas sy cb priv mlh tdk ter priv y ?.",1
bagus,1
"aplikasi hama saya mau verifikasi kode otp, gada yang kirim kode otp gara gara kelalaian tersebut saya ingin meminta pertanggung jawaban jika anda bilang salah nomor? tidak nomor saya sudah 100% benar tetap saja tidak ada kiriman kode otp. akhirnya saya mengecek status layanan WhatsApp katanya berjalan dengan normal, normal bapak kau normal jika benar normal mengapa saya tidak bisa mendapat kode otp? dasar HAMA.",0
aplikasi broken!!! gajelas tiba tiba akun ga bisa login lagi!!! sampah!!,0
WhatsApp makin ribet!,1
"WhatsApp kenapa ya ko wa saya ke blokir padahal saya ngga spam lo saya cuma blsin pesan dri temen saya ketika suda membls nya kenapa wa saya langsung ke blokir saya sangat kecewa sih,kalo soal filtur dll emng bagus tapi tolong la kembaliin wa kek dulu lagi yg gaada drama wa ke blokir la atau akun wa ilang la tolong perbaiki lagi biar kita semua merasa nyaman terkadang juga gatau kenapa tiba² log out sendiri trs data² ilang semua dari chat foto video tolong perbaiki lagi trimksi🙏🏻🙏🏻",0
Kenapa wa saya eror trus,1
watsapp tidak bisa digunakan,0
sangat baik,1
good the,1
"apalah dikit"" kenon, nanti ngechat orang lagi penting"" nya malah di kenon",0
bagus sekali,1
bagus,1
aplikasinya sgt bermanfaat👍,1
"akun saya 2x di ban,dan semua info penting semuanya ilang,info sekolah,aneh padahal tidak melakukan spamm",0
sangat bague,1
kena spam secara sepihak padahal kami tidak ngapa ngapain semua akun yang dulu pun sampe hilang parah apa salah kami.,0
akun saya di batasi padahal saya tidak melakukan sepam chat mohon penjelasan nya,0
updatenya kadang lama banget,1
WhatsApp jelek gampang keblok cuma chet temen kena blokir aneh,0
bagus sekali,1
kenapa akun WhatsApp saya tidak bisa digunakan. mohon ditinjau terima kasih 🙏,0
pake banyak iklan,0
di update malah ngebug kak. gimana solusinya?,0
sangat bagus,1
"ini WA kenapa ngebanned akun secara gak jelas??? 3 hari ini sudah 5x akun saya kena banned dengan alasan gak jelas. saya orang biasa dan pengguna biasa, menggunakan wa selayaknya. chatan dikit bahkan jarang. menggunakan wa juga paling aktif cuman mengirimkan tugas kerjaan saja. gak jelas banget ini wa Minggu ini.",0
puass,1
"Parah bgt wa astagaa, lo mikir ga sih kerugian orang gara gara di blokir. kalo ga niat build aplikasi gausah!!! ga ngapa ngapa terblokir. Parahh!!!!",0
"Mohon kepada pihak WhatsApp kenapa seiring pembaruan yang diinstal aplikasinya semakin buruk saja, terutama pada bagian keamanan sudah ganti 2 nomor saya karena alasan perilaku spam maksudnya?",0
"1. Foto dan video yang saya unggah di status saya menjadi buram atau pecah. 2. Telepon sering terputus sendiri padahal sambungan internet antara saya dan penelepon baik-baik saja. 3. Tampilan semakin membingungkan dan sangat membuat tidak nyaman. 4. Pembaruan status tidak menurut waktu sehingga membingungkan. 5. Pesan terkadang hilang dengan sendirinya dan tidak dapat dipulihkan. 6. Info hanya bisa diatur dengan durasi, tidak bisa permanen.",0
"jelek bgt sih sekarang kalau video call sering banget nge bug tidak bergerak, bikin jengkel aja",0
sangat bagus dan bermanfaat sekalii,1
ok,1
whatsapp nya knpaaa si nge'bug giniiiiii bikin ga nyaman kalo lagi vc tolong dong pihak WhatsApp,1
iklan sangat menanggu penggunaan saya,1
tiba tiba di blokir aneh,1
tiba tiba saya di blokir,0
bagus,1
akun saya terblokir tiba tiba padahal saya tidak melakukan pelnggaran apapun.,0
Wauuu uwau waw mantap kuantap keren takeren bagus sebagus Agus🤣😂😅,1
ngebag bila vc an,0
"Halo Admin WhatsApp yang terhormat, saya memohon bantuan untuk membuka kembali akun WhatsApp saya. Saya tidak melakukan spam. Kemungkinan saat ini akun saya sedang diretas oleh pihak yang tidak bertanggung jawab dan digunakan untuk melakukan pelanggaran. Oleh karena itu, saya mohon agar akun WhatsApp saya dapat dipulihkan kembali karena sangat penting bagi saya. Terima kasih.",1
"tolong di perbaiki laa, udah gj bangett Whatsap masa baru pulih kenon kenon lagi padahal ga di apa apa in, tolong laa padahal ada data pribadi saya di dalam",0
untuk bio gausah pake durasi segala ga guna,0
bagus,1
sangat baik bagi saya,1
jernih suaranya nga macet,1
good,1
"GRAFIK NYA JELEK BANGET PLIS?? GAUSAH DEH BANYAK"" IN FITUR YANG GA TERLALU BERGUNA, PERBAIKAN AJA GRAFIK FOTO VIDIO NYA, ITU TUH BENER"" GANGGU BANGET",1
saya tidak bisa menambah kan ke koleksi stiker premium,0
saya sering spam no ny tolong bantu makasih,1
aplikasi nya sering eror gk kebuka selalu bilang dalam tinjauan gk jelas aplikasi nya,0
kadang suka eror waktu di buat video call. mau pindah buat layar lebar ke layar kecil.. malah gak gerak.. cuma suara saja yang bunyi,1
bagus,1
sangat membantu kamai,1
apik,1
WA bagus,1
baik LP,1
sangat membantu,1
kena tinjaun mulu WhatsApp kurang ajar,0
WA saya tidak bisa di buka mohon di buka kembali,1
"jangan buat spam detect donggg aplikasi mu itu dipake sama orang Indonesia yang semuanya pake WhatsApp kegiatan, kerjaan semua pake WhatsApp nyusahin aja sih",0
Sangat menarik,1
aplikasi selain watshap ada lagi ga udah males pake watshap di blokir Mulu aplikasi sialan,0
"aplikasi nya bagus lumayan dpet penghasilan dari wa, cuman sayang sekali setiap mau update ch bug gsmbar jam pdhl jaringan bagus sinyal nya kuat tapi di sayang kan pihak delev blm di perbaiki sampai skrng, tolong kedepan nya perbaiki lagi dan tambahkan fitur custom wallpaper saat telfonan foto sndiri smoga di update selanjut nya di tunggu yaaaa!!!!",1
Senang,1
Tetep semangat ya,1
sangat suka dengan aplikasi wa,1
ok,1
sangat seru aku jga bisa menghubungi pasangan ku di sinii,1
tidak ada filter di whatsapp nya,0
"udh muak jujur, tp sk",1
baik,1
sangat bagus,1
"harusnya bintang 0, wa saya kena banned terus sudah 6x,tolong perbaiki. sekarang saja saya wa nya sedang di tinjau, WhatsApp tolong perbaiki kesalahan kalian. kasihan yang kena banned terus, seperti saya. saya harap WhatsApp saya kembali besok.",0
sangat bagus,1
masih bnyk yg kurang,0
ok,1
sangat baik☺,1
akun wa saya pernah di tinjau.kenapa wa saya selalu di tinjau setiap mau buka wa di tinjau terus,1
mantap amplikasinya,1
"WhatsApp sekarang sensitif banget, padahal kita sebagai user gapernah ngapa ngapain bikin hal aneh, tapi tiba tiba akun langsung di suspend bahkan di ban permanen, tanpa di beri pemberitahuan. dan lebih parahnya ketika beberapa akun IG atau FB yang berada di satu pusat akun, ketika satu akun kena, maka semua akun akan kena juga. sumpah ini harus di perbaiki sistem AI nya, saya tau yang memilih ini adalah AI yang mendeteksi bahwa ada pelanggaran yang dibuat, tolong pihak META segera di benahi!!",0
bagus,1
sangat bagus tapi efek nya gak ada,1
pliss ihh WhatsApp nya ga bisa di pake gara gara aku grup,1
aplikasi yg jos,1
aplikasi kurang baik walaupun saya telah memberikan bintang lima dalam penilaian karena sering spam walaupun tidak pernah melanggar aturan,1
"saya tarik kembali bintang 5nya,,,watsap sekarang nggak jelasss,,,,saya pake no baru bikin,,,masa langsung minta pertinjawan,,,setiap harinya ada pertinjawan terusss",0
tolong diperbaiki Whatsap ny jaringan bagus tapi kalo udah vidio call jadi hilang jaringan ini apk udah rusak kah atau gimana ini,1
aplikasinya bagus banget karna bisa ubah rasa kangen aku..><,1
karena bagus,1
Bagus dan membantu.,1
cukup membantu,1
👍😎😎😎😎,1
mantap,1
tolong lebih bagus dikit fitur y,1
keren aplikasi se triliun umat,1
ok,1
Kurang puas,1
rumit,0
"pls buat pihak WhatsApp, ini kenapa akun saya sering kena suspend? padahal saya ga ngapa'in cuma ngechat temen pada umumnya tapi kenapa di suspend terus? minggu kemarin saya kena suspend 3x Minggu ini udah 2x kemarin dan sekarang, tolong di perbaiki",1
apk banyak bug,0
pepek ke blok Mulu gajelas,0
"kenapa harus versi baru ,ini padahal udh versi baru",0
lumayan,1
bagussssss,1
bagus,1
aku sangat suka bisa telfonan sama teman-teman,1
aplikasi ini baik,1
bagus🤩👍,1
bagus sekali aplikasi nya,1
bagus,1
puas,1
kenapa wa ini tifk bisa digunakan,0
gampang kenon mls jdi nya,0
sangat bagus,1
Akan sangat berguna jika bisa menghapus chat tertentu dalam rentang waktu tertentu,1
oke,1
ok,1
"kenapa sekarang sering ngebug yaa ,dikira karena hpnya udah ganti hp tetep ngebug tolong deh perbaiki lg",1
bagus,1
sangat baik,1
Sangat sangat bagus,1
"akun WhatsApp saya ditinjau 4 kali dalam kurun waktu 3 hari 😮‍💨 padahal saya tidak pernah nyepam atau buat postingan aneh-aneh. chat saya juga bukan chat yang aneh, terkendala banget ke kerjaan dan aktivitas sehari-hari 🥺🥺",0
terkena bug Mulu anj,0
Mantaaapp 👍🏼,1
bagus,1
selamat datang kembali,1
suka,1
"panggilan gagal terus , suara terpotong potong,gambar burem saat vidio call",0
"Gak jelas bgt tiba""keblok tidakk bisa login",0
Amat jelek banget! Telah diperbarui ke terbaru tetap login tiada bagi nomorku beralasan keamanan!! Tim dukungan sudah dihubungi dengan kirim foto kartu keluarga & KTP tapi gagal!!! Androidku versi 8;pakai hp lama lagi???,0
eror di buat vc,1
saat telpon suara bergema,0
bingtang lima deh pokoknya,1
saya sidak bisa login memakai no whatsapp baru dan no wa saya hilang terus,0
keblokir tiba' tanpa sebab bisa merugikan WhatsApp sebaik nya benerin dulu,0
"Aplikasi WhatsApp sangat lah buruk karena ngechat orang yang gak dikenal aja langsung dibuat ""akun anda sedang ditinjau"" aneh banget terus habis ditinjau saya memasukkan nomor saya lagi malah ""Tidak bisa login"" dasar aplikasi aneh",0
sering minta tinjauan trus bingung jadinya,1
bagus mudah lancar digunakan,1
parah ni whatsap sering badai,0
"tolong dong bug nya di benerin ...massa login wa gak bisa karna kemanan padahal cuma restart hp terus login wa gak bisa ,,perbaiki dulu lah admin",1
kasih bintang 5 biar di kasih pembaharuan tiap minggu,1
"Tuk pihak WhatsApp tolong normal kan kembali nomer WhatsApp saya yg sudah 1 Minggu lbh tdk bisa di gunakan..nomer saya tidak melakukan spam taw pun di pakai yang tidak""...terima kasih atas kerja sama nya.",1
sangat bagus,1
sangat membantu sekali,1
"dikit2 kenon gajelas padahal ga ngapa ngapain, gimana dong gw ngabarin my fineshyt",1
Alhamdulillah,1
min bantu dong min padahal grup loh KA n banyak pasti yg ngirim pesan tapi kok di saya malah kena pelanggaran alasan spam cha,1
Saya kesulitan masuk,1
oke lah,1
kesal banget,1
mantapp,1
sangat menarik .. dan membantu berkomunikasi,1
mantap ajah min tapi tolong inih kalo vc suka ngebag😒,1
Baik,1
good.,1
kenapa qats up tida daat di ferivikasi trus,0
perbaiki lagi wa gua sering kenon sendiri padahal ga pernah apa apa,0
"log-in ulang gara² reset hp aja dipersulit, padahal log-in lewat hp yang sama. hadehh. Aplikasi sebesar ini masa ribet gini? 😕",0
"hallo pihak WhatsApp saya baru saja terkena yang namanya bug WhatsApp yang seharusnya kalian memberi vitur anti virus,nomor saya jadi gak bisa di pakai mohon di tindak lanjuti pihak WhatsApp biar saya tidak dapat mengganti nomor",0
kenapa akun saya di batasi chat mohon di perbaiki,1
bagus,1
"gw kagak aneh"" , ini kenapa wa gw sering banget kena tinjau sie , hadehhh",0
bagus sekali,1
sangat bermanfaat untuk komunikasi..thanks,1
WhatsAPPMessen....,1
"klo buat bikin status jelek jadi pecah, trus klo di Android yg suport lev foto ga bisa di up",0
Bagus sekali ketika di pakai,1
kenapa sy tdk bisa pakai wa,1
Baik,1
bagus,1
mantul,1
mantap,1
baik,1
untuk lihat story tidak bisa,0
status dengarkan musik di wa sekarang sudah engga bisa 👎🏻,0
aneh banget gua chat nyokap w aja kena di tangguhkan.. dengan alasan spam lah ini juga chat temen yang ga save aja d tangguhkan dengan alasan yang sama.. RIBET WA SEKARANG TOD,0
saya suka pakek aplikasihny,1
bagus tapi kalau update langsung update tanpa harus buka play store,0
mantap,1
ni WA knpa bug ya tolong di perbaiki,0
kenapa no baru ga bisa login,1
nyong ora ngerti wa,1
adalah,1
Suka suka,1
tidak bisa masuk di wa memuat terus aplikasi jelek,0
sangat baik,1
"bagus, mohon jangan tinjau mulu",1
WhatsApp saya di blokir .tolong di bagusin lagi.,1
good,1
whatsapp rawan terblokir tiap hari nomor baru beli 1x chat langsung terblokir,0
hei WhatsApp plis di jawab meta ai yang kamu buat itu dulunya sebenarnya manusia kan!,1
yh menarik,1
bagus,1
mantap,1
aplikasi pengingrim yang sangat mudah,1
bagus,1
palah Suka gangguan,0
kontak whatsapp tidak bisa sinkron dengan kontak akun gmail,1
bagus,1
tolong aktifkan kembali WhatsApp saya yah karna telah terblokir tolong aktifkan karna sangat penting,1
I ❤ WHATSAPP,1
"knp ya sekarang gabisa kecilin volume kalo lagi vc, sama suka eror sendiri tiba"" muka saya gaada yang muncul cuman muka, lawan bicara saya itupun nge frize😮‍💨",1
mantap,1
sangattt terbaikkk,1
apik....,1
di chat sama nomer ga kenal cuman di ajak gelud,0
"bagus banget,",1
Sangat puasss,1
tolong wa aku daftarin dong,1
"aplikasi ini jelek ya fhoto sebelum di kirim cerah bagus,sekali sudah di kirim lewat aplikasi ini jadi buram jelek, padahal saya fhoto pakai samsung s25",0
Jelek tidal bisa tertaut perangkat pendamping,0
mantul bisa selingkuh sepuasnya,1
bagus,1
bagusssss,1
baik,1
salah satu dari aplikasi wajib untuk jaman sekarang,1
kok sekarang banyak nomor yang ke blokir tiba tiba ya? padahal ga ngapa ngapain. sebenernya semuanya dah oke cuma jangan dikit dikit ke blokir napa,1
sangat membutuhkan,1
apk nya bagus🤦,1
gak ada filter nya,0
bagus tp waktu dipake vc nggak ada efeknya,1
aplikasi yg sangat bagus ga ribet Poko nya wow,1
"akun saya sering logout dari whaatsap,aku tidak tahu masalahnya",1
mantap bang,1
sangat membantu,1
keren juga ni aplikasi👍,1
kurang bagus karena pas bikin status vidionya buram,0
Tolong dibikin agar bisa login di 2 - 5 Device sekaligus tanpa harus keluar disalah satu device Terimakasih,1
"""@KALZZ™:Halo tim dukungan whatsApp,saat ini akun whatsApp saya diblokir untuk menggunakan WhatsApp saya merasa ini adalah kesalaha sistem WhatsApp,mohon untuk tinjau kembali akun saya dan segera selesai kan masalah ini. Tolon buka la akun saya ini Terima kasih",1
"sungguh ribet,, 1 privasi kita tdk bisa dijaga.. manipulasi dan kesewenangan yang tidak berdasar . penuh sandiwara keberpihakan dari admin. tidak ada hujan angin tiba2 di blok",0
bagus,1
sangat bagus,1
video call sering bug gambar nya tolong di perbaiki,1
knp sih WhatsApp sekarang dikit dikit keband dikit dikit keband permanen padahal saya nggak melanggar aktivitas di band lima kali udah capek ngurusin nya.,0
knpa skrng kalo bikin sw vidio suka burem??,1
bagus banget. cuman... harus punya kuota. tolong deflofer whatsapp wa ku kadaluarsa😭😭😢😣 bisa gk cara benerinnya. kalo update hpnya memorinya cepet penuh jadi gimana updatenya😭😭. tpi aku kasih 3 bintang aja ya~ thank you<3,1
UPGRED KE YANG LEBIH BAGUS LGI,0
bagus,1
lancar sinyal,1
JELEK SIH INI KARENA KEBANYAK KEBANNED NOMOR KAGAK JELEK TOLONG KURANGI RAWANG KEBANNED NOMOR WA TERIMA KASIH,0
saya berharap aplikasi WhatsApp ini bisa di gunakan di hp saya tidak ada gangguan apapun tidak di tinjau saya mohon bantuannya,1
hallo tolong ini gmn ya ud download pas di buka dr td hanya memuat aja gk ad muncul menu apapin loadiing aja padahl sinyal hp saya bagus aj bsa streaming,0
jelek,0
saya sangat senang karena mempunyai wasaap,1
"what wrong whatsap, disitu bisa tambahkan akun giliran di tambah pas alihkan akun gk bisa lagi.logout terkeluar sendiri sdgkn WA itu penting bnget mna no nya gk aktif lagi. tolong lh masalah hidup udh bnyk jgn mkin di tambah tambah mn WA itu penting lgi semua hilang. WA dulu gk macem macem knp skrg mkin di tambah tmbah fiturny mkin jelek bnget jdinya. tolong perbaiki. dmn sih perusahaan WA pengen berontak aku sangking emosinya",0
apk burik chat 1 lngsg keblokir,0
"jaringannya jelek, sering putus² ketika di telfon, pokoknya jelek lah, kualitas whatsapp sekarang.",0
menyenangkan untuk berkomunikasi dengan keluarga dan teman yang berada di tempat lain 😇,1
bagus,1
bagus sangat membantu,1
apk yang bergunaaa untuk semuaa manusiaa,1
"Gkusah bikin apk WhatsApp dah kalau dikit dikit ke ban mah,pas mau ngechat temen malah ke ban idiotnya sumpah,padahal dah lama ngk ngblash,MENDING HAPUS AJA DAH APKNYA GK GUNA DIKIT DIKIT BAN DIKIT DIKIT BAN BAPERAN AMAT",0
"saya tidak bis menggunakan akun whatsaap karena spam , padahal saya tidak melakukan kesalahan yang melanggar ketentuan whatsaap,ini kesalahan pada sistem whatsaap",0
sangat baik👍,1
kenapa wa saya gak bisa di buka,0
emang tolol di aplikasi wa pribadi saya selalu di ban ga melakukan apapun di ban tolol setidaknya cek dlu bot atau ga kurang sehari di ban selalu tinjau tolol hampir lakukan setiap hari tolol tolol apk ini lama ku ganti aja aplikasi lain,0
"WhatsApp adlh sarana komunikasi sangat penting,cuman sering terjadi spam.kmungkinan terletak pd sistem WhatsApp itu sndri. moga ke dpnny WhatsApp jauh lbh baik lg",1
"aplikasi error, ga ada yg cht",1
sangat tidak nyaman sekali sering kali WhatsApp saya Kena tinjau padahal saya tidak melakukan pelanggaran,0
Bagus gak ngelek dan gak ada iklan ya,1
"klo bisa nol sya ksih nol Halo admin WhatsApp yang terhormat,saya Memohon buka kembali akun WhatsApp saya karena saya tidak melakukan spam, saat ini kemungkinan akun WhatsApp saya sedang di retas oleh orang yang tidak bertanggung jawab dan melakukan pelanggaran,saya mohon untuk membuka kembali akun WhatsApp saya agar bisa digunakan kembali karena sangat penting, Terimakasih",0
mantap,1
bagus buat ngobrol sama temen,1
udh pda tau kan berguna ny berguna bgt.,1
tolong WhatsApp saya kena sepam chtt,1
Berkat WhatsApp saya jadi awet muda,1
👍👍👍👍,1
"dikit dikit di tanghukan akun saya, tolong dong di perbaiki lagi",0
good best,1
terima kasih telah memberi kenyamanan bagi kami,1
saya suka karena saya bisa contec dgn orng yang saya kenal dengan jarak jauh,1
kembalikan akun saya,1
ngenoninn punya orang gk salah apa di kenon,0
kalau saya pakai WhatsApp selalu terkena sepam gak tau karna apa udah ganti beberapa X ganti kartu dan hp baru tapi tetep aja terkena spam trus rasa nya udah muak,0
kok aplikasi ini gk bisa ditampilkan di layar HP ya,1
UNTUK PIHAK WHATSAPP TOLONG LEBIH TELITI LAGI SAYA TIDAK MELAKUKAN SPAM TIBA TIBA WA SAYA KENON TOLONG DI PERBAIKI LAGI,1
Apa cuma gw yang tiba-tiba akun wa gw Log out sendri? apakah kalian juga sama?. padahal nomor teleponnya sudah aktif hampir 6 tahun sampai sekarang masih aktif. tapi kok akun wa gw Log out sendri?,1
Cukup bagus,1
kenapa WhatsApp GK bisa dibuka,1
lebih mudah dan praktis,1
responsif,1
mau nambah nomor di WA saya,1
Bagus bgt membantu bgt👌,1
sangat memuaskan,1
bagus,1
ok,1
semenjak di update sering gagal up sw,0
baguss aplikas nya karna bisa berkomunikasi dengan temen,1
Kok wa saya ke spam terus,1
hai admin WhatsApp tolong sdmpurnakan layanan aplikasi sekaran rentan dan mudah kena spam atau pemblokiran WhatsApp yang sering menggu kinerja para konsumen kaarena selama ini orang dominan memakai aplikasi WhatsApp terima kasih tolong untuk sistem bisa di maksimalkan,1
bagus,1
Broken APK,0
"aplikasinya ga seru, masa setiap chatan sama orang saya excited sendiri",0
whatsapp sensitif banget ihhh tiba' gak bisa ngchat di batasi gitu padahal gak ada bahas' kotor cmn minta sv,1
bagus,1
Bagus baik,1
"Semakin update semakin aneh, WhatsApp sya tidak pernah di pakai untuk spam, tetapi selalu keblokir, ketika sudah terbuka maka ada bug di pengiriman otp, data saya banyak di wa, jadinya saya kehilangan pekerjaan karena akun WhatsApp sya sering diblokir, saya doakan 2029 semua orang suda berpindah ke aplikasi chat yang baru!",0
baik,1
ok,1
Tidak bisa mengunduh update wa utk diperbaharui.,1
bagus sekali,1
sangat bagusss,1
kembalikan kontak yang ada di no saya,1
wa emang bagus tapi tlng akun saya di blokir oleh pihak wa,1
ok,1
oke,1
"masa udh tahun 2026, misal update status di hp android kualitas gambarnya kek buriq/kurang banget, tolong lah perbaikin dikit",0
kenapa whatsapp sekarang masuk nya tidak menggunakan otp alhasil sebagian chat hilang dan susah sekali memulihkan cadangan chat,1
"kebanyakan update dan fitur yang ga berguna, update elit kualitas sulit pasang story ga hd padahal video/foto asli nya hd banget",0
bagus sesuai pesanan😅,1
tidak bisa di gunkn,0
WhatsApp saya sering ke kenon gak jelas banget minta kode malah suruh nunggu 7 jam saya udah 2 hari gak buka WhatsApp,0
Blom berhasil😃up date trus file penuh🤣,1
"AKUN WA SAYA DIHACK, INI TIDAK ADA TANGGUNG JAWABNYA?",0
bagus,1
Buka blokir sepam trimakasih,1
msh suka eror,1
wooow,1
whatsapp sangat membantu saya,1
keren,1
ya hangat,1
sangat mudah,1
sangat bagus,1
bagus,1
aplikasi jelek mada endd ada janda wa saya,0
knpa WhatsApp saya GK bisa di bukak,0
Nak gawe sw bener no sek pengaturan e vidio seng asal e hd dadi buriq nk di gawe sw tulung whatsapp iki pye apk ne dandani sek,0
"lama lama gaejalas ini apk nya. masi chatan tiba"" kok kluar sendiri ga bisa login lagi. alasan akun diblokir smentara pdhal ga ngapa ngapain apk gjlas lama lama ini!!!!",0
baik,1
please add fitur react for status whatsapp,1
Sangat bagus,1
wa kena spam trus tolong di bantu bis,0
aplikasi nya bagus,1
dicoba.,1
kadang suka eror kenapa yah,1
sangat bagus,1
aloh hukbar harus bagey mana lelah,1
"Ketika menambahkan musik ke status, teks lirik lagunya jadi pecah, dan gambar jadi makin buram, tolong di perbaiki kedepannya",0
"bisa bicara sama ibu , teman , atau orang lain",1
"nyebelin bgt jir, sekarang foto sama vidio bekas ngirim ke temen, grup atau bahkan ke status, yg biasanya gamasuk ke toolbar kamera WhatsApp ini malah masuk, bahkan sampe ke toolbar kamera ig masuknya, alhamdulilah gamasuk ke galeri, tapi jujur risih banget rasanya , gabisa dihapus walau di chat bekas ngirimnya udh dihapus tapi ttp ditoolbar kamera masi kesimpen, jd kek risih, sampah gitu, gamau tau benerin,, gasuka bgt.",0
lumayan lah yaa,1
"bintang 3 kerna kalo update setatus di WhatsApp Ngeblur/pecah"" tolong di perbaiki lagi min",1
okey,1
ok,1
akun tiba tiba di band konyol,0
tolong jgn selalu di blok akun sya saya ga pernah melanggar aturan watsap,1
"pengunduhan nya susah,gagal terus.",0
mantap,1
bagus dan keren,1
bagus bisa membatu,1
bagus banget,1
mantap,1
bagus,1
Tolong pihak WhatsApp tolong di perbaiki i kualitas status burik padahal kualitas video sempurna kenapa udah di aplot jadi burik tolong,0
mantap,1
🖒,1
good,1
aplikasinya bagus,0
ok,1
"kenapa akun WhatsApp saya selalu minta di tinjau, tolong kasi info nya",0
"WA knp sih, mau login aja info nya WA ga resmi",0
"Maaf ya sebelumnya, hp saya samsung A56 udah lumayan jernih kameranya, hasil foto dan vidio saya mantap, tapi saat di apload di story wa, foto dan vidio saya langsung burik, bener2 burem kaya hp jadul, tolong lah yaa di perbaiki lagi kualitasnya.... terimakasih...",0
"kok pas saya mau masukin nomer saya,apk nya pas saya klik tidak tidak bisa ya?,khusunya juga hp saya udah bertahun² dipake oleh saya,tapi kepada pemiliknya,tolong kalau bisa diperbaiki.",0
WhatsApp sekarang kebanyakan peninjauan,0
"tolong dong survei stelah chat dengan meta AI nge bug, Gak bisa kirim survei",1
sekarang wa jadi banyak di batasi padahal cuman cht biasa aja,0
"ini kenapa yaa WhatsApp nya, udah di perbarui tapi masih nggak bisa di buka. padahal penyimpanan masih banyak, sengaja di kasih bintang 5 biar keliatan",1
apa apaan ini saya sudah memakai WhatsApp 12 tahun kenapa ada tulisan pesan di batasi sedangkan saya tidak ada menypam tolong di perjelas dan di perbaiki jangan asal asalan sampai saya kehilangan akun wa saya yang ada kontak dan chatan penting tiba tiba di blokir tanpa sebab!!!!,0
Wa bagus,1
"BARU KALI INI SELAMA PAKE APLIKASI INI SANGAT MENGECEWAKN,DIKIT DIKIT KENA BLOKIR,DIKIT DIKIT KENA SPAM.",0
"bagus, tpi knp pnyaku filter/efek di wa nya gaa ada ya? di vc juga ga ada",1
"Saya sengaja kasih bintang 5,WhatsApp sekarang ngga jelas banyak bug nya kemarin nomer WhatsApp saya yang pertama harus verifikasi 24jm eh ngga lama malah permanen ini saya beli nomer lagi eh malah ke bug 24jm lagi",1
Bagus.....,1
ok,1
ok,1
tolong kenapa dikit' mudah ke blokir saya tidak ngapa ngapain,0
aplikasi wa ku sepertinya terkena bajak dan disuruh mendownload ke sebuah link dengan peringatan apk berbahaya,0
tolong dong min akun wa saya ke kenon saya gk bisa buka wa lgi tolong🙏🆘😩,1
sangat membantu untuk saya,1
bagus,1
"adain fitur hd di sw,setiap bikin sw kadang blur ga sesuai di video sebelum di up ke sw",1
ok pengalaman bagus,1
agar bisa membantu lebih mudah untuk daftar dan dapatkan kode verifikasi,1
bagu bangetttttt,1
ggaa ada sistem ripot stiker benci,0
"apasih buat chat no baru udah kenon padahal ga spam,kocak banget sumpah",0
berbagi video langsung dari FB dan Ig kok hanya tampil link ga tampil video langsung untuk story' WA nya kak padahal sudah di upgrade,0
"aplikasi underrated, tolong hapus fitur foto sekali lihat masa iya pacar saya secantik dan seimutt itu ngirim pap sekali lihat terus, aku ga suka WhatsApp! tolong hapus fitur foto sekali lihat! terimakasih.",0
benerin tuh meta ai dongo bgt orang lagi kesel dia bercanda,0
"WA GA JELAS AMAT SEKARANG, AKUN KENA PEMBATASAN MULU, BARU CHAT ORANG MAU MINTA SAVE, UDAH KENA PEMBATASAN, GIMANA ORANG MAU TAU KITA GANTI NOMOR, MANA UDAH KENA 3X, NUNGGU DIBUKA HARUS 24 JAM, KOCAK",0
bagus aku kasih 5 bintang,1
sangat memuaskan,1
saya sangat bersyukur dengan adanya wa karna aplikasi ini sangat dibutuhkan,1
"makin ke sini,makin GK jelas ni aplikasi. kami kurir wajar ngirim pesan template berkali kali atau tlpn ke nomor yg sama beberapa kali.. dalam sebulan ada 4 kali wa ke blokir,GK ada yg kerja kalian di kantor sana yaaa.. beda in lah wa kurir sama wa yg emang beneran suka spam GK jelas.. kami ni kerja..",0
"kenapa wa tambah aneh,KLO vc gambar macet foto GK gerak,",0
kenapa akun WhatsApp gak bisa di pakai tolong di bantu,1
"Apanii developer, kenapa semakin di update banyak bug nya??, setiap saya vc layar nya kenapa hitam, dan layar lawan bicara saya juga hitam, di update bukan nya makin bener malah rusak begini apl nya, dibenerin bug nya",0
ya bagus,1
menurut saya aplikasi ini kurang bagus dan ketika saya masuk tetap lout dan harus menunggu per jam atau per hari dan itu sangat bermasalah bagi saya tolong di perbaiki ya,0
alhamdulilah,1
"Setiap di kirim pap pasti sekali liat aja. Hilangin fitur nya dong,minimal bisa di ss udah cukuup sii. Walau gak punya hatinya minimal bisa fotonya kan🥱",1
tidak memiliki pengalaman,1
sangat berguna,1
luar bias,1
login trus,1
sangat tidak baik,1
"seru bgt, bisa buat wa anak rvn semuaaaa",1
dikit2 hrus update,0
bagus sekali,1
sangat memuaskan,1
bgus,1
saya butuh lapisan keamanan yang canggih,0
WhatsApp tidak bisa dibuka,1
mantap,1
aplikasi Chat WA untuk komunikasi dengan Orang sekitar,1
"semua bagus tapi kenapa pada ""tentang"" memakai batas waktunya sekarang? dan satu lagi sehabis kita selesai melihat status kita sendiri,langsung berpindah ke status orang lain, itu kurang bagus.",1
"aplikasi sialan,dikit dikit kena blokir",0
Bagus banget apli kasinya,1
sangat mudah digunakan,1
komunikasi jadi lancar,1
sangat membantu dalam keseharian,1
bagus,1
udah bagus,1
Karena kena bug spam,0
"mohon ijin akun kena spam itu , seharusnya diberitahukan ttng lalu lalangnya aplikasi ini,ko akun kena spam KMI pihak pengguna tidak tau apa masalahnya ,KMI pengguna baru tidak mengerti,mohon ditinjau kembali akun saya,tolong aktifkan kembali akun saya🙏🙏🙏",1
sangat bagus,1
SANGAT BURUK,0
bagus,1
jangan pernah kebloker,1
untuk telpon,1
WhatsApp tolong aku kena bug jadi tidak bisa menggunakan WhatsApp jadi tolong hilangkan bug wa supaya aman dari bug bug wa,0
wa lu tuh benerin jangan banyak kebijakan doang,0
baik,1
mengapa tiba tiba WhatsApp sedang ditinjau terkadang tiba tiba tidak bisa digunakan padahal saya tidak pernah melanggar apapun WhatsApp saya gunakan sebagaimana mestinya tolong diperbaiki lagi,0
keren app Hebat,1
semogaa memuaskan,1
bguss,1
sangat baik bagus sekali,1
bantu loging ke whatsap,0
Kenapa kok wa q gak bisa,0
"wa saya kenapa ya, kok pesan yg saya sematkan, tidak bisa di lepas, kalo saya mau sematkan pesan yang lain, nanti muncul tulisan seperti begini ""beberapa chat yg anda sematkan tidak bisa dilihat di perangkat ini. untuk menyematkan chat yang berbeda, lepaskan dulu semua chat."" sy sudah pencet ""lepas semua sematan"" tapi tetap aja gabisa, ada yg tau itu kenapa ?",1
sangat membantu untuk komunikasi,1
knp tiba2 whatshap sya di blokir.?,1
"sering bug, ketika vc bug",1
mohon untuk WhatsApp tolong untuk update selanjutnya mohon fix kenon karena saya hanya mengirim 3 pesan malah kena kenon mohon untuk WhatsApp untuk diperbaiki menunggunya tidaklah sebentar tidak beberapa menit melainkan Berjam jam🙏🙏,0
bagus,1
"kenapa akhir'ini tim whatsapp sering memblokir akun saya,pdahal saya tidak melanggar ketentuan layanan whatsapp,tolong di perbaiki",1
sangat baik dan membantu banget,1
ok,1
nice,1
bagus,1
watsap skrg sering bngt kenak tinjauan saya pake ini gk sbulan atau dua bulan saya pake nomor saya ud brtahun2 ko baru skrg ad tinjauan si tolong di benar kn lagi Terima kasih,1
good,1
"video call gambarnya putus putus,bahkan gambarnya cenderung tidak bergerak😞",0
ok,0
keren,1
the best,1
sayabsangat merasa bagus,1
kpn skrng whatsap itu ribet whatsap sayake blokir Mulu heran deh,1
aneh masuk whatsaap ga bisa bisa,0
"Saran/Masukan : Pada menu ""Poling"" WA grup; ""Lihat Suara"" mohon tambahkan akses untuk bisa langsung kirim pesan ke nomor anggota yang memberikan suara.",1
terbaik,1
vidio call terima telpon jelas bagus.,1
"kenapa saya gk bisa log in dan setiap mau log in selalu ada tulisan akun anda tidak dapat dgunakan, saya coba pake kertu perdana baru tapi hasilnya tetap sama tolong dong perbaiki aflikasi ini.",0
Tolong dong Whatapp ini jangan kena spam lagi. Nomernya udah ganti tapi masih aja kena spam,1
mantap sekali apknya semakin sukses trus min..💪💪👍👍,1
"panggilan WA tidak normal, ketika panggilan layar kaca mati",1
tidak bisa login whatssap,0
kenapa wea ku GK bisa di pergunakan,1
ok,1
Oke,1
"makin di update makin banyak bug, org akun ga deak tulisannya deak",0
ok,1
bisa meyambun silaturrahi sama keluarga,1
watssap mulai eror..dari kemarin kena spam bisa kena lagi..nggak jelas,0
susah untuk login,1
baik,1
belum ke update loll,1
Bagus sekali,1
gjls bgt baru ganti no wa langsung diblok lgi,0
sekarang akun wa saya sering kali di tinjau minta tolong banget untuk pihak WhatsApp,1
Lumayan...,1
"terlalu banyak aturan WhatsApp sekarang,sampai ada pembelokiran pembatasan akun segala,aneh sumpah WhatsApp sekarang makin aneh",0
"meta ai nya harus dilatih memakai bahasa formal, tolong jangan latihnya pakai bahasa vulgar ya",0
ok,1
TOLONG KENAPA SERING BUG SAAT VC. SEPERTI SAAT LAYAR DIMATIKAN LALU DINYALAKAN SUKA BUG FREEZ.,0
sw nya grafik Majapahit,1
bagus sekali layarnya,1
kenapa sih setiap mau chat orang ke blokir wa nya? padahal aku ga spam atau apa. tolong di benerin lagi sistem wa nya yang bermasalah ini,0
baik,1
"whatsapp sekarang ga jls tb"" ga bisa nerima ataupun kirim pesan,padahal jaringan bagus",0
sangat bagus tpi lama tolong cepet ya 👍 saya tidak suka klo lama,1
ok puas bgus cuma tulisannya terlalu gde2,1
mantaf,1
mantap,1
Habis di update malah keluar sendiri,1
sangat membantu,1
WA sekarang kenapa sih akunya dibatasi mulu.. baru juga chat sekali,1
ok,1
bagus bangetttt,1
Kenapa akun saya di spam mulu kan saya tidak melangar peraturan saya mau telfon di spam tolon perbaiki appnya kenapa setiap hari akun saya di spam tolong banget perbaiki!!!!!,0
sangat bagus,1
mantap,1
trimakasih WhatsApp,1
good,1
sering bug nomor udh benar malah gabisa ngirim kode verivikasi kadang gabisa bikin story dengan emoji dasar developer plenger,1
ko wa saya jadi sering menghilang,0
"sering sekali bug tiba-tiba sewaktu melakukan panggilan entah itu panggilan biasa maupun panggilan video suara penelpon tidak terdengar di handpone si penerima mohon untuk diperbaiki lagi, Terimakasih",1
bagus,1
sa.ngat baik,1
macet macet buat vc,0
yey,1
"please lah, kualitas waktu mau buat status jangan dikompres, gw lebih milih upload nya lama daripada kualitasnya jadi burik. tolong dioptimalin lagi",1
WhatsApp itu penting untuk kita gunakan,1
baik dan membantu saya dalam hal apa pun,1
ok,1
"admin, tolong perbaiki lagi aplikasi mu, setiap mau vc pasti vc nya bug parah, 2 frame ada nya 1 pihak nya doang, tidak ada pihak satu nya/ bugg, tolong perbaiki..... dan untuk sound story, tolong juga di pencarian nya diperbaiki lagi, karna terkadang ngetik lirik nya sama aja disitu nya ga ada, trus sound music nya juga alay alay, ga mengikuti trend di sosmed lain music nya",1
bagus,1
baguus,1
baik,1
buat fitur arsip story,1
gak bisa di guna,0
membantu berkomunikasi,1
sekarang susah pindah pindah hp . karena pencadangan nya ilang,0
"Kirain handphone nya yang bersamalah ternyata WhatsApp nya yang tolol,video call pencet gambar yang kecil untuk perbesar malah yang besar eror gk jalan cuman gambar kecil doang yang jalan tolol bener kirain gua doang ternyata yang lain pun sama",0
sangat cocok untuk saya,1
mantap,1
sangat membantu,1
sangat bagus bisa buat kita sakit hati karena orang yang kita chat,1
wa sering keluar pada saat buka sudah berkali smpai tutor di you tube saja sudah diikut masih tidak bisa,0
bagussss,1
sangat puas,1
lama2 gak jelas aplikasinya.. mau daftar pke nomer baru tidak bisa padahal jelas aktif dan bs terima sms nomernya,0
baik,1
Oke 😁🤩👍👏,1
KENAPA SERING LAG SI KALO VC,1
keren,1
good,1
saya pengguna whatapps SDH berpuluh2 THN baru kali ini saya terkena spam..bila ada pihak ketiga yg menyalahgunakan akun saya tolong di blokir saja,1
Akun WhatsApp saya sedang ditinjau tolong dibantu perbaikan,1
saya tidak bisa mendafarakn nomor di watshap,1
sangat puas,1
whatsapp terlalu sering peninjauan jadi agak mengecewakan,0
blm bisa di buka,1
tolong WhatsApp saya jangan di tinjau terus cape saya,0
aplikasi gajelas nomor saya udah 3 di ban dengan alasan spam padahal saya gapernah spam siapapun saya hanya menyimpan nomor baru dan bukan spam gausah bikin apk kalau. gitu,1
"APLIKASI GA JELAS,GADA CWE YANG MAU BALES CHAT",0
aplikasi ini sangat bagus dan berguna banget,1
sangat membantu,1
masak saya ngcht di grub g bsa setelah di update malah eror jelek,0
performa kecepatan semakin menurun,0
Setuju,1
tingkatkan pelayanan buat pengguna,1
Baik,1
sangat membantu,1
"sudah nyaman dengan whatsapp biasa, krn kalau update pembaruan hrs hapus bbrp aplikasi, pdhl semua aplikasi penting,, ,sebab makin di perbaruhi ,makin besar ukuran MB nya, mohon kebijaksanaannya untuk tdk selalu melakukan pembaruan. contoh tuh kya facebook diupdate dr sananya, ga pusing2 hrs hapus cache , hapus foto, hapus video udah gtu dapat duit lagi dari fbpro mantap fb dan anehnya saya memperbarui whatsapp terakhir tgl 15 Mei 2026, knp tgl 20 mei 2026disuruh perbarui lagi, lucu aja",0
good,1
WhatsApp error bosku tiba-tiba akun saya logout. berikanlah solusi yang bijak bila ada kesalahan mungkin tidak disengaja. mohon tinjau kembali akun saya !,1
bagus,1
akun ku gabisa buka kenapah ga jelas kali,1
damn,1
"suka banget love , bisa kirim chat dan yang lainnya walaupun ada 1 kekurangan, MEMORY GAMPANG PENUH 🥱",1
"kenapaa ya saya engga melakukan apapun tapi wa saya ke blokir terus aneh, mana penting lagi buat komunikasi",0
bagus,1
"ngeblur saat buat story,tolong di perbaiki ya",0
padahal sudah wa resmi pas masukin nomor katanya bukan wa resmi,0
sangat puas,1
apk ini eror saat di pakai,0
aplikasi paling berguna untuk komunikasi di pakai oleh semua orang dan titip pesan perkuat keamanan nya ya supaya tenang kita menggunakan nya terimakasih banyak,1
Aplikasi gak jelas WhatsApp saya di tinjau terus,0
ok,1
toppp,1
tolong jangan buat ribet WA soalnya banyak aplikasi yg nebeng kaya meta ai.. lama.lama bnyak yang pindah.. tolong buang aja meta ai itu..,0
sangat ber guna,1
"mohon dibenahi, nomor wa saya tiba"" logout sendiri dan ketika saya mau login kembali sudah saya tunggu 1jam lebih masih memuat",0
sering bug,0
"komunikatif, efisien, mudah",1
baik,1
"Menurut saya, WhatsApp versi sebelumnya lebih baik. Setelah melihat status sendiri, aplikasi tidak otomatis berpindah ke status orang lain karena tujuan melihat status hanya untuk mengetahui siapa yang sudah melihat status saya. Sedangkan pada versi terbaru, setelah melihat status sendiri, aplikasi langsung diarahkan ke status orang lain sehingga terasa kurang nyaman.",0
whatsapp sekarang banyak iklannya. bisa 3 muncul iklan setiap buka WA.,0
udh cukup baik tdk perlu ada yg di ubah lagi,1
kok tidak bisa tervrefikasi,1
"Sangat baik tp beberapa hari ini kno semua akun WhatsApp saya selalu muncul akun sedang di tinjau,, setelah pulih muncul lagi akhir nya gak bisa pakai WhatsApp",1
ok,1
Ok,1
👍👍👍,1
saya seru punya whatsapp sendiri,1
bagus,1
"wa akhir ini kenapa ya bbrpa th pake wa nggak pernah ada masalah,dan sekarang wa tiba2 kena Suspen harus di tinjau dan tidak hanya sekali dalam 2 hari ini sudah 4x wa log out lalu minta peninjauan.",0
singkat saja mantapp,1
sangat baik,1
mantap kali,1
ada salah,1
tolong perbarui whatsapp saya jangan bikin eror lagi,1
Oke,1
efektif dan efisien,1
ok banget,1
"plis jgn ada fitur mulai obrolan aku gasuka risih liatnya tu di beranda sllu muncul trs dan pasti suka kepencet sndri ke obrolan malag sering ketelpon jdinya kepencet, hilangin plis fitur mulai obrolan itu bikin risih mata bikin kepencet di tanggan yg simpel aja kaya dulu juga bagus kok ga ush yg ribet malah risih jdinya",0
bagus,1
bagus,1
puas,1
mantap,1
sering gangguan,1
kenapa vc kalo di pencet muka kita agar layarnya besar kok malah org yang kita vc videonya mancet dan muka ku ga jadi di layar yang besar trs video kecilnya dua di pencet muka ku di pencet lagi muka yang kita vc dan layar yang besar org yang kita vc gambarnya berhentii tolong di perbaiki,0
tolong lah ini WhatsApp saya gak bisa di buka tiba² keluar sendiri dan mau di buka lagi gak bisa. tolong segera perbaiki sistemnya. banyak kerjaan saya yang ada di WhatsApp,1
sangat membantu saya,0
ok,0
"gada yang ngechat,tolong yang baca komen ini chat aku🫠",0
"Bismillah, Alhamdulillah, Subhanallah, Allaahu Akbar. Semoga bermanfaat bagi kita semua. amin",1
ya bagus aja,1
"aplikasi nya bagus tapi tolong kembalikan WhatsApp seperti dulu lagi yang ga gampang keblokir,ini wa saya udah keblokir berapa kali cape banget kalo kek gini gabisa cht siapa siapa lagi dan satu lagi baru selese keblokir baru di buka langsung keblokir lagi saya mohon WhatsApp harus di perbaiki lagi. terimakasih",0
banyak update an bukannya tambah oke malah tambah banyak bug klo pas mau telepon ataupas telponannya,0
sangat baik,1
coba ada grub grub nya,1
puas dan lebih jelas,1
okley....,1
"Ini wa nya kenapa gak mau di dowlond ya , terus ini wa nya ke logout sendiri",0
jaringan WhatsApp buruk SS,0
sangat bagus,1
skrg kok wa nya agak laen ya,0
aplikasi kayak gini aja pakek verifikasi,0
"gue share live location ke ayanggg gue kok gak jalan maps nya!!! ayangg gue jadi khawatir tuh, perbaiki sekarang juga AKMJ!1!1!1",0
wa pribadi diblokir tanpa sebab. Gak jelas,0
gk bisa update status,1
"Ini kenapa wa saya tiba tiba muncul tulisan akun di blokir, padahall gak pernah spam sama sekali",0
asallam muallaikum sodara seluruh dunia,1
tolong apknya ini di perbaiki lagi karna hp saya tidak bisa menggunakan wa di suruh download apk ORI Mulu padahal sebelumnya bisa dan juga saya memakai hp resmi bukan kW atau refurbish,1
mantap,1
👍,1
kenapa wasap saya sering ada notip apdet,1
"halo team WhatsApp, saya memiliki BUG di aplikasi saya, dimana ada 2 kontak WA yang selalu posisinya di atas, padahal tidak melakukan PIN pada 2 kontak tersebut, apakah bisa di perbaiki? terimakasih",1
"udh beberapa tahun sy pakai aplikasi WhatsApp,ok lah no komen 👌👌",1
Mantab,1
WhatsApp saya tidak bisa login lagi aneh banget WhatsApp sekarang huuu,0
nice,1
mudah di akses,1
Ok,1
🙏🥰,1
menarik,1
BKIN grub malah keban Mulu grub nya,0
sya setujuh,1
Bermanfaat dan membantu👍,1
mohon bantuannya,1
"WhatsApp makin lama makin kacau, mudah terblokir, masih enak enak telfonan tiba tiba terblokir,, makin lama makin buruk,",0
bagus,1
bintang,1
Bisakah Anda memberi tahu saya jumlah pembelian yang diharapkan untuk produk ini? Ini akan membantu saya untuk membantu Anda dengan lebih baik. 😊,1
sering gak bisa masuk wa sekalinya masuk chat chat ilang+nomer yang udah di sve namanya malah pengguna tidak dikenal,1
keamanan kurang terjamin,1
Kenapa whatsap saya tidak ter pikasi,1
sering kena spaam,0
keren tapi tambahin waktu status jadi 28 jam dong kalo ga mau gpp,1
baik,1
good,1
aku butuh wa,1
ok,1
bagus sangat membantu,1
gda notipnya,0
"sekarang kok tambah sering macet ya kalo buat vc,",1
Sepanjang ini aman,1
baik,1
Sangat puas,1
Bagus.,1
Sangat bagus,1
apk jelek disaran kan jangan download,0
wa sekarang baperan dikit² kenon merugikan bngt,0
"haii, aku mau request tolong adain fitur close friend dong",1
hebat sekali 👍,1
sangat memuaskan,1
the best 👍,1
sangat bagus,1
bagus,1
sangat mempermudah komunikasi,1
gak bisa masuk wa,0
baik dan nyaman,1
ok,1
"bisa tolong biar kita bisa skrinshot foto,soalnya biar tau dn disimpan digaleri",1
WhatsApp saya tidak ada musik nya,0
"adminya goblog padahal akun baru kenapa di blokir padahal cuman spam, spamnya juga cuman ngabarin temen, perkara nggak ngesave kena pelanggaran aplikasi tolol",0
baik bagus dan membantu masalah juga,1
semakin ok berinovasi,1
bagud,1
biasa saja,0
mantap,1
mantf,1
saya makin gak rispek sama perusahaan WhatsApp selalu memblokir akun saya kerna alasan gak jelas,0
bermanfaat,1
sangat jelek baru ganti nomer ehh pagi nya udah hilang lagii tolong lahh jangan di hilang kan aku udah 5 kali ganti nomer lo,0
wa TDK bpungsi di saat sy mnggunakan harus undoh web resmi,1
"aku uninstal karena gak bisa masuk katanya verifikasi data tp semalamam gak kelar², giliran instal lg lama bgt gak bisa memasang lg... huuuuft",0
sangat bagus,1
very very good,1
"Tiba-tiba akun wa saya kena blokir, Tolong diperbaiki",1
WhatsApp sekarang sangat tidak seru lagi gak seperti dulu,0
"tolong ke pihak wa, wa sekarang kok ngebug ya bagian berapa lama telfonan udh gaada bagian di tolak ga ada.",0
good,1
gas,1
Karena ada meta yang membantu ku untuk mengerjakan pr,1
aplikasi apa ini nge chat cwe g di balas,0
mantap bisa berkomunikasi dari jarak yang jauh,1
Ok,1
"hp bleng ,,wa hilang",1
"najis bgt sumpah, WhatsApp sensi banget dah, problematik banget ni apk. nih ya WhatsApp, gue jabarin KESALAHAN LU PROBLEM WHATSAPP SAAT KITA BARU BELI NOMOR BARU 1. CHAT SEKALI TIBA TIBA AKUN LIMIT 24 JAM 2. AKUN GAMPANG KE NONAKTIKAN 3. CHAT SEKALI MALAH AKUN KE BANNED ""AKUN BELUM TERVERIFIKASI"" PADAHAL NOMOR KU UDAH 5 TAHUN DIPAKE!!! niat ga sih bikin apk untuk mempermudah manusia? gila👎🏻👎🏻",0
bagus,1
okejosss,1
"semenjak update, malah banyak bug nya, performa menurun",1
kena hack password,0
saya selalu puas dgn aplikasi ini,1
pernah akun watup saya tertunda saya klik bntuan Maslah langsung selesai terimakasih,1
baik sekali,1
"ada apa dengan wa kok sekang sering akun di blokir sementara/di spam ,bikin pengguna tak nyaman",0
Amat Baik,1
good,1
Sangat bagus,1
ok,1
baik,1
bagus sih tapi gimana cara nya vn sambil ada muka orang,1
bagus,1
masih suka banyak bug,1
sebenernya sangat bagus dan sangat membantu dalam mengakses obrolan terhadap teman Atau Vidio cal kepada teman atau saudara hanya saja tolong di hapus fitur komunitas grup nya Karna whatsap yang saya kenal tidak ada fitur komunis grup lalu untuk apa ada yang namanya buat grup begitu seharusnya orang orang yang mengembang kan whatsap adalah orang pintar dan ber iq tinggi tapi kenapa di temukan celah,1
"terlalu banyak aturan dan sya merasa terlalu di atur atur,sya baru ganti nomor masa udh ga bisa lagi,kena limit Mulu, sya butuh banget wa yg ga banyak aturan buat nanyain tugas atau informasi lainnya",0
baik,1
mohon jangan batasi/peninjauan/di acoun WhatsApp saya.......atau di blokir saya sudah berikan peninjauan......,1
Pokonya ok,1
ga suka updatean nya,0
kenapa account WhatsApp messenger saya selalu eror akibat dinyatakan spam dan melanggar ketentuan dari WhatsApp?padahal saya sdh mengunduh aplikasi resmi dari WhatsApp messenger?,1
mantap,1
klau bukan ada nomor keluarga udah gua hapus lu dari dulu di hp gua🗿,0
"memudahkan kita untuk berkomunikasi dengan keluarga,pacar,saudara,teman dan kerabat jauh 👍",1
mantap,1
whatsap ini jelek sekrang. masak akun saya sering di tinjau. pdahal saya ga ngmg yg aneh2. tlong dong di perbaiki lagi,0
sangat membantu,1
"tolong dong tim WhatsApp akun saya kenapa kena tinjau Mulu padahal apk WhatsApp sangat penting bagi saya ,saya kebanyakan nunggu kebuka lagi tolong dong pihak WhatsApp bantu saya 🙏",1
sangat baik,1
"maaf, cara mulihin atau mau blokir wa yg ke sadap bagaimna ya",1
kalo bukan satusatunya udah gaakan pake ribet banget nyambungin ke laptop doang butuh 30 menit,0
familier,1
baik,1
Sangat membantu,1
sering mengalami gangguan,1
coba dulu kalau masih di sepam aku gk pakai lagi,1
mantap,1
ok,1
fine,1
knp 3 karena memo saya penuh dan jarang orang ct gitu heee,1
"apa si wa ini, lagi teleponan tiba-tiba mati sendiri padahal cuma buka hp nya doang setelah itu ga ada bekasnya lagi",1
Baik,1
"Wanya sering eror sendiri masa saya sudah unduh WhatsApp resmi tapi masi gak mau, udah gitu akun saya sering di blokir perkara saya gak pernah aktif WhatsApp pokoknya WhatsApp yang sekarang jelek banget tolong untuk di perbaiki karna saya tidak bisa membuka WhatsApp",0
WhatsApp sekarang sudah mulai ada bug sering kali chat penting terhapus dengan sendirinya secara tiba tiba,0
👍👍👍👍👍,1
kualitas buruk,0
mantap,1
terkadang tiba² mati bug. padahal waktu telfonan udh 4 jam an tapi di room chat nya gk ada waktu nya gitu. cuman ada tulisan panggilan tidak terjawab padahal bener² lagi telfonan sampe 4 jam an. tolong di perbaiki lagi.,1
sy TDK masuk watsapp sy,0
kenaph wasaf ga bisa d buk,1
publik ada lah semua orang bisa melihat,1
saya tidak mendapatkan update,0
semoga selalu aman dengan segala privasinya di whatsapp. Terimakasih,1
"baguss, tapi kalo mau di update harus hapus” aplikasi yang lain dulu, update pertama ngehapus tiga aplikasi, update kedua harus hapus aplikasi lainnya lagi, bgus tapi banyak ruang",1
"aplkasi bgus tpi syang y loading y lma dn suka susah di buka y sedang sy sudah punya akun y saat di buka y suka minta kode ya lg lwt email lg,maaf y aku bintang 3",1
ok,1
bgus,1
Saya sangat senang mnggunakan aplikasi kasi ini,1
Memuaskan,1
"segalanya mudah chating,kirim gambar,VC dll",1
bagus,1
"Edit 25/05/2026 : Tolong WhatsApp adakan fitur Screenshot photo profile, minimal kalau misalnya dalam satu perangkat ada 2 nomor WhatsApp didalamnya, izinin dongs, kan nomor sendiri, gak termasuk melanggar privasi, kan? Edit 26/05/2026: Tolong bisa kan VN dari kontak terbagi kan ke status WhatsApp, bukan cuma VN yang di status WhatsApp yang terbagikan ke kontak 🙏🏻",1
"kok wa saya tidak bisa dibuka lagi yang nomer Indosat sekarang, mending hapus saja kalau ini aplikasi WhatsApp palsu",0
"KENAPAAA WA GUA DI TINJAUU TERUS MEMEKK, TLOLLL AMATG PUNYA APLIKASI INI YANG BNER LAHH, WA GUA GDA SLAH TP KENA BLOKIR TRS TLOL",0
"bagus, tempat komunikasi",1
mantap,1
baik,1
"tolong diperbaiki, hasil video/foto yang dijadikan status wa dikompress habis-habisan oleh whatsapp sehingga hasilnya menjadi buram dan tidak jernih lagi",1
"pea emang, sebagai pekerja lapangan saya sangat kecewa . peraturan terlalu ketat dan sangat merugikan . sampai 2 hari sekali kena tinjau. padahal hanya kirim pesan yang tidak berunsur ke scam maupun spam . sungguh terlalu ketat",0
ok,1
bagus x,1
sangat menguntungkan,1
bagus,1
kok di ak gk bisa pakai efek nya ya padahal udh ak aktif kan,1
"Masih nggak abis pikir, kenapa tiba-tiba seluruh riwayat chat gua bisa hilang total tanpa jejak? Lebih nyeseknya lagi, sistem sama sekali enggak bisa melakukan restore ataupun pencadangan ulang. Padahal di sana tersimpan banyak banget arsip penting dan obrolan berharga yang enggak mungkin bisa digantiin.",0
ini cukup keren,1
ini kenapa ya jadi nggak bisa pasang sw video lagiii atau ripost sw orang kalo mau upload status video atau ripost sw orang pasti ada bacaan (format file ini tidak di dukung),0
"jelek bat, selalu diblokir pesan",0
penteng danbermanfaat,1
belajar dari hal kecil dulu,1
"Kenapa sekarang akun WhatsApp tidak dapat digunakan lagi, setelah 6 jam bisa digunakan lagi SBG WhatsApp, tapi baru di masukan WhatsApp 10 menit, kembali lagi akun WhatsApp tidak dapat digunakan, hhhh kok sekarang WhatsApp jadi jelek",0
memuaskan,1
baik dan fiturnya lebih diupgrade lagi ya,1
ok kak,1
suka error mah kloo vc 🫠,0
kenapa wa saya sering kenal spam ? cara untuk melindungi akum saya gimana kak ya ?,1
membantu,1
bagus,1
Kenapa di hp. ini tidak bisa menampilkan panggilan masuk layar kunci,1
bagus,1
coba saya minta nomor saya di berein ko ke blokir aja si di suruh download WhatsApp resmi padahal saya pake WhatsApp resmi,0
"apl gjls, klo bukan krna grup kelas udh gua apus sumph",0
wa kenapa si ke band mulu padahal ga di apa apain,0
"Gajelas daftar wa aja gabisa terus alasan keaman, kek mna mau usaha klo dipersulit gini",0
status tidak bisa tolong di perbaharui,1
tolong aku payah ngetiknya ni,1
seru lah,1
wa sering ke blokir padahal gak ngapa² in,0
semoga sukses selalu,1
"MINIMAL KURANGI LAH KENON NYA 1 BULAN GANTI SIM UDAH 5X TETEP AJA KE KENON, TOLONG BENERIN LAGI BIAR GK ADA KENON MASAL, WA BUAT JB JADI GAMPANG KENON MULU YAELAH, MIN TOLONG BGT BENERIN YA PLIS🥺🥺",0
akun Saya d blokir sendiri oleh meta,1
gampang banget ke baned padhal tida lakuin apa apa,0
story wa burik padahal HD. HD kok burik HD kok burik,0
aplikasinya sangat bagus dan bermanfaat,1
tolong aja saya tidak pernah sepam siyapapun aku saya lansung di belokir mohon aja di buka gara di dalam ya banyak data data penting untuk saya gara ada data tentang emergency,0
tolong akun yang baru login atau akun baru jgn d tinjau ini sangat merugikan kami sebagai pengguna,1
selalu terblokirrr entahh knp ga bisas masuk lagi ke WhatsApp padahal WhatsApp sangat penting,0
ok ya,1
mohon kebijakan nya saya bertanggung jawab memakai WhatsApp TPI kenapa tijuan trus tlong NK ada yg bobol soal data pribadi sya di WhatsApp saya mohon sangat di hentikan,1
Sangat Efektiv.,1
ok siap...,1
jlek gd suarany klo sharescreen!,0
sangat bagus,1
ok,1
sangat baik dan membantu dalam segala aktipitas pekerjaan vc maupun chating,1
Aku mau nonton bisa atau tidak aku sd tau daya ingat sd berkurang dn lagi soal aku aku tak begitu perduli,1
"anjir lah nomor gua ke blokir pdhl ga apa"" gjls nih wa",0
ok,1
gabisa sinkronisasi kontak ke WA nya gimana nih? dikontak ada nomornya tapi diwa gada aneh.... perbaiki bug nya,0
g ngapa ngapain kok tiba2 akun ditinjau jadi g bisa dipake???,0
very Good,1
mantap,1
ok,1
"fitur-fitur nya menarik dan udah bagus bgt, tinggal tambahin fitur notes kaya di ig dong yg bisa buat lagu jugaa. pliss min",1
Tolong dong adain fitur kalo wa kita di blok sama seseorang biar enak dia blok wa kita atau ngk,0
"saya tak melakukan apa"" aplikasi resmi dari play store kenapa akun saya di bloki",0
Bagus sekali,1
bagus berguna banget,1
bagus dn nyaman,1
sipppp,1
keren,1
saya sangat senang pakai aplikasi WhatsApp,1
dengan ada nya wassap ini sangat membantu dan mempermudah urusan sangat membantu,1
kenapa WhatsApp saya hilang dari layar hp dan layar laci ya?,1
wa kenapa yah kok status nya kadang pas lagi relog malah ke apus pas relog lagi ada lagi status nya kenapa yah????,1
sangat bagus,1
tolong untuk memulihkan whatsapp saya kembali normal,1
saya mendownload wa dan saya bingung saya masukkan nomor dengan bagus eeh malah tunggu 24 jam gimana sih,0
sangat cocok untuk saya,1
mau pake cuma buat sakit hati. tapi aku kerja lewat wa.,0
baik,1
hapus fitur sekali lihat,0
cewek nya di dalamnya sombong semua,0
kenapa saat vc ingin membuka apk lain vc nya jadi terjedah?,0
bagaimana cara agar akun WhatsApp messenger ini aktif dan dapat digunakan dengan aman dan lancar,1
aplikasi bagus,1
Good,1
"mohon pihak WhatsApp diperbaiki lagi sistemnya, akhir akhir ini akun saya sering kena blok padahal saya tidak melakukan pelanggaran",1
bagus banget,1
sangat baik,1
terimakasih,1
"aplikasi sangat tidak baik,wa sering diblock padahal tidak ada aktivitas yang berbahaya atau tidak memenuhi aturan whatsapp",0
kenapa pas vc ga bisa sambil buka aplikasi lain wa emang rugi untuk pengguna hp ram 2,0
"knpa kalau ada pesan masuk tidak lngsung masuk ke wa,trus kalau lagi buka aplikasi whatsapp lngsung di gruduk pesan wa bnyak, agak lemot pesannya yg masuk, masak harus buka aplikasi dlu baru pesan digrub masuk, tlong diperbarui lagi ya, ttp tk kasih bintang 5",1
WHATSAPP!!!!! KAMU TIDAK MAU ADA IN FITUR ARSIP KAHH?? KAN SERUU KALO ADA FITUR ARSIP BISA LIAT KENANG'AN YANG DULU😭😭😭🤣🤣 IZIN YAA🙏🏻🙏🏻,1
saya gagal login dengan no baru,1
mudah,1
saya baru mau mencoba kalau bagus lanjutin KLO GK ia off,1
whatsaap eror terus masa bru di pake eror terus suruh pertinjauan mana nunggunya sampe 24 jam,0
"kalau menurut saya sih ya kurang lengkap, fasilitasnya sih udah ok apa lagi kalau kita VC 👍👌",1
Bagus,1
serba lengkap,1
sekarang sudah tidak teban lagi klok lgi nelpon manteppp,1
siiip,1
aplikasi ini memang membantu untuk chat atw ngobrol sangat mantap,1
bguskan,1
bagus,1
tiba tiba memuat,0
good,1
"tolong di bolo lagi wa ini, setiap vc mau membesarkan muka diri sendiri malah terjadi muka lawan jdi ada dua, tolong di perbarui lagi biar tdk menggang untuk vidiocall",0
baik,1
jelek update nya mau buat narasi foto harus satu satu padahal dulu bisa langsung sekaligus,1
mantap keren,1
"kenapa hari ini udah 2X akun WhatsApp sy sedang ditinjau,,,jadi kesal sy mana disuruh nunggu 24 jam,,,hadeeeeeeh,,tolong donk wahai WhatsApp dibuka kembali akun sy",0
👍,1
bagus untuk sekolah 👍👍,1
Good apps,1
kalo uptade dilaptop lama bgt,0
ampun gada yang nge chat,1
keren,1
Baik sekali,1
Terima kasih atas informasinya,1
ok,1
KENON MULU AH GAJELAS JANGAN DONLOAWD,0
"Mengapa;Ika saya ingin mengirimkan link, kok gak bisa menampilkan gambar nya ya?",1
ko aku gaada fitur filter nya sihhh,1
bagus sekali,1
bagus,1
tidak bisa membuka link dan tidak bisa membuka baca selengkapnya,1
"Aplikasi hebat, komunikasi yang sangat akurat dan canggih, tolong yang nama Meta Al dihapus dari beranda WhatsApp yang selalu mengganggu saat cat",1
Bagus,1
sangat mendukung dan memudahkan komunikasi secara cepat.,1
maaf Saya minta bantuan wa,1
bagus,1
bagus,1
tolong hapus fitur satu kali lihat agar saya bisa melihat foto si putri lebih lamaaaAaaaaaa,1
bgus,1
cuma kurang stiker yang lebih menarik,1
bagus sih sering di blokir,1
bagus,1
Ok,1
"Jelek dan mengganggu. Pas saya pasang status, terus tambahin stiker buat nutupin bagian tertentu, posisinya malah berpindah. Udah coba ulang-ulang kali tetap posisi stikernya pindah tidak sesuai dengan tepat dimana saya taruh 👎",0
kalo saya kenapa mentok di logo trus yaa ini Whatsap nya,0
makin kesini makin susah aja ni wa minta verifikasi aja ga bisa bisa,0
"pliss tolong, kenapa wa ku kalau lgi menelfon trs di buang dri latar belakang mlh dia mati telfonnya,mna tdk ada history telfon yang sebelum dia mati tadi, bagaimana ini tolong kasih solusinya sa muak mi kasian 😊💔😔",0
"stop bug, ini internet saya kencang tp melihat status berbentuk photo selalu blur......",1
mohon updatean nya soalnya wa lagi eror kalo vc gambar nya ga gerak,1
biar lebih canggih lgi,1
"min tolong bug lagi saat vidio call saya ingin mengganti vidio nya kenapa sering terjadi macet pada gambar vidio dan saya pencet milik saya begitu juga tolong lah bug nya udah parah banget ini, jadi tolong diperbaiki min",0
ok,1
bagus,1
Baik sekali ya allah,1
kenapa nomer waya selalu di sepam oleh pihak WhatsApp sya tidak suka,0
sangat di butuhkan,1
"ko ngeleg banget si , ga ngapa ngapain aja akun kena di batasi , parah banget makin jelek ngelag ngelag trus juga ga jls udh ketemu email yg buat di cadangin malah g bisa",0
aplikasi gjls pilih kasihh,0
"Mf, Saya Komplain. Saya Sudah Pakai 3 Nomer tpi Masih Saja Kena Spam. Semua Nomer Sya Daftarkan Dengan KTP & KK. Sy Cape Harus Gunta Ganti Nomer Baru Trus...",1
apk kalo di blok susah di bnerin.,0
akun saya tiba-tiba ke blokir sendiri padahal saya ga ngapa-ngapain malah ada data penting lagi,0
ko aku ga ada efek wa,1
tolong dong wa niiii dirubah lagi😭 kalau habis lihat status sendiri tu jangan langsung nyambung ke status yg lainnya. mls lihat sw orng lain pengennya lihat sw sendiri kalau sudah selesai udh jangan disambungin ke sw orng lain😭,1
bagus,1
gajelas gbisa di pake,0
"bagus apk nya tapi bisa ga si jangan keseringan update, memorinya tuh penuh kasian yang harus hapusin banyak hal cuman untuk update apk.... trs sering lagi updatenya...",1
"gak ada hujan gak ada angin no saya tidak bs di daftarin,,dengan alasan melanggar,,gatel lah",0
sangatt membantu untuk berkomunikasi,1
ok,1
"Akun gw keban mulu, padahal cuma chat guru doang",0
"mantep, tapi sekarang sering Bug keluar keluar sendiri pls ilangin yang kyk gt",1
bagus kali aplikasinya...,0
kenapa wa selalu di blokir tolong jelaskan parah wa saya gimanah ini,1
tidak dapat kode privasi,1
Ok,1
top top top,1
tiga nomer WhatsApp di blok semua ga bisa login,0
"whatsapp sekarang jelek, banyak pembelokiran masal 1 kali kesalaha langsung kebelorik permanen whatsapp aneh ga pantas untuk yang mau bisnis atau jualan, whatsapp jelek, whatsapp ga ngotak oon",0
semua,1
buruk kwalitas makin parah,1
bisa chat dengan teman baik dan teman fake friend,1
GK bisa masuk,0
Belum apa apa kena tinjau harus nunggu 24jam aneh whatsapp sekarang gajelas,0
notifikasi pesan di wa ngak muncul ngakbada suaranya tapi notifikasi panggilan muncul dan bersuara..kenapa tubmis semua cara sudah dicoba tapi ngak ada hasilnya,0
kenapa ini keluar mulu aplikasi mogok gua ksih bintang 5 biar paling atas ada yang sama ga,1
Good,1
Kenapa ukuran aplikasi bisa bengkak smp 1GB? dicari file mana yg bengkak gak ketemu...,0
apk yg bagus,1
ini kenapa gak bisa daftar wa . di tinjau terus sudah ganti hp sudah ganti akun masih aja ga bisa kepake wa nya,1
WhatsApp broooo,1
bagus,1
apk gj bnyk bug,0
okeeee baiiiill,1
"saat aku mau ngasih video 1-6, malah ada tulisan ""berbagi tidak bisa, coba lagi"" aku bingung, jadi aku coba lagi eh sama aja aku gatau aku yg kampungan atau gimana, dan aku juga gatau salahnya dimana ya gitu deh, karna kurang aku kasih 4 bintang ya, maafff😿😿🙏",1
"jelek, akun d blokir",0
ga bisa masuk WA kena spam terus,1
bgus skli,1
sangat baik,1
"sengaja kasi bintang 5 biar kebaca,ada bnyk sekali hal yang bikin ga nyaman 1. nomor whatsapp dikit dikit kenon terus 2.""login tidak tersedia untuk saat ini"" 3.grup kenon",1
akun saya di ban gak jelas gak tahu kena memang sudah error,0
😁😚,1
"keamanan harus diperkuat, tanpa adanya penyadapan/ hacker.",1
jelek,0
mayan bagus,1
baguss bnget,1
aplikasi sangat bagus,1
mohon bantu saya ini terjadi error WhatsApp saya saya sangat meminta tolong kepada admin,1
gak ada cewek nya ahh,0
"pliss next update fitur yg bisa batalin ""read all"", kesel bngt klo ga sengaja kepencet, plus notif panggilan tak terjawabnya kok udh ga ada tertera di iconya misal ""2 pnggilan tak terjawab"" yg blm di lihat gtu. pliss perbaiki yaa!!! untuk kameranya sukakk bngt natural tpi ga bikin keliatan burik🫰🏻",1
Sangat bagus,1
"Semakin kesini semaking ga jelas aplikasi ini,saya sudah sampe 4 kali ganti kartu ,dan hasil nya ttp sama kena spam terus,tolong lah buat pendiri WhatsApp bagaimana solusinya Data data kerja saya ,saya kirim lewat wa ""Semoga di notice",0
"perbaiki soal kualitas video status, sebagus apapun hasil kamera handphonenya, setiap jadi status selalu saja pecah hasilnya..",1
Kok gak isa buka whatspnya kenapa,1
knp selalu ada telpon masuk ngga ada notifnnya hrus masuk ke wa nya bru ada tp org yg nelpon jg katannya cm memangil doang pdhal posisi online terus,0
aplikasinya sangat bagus,1
Bagus,1
tolong jangan di batasi aplikasinya dong udah bintang 5 nih,1
mantap,1
ngelage tidak bisa kirim pesan dan liat status,0
orang gak ngapa ngapain di blok,0
ya bagus,1
bisa menelepon,1
"whatsapp sekarang gajelas bikin saluran doang di blokir, udah 4 no ku di blokir mulu",0
Ok,0
"Pembaruan mulu, pemulihannya lama bgt",1
wa gak bisa di gunakan kena tinjauan terus,0
ok,1
Bagus,1
woi tolong lah.. mau pindah ke hp lain kok jadi ribet banget,0
Bagusss,1
"mkin gak jelas aja nih aplikasi wa, ska tiba"" eror",0
"chat tiba tiba ilang semua dan grup jadi baru lagi/reset ulang, tolong developer kondisikan semenjak colab meta jadi amburadul AI meta juga ngawur, ini chat penting saya pada hilang semua hadeh update terus buat apasi!.",0
Bagus,1
vania ❤️💓💓💓💓💓💓💓,1
bagus,1
mantap,1
like,1
bagus,1
"kamera gak bisa di ganti2 kk, mohon di koreksi ulang kk",0
"hduh knpanih wa, fitur audio nya knp dihilangkan!!!!",1
Aplikasi yg bagus,1
mantap,1
sangat baik knpa wa sy tdk dpt di buka,1
kenapa wasap saya terkena spam terus pusat wasap tolong perbaiki lagih dong kalo saya mengunakan wasap karena penting banget bos Makasih,1
Bagus,1
baik,1
Kaga ada asupan yang mantep ya,0
memudahkan komunikasi keperluan pendidikan,1
bagus,1
"susah untuk Menelepon dan Video Call, saat menelfon secara otomatis tertolak dan terus terjadi seperti itu, dan saat kerja juga seperti itu, jadi susah untuk berkomunikasi",0
hallo WhatsApp kenapa perangkat saya tidak terverifikasi bahwa saya tidak menginstal WhatsApp resmi padahal saya memakai WhatsApp resmi yang tersedia di play store ini tolong ya minta bantuannya,0
baguss bangett,1
apa apaan ini buat story jadi grafik zaman soekarno,0
bagus sangat membantu,1
tiga bintang dluh. banyak iklan,1
"Sebenarnya aplikasi ini memang yang paling oke cuma penyimpanannya tidak seperti FB, you tube, Instagram tread atau sejenisnya jadi ya harus pikiran dulu bila harus kirim media biar gak terhapus atau hilang yang tidak sengaja",1
👍👍👍👍,1
SETIAP APLOUD STATUS GAMBAR NYA PECAH DAN VIDEO NYA JELEK BANGET,0
bikin story selalu buram kocak.,0
"aplikasi ini apa hanya memilih hp tertentu yg bisa menggunakan,saya 2 kali ganti nomor. tapii selalu terblokir. tanpa ada kesalahan",0
Baik,1
pokoknya oke,1
sengaja ku kasih 3 bintang soalnya wa sering Ngae bug mana sekarang gak bisa di login,1
sangat bagus terima kasih,1
tolong di bantu akun watsap saya yang di batasi,1
WhatsApp gue eror coook,1
bagus,1
semoga di terimah sama2 teman,1
nice i like it,1
bagus,1
blom teer instal instal,0
coba,1
saya sangat senang,1
sangat baguss,1
"whatsapp Bisa chat dengan orang Yg Jauh Dan Bisa ngobrol dengan teman, tetapi kadang whatsapp ini kadang ngelek kalo di salahkan kouta ,kauta aja banyak dan apa coba yang salah tolong bantu jawab untuk ulasan saya trimakasih konfirmasi saya",1
adain fitur live dong min di saluran plocc,1
Tolong la jgn gk bisa lagi.whatsaap yang resmi yang mana lagi,1
"whatsapp saya sudah 3 bulan lebih di Spam trus menerus.....sudah malas aku mintah di tinjau terus. sebentar jadi,sebentar di Spam..... pada hal saya tidak melanggar ketentuan Whatsapp....... aku bosan dengan di Spam terus menerus.....",1
"sekarang beberapa orang akun mereka/no WhatsApp messenger merek kena blokiran oleh admin WhatsApp aku minta tolong sama pihak WhatsApp jangan sesukanya memblokir nomor orang yg menggunakan WhatsApp karna mereka membutuhkan yg namanya WhatsApp supa bisa menelfon keluarga mereka kasian sama orang yg anda belokir WhatsApp Mereke, Mereka rela beli kartu demi bisa menelfon keluarga mereka dan ujung-ujungnya akun mereka kena belokiran lagi jadi aku mewakili orang² yg akun Mereka yg keblokir aku minta",0
semenjak di-update banyak terjadi bug di wa seperti vc yang macet GK gerak dll,1
Semoga bermanfaat,1
kenapa saya ngga bisa buka watsap yah mohon dong di perbaiki,1
selalu selalu dan selalu setiap unggah sw selalu aja blur di album hd di sw nya blur mana di hd in mb/penyimpanan nya tinggi melebihi penyimpanan pada vide sekedar untuk post 24 jam aja masih ribet blur mintak ampun kapan di perbaiki nya jawabnnya ga pernah,0
Sangat baik,1
tolong update durasi tentangnya di matikan/ di sediakan opsi selalu gunakan. karna harus memperbarui tentang setiap sebulan sekali paling lmaa. sangat menyebalkan,1
bagus,1
Oke,0
"maksudnya gimana kok saya download wa dari playstore tapi pas login malah ada tulisan wa tidak resmi, pas saya beralih ke wa bisnis juga sama",0
good,1
At least aku gk ai 😏,1
asik.,1
Hp ku tidak bisa donlwt,1
menggubugi keluarga,1
"katene update story lakok ga ngirim"" padahal jaringan ku apik😏😏😠😡😡😡😡😡",0
kenapa akun dibatasi,1
bagus👍,1
chat,1
PACAR SAYA TIDAK PERNAH MEMBALAS CHAT SAYA DAN TERNYATA SAYA DI TIKUNG SAYA PATAH HATI SAYA KECEWE DENGAN PIHAK WHATSAPP,0
bisa mengobrol dengan jarak jauh,1
bagus sekali tapi ketika sya menonton status WhatsApp tdak bisa mendengarkan,1
oke joss,1
baik,1
setelah update malah banyak errornya durasi story terlalu pendek.... lama lama buruk ni apk....,0
jangan makin banyaj penyimpanan nya kasian yang RAM hpnya sedikit,1
baguss,1
emang yang terbaik,1
sangat puas,1
ok,1
kenapa error,1
mantap pokoknya..,1
bagus membantu konikasi,1
oke,1
"Makin hari makin ga jelas ni aplikasi,update mulu,sering eror,notif gak muncul,jadi ga tau ada chat kalo ga buka aplikasi,pdahal udh update Untuk liat sw cuma muter2 doang padahal buka aplikasi lain lancar2 aja makin gak jelas performa whatsapp",0
Asalamualaikum,1
kenapa keban sendiri,0
oke,1
saran untuk menambahkan keamanan dari virus aku udh kena 10 kali,1
tolong perbaiki ketika VC selalu ceket,1
pengusaha,1
mantap,1
aku sangat suka,1
ada update ny gk enak jadi ny,0
ok,1
ok boss,1
mantappp,1
terbaik,1
ok,1
"tolong lahh WhatsApp jangann beri pembatasan akuuu plisss,akuu sudahh habis 2 nomor karena kena batesan 🙁",1
ini bagus bgt sih apa lagi kalo ada keperluan ini itu tinggal nelfon atu chat aja,1
no hp lama gk bisa login parahhhh. bisa login sering di spamblock,0
saya beri bintang satu karna wa saya sering keluar dan tidak bisa mengirim pesan,0
mantap,1
"akun saya tidak bisa di gunakan lagi jadi ini gimana, tolong perbaiki whatsapp nya asal jangn penipuan.",0
kena 4bintanf aja Krn sekarang panyak penipuan Krn GK punya editan privasi wa bikin dong edit privasi plas dan GK ada chat ak sedih nya 🤭🫣🙏🏻🙏🏻🫶🏻,1
bagus,1
"mohon untuk TDK terus meminta di upgrade, itu sungguh mengganggu, aplikasi yg bagus tapi terlalu sering kadaluarsa dan harus di upgrade lagi lagi dan lagi...",1
good,1
baguss,1
ok,0
WhatsApp Sangat membantu dalam usaha saya,1
tolong buka kembali akun WhatsApp ini,1
bagus trimakasi,1
kenapa mau bikin kunci sidik jari ga bisa? ga salah hp gw karna apk lain yg pake sidik jari masih bisa kecuali wa,0
oke sangat membantu....,1
sering banget di suruh update padahal Minggu lalu udah...dimohon untuk developernya jan banyakan di updateny y,1
bagus bagus,1
𝐛𝐚𝐡𝐚𝐠𝐢𝐚,1
gak bisa dapet kode verification,0
ok,1
senang,1
akun saya tiba tiba dalam tinjauan padahal saya tidak melakukan apa apa dan saat mau login loading trus ga bisa login,0
keren cuman sering kenon,1
"apk gajelas,wa ku di banned,asal blokir aja,dikira sini gada data data penting apa? aku sekolah dll gada data penting? kalo suka blokir mah gausah aja,toh wa tu privasi napa ngotak ngatik blokir2 bikin ga nyaman aja pake apk ini.",0
bagus,1
WhatsApp srtelah diupdate dgn versi baru untuk tanda centang kelihatan tidak aktif. pada hal dipengaturan/setelan utk laporan dibaca sdh diaktifkan. Sepertinya WhatApp bukannya lbh bagus tapi makin jelek Skrng status WA juga tidak bisa dihapus.. Ini aplikasi bukannya dengan adanya update malah semakin mundur kualitasnya. Semoga ada aplikasi terbaru dan lbh bagus dari pd WA ini,0
tolong watsap sekarang ko watsap gampang ke blokir si saya sebagai kurir sangan repot sekali kalau harus kayaa gini kadang limit haduhh,0
Gatau dari hp atau nmr nya.. Susah masuk wa nya,1
ok Joss,1
ok,1
"update tan banyak, bagus lah Mayan, buat nge chat nya tapi plis banget ini di status wa kan ada tanda love kita bisa nge like sw orng kan, nah WhatsApp aku cuma pengen tambahin emot lain juga dong di sw tapi yg gak kekirim gitu pokok nya muncul kayak kita nge like sw temen kita, plis pengen banget",1
bagus dan lebih bagus daripada kata bagus 👍,1
"saya kasi bintang 3 karna bagus juga tapi masalah nya wa sering ke kenon,tinjau terus saya mohon kepada wastapp untuk di longarkan keamananya karena setiap saya chat teman belum di save malah kena kenon,tinjau makasih",1
"tidak menerima kode otp, dal laporan gak memuaskan...",0
,1
ada masalah tak bisa nelpon,1
kenapa tidak bisa buat status,1
bagus,1
ok,1
sangat mwah dan membantu,1
karna bagus,1
baguss,1
bagus,1
"sangat berguna untuk berkomunikasi antar lain,tetapi minus nya sering gajelas wa nya,bikin greget",1
mantap,1
Kenapa kok Wahtsap Syaa Suruh donload wa Resmi sedangkan saya udah donload,1
yaman,1
"apk ini baru aku daftarin dua hari lalu tb², gabisa di gunain dengan masalah ""akun sedang di tinjau"", mohon kerja sama nya, saya perlu apk ini",0
"suka nge bug kalo lagi video call, kadang tombol kamera sama bagikan layarnya ilang, kadang camera nya nge frez, sekarang mah nambah jelek nih aplikasi👎👎",0
kenapa ya ko aplksinya ngg bisa digunakan awalnya ngg bisa verifikasi lpas itu sruh download apkl wa yang resmi ngg ngerti mksdny gmn.. Tlng dong di betulin ni aplksi,0
aplikasi yang bagus,1
"Mantaf lh,,pertahan kan jangan bertingkah,,",1
dari brpa updetan ga ada yang beres mulai dari kontak yang tiba tiba ke apus sampai klo vc tiba tiba nge cres,1
gaada filter buat muka,1
gampang dan modah,1
"Aplikasi nya bagus,cuma kadang ngebug pdhl ada file tp malah ngga ada filenya di wa",1
"hallo tim WhatsApp,,tiba tiba akun WhatsApp saya diblokir /Akun sedang ditinjau, saya merasa ini adalah kesalahan sistem WhatsApp. mohon untuk ditinjau kembali akun saya dan segera selesaikan masalah ini.",1
bagus,1
Siiip..,1
gooddd joooob,1
Raka,1
bagus aplikasinya,1
BAGUS,1
bagus,1
gas,1
tidak bisa login dan tidak bisa perbaiki akun saya Jngan download aplikasi ini,0
aplikasi WhatsApp Massenger ini sangat membantu saya dan memuaskan sekali 👌👍😎,1
bang ini kok waktu orang lain kirim gambar di grup tapi di saya gambarnya nggk ada ya,1
okey,1
kenak blok Mulu pdhl gk spam,1
👍,1
udah 2 x ganti no masih sering logout sendiri padahal tidak pernah spam. aneh banget WhatsApp sekarang. tolong segera perbaiki masalah seperti ini no penting saya sampe kena blokir padahal ga diapa2in,0
bagus,1
Terbaik,1
bagussss,1
Kren,1
"perbaiki lagi aplikasi kau yah heang, baru pulih dari blokiran udah langsung di blokir otomatis",1
ini cukup bagus hanya WhatsAp saya sering kali ngelag karena tidak mendapat kode verifikasi dari Whatsap,1
sangat bagus,1
baik banget,1
manfaat,1
"tadi saya buka wa trus tiba tiba katanya wa ini tidak bisa di gunakan lagi ,trus saya coba ulang login lgii sama aja hasil nya tidak bisa di gunakan lagi,mohon bantuannya",0
bagus,1
oke,1
aneh...sering tidak keluar notifikasi,1
aplikasi j8t. niat nya mau mengungkapkan perasaan ehhh malah ditolak dan di blok.,1
JANGAN UPDATE TERUS TIAP BULAN PLS,1
cepat dan jelas,1
bagus,1
fitur efek saat vc tidak muncul,0
hari hari tinjauan terus ga bisa masuk,0
"kenapa whatshap saya, tidak bisa diapakai padahal baru beberapa hari dipakai",0
sangat membantu,1
kakak kenapa WhatsApp saya sering di tinjau kenapa kak,1
ok,1
no saya 1 lgi di bekukan. nomor di dlmnya penting bgt. kode verifikasi juga dri kmrn disuruh tunggi 7 jam mulu. tim wa juga tidak tau dimana yg harus dihubungi. wa saya juga tdk terhubung dgn gmail. saya kecewa bgt sama wa,0
makasih udah membantu saya untuk komunikasi sama kerabat meskipun jarak jauh🙏🙏,1
terimakaiaih,1
sudah dari sd pakai ini,1
ini bagus untuk ber komunikasi sama orng yg jauh,1
karna gabisa pake filter,0
sangat bagus,0
BAgus,1
"tolong ini pas lagi vidio call kameranya sering ngebug dan itu fix bukan dr device kami ini dari aplikasinya soalnya beberapa orang juga mengalami hal yang sama dan ini sangat tidak nyaman membuat komunikasi menjadi tidak efesien. tolong segera diperbaiki, terimakasih!",1
"bagus whatssap yg dlu, itu di status nya jadi males buat liat status orang soalnya ke pinggir berjejer nya.. ga kaya dulu enak berjejer ke bawah ..",1
knpa wa saya diblok,1
good,1
berguna bgt,1
tolong tim WhatsApp jangan di blok wa saya sudah 2 hari di blok,1
"sering log out sendiri, padahal ga ada perangkat tertaut lainya pas masuk malah loading lama",0
kenapa wa saya kenak batasi,1
sangat baik dan membantu,1
WA saya bermasalah mulu knpa iihh 🥲,0
"WhatsApp versi baru skrg kenapa ya? kalo hapus chat ga ada konfirmasi lagi soal media yg sempet di kirim ikut di hapus atau engga, tibatiba langsung konfirmasi hapus trus media chat (foto, vid) otomatis ke hapus juga. kayanya dulu engga.. balikin kaya dulu aja, supaya kalau mau hapus chat, ada konfirm apakah foto vidio dan dokumen mau ikut di hapus atau engga. trims",1
baik bagus,1
memudahkan,1
Bisa ga klo kirim apa² jgan gak burik gitu 💥..,1
Mau daftar nomor selalu di bilang apk tidak resmi,0
akun saya di blok padahal itu yg login cmn saya doang...,0
saya sengaja memberikan bintang 5 karna wa saya sering tekenot dan bug,1
ok,1
👍👍👍👍👍,1
saya udah beli kartu 2kali tetep aja kena ban terus .ohon pihak WhatsApp diperbaiki sistem nya,1
baik buat obrolan,1
bagus,1
ok,1
ok,1
saya senang,1
sangat bagus,1
bagus,1
masih bnyak kurangnya,1
baik,1
Tolong Donggg Ini Saya Mauuuuu Mensinkronkan WA Ke Kontak Tapi Gak Bisa Otomatis Di Sinkronkan WA Ke Kontak Itu Gimana Ya Solusinyaaaaaa,1
Whatsapp tidak bisa,1
sangat bagus,1
ok huu,1
bagus hanya sja kadang ngkk bisa di buka dan menerima pesan nomor kontak juga sering hilang padahal suda di save tolong di perbaiki LGI masa buka ytp jdi buka WhatsApp Loding banget,1
"wa nya tolol GK guna, masa saya pake baru SE hari ilang, harus ganti nomor, udh berapaa kalo aku ganti nomor tetap aja. tolong wa nya di perbaiki",0
terbaik,1
bisa gomong ama pcr,1
ok,1
bagus,1
Mantap,1
TOLONG PERBAIKIN WA INI SUDAH RUSAK PAS DI MASUKIN MALAH KELUAR LAGI UNTUK SEMENTARA SAYA KASIH BINTANG SATU DULU🙏,0
Cepat behubungan dgn ceepat,1
sangat bagus,1
applikasi ini memang bagus simpel banyak fitur+ai,1
sangat membantu,1
MOHON🙏🏼... KEPADA DEVLOPER SUPAYA TIDAK TERBLOKIR AKUN SAYA. TERIMA KASIH,1
ini membatu untuk berkomunikasi dengan orang kan,1
Untuk Privasi Tentang Saya di profile tolong Di Permanenkan Jngn Pakai Durasi,1
tolong di perbaiki ya kenapa whatsap selalu muncul memori penuhakhir2 ini,1
kenapa watsap sellau spam no saya akun saya ...kecewa berat saya .Samapi Gonta ganti sja no .tidk kasian kami pekerja data semua di situ .parah watsap nya,0
tidak bisa mengunduh,1
mantap,1
tidak nyaman adanya AI MICHET,0
gak bisa login,0
kalo setiap saya mau bikin sw ga bisa tag grub/orang,1
bagus,1
bagusss bangett😍😍🤩,1
bagus,1
sering nge lag ga jelas saat video call,1
"apk wa emang udh oke bagus tapi kekurangannya cmn satu pas posting sw kok pas di posting video nya jadi burem,burik, padahal sebelum masuk sw hd banget",1
membatasi wa orang tanpa alasan yang jelas,0
baik,1
"gabisa wa ku ga bisa login,malah di suruh download yang resmi padahal udah download di playstore",1
wa di spam minta bantuan,1
"gimana sih? masa mau masuk akun kalo mau minta kode otp lewat sms, harus nunggu 7 jam",0
Pelajari lebih lanjut,1
kok sering di blok nomor whstsap ku sedang kn tidak berbuat apa apa,1
wa saya di tinjau 24 jam,1
"ku kasih bintang 2 karena fitur stiker agak nyebelin, masak orang ngcht cuma di balas stiker, emang apa coba gunanya stiker, tolong di hapus nanti ku kasih bintang 5",0
mantap,1
BAGUS SAYA SUKA KEREN SANGAT MEMBANTU,1
knapa wa saya ngak bisa di buka,0
ok,1
coba pas bikin story lagunya bisa panjang pasti enak bngt di denger,1
Aga lama nge download nya,1
keren,1
bagus,1
bagus,1
sesuai harapan,1
keren,1
mantap,1
baik,1
good,1
Bagus,1
Mantap,1
Kek babii gabisa login terus,0
"kenapa aku saya terus log out, jika tidak sengaja diblokir mohon kembalikan seperti semula.",0
WA SANGGAT KEREN DAN BAIK TQQ,1
sangat baik dan berguna,1
apliksiny sangat bagus...saya suka saya suka,1
knapa whatsap sekarang tidak ad notifikasi pangilan masuk,0
"sering update jangan sering"" update hp ku panas+penyimpanan tiba-tiba penuh+harus ganti nomor yang harus ke situ ke sana ke sini",1
Good,1
akun saya di band dan saya tidak salah apa apa dan di suruh unduh WhatsApp resmi padahal yang ini sudah resmi,0
"kembalikan mode ""tentang"" yang ada di profil bisa permanen tanpa durasi",0
Bad,0
ok,1
"tolong dong tambahin jumlah sematkan min 5 atau max 5,jgn cmn 3 org aj",1
"Lumayan la bagus aplikasi nya, sedikit sentilan min kalo bukak story wa kenapa sering muter"" ya semakin di update semakin berat juga ngebukak fitur storynya, tolong di perbaiki lagi dari sisi kekurangannya admin🙏",1
bagus,1
mantap sekali,1
good,1
kode otpnya tidak di kirim,1
Terimakasih ya roob,1
terimakasih sudah kembali akun saya. dan mohon hapus akun di hp lama,1
mantap aja,1
Saya senang menggunakan whatsapp Saya bisamenelpon dari jauh dan untuk bercerita,1
akun sering di spam WhatsApp tlng di buka biar adil dan manusiawi,1
ini kenapa WhatsApp mogok terus keluar,0
Bagus,1
saya tidak bisa masuk ke WhatsApp messenger,0
bagus,1
upgrade,0
assalamualaikum,1
sangat' bagus,1
baik,1
bagus,1
Manfaat,1
Sekarang WhatsApp gak sebagus sebelum Updet,1
𝐛𝐚𝐠𝐮𝐬𝐬,1
gue jadi banyak teman dari negara lain,1
versi lama,1
sering di kenakan pelanggaran,0
aku gabisa douwload wapsap,1
enak wa yang dulu sekarang banyak bug nya,0
WhatsApp ny ga jelassss saya buka wa tiba' loudut sendiri,0
baik,1
"WhatsApp anehh wa saya yang udah bertahun"" tiba tiba teriset lagi dan semua foto video terhapus",1
mantap,1
tidak bisa di gunakan,1
"Gak penting kalian komen di sini, gak akan pernah di denger wa",0
sngat bagus,1
bagus,1
buruk,0
saya senang banget WhatsApp,1
sangat tidak bagusss mau tau alasannya akun WhatsApp yang ke bend 5 kali setiap Saya ganti kartu untuk buka WhatsApp akun saya ke bend lagi,0
lah kocak. knapa bio nyy harus pake durasi.,0
BGus,1
sangat bagus,1
baik,1
👌,1
kenapa sekarang upload story jadi burik? padahal kualitas video udah hd tolong kembalikan seperti dulu,0
kenapa akun saya langsung di blokir padahal saya baru saja ganti nomor entah apa alasannya mohon perhatiannya 🙏🙏🙏,1
email n wa saya kena sadap n retas orang gimna tindakan nya ini,0
"kenapa wa saya dibatasi,,ad apa dg wa sekarang tiba2 dibatasi",0
sangat bagus,1
WhatsApp sekarang makin ga bener padahal sudah menggunakan secara Ketentuan WhatsApp nya tapi malah ke blokir sementara/permanen mohon kedepannya di perbaiki pihak WhatsApp,0
banyak bug,1
Ok,0
"- pencarian gif isinya sticker bule, bukan indonesia. buat apa fiturnya kalau gak relevan - tambah fitur kecuali untuk tag semua orang - hapus batasan lagu di status hanya 15 detik. bagian terbaiknya selalu gak kebawa.",0
"kenapa setiap upload status whatsapp menggunakan fitur musik, selalu pecah kualitasnya?! mohon diperbaiki segera mungkin.!",1
"tidak bisa login WhatsApp, ada peringatan tidak bisa login! saya kecewa",0
"wa knp ya,kadang suka ga bisa tutup tlpnya,JD suka ga bisa panggilan tlp,lagi tlp tau2 putus,trus ga bisa ,panggilan ttp berlangsung,tp gda suara dan ga bisa di matiin",1
baik,1
aku udah keluar grup kenapa harus di spam di chat grup aku juga sudah menghapusnya kok masih ada grup nya memang jelek,1
WhatsApp saya tiba tiba belum terverifikasi bagaimana ya??,0
wa kek mana si skrng ini?!!! udh 4 kali ganti kartu masih sering kena Suspen 24jm dan ujung ² kena Suspen permanen.. tolong bangett di perbaiki karna wa inii butuh banget perluu nyaa🙏🙏,0
pasmantap,1
"waduhh...... buat apa sih ada fitur yang aneh² seperti habis liat status sendiri, bisa langsung lanjut ke status orang lain lagian gak guna juga😂",0
baik,1
Baik,1
Bagus,1
"nge bug, kadang gambar tampilan eror",1
"bagus, apk yg sangat mempermudah komunikasi",1
Oke,1
sekarang dah banyak iklan jir,0
bermanfaat menyampaikan informasi. Terima kasih.,1
aplikasi jelek tidak melakukan pelanggaran apapun tapi nomor saya di blokir setelah ganti nomor di tinjau pokonya tramua pakain whatsapp,0
bagus sekali,1
kenapa WhatsApp saya tidak bisa di gunakan,1
aplikasi ini sangat mudah untuk digunakan,1
tolong developer WhatsApp saya kena bug 🙏,1
tidak papa,1
keren gan,1
"Tgl 4 Desember 2024 update , lalu tgl 6 Desember 2024 harus update lagi , terlalu cepat harus updatenya",1
bagus,1
bgus bgttt d stiap HP wajib sii punya apk ini,1
bagus,1
sangat membantu,1
sangat bagus,1
bagus,1
bagus,1
"abis di update malah tidak bisa di buka aplikasinya, tolong di perbaiki bugnya, karena urgent!!!!",0
"untuk sekedar chattingan dan obrolan okelah, TPI Klo soal media kayak foto, video, dan audio rawan bgt hilang Klo udah ganti hp. Hati hati aja sebalik file² penting dari wa cepat pindahin ke folder pribadi biar kalaupun Whatsap eror kehapus semua datanya, media kita ga akan hilang lagi. emang tolol Klo wa mau pindah ke hp baru rentan x",1
gak jelas wa bermasalah buat apa gitu setiap Gua main wa pasti aja ada ganguanya wa bermasalah Chet Gus ilang semua,0
👍👍👍,1
Kenapa nomor saya selalu kena spam dan tidak bisa digunakan... Selalu saya ganti nomor telepon,0
aplikasi sangat baguss,1
"kena suspend terus, kurir paket yg harus chat no baru gimana",0
"kenapa ya whatsapp saya tiba-tiba kembali ke masa lalu, wa dan semua chat saya terhapus dan kembali ke chat yang kemarin. mohon kembali kan chat saya yang sekarang 🙏",0
sangat membantu terimakasih banyak,1
Aplikasi ini bagus,1
top kali,1
is the best,1
"saya tetep kasi bintang 5 walaupun aplikasi ini tidak berguna di HP saya, tidak seperti teman saya dia memiliki someone to talk, sedangkan saya di tag di grup pun jarang kadang kalo di tag, pas saya buka ternyata @semua, miris banget ya ini apk di HP saya😢",1
fitur gak guna buat apa Adain fitur baru tapi gak bisa di gunain sama aja bohong fitur hapus untuk semua gada,0
saya ingin Wasthap kembali,1
apk bngsd setiap buat status kagak pernah HD,0
informasi yang cepat,1
kenapa wasaap saya gak bisa di pak info masalahnya,1
ok,1
baik skli,1
"whatsapp kenapa ya tiap uploud sw foto/video itu resolusi nya menurun malah jadi pecah gajelas padahal foto/video asli bawaan hp itu jernih ga pecah sama sekali, ke depanya tingkatin fitur sw biar resolusi bawaan hp ga pecah pas di uploud",1
WhatsApp tidak bisa dibuka spam akun selalu sedang ditinjau,1
Good s,1
ok,1
aplikasi WhatsApp sekarang gak bagus mudah keno mudah di blokir secara permanen tollong di perbaiki,0
update nya kurang bagus harus di perbaiki lagi biar tambah bagus karena pesan suara saya yg untuk di buat status gk bisa di gunakan lagi.,1
karna metanya sering bercanda,0
yaaa saya suka aplikasi ni,1
bagus aplikasi ini,1
saya kecewa dengan WhatsApp karna sering kena blokir gak jelas. sy mohon kenapa WhatsApp saya di blokir trus padahal hampir aktivitas saya kerja saya di WhatsApp. mohon bantuan nya gmna cara nya nomor sy udah bertahun tahun menggunakan WhatsApp. TPI 3 bulan sekarang sering kena blokir gak jelas,0
bagus,1
"kenapa klo mau nelpon selalu ""panggilan telepon gagal, silahkan coba lagi"" gitu terus padahal udh pke wifi ditambah data juga tolong lah perbaiki lagi sistem nya",0
"walaupun wa sy bermasalah tetap ta,kasih bintang full",1
sangat baguss,1
ok mantap,1
baguss,1
"Sangat ringan, cepat, dan hemat kuota untuk komunikasi sehari-hari.",1
nice,1
makin gajelas buat whatsapp saudara bisa bisanya kena blok anehh,0
sangat bagus,1
"WhatsApp sekarang jelek ya? gajelas bgt ga melakukan aktivitas yang berbahaya atau mencurigakan malah tiba-tiba akun di batasi, udah 2 kali kena!",0
aku mau di perbarui saol nya gak bis whsappy nya tertulis Whsappy anda di batasi,1
saya jadi ter bantu saat menelphon guru saya terimakasi🥰,1
terbaik,1
Baik,1
"ya... apk nya udh lumayan bagus lah. tp masih ada kekurangan klo misalnya mau masuk grup lewat google chrome, masih tidak bisa langsung masuk ke grup nya",0
UI nya bisa lebih dibagusnin lagi ikuti perkembangan UI yang sekarang,1
kenangan indah saat bersamamu,1
Kalo hp di setel ulang tdm mau terdonwlod,0
"Aplikasi ini hrs pintar..tlg ksh notif buat undangan group,tll mudah mengundang org msk ke group walaupun itu tdk ada dlm kontak kita",1
bagus,1
bagus like dong min,1
kenapa susah bgt bikin whasap no baru,1
WhatsApp saya akhir' ini selalu terblokir tanpa alasan,1
ingin menambah ilmu pengetahuan,1
okee,1
kecewa chat admin email gx ada respon nomer di blok terus,1
bagus,1
apk butut,0
WhatsApp ini sangat bagus tapi harus diperbaiki lagi jangan memblokir akun WhatsApp seenaknya karena saya tidak berkata kasar atau melanggar ketentuan WhatsApp,1
Sosialita,1
terlalu banyak Kontak,1
ini wa kenapa sering spam padahal sudah ganti nomor baru kalo bisa normalin lagi seperti biasa gak usah ada spam spam an,0
tapi di WhatsApp aku belom ada filter ny pas vc itu gmna yha,1
sangat mudah di gunakan,1
sering nge buff tolong di perbaikin,1
aplikasi ini sangat nembantu,1
ok,1
menyenangkan,1
ok,1
"orang kalo telpon dikasi nada dering, apaan cuma geter bunyi dret dret doang orang mana denger kalo hp nya di telpon",0
sagt bgus skli,1
wa knpa ya selalu ga bisa log in padhal no sama dan hp sama...selalu dibatasi dan skrg ga bisa masuk lagi harus download yang resmi,0
Baik,1
bagus,1
tolong kembalikan akun saya,1
Kenapa saya berikan bintang 5 karan watsap sekarang sering ngleg tapi tapi tidak di saya,1
Good,1
sering kali kena blokir,0
bagus,1
tolong jangan di spam Mulu nomor saya saya pengen kerja ngak bisa jadi nya,1
Bug vidio call,0
"apk sampah,jan force cloce mulu lah cik",0
"Sangat buruk,suruh instal yg resmi padahal saya install nya disini",0
"PERASAAN BARU JUGA KIRIM 2 PESAN UDAH KENA PELANGGARAN, MAKSUDNYA APA!?",0
"pas vc gak ada filternya pdhl udah di aktifin ""izinkan efek kamera"" itu knp ya",1
bag saat vc,0
"min jangan blokir wa gw min plis, gw cuma masuk GC JKT48 makanya banyak pesan nga kebales soalnya aku wa cuma buat ngabarin ortu kalo wa gw ke blok gw nga bisa ngabarin ortu gw min🙏🏻",1
bagus,1
syuka bangettt,0
ok,1
Baru percobaan,1
Mantap,1
mantap,1
"Saya sangat kecewa berat sama whatsapp. Nomor lama diblokir tanpa alasan jelas, bikin nomor baru malah langsung ditinjau lagi padahal cuma chat kontak sendiri. Saya ada urusan penting tapi akun malah tidak bisa dipakai. Sistemnya bikin orang stres sendiri. Fix sangat merugikan pengguna normal.",0
luar biasa,1
ngk bisa memveripikasi kan akun padahal udah pake aplikasi resmj masih dibilang ngk resmi,0
iya bagus,1
kok WhatsApp aku kalau vidio call gabisa pake efek/filter yaa,1
bkin camera WA kalo vc ga miror lg pls,1
gimana ini anjir wa gua mau masuk ga bisa karena sebelumnya kena blokir pake no yg lain juga ga bisa ini tolong dong solusinya,0
sangat membantu untuk komunikasi dgn keluarga,1
masa akun di tinjau mulu bosen....,0
sangat memuaskan,1
mantap,1
Good,1
ya bagus,1
Coba coba,1
apllikasi ini bagus bisa mengubungkan saya dengan siapa saja,1
sangat cocok,1
sukses,1
ok mantap,1
"WhatsApp sangat sensitif dan mudah keblokir, SANGAT BURUK SEKALI",0
Bagus banget cuk,1
matap klo saya pake whatsapp,1
Siip..,0
kenapa wa saya di batasi,1
bagus,1
kenapa wa saya GK bisa di buka tlg di bantu,1
"GELOOOO,banyak bngt update an nya,hp gw sampe penuhhhhhhh.Tidak rekomen bagi hp yg memorinya kecil sperti saya🌝",0
mantap,1
akun wahsap GX bisa di gunakan,1
loding trs padahal kuota masi ada loding trs wa lagi ada masalah kah wa skrng kalo buat status kenapa gaada suara aneh bngt ni wa skrng gasuka bngt apansi ni wa udh di hd in tetep blur tolol,0
bagus,1
"apk nya bagus banget , ko aku pakai bubble chat nya jadi bulet gitu si? ga kotak / kaya biasa nya? jadi aneh bgt terus juga kalo buat status terus dihapus kadang suka ngebug yaitu terus loading menghapus ga kehapus tapi loading trs kenapa ya? terus juga tolong hps vitur ""baca pesan semua"" benci bgt anjr kaya kalo misalnya kepencet kan syg bgt ya? chat yg tdinya didiemin eh tba tba ke read aj gitu, kaya yg udh tahun lalu udh di didiemin eh malah ke read tpi gpp, thanks bgt yg bwt wa tlg dprbaiki",1
jangan sampai kenak SPM lagi itu. permintaan saya,1
bagus banget,1
cukup bagus,1
Please provide the feature for the history of old WhatsApp Story,1
kenapa wa saya,1
"tolong dong gelembung chat kembali lagi ke lonjong ,udah berubah lonjong ko balik lagi ke kotak panjang ,terus tambahkan warna obrolannya dan laporan di bacanya di ganti hanya tulisan saja (dibaca) jika terkirim pakai tulisan (terkirim) tolong di ganti dong terimakasin",1
keren,1
bagus cuman kebanyakn Update apk wa nya,1
tolong pihak whatsapp.. di bagian poin (tentang) bisa ga harus pake waktu.. knpa harus pake waktu coba?? kgunaannnya apa?,1
"Usul min bagaimana caranya agar bisa kirim komentar ke yang diikuti di pembaruan kenapa WA gak seperti medsos yang lain bisa komentar ke laman saluran yang diikuti,klo di WA mah cuma bisa ketiin moji Izin nambah komentar usulan...🙏 Saya usul WA ubah fiturnya seperti telegram dengan syarat tetap bisa edit dan hapus pesan kecuali ada aturan di grup hanya admin yang bisa kirim pesan jadi tetap tersimpan tidak terhapus kecuali keluar grup",1
terlalu banyak bug,0
"aneh tiba² nda bisa nengok status ama foto di saluran org, benci²",1
sangat membantu berkomujikasi,1
bagus,1
"aplikasi gaguna gua pake versi resmi malah dibilang ga resmi, dasar otak udang",0
💔💔💔💔💔💔💔,1
"saya udah lama pake watsapp semenjak ada aplikasi watsapp, oke pokoknya???",1
rawan kenon tanpa sebab dan ketika kenon dan ada orang yang Chet kita tiba tiba kenon lagi,1
kebanyakan bug,1
sangat bagus dan sangat berguna bagi kita semua,1
Mohon untuk tidak di sadap lagi,1
Semoga gsk rewel,1
kenapa apk sering x minta di perbaharui y??? nge chat beberapa no malah akun di blokir 🤦‍♀️ apk jelek,1
bagus,1
banyak sekali bug wa di hp saya,0
whatsapp sudah baik.. dan mohon kalau bisa jangan ada pembaharuan.. sebab data yang ada bisa hilang semua kalau mengikuti pembaharuan whatsapp,1
ok,1
Bagus,1
👍,1
"PLS ILANGIN FILTER MIRROR DI VC DONG, MUKA GUA GA SIMETRISS😭😭",1
gak bisa menggunakan WA,1
the best,1
tidak adaa PIP di pengaturan whatsapp.,0
asikk,1
oke sip,1
wa apa ini kata nya harus kirim di pesan udah nunggu beberapa menit udah kirim kode nya di pesan gakk ada udah nunggu ber jam jam malah yang ada mau ngirim lagi kode nya malah 7 jam kagak ngotak,0
sangat bagus harus lebih hemat ke peyimpanan,1
oke,1
bagus,1
keren,1
aplikasi bagus,1
"apli ini sangat bagus,saya suka",1
kenapa saya tidak bisa login.ini kan udah versi resmi di suruh ngunduh versi resmi mi dimana.aneh,0
"sepertinya pihak WhatsApp tidak serius memberi yang terbaik, akun WhatsApp saya bolak balik diminta verifikasi nomor telepon. sekarang saya tidak bisa masuk ke WhatsApp dan menggunakannya",1
Sangat bagus,1
mantap,1
knapa wa y GK biasa di gunakan boss,1
"ini sih raja chat massage,gw kasih lima bintang karena sangat bagus dan rekomendasi untuk dipakai",1
Watsap sekarang aneh tiba tiba2 di tangguhkan padahal ga lakun pelanggaran apa apa watsap sekarang jlek banget sih udah 6 kali Gati no masih ajah kaya gitu gimana sih,0
"BURIK, VC MYA STUCK GAMBAR",0
Lga banget aplikasi ini tapiboong hayyuk papalepalpale,1
"Fitur HD hilang di device saya, internal masih kosong 20GB dan sudah menggunakan versi aplikasi terbaru, kenapa ini hey",0
kenapa tidk biasa di pencet,1
selalu baik,1
"sangat bermanfaat ,KLO ada kenadak bisa ini",1
enakk bngett bisa pacaran🗿,1
baik,1
menolong,1
APLIKASI TOLOL MASA BUAT NGE HUBUNGIN KELUARGA AJA WHATSAPP KENA BATASAN,0
bagus,0
sangat membantu,1
"kenapa saat mau masuk sms tidak masuk, sama nomor saya selalu kena blok",0
good,1
lebih di tingkatkan dalam hal spam,1
sangat luwar biyasa,1
mantap,1
eh,1
"failed mulu, kalau mau telfonan",0
baik,1
saya senang,1
mantap,1
tolong di di ferbaiki wa,0
saya suka dengan wa ini,1
mantap👍👍👍,1
Alhamdulillah,1
"PERBAIKI WHATSAPP SEKARANG SEKARANG WHATSAPP SAYA SUKA KBLOKIR ATAU GIMANA, KARENA SAYA TIDAK MELAKUKAN SPAM, TOLONG DI PERBAIKI",0
dikit2 suruh install ulang payah gak paten,0
whatsapp tidak bisa dibuka,1
baik,1
"Sudah bagus untuk update wa sekarang termasuk di story wa bisa di tambahkan musik. Jika di tambah fitur filter dengan pilihan lebih banyak lebih bagus. Dan untuk kualitas foto/vidio ketika dibuat story terkadang buram walupun awalnya gambar/vidionya jernih, di tambah lagi loadingnya lama banget padahal jaringannya bagus. Tambakan juga filter foto di story lebih banyak pilihannya supaya tidak hanya itu itu saja filternya. Tolong dibenerin yaa untuk Developer WhatsApp. Terima kasih",1
"Saya tidak dapat menekan tombol apapun saat mau melakukan tautan perangkat di device lainnya (pocophone x3 pro nfc) , tolong bug nya diperbaiki atau sarannya",0
menarik,1
"Sementara 3 bintang dulu, saya tidak tahu salahnya di mana, tapi setiap mau buat story gagal terus, di klik ulangi nggak bisa, mohon solusinya",1
sekarang whatsapp sering ngeleg pdhl udh pembaruan trus ..,1
knp si lelet bangett,1
tolong yah developer story nya jangan diburamkan kalau bisa bikin HD 4k gitu,1
operator kenapa saya ga bisa kirim video ke ai terus aku minta ai kirim video ga muncul tolong di benerkan,1
sering tiba-tiba kena blokir padahal tidak melakukan pelanggaran apapun,0
oke,1
kurang memuaskan,1
kerja,1
buruk,0
"kenapa akun ku nggak bisa masok ilang sendiri ini kenapa,,,,siapa yg tanggung jawab,,,,aku rugi besar ini siapa yg mau tanggung jawab ini",0
"6 mei 2026 terkahir cadangan, sedangkan cadangan tiap hari cadangan tetapi ketika akun log out sendiri tiba tiba masuk di restore chat ya hilangan termasuk di group kan aneh, kalau ibaratkan cadangan tiap hari harusnya kalau log out sendiri langsung bisa dipulihkan awal.",0
bgus,1
aplikasi ini sangat membantu,1
baguss untuk info nya dan juga untuk komunikasi,1
bagus,1
easy to write and send a message to every person,1
aku suka tapi aku kena tinjauan tterussssh😭😭,0
"mohon perbaikan apk WhatsApp nya min Uda ada Ano mali,untuk pengiriman foto di gerup sering tidak muncul.",0
good,1
sangat memuaskn,1
luar biasa,1
bagusss,1
"kalo bisa kasih bintang minus saya kasih deh, gak tau entah kenapa tiba-tiba kena tinjauan dan setelah minta tinjauan hasilnya di blokir permanen padahal tidak pernah bikin spam apa-apa mau banding tidak bisa sistemnya sangat jelek",0
sangat baik,1
"saya tidak bisa mengunakan WhatsApp lagi dan harus mendownload WhatsApp resmi,gimana cara download WhatsApp resmi nya?",0
koncet dah WA sekarang apa apa kenon bngst gc baiki woi,0
akun tidak bisa terferivikaai,1
kok bisa kena spam,1
"Sw nya acak di android,, kalau wa web di komputer malah bagus2 saja",1
bagus,0
Yes i like,1
mantap,1
sangat bagus,1
"whatsapp sekrang apa apa mainnya blokir"" tidak nomer tidak grub gampang terblokir semua nya padahal tidak melanggar ketentuan whatsapp, saya minta tolong agar grub² tidak terblokir lagi karena grub² tersebut sangat penting seperti informasi sekolah informasi keluarga besar jika terus keblokir susah saat berkomunikasi bersama sama, tolong tangani masalah ini🙏",1
wa tidak bisa menerima,1
"saya udah beberapa kali no hp untuk daftar di whatsapp tp sama juga tidak bisa masuk, saya mau tanya gimana yg nmnya whatsapp resmi,mohon bantuannya",1
kenapa ya ka kalo lagi vc yg orang mah ada efek sama warna nya kalo kita gak bisa sama kalo bikin setatus suka gagal mulu tolong di benerin ya kak,1
bagus semuany,1
mantap,1
siiiiiippppppppp,1
buruk banget,0
sangat baik sekali thank you watsap,1
mantap,1
"saya sudah ngajukan hapus akun permanen dari bulan januari, kenapa baru hari ini terhapusnya , padahal saya gak pernah log in lagi setelah itu. Gara-gara hal ini suami saya jadi marah, saya di sangka ada aneh-aneh, jelas-jelas WhatsApp yang anehhh, saya jadi korban. kalau mau bintang 1 di ganti bintang 5 kasih saya penjelasan yang logis😡",0
baik,1
Please make the music duration not 15 seconds Try extending it to 1 minute or 2 minutes so it's easier to make a story or set 🙏,1
whatsapp saya tdk bs dipakai,0
nomer ga di mainin aja tiba tiba kenon aneh banget skrng tinggl grup tiba tiba tidak tersedia hadeh ngerugiin banget tolong di perbaiki dlu dah min kecewa ini,0
mantap,1
sy coba LG 4 dulu Krn Dy telah beberapa kali sy download wa ny tdk bisa terbuka,1
kd thu,1
"setiap vidio call gambar dari orang lain tidak berjalan malah seperti gambar tidak gerak sama sekali, harus di ulang vidio call nya. tolong di perbaiki. trmksh 🙏🙏🙏 bukan satu HP saya saja. ternyata di smua HP smua akun semuanya sama kendala nya seperti itu. tolong di perbaiki.",1
sangat bagus,1
kebanyakan berubah menunya jadi tidak ok lagi.,1
"TOLONG DONG PIHAK WA, SAYA WA BUAT KERJAAAAA SERING BNERRRR KE BANDDDD, DIBLOK GJLS, YA KALO ORANG LAIN ADA YG MELAPOR AKUN SAYA MINTA BUKTI SCREEN SHOT BUKTI JELASSS JGN MAIN BLOK BLOK BAEEEE WA KERJA INI. TOLONG BNERIN WA SAYA YG DIBLOK",0
mantap,1
bagus tapi masa cepat banget update,0
Buka lebih cepat,1
kita jdi lebih mudah untuk mengobrol sama org lain di beda tempat atau jauh,1
Mantap,1
bagus,1
"kenapa aplikasi ini hilang dari layar,dan hanya bisa di buka di pengaturan aplikasi",0
lumayan bagus aplikasi nya,1
"ko di saya tidak ada filternya ya, tolong dong kasih tau saya itu kenapa ya.",0
gak ada fitur telanjang,0
suka,1
"Setelah pmbaharuan mlh tdk bs dibuka disrh unistal sampe ping sewidak jaran tetep dak bs dibuka lain kali mending tidak ada pembaharuan sama sekali ( sekarang 2026 malah TDK BS login dg alasan nomer blm terverifikasi pdhl jelas2 nomer SDH terdaptar akun wa dr taon Majapahit, dan disuruh download apk wa yg resmi.. Lhaa ini juga apk download dr playstore krg resmi apa coba.. laporan ke wa support jg TDK bisa dan TDK ada solusi sampai skrg",0
tolong diperbaiki akun aplikasi WA saya biar bisa dimasukkan nomornya,1
gj masa screenshot nomor teman gue aja nggak bisa,0
biar bintang yg bicara😊👌,1
Luar Biasa👌,1
"Gapang"" susah",1
Sangat cocok whatsapp,1
"Please remove gif picture search, that not appropriate for children",0
sangat bagus,1
"banyak bug, gak nelpon tapi gak bisa vn, gabisa merekam suara saat menelpon aneehhhh",0
mantap,1
sangat membantu dalam proses kebutuhan sehari-hari,1
cukup baik dan membantu untuk komunikasi...,1
pemblokiran akun tanpa sebeb saya tidak melakukan spam dan tidak melakukan Pelanggaran apapun,0
Bagus,1
bagus,1
kadang cht WA atau telpon gk berdering padahal HP baru ini,1
bagus bgt,1
"Maksud Kalian Apa Memblokir Akun Saya? Saya Tidak Melakukan Kesalahan Apapun, Saya Gunakan WhatsApp Hanya Untuk Pribadi. SAMPAHHHH!",0
sangat baik,1
good,1
"mantap""",1
apl nya bagus bisa untuk kirim pesan tetapi ada nomer asing yang selalu ngechat tolong nomor nomor asing di blokir ya,1
bagus tapi banyak iklan nyah,1
mantapp,1
baguss,1
kenapa gk bisa buat sw sih,1
bagus,1
sangat cocok,1
sering eror pesan lama terkirim tlp swing jejedag,0
sulit registrasi,1
ga bisa perangkat tautan,0
bagus gak ada kurang,1
kadang ga bisa kirim vn foto story,0
okeee,1
sangat bermanfaat sekali,1
aplikasi nya bagus tapi suka ngeleg kalo ada yg cet tidak ada harus keluar apk dulu baru ada saran untuk wa nya plis adain lagi setiker besar nya biar jadi ga bosen👍,1
akhir akhir ini whatsapp sering eror,1
keren,1
"saya tidak melakukan pelanggaran, tapi kok akun saya terkena spam dan di blokir",1
ok..puwas hati,1
wa sering logout sendiri,0
baik,1
mantap untuk semua,1
bagus,1
sangat puas,1
ok 👍 ipd loll,1
sangat puas terimakasih,1
ok.,1
aplikasi nya bagus dan kalo buat nelpon canggih,1
𝐆𝐮𝐞 𝐠𝐚 𝐛𝐢𝐬𝐚 𝐥𝐨𝐠𝐢𝐧,1
kapan ya wa untuk android dibuat tampilanya seperti wa pada ios?,1
Bagus,1
knp whatsapp saya di tinjau terus,0
whasap aku knapa ada masalah,1
baik,1
bagus,1
hapus notifikasi jika ada orang yang ngetag grup di Status WhatsApp,0
sangat bagus dan sangat berguna buat semua orang,1
wahasap di nomor ini di blokir terus menerus tidak bisa diverifikasi lagi ke nomor ini tolong Carikan solusinya supaya akun WhatsApp saya aman dan washap tidak distabil seperti dahulu tolong yg punya aplikasi washap segera pemulihan akun saya seperti semula ke nomor ini,0
bagus bangettt,1
bagus,0
mau daftar no baru susah skrg,0
"Saya sebagai kurir Shoope express yang ingin mengirimkan pesan baru kepada penerima paket sangat di rugikan sekali , setiap kali saya mengirimkan pesan baru ke nomor baru , WhatsApp saya selalu di tangguhkan atau di nonaktifkan , saya merasa dirugikan sekali dan tidak dapat bekerja dengan baik untuk perusahaan saya , tolong kebijaksanaannya , jika telah di perbaiki saya akan memperbaiki rating saya",0
makin kecewa kenapa wa saya sering di tinjau padahal tidak melanggar ketentuan. tolong segera d perbaiki saya butuh komunikasi trimakasih,0
kenapa ya akun saya bet bisa di batasi?,0
"tolong jngn blokir nomor.saya terus ,ini.wa sangat cerdas lebih mudah tetapi akun saya di boker terus",1
Ok,1
🩷🩷🩷🩷🩷🩷🩷🩷🩷🩷🩷🩷🩷🩷🩷🩷🩷🩷🩷🩷🩷🩷🩷🩷🩷🩷🩷🩷🩷🩷🩷🩷🩷🩷🩷🩷🩷🩷🩷🩷🩷🩷🩷🩷🩷🩷🩷🩷🩷🩷🩷🩷🩷🩷🩷🩷🩷🩷🩷🩷🩷🩷🩷🩷🩷🩷🩷🩷🩷🩷🩷🩷🩷🩷🩷🩷🩷🩷🩷🩷🩷🩷🩷🩷🩷🩷🩷🩷🩷🩷,1
istimewa,1
kerenn,1
kenapa Whattapp saya selalu kena spam,1
banyak bug juga burik banget buat up story dikompres brutal,0
"wa knapa yah gabisa maximalin upload ke ver HD,kalo vidio ori ya hd kenapa pas di sw susah bgtt gituu kenapa jadi burem kenapa ga hd aja apa susahnya sihhh ahhhh,jadi kalo mau buat sw berkali"" sampe hd kalo ga hd"" auto ga jadi inimh bikin sw nya da jelek bgt vidio nya,maaa kita bikin vidio suaah""seHD mungkin,msa gabisa di upload sihh pliss lahhh waaa🙏🙏🙏🙏",1
Banyak Manfaatnya ....,1
bangus sekali,1
good,1
lumayan bagus tpi sayang banyak banget abdetnya???,1
masalahnya saat panggilan vidio whatsapp sering ngelag dan suara sering dubbing pesen yang baru masuk di notice ada pas buka ke WA malah gk ada harus bolak-balik lagi makin kesini kualitas whatsapp makin jelek walaupun fitur tambahan banyak,1
tolong buat pihat WhatsApp... fitur hapus kontak nya di kembalikan... karena bingung no kontak banyak tpi udh ga di WhatsApp,1
beuhhhh cakepp banget nih aplikasi,1
tiba' whatsapp nya gak bisa di buka,0
ok,1
bgus,1
aplikasi terpaksa tutup selalu,0
"Tidak melakukan pelanggaran , tapi tiap saat di spam / di blokir sementara.",1
Mantap 👍,1
"di hp saya wa tidak berfungsi dengan baik,,tiap ganti nomer selalu terblokir,,mohon bantuan nya",0
gimana sih WhatsApp no gw udah 3x ke blokir padahal gak spam chat sama sekali udah 3x ganti no baru masih aja kena blokir,0
WhatsApp sekrang nga jls akun gua di blokiran Mulu padah saya tida ngelakuin apa apa tiba tiba di belokir harus ganti no baru WhatsApp sekarng emang nga jls bego banget tiba tiba di susbend harus nungu 24 jam tolong di perbaiki dong jangan mau hasil nya aja kocak,0
Baik...,1
apan baget sih wa sekarang dikit² kena spam padahal gak gelakuin apan²,0
aplikasinya keren banget 👍,1
bagus wasap bisa serba bisa,1
cara membuka blokiran,1
"WA nya, di aku musti pulihkan pesan tpi setelah di pulihkan malah blank kosong itu gmna ya ?? krna sy gk bsa buka lgi",1
afkikasi whatsapp sangat2 baik bngt,1
"benerin napa dibagian status nya, masa vt se HD itu jadi burij pas masuk status. heran gw",1
semoga lebih mudah lgi chatting,1
oke,1
dgn mengguna kn WhatsApp ini sy merasa puas lYananya,0
akun WhatsApp tiba tiba terblokir padahal tidak melakukan pelanggaran-pelanggaran yang sudah ditentukan oleh pihak WhatsApp,0
sangat membantu,1
"whatsapp ini lama"" sangat parah buruk nya tiba"" gak bisa login dan log out sendiri padahal sudah di refresh berkali-kali anjiiiirrrr.. an gak bisa pake video call..🥵🥵👎👎",0
meta ai gajelas banget plis nanya apa jawab apa,0
ok,1
"Ada apa dengan aplikasi ini, padahal saya udah pake bertahun tahun.. kenapa sekarang tiba tiba log out sendiri dan tidak bisa masuk. terus kenapa cadangan akun saya hilang pdahal sudah saya takutkan email loh. akun saya penting buat kerjaan. kenapa jadi ribet gini sih tolong lah jangan kaya gini. habis update bukanya tambah bagus malah jadi nge bug engga jelas",0
aplikasi terbaik untuk berhubungan di mana pon👌👌👌👌👌,1
good,1
"nyesel download wa lah brp kali kena blokir padahal kita tidak melakukan spam, tapi dblokir saya merasa di rugikan tolong di perbaiki lgi",0
"Alhamdulillah, sedang baik baik saja dan lancar 🙏",1
sip aja dh,1
Makin jelek aja skrng,0
baik,1
membantu,1
mantap,1
efek camera nya gabisa di pakai,0
kok banyak derama yh wa inih akun sayah sering di blokir,1
mantap,1
okey,1
lancar jaya,1
lebih baik lagi,1
kenapa ya tema disaya selalu terlambat pdhl udah upgrade,1
mantap,1
"jelek banget kualitas status whatsapp nya. kalo mau posting story di Whatsapp tuh malah menurun kualitasnya (foto/video). Adain fitur pemilihan kualitas video/foto dong. Cape banget kalo mau posting story, blue banget kek video tahun 1945 (jk)",1
"saya seorang kurir paket,yang membutuhkan WA sebagai media komunikasi ke pembeli..kenapa sering ditahan akun saya,ini sangat mengganggu..mohon diperbaiki k3bijakan ini",0
ko wasapnya kena tinjauan terus sih,1
kenapa kalo pas buat story mau tag lokasi gak seperti dulu. dulu langsung masuk ke map. sekarang tidak harus nyari lokasi sendiri,1
masalah apa ini aplikasi di blokir terus nomer ku padahal nomer baru,0
whatsapp sangat bagus,1
apk ga jls masa pas ga ada kuota notif nya ada pesan masuk tapi pas kita beli kuota engga ad dasar,0
bagus banget sih,1
min itu kenapa setiap VC kalo kita pencet kamera belakang langsung lengket itu layar nya .. tolong perbaiki bug ini,0
ok,1
tolong pihak WhatsApp masuk saya kedalam WhatsApp saya minta tolong pihak WhatsApp masuk saya kedalam WhatsApp tolong pihak WhatsApp mohon,1
Aplikasi error/crash di device oppo reno 4,0
enak banget main WhatsApp messenger tapi sayang nya harus donlod WhatsApp resmi,1
sangat membantu,1
tolong dipermudah untuk menggunakan WhatsApp,1
oke,1
Baik di gunakan dan mudah berkomunikasi,1
bagus,1
mantap,1
bagus,1
baguss,1
semoga ada yg lebih baik lagi,1
WhatsApp saya sekarang jadi sering bug dan ga bisa chattingan lagi,1
burik bgt gabisa login nomor baru pdhl login di apk lain nomornya ga ada masalah kocak,0
tidak suport ke imail,1
sangat bagus,1
kenapa wa saya eror gak bisa kirim suara gak bisa kirim gambar?,0
akun WhatsApp messenger saya selalu ditinjau,0
bagus,1
it the best,1
kenapa di hp saya selalu kena blok,1
tolong di perbaiki wa sering kena spam Di ban tdk bisa menggunakan WhatsApp,0
sangat berguna bangett😍,1
good,1
good,1
sangat bagus,1
perfect,1
wa punya sistem eror. no saya sdh bertahun2 di blokir dri wa. smoga kdepannya ada app lain dn saya akn meningglkan wa burik ini,0
good 👍,1
sangat recommended banget pokoknya.,1
ok,1
"Nieh sudah beberapa ganti akun, dan nomor ganti baru tiba2 logout dan peninjauan mohon lah bantuannya soalnya nomor dan chatan sangat penting urgent",0
bagus sekali,1
kenapa pas vc . hasil vidio kita terbalik di hp orang s,0
mantap,1
ok,1
"setelah update ko saya ini pesan kok pada hilang terus foto foto pada gak masuk pesan pesan juga sama gimana sih ini ?""Menunggu pesan ini. Ini mungkin membutuhkan waktu beberapa saat."" ya di benerin lah masa nyuruh update kalo masih pada bisa menggunakan versi lama",1
mantap,1
eksotisme ekspedisi ok,1
goog,1
oke,1
sangat bagus,1
"Tolong ada opsi HD buat story whatsapp baik poto maupunn video, dan juga ada arsip story juga.",0
kenapa akun WhatsApp saya ga bisa di gunakan lagi padahal akun saya tida melagar,1
chat grup kadang tidak masuk,1
Mantap,1
bagus cuman di hp ku notif nya gk ada padahal temen ku dah chat,1
aplikasi hilang dari layar,1
Whatsapp resmi tidak bisa login,1
bagus,1
kok aplikasi ini tidak bisa resmi di hp saya,1
"akun saya logout dengan sendirinya udah lebih dari 3 kali. 3 kali juga saya verifikasi akun dan masih dalam petinjauan, padahal saya pake apk dari playstore, nomor juga aktif sudah lama",0
sangat puas,1
"status WhatsApp ngebug, saya tidak bisa menghapusnya",0
Trimakasih..,1
susah untuk bisa masuk ke daftar penguna.an,1
gak salah apa apa WhatsApp saya ke blokir padahal no gua penting banget malah seenaknya di ban,0
Sangat menjanjikan prospeknya,1
mantap,1
"paling nyaman pake whatapp ini,,good",1
"jangan sering sering update dong, ga semua orang memo nya cukup buat update, mana kalo ga di update ni apk gabisa di buka",0
praktis mudah digunakan.,1
kalo kita masking nomor telpon Dan ferifikasi terima kode kok harus tunguska 7 jam sihhh????,1
bisa menbales chat yang bermanfaat,1
semakin ok,1
ok laah kalau begitu🤔,1
bagus,1
whatsapp sangat baik,1
sangat amat membantu,1
"jangan update mulu cok nih, gua dah kasih bintang awas aja kalo harus di update teruss.... 😑😑😑😑",1
kenapa semakin kesinii sukaa tiba tibaa gampang banget buat ke blokir? ga ada alesan tertentu padahal ga pernah spam tapi tiba tiba ke blokir aneh,1
"tiap hari pertinjau akun terus , WA sekrang jelek jelek jelek",0
sangat membantu,0
oke,1
mantap,1
Bagus bgt aplikasi nya😍,1
"kacau banget deh whatsapp kalo ga kena spam, ya ga bisa verifikasi nomer hidup banyak masalah whatsapp nambah masalah hidup 🤬",0
sangat membantu,1
Bagus,1
sangat baik,1
"whatsapp update mulu nih tapi perasaan gitu2 aja, nambah berat aja memori ponsel saya, jangan update mulu napa, kasihan untuk pemilik ponsel android jadul, ni klo habis update jangan lemot ya, aplagi ngebleng.",1
mmantap,1
bagus,1
kenapa nomor whatsapp ku kena tinjauan terus ya,1
sangat baik,1
kenapa ya whatsapp saya sering muncul tulisan akun ini tidak bisa menggunakan whatsapp ini udah ketiga kalinya loh saya tidak pernah melakukan pelanggaran apapun sama sekali,1
sangat mudah di gunakan,1
ok,1
Tolong kenapa udah pake nomer lama WhatsApp tapi mau login ditinjau terus ng masuk2,0
whatsapp sekarang serung bug kenapa ya,1
bagus berguna banyak fitur,1
"Jelek banget kualitas layanan di tahun 2026, sering mendadak logout otomatis dan sulit mendapatkan OTP sekalipun mengikuti prosedur yang benar. Diam tanpa melakukan komunikasi ataupun kirim pesan tetap logout sendiri. Seburuk itu.",0
pesan di grup terpending . tidak terkirim semua ke anggota. entah kenapa,0
WHATSAPP TOLONG PERBAIKI STATUS DI WHATSAPP KUALITAS VIDEO/GAMBAR NYA JANGAN PECAH ATAU BURAM JADI BURIK VIDEO YANG TADINYA JERNIH PAS DI JADIKAN STATUS WHATSAP JADI JELEK KUALITAS GAMBARNYA JADI BURIK TOLONG DITINGKATKAN LAGI JANGAN SAMPE BURIK PARAH . TOLONG DIPERHATIKAN,1
Semakin ribet tampilannya... 😌😌,0
mantap,1
👌,1
Malah sering update tiap hari menuhin memori aja nih whatsapp udahlah kasih bintang 1 ajalah😡,1
is the best,1
saya tdk bisa .enerima kode nya susah sampai ku bawa ke konter yg sudah legend baru bisa,0
"kesal karena tiba tiba munucl ""anda membutuhkan WhatsApp resmi untuk login"" padahal udah resmi dari sini bukan klon dan tanpa modifikasi",0
Bagus banget,1
bagus,1
terimakasih sangat membantu transaksi pesan🙏,1
"Tolong saat updatenya lebih cepat,soalnya di hp saya sangat susah update nya",1
Bagus,1
Sangat cocok,1
mantap,1
kenapa sih wa gua gua engga spam siapapun buka aja engga tapi di sangka spam gimana sih hari ini udah 3 kali,0
sangat bagus,1
baguss,1
memuaskan,1
aplikasi yg bagus dan dapat menghasilkan uang,1
Top,1
Bagus,1
whatsap sekarang sering bug,0
rekomendid,1
ke Napa ya aplikasih ini gk bisa di gunakan ya.,1
bagus,1
baguusj,1
bagus sekali app ini,1
Baik sekali,1
Minta di update mulu masa wa bsa kadaluarsa,1
bagus sekali,1
kenapa bikin sw burem banget sihhhhh!!!!!!,0
"wa nya gampang ke blokir tanpa alasan, setelah kembali pulih kemudian keblokir lagi.saya maaf minta tolong kepada pihak WhatsApp, dan yg mengalami seperti ini tidak hanya satu dua orang saja, bahkan banyak sekali. tolong di perbaiki !!!!!",0
tiba-tiba tidak bisa di akses,0
Good,1
bagus,1
saya suka,1
sering terhafus tiba²,0
oke,1
lumayan baik lah,1
"aplikasi jelek sampah,chat gw gapernah di bales cewek",0
"Sangat membantu berkomunikasi dengan teman-teman, saudara dan keluarga... dan bisa mengenali orang yg belum kenal ataupun teman yg lama tak berjumpa dari foto meskipun kita jauh ga pernah ketemu.. bisa tau mereka sdg apa klo mereka bikin status, sangat bagus lah pokok'nya ada aplikasi whatsapp.. terimakasih 😊😊",1
kebanyakan ngebub,0
Watsap,0
The best,1
bagus tetapi WhatsApp Saya tidak separuh tidak jadi jadi saya membuatnya menjadi kasih bintang hanya 4 🙏🏼🙏🏼,1
sangat membantu.,1
kenapa sih whatsapp sekarang suka tiba tiba ke tinjau kalo chat nomor yang belum di save,0
Baik,1
puas,1
dulu apl ini bagus tapi sekarang kenapa WhatsApp sya ini JD rumit.... akun dtinjau... daftar nmr ulang jg tetap sama akun dtinjau terus... apa maksudnya....?? makin GK jelas ini,0
nomer saya kenon sendiri padahal saya tidak menggunakan yang aneh aneh. tadi pagi kebuka cuman baru ditinggal mandi sudah keblokir lagi. tolong pihak whatsapp saya butuh banget buat sekolah,1
"Aku nggak bisa daftaf,disuruh dowload resmi padahal udah nya kenapa??",0
gk jelas tiba tiba nomor gue du blok gk bisa daftar wa lagi,0
semoga kalo vc bisa ada jendelanya,1
mantap,1
bagus sekali,1
untuk WhatsApp jangan suka tiba' hapus riwayat chat dong padahal riwayat chtnya banyak yang penting dan ini tiba' ke hapus emang bisa diulang lagi? gabisa kan bukan sekali dua kali WhatsApp tiba' riset semua riwayat chat dan gabisa kita yang chat duluan pasti kalo kita yang chat duluan pasti keluar lagi dari kontak yang kita mau chat jujur saya sedih riwayat chat saya pada kehapus dan gatau ngulangnya gimana lagi,0
selalu gagal login akibat freeze ga respon sentuhan,0
sangat membantu sekali,1
"WA sekarang ngeselin,, sehabis kita klik tautan,, chat terjun bebas, jadi gak bisa baca chat di bawah tautan,, 🥴🥴🥴",1
hasil poto cepretan di wa itu gambarnya miring2 mohon di perbaiki aplikasinya,1
dengan menggunakan metode ini sangat membantu,1
bagus,1
lebih mudah.dan cepat.,1
lancar dan memberi pengetahuan yang luas dan berita 2 yg baru dr sesama wa,1
sngat 👍,1
ok,1
"semakin banyak bug nya di versi hp, yang WhatsApp desktop pun sama. bug gak papa kalo bukan fitur utama, ini di handphone keterangan nya Masih login di windows, tapi di laptop saya tulisannya perlu login. ganggu banget",0
"sejauh ini sudah bagus dan handal, akan tetapi akhir2 ini kenapa WhatsApp jadi sering error kirim foto laporannya centang 2 tapi tidak masuk gambarnya, tolong lebih ditingkatkan lagi bug2 nya biar kita pengguna juga gak rugi dan dimarahi sama bos🥲🥲🥲",1
sejauh ini masih nyaman menggunakan aplikasi ini walau sw sekarang kadang ada iklannya but suka aja manfaatin Ai nya😭😭,1
"woy gmna ini, kga ada cwe yg ngechat gw",0
gajelas kocak saya ga ngapa ngapain tiba tiba nomor ke logout terus pas mau login lgi malah ngestuck tambahkan akun hadeh mana kalo mau masuk harus hilang data baru bisa masuk lgi 😂,0
karena bisa jwb di wa dan takut ada kepentingan,1
Baik,1
paling tidak suka kalau harus suruh update sangat mengganggu dengan kerjaan pas mau ngirim foto ke grup jadi lambat yang tadinya dikirim harus tepat waktu,1
bagus,1
"bagus tapi tolong perbaiki bug nya, saya setiap telpon keluar terus",1
goobd,1
Aplikasi komunikasi untuk berbagi media,1
bagus banget 😘😝 beri bintang 5,1
sangat baik,1
sangat bermanfaat,1
mantap,1
okkk sangat mantap,1
sangat puas,1
"Saya mengalami gangguan saat login , tolong di perbaiki segera",1
"Bisa chating, telpon, video call, kirim gambar atau kirim dokumen dengan mudah dan cepat. Aplikasi bisa akses 1 akun dengan berbagai perangkat. Kayaknya sudah pakai aplikasi ini lebih dari 10 tahun.",1
bagus,1
saya GK bisa login wa gimana ini,0
bagus,1
kena pa washap ini sering di blok kir hanyauntuk mengobrol dan membuat sw,0
ok,1
semangat,1
makin kesini makin ribet aja ini wa. padahal cuma chat ke keluaga dikira spam malah kena blokir sementara. tolonglah diperbaiki lagi,0
hagus,1
nomor ku tiba-tiba teriset karna ada yang spam,1
akun selalu ditinjau maksudnya apa ini klo nomer baru tolong jgn dipersulit min mau chat orang jdi susah selalu kena tinjau.🙏🏻🙏🏻,1
sangat berguna,1
wa sekarang kenapa sih dikit dikit di blokir pedahal saya nomer baru tetep ajah di blokir ngotak dikit lah wa pedal ituh nomer baru salah apa apa di blokir tolol tanggung jawab lah,0
"sangat membantu, apalagi dengan fitur fitur baru ny",1
Sangat bermanfaat. Mengapa wa saya dalam 2 hari ini selalu di tinjau baru kali wa begini,1
ok,1
Aku beri bntang 4 biar pun susah klarivikasi nya.,1
verifikasi selalu tdk bisa,0
dgn WhatsApp messenger segalanya jadi mudah,1
"aku bisa berhubungan dengan teman, saudara, sahabat dan keluarga",1
Bagus sekali,1
👍,1
bgus,1
Tolong WhatsApp perbaiki sistem WhatsApp updatan versi sekarang jelek banget Sering ke blokir atau di batasin . Saya sebagai kurir paket kesulitan dengan kondisi WhatsApp sekarang sering ke banned atau di batasin di saat saya lagi mau membalas pesan chat ke customer saya,0
bagus banget,1
aman dgn end to end,1
ok,1
sangat bagus,1
mantap,1
baik,1
good,1
"ini apaan bngt si pitur pulihkan cht, masa semua cht gua ilang, semuanya loh, sampe ke saluran gua, gajelas banget thai",0
semoga berhasil,1
aplikasi enggak guna hampir tiap hari akun wa aku di blokir terus ditinjau,0
apaan malah d blokir akun q,0
B aja,1
sering di blokir tolong di perbaiki apk nya ya min soalnya butuh apk WhatsApp,1
coba coba,1
ok,1
tolong perbaiki bug nya masa ga bisa ngubah tampilan VC yang besar kalo di ubah salah satunya bakal macet atau bisa aja malah cuma 1 orang yang kelihatan,1
sangat bagus,1
saat vc pasti ada bug untuk perkecil kameran. dan bug nya syulit di hilangn,0
kasih kesempatan untuk android versi 6,0
memang lebih baik dan bisa di percaya,1
tak bisa berkata kata lagi🙏🏻,0
aplikasi tidak brguna dasar aplikasi sepi,0
"aplikasi ini bagus, tapi di batasi selalu saat saya berkomunikasi",1
bisa dapet cewe,1
sangat membantu,1
telpon terkadang ga ada suara telpon panggilan gagal Mulu kebanyakan bug,0
bagus,1
gampang ke blokir nmbernya,0
mantap,1
"saya kena tinjau mulu, padahal ga ngapa ngapain",0
ok,1
no saya loh out terus menerus gak ada solusi,0
mohon buja blokir nomor saya,1
bagus,1
apa ini maksudnya whatsapp tiba2 ke spam 24 jam habis itu tidak bisa login belum terverifikasi nomor,0
bgs banget,1
semoga di bantu,1
akun saya di blok,1
mantop,1
"tolong ya whatsapp kenapa setiap Video call itu gambar sering berhenti, suka eror juga, tombol fitur video call juga suka hilang. jadi ga nyaman banget!! mengganggu sekali!!",1
🫰🏻🫰🏻,1
"selalu terblokir,wassap jelek sekali,mendingan enggak usah ada wassap kalo kek begini percuma,orang"" pun kasian kalo kek gini wassap jelek huuh alahh👎👎",0
terimakasih,0
"makin aneh aja ini aplikasi, tiba² ke logout sendiri, malah tiba² ke blokir udh coba login lagi malah kaga bisa aneh",0
"min ini wa makin bnyk updatenya, tapii dari banyaknya update itu gua nunggu bngtt update klo vc ga miror, kalo buat sw HD nah udah iyu sja min🙏",1
buruk,1
Woi pihak WhatsApp stiker jomok ku hilang😭😭,1
Download lemot,1
Oky,1
tolong saya.. kenapa saya tidak bisa menerima kode otp SMS dan telfon harus menunggu berjam-jam terus tolong disitu banyak nomor penting 😭😁,1
bagus bangett,1
masa ngirim sw yg di tag dri HP android ke ip di HP ip gak bisa tolong bug nya di perbaiki,0
malesin makin sini kontak pada iilang kehapus sendiri males,1
saya berikan 5 bintang 🌟🌟🌟🌟🌟,1
kenapa gak bisa masuk grup,1
gangguan terus oi perbaikilah lol,0
wa nya keluar sendiri,0
Mohon kepada pihak WhatsApp agar lebih baik seperti apa pengguna inginkan bukan malah nambah menyusahkan pengguna nya jadi tidak bisa menggunakan akun WhatsApp lgi gara gara terus kena ban dan kenon jadi harap bisa di mengerti untuk ini jika terus tidak bisa menyamankan pengguna maka mereka tidak akan menggunakan WhatsApp lagi dan beralih ke Telegram atau yang bisa di gunakan untuk chatan bersama keluarganya karna ke banned secara tiba tiba (Terimakasih saya),0
Kenapa sih wa nya ga bisa bikin akun wa ake nomer baru baca an nya harus Prepikasi nomer ajah,0
"wa sekarang makin ribet, ngirim foto di group kadang dihp kitanya udah terkirim tapi di hp lain fotonya ga ada malahan",0
mantap,0
bagus banget,1
kenapa wa sekarang kok sering di blokirr,0
kenapa kalo bagi layar gaada suaranya sekarang?,1
diversifikasi oleh whatsApp messenger,1
sangat membantu dl komonokasi,1
"top, mantap👍",1
ya tolong ditingkatkan lgi jangan burem,1
ok,1
bagus,1
baik,1
"Bring back the old, simple, and lightweight WhatsApp, without a lot of junk features and suggestions.",1
memuaskan,1
"walaupun saya sedikit gasuka sama WhatsApp, tapi saya kasi bintang 5 SOALNYA PERSIB JUARA😛",1
WhatsApp sering mental trs,1
makin lama makin gk kelas apk ini. saya hanya ganti hp saja akun sy di blokir.,0
ok,1
"setiap bikin status dari instagram, pesan dari kolom komentar ga pernah muncul di status whatsapp 😮‍💨🤦‍♀️",1
engga buat salah malah akun di blokir,0
no saya di ban mulu padahal saya ga gapain gapain sudah ganti no berapa kali tetep di ban,0
"tampilannya berantakan, grup dan chat personal nyatu semua. jadi ribet, ga rapi. mending dibedain deh, buat chat perorangan dan chat grup.",0
ini sangat bgus,1
apl nya cukup bagus bisa chtn sma ngbrin orng gtu cuma pls bngt nih ya tlong pnjgaany lbh ketat dkit bnyk orng yng ngrim bug wa yng bkin wa gbs dpke kyk auto crash gitu lyrny gk bisa digerakin sma 1 lgi ad bbrp bisnis/kontak yng dilaporin krna sesuatu yng gk pnts tpi gk diladenin sma skli sm whatsapp klo bsa nih y tlong ketatin sdikit penjgaan aplgi buat orng yng udh dilaporin krn ngrim bug whatsap aplgi bugny bisa nembus lyr bli hp bkn pake daun boy jdi tolong bngt y buat penjgaany ketat in y.,1
Sangat bagus,1
sangat bagus,1
knp saya di suruh mengunduh wa resmi terusss,0
Aplijasi favorit,1
tetap ku kasih Bintang satu sebelum ada fitur Upload Status WhatsApp HD,0
sangat bagus,1
sangat puas,1
tolong perhatikan efisiensi penggunaan ram dan baterai nya mark!!,1
Good job,1
sangat membantu,1
bagus,1
akun saya belum ditinjau,1
Oke,1
baik,1
hallo dukungan WhatsApp. Saya sangat menghargai keputusan anda. Tapi mohon maaf jika saya lancang. Ini kenapa ya WhatsApp saya kena blokir padahal saya sama sekali tidak melakukan apapun. Saya tidak tahu apa-apa tiba-tiba kena blokir. Saya mohon bantuannya untuk di buka dan di aman kan terimakasih.,1
bagus,1
"padahal ga ada sama sekali pesan spam. eh malah yang ada akunnya malah kena tinjauan TOLONG KEBIJAKAN PRIFASI NYA DI TINGKATKAN LAGI. padahal gak pernah di pakai yang aneh-aneh, sudah 2 kali kena tinjauan",1
ok,1
kenapa saat buka aplikasi keluar keluar sendiri sih,0
betul sekali,1
knp g bisazmasuk terus,1
baik dan cermat,1
ga tao,1
karena memiliki hal yang bisa membuat kita komunikasi sangat cepat,1
oke lah 👍,1
👍,1
"dikit dikit update, klo gk ngelag, monyet",0
pakai aplikasi whatsaap simpel dan gak ribet saya suka banget,1
udah aku download wa resmi masih GK bisa daftar piye sih ato hp ku ini wa nya rusak berkali2 GK bisa daftar wa,1
puas,1
meta ai ku kok ga bisa jawab kalo aku chat cuma di read,0
sangat bagus,1
mantap,1
oke,0
ada bug pada Videocall tolong diperbaiki,0
telponnya mati mati gajelas dan suaranya selalu gajelas,0
Sangat Puas,1
"makin busuk tiap lu update nih, upload status lgsg ngebug keyboard ngambang ke tngh - atas, sortir privasi hanya bagikan dengan malah double contact nya, jelek lama lama cuma mau untung doang",0
mantap,1
bagus banget,1
aplikasi ini membuat saya merasa lebih nyaman membuat saya merasa semakin mudah membuat foto menjadi video klip dan sangat menghibur hari hariku bersamanya di dunia yang paling penting adalah bagaimana kita menyikapinya dengan baik maka baik pula dengan mudah,1
kenapa whatsApp sy akun nya di batasi,1
"setelah di perbarui WhatsApp makin gajelas sistemnya Saya sudah ganti nomor 2 kali masih tetep kena spam terus sudah berhasil kena spam lagi sampe 4 kali tolong perbaiki sistemnya supaya kenyamanan pelanggan WhatsApp terjamin, terimakasih",0
"Kenapa skarang sring kena spm WhatsApp dikit² minta tinjauan kena blok, parah dah",0
seru bgt,1
wa say tidak bisa terbuka,1
mantap lah,1
aku bisa nelpon orang 😁😁,1
Saya ngasih bintang 5 karena WhatsApp banyak membantu,1
Alhamdulillah. Akhirnya verifikasi nomor HP akun WA sudah bisa dilalui. Trims,1
bagus,1
bagus,1
aplikasi busuk dikit dikit kena spam padahal chat ke no baru dasar apk sampah,0
sangat bagus,1
wa tdk bs di guna kan,1
sangat praktis,1
mantaf,1
"bagus si, tapi sering eror, dan kalo vc ngelag",1
bagus,1
tolong aplikasi ini jangan selalu rusak atau tiba tiba kena spam padahal tidak melakukan pelanggaran,1
mantap sekali,1
"selamat malam kepada cs wa yang terhormat saya azrah sebagai pengguna aplikasi ini merasa sangat kecewa di karenakan sistem kerja aplikasi yang sangat tidak masuk akal, saya mengalami kendala akun wa saya selalu terkena blokir bisa 2-3 kali dalam 2 hari padahal saya hanya ingin mengirim pesan ke kontak baru, tapi baru 1 pesan saja sudah terkena blokir, haduhh mohon di perbaiki lagi sistem kerja aplikasinya",0
"Mudah berkomunikasi, kalau boleh request, semoga wa bisa live kayak aplikasi lain ya🤭",1
goblog ora bisa pencet,0
Bagus cepat,1
Kembalikan WhatsApp kaya dulu lagi....skrg menyebalkan rame udah kaya IG,0
sangat membantu skali,1
sangat membantu saya dalam berkomunikasi,1
caraulih kan akun saya,1
Sagat Yaman memakai apk ini,1
"bergunaa bgttt , aihh sukaaaa , minusnya klo bikin sw kok burem sii gskaa tapi gapapaa bisa komunikasian smaa shabat terchintaaahh",1
WhatsApp adain sorotan juga dong,1
bagus,1
ok,1
gak bisa di buka memeq,0
bagus tapi GK saya kasih 5 agar lebih bagus,1
Keren,1
👍,1
baik informatif,1
"mana WhatsApp yang dulu? WhatsApp yang dulu TIDAK ADA BUG SAMA SEKALI, ketika update ada bertambah fitur, dan bertambah bug nya juga, permintaan kita semua sama, buat wa se simple dulu, tanpa adanya bug",0
nice,1
"Add feature: Message scheduling, that is, someone can mark what day and what time the message will be sent automatically.",1
bagus,1
"ngga ada salah aja di tinjau, aplikasi aneh!",0
kenapa wa saya tiba2 ke log out sndiri. disuruh verifikasi lagi. padahal nmr bener tapi dstu bacaannya nomor salah .. padahal udh pake nomor wa nya ini dari tahun 2020. mengapa WhatsApp sangat buruk skrg,0
bagus,1
mantap,1
whatsapp sangat mempermudah komunikasi,1
bagusssssss,1
sengaja aku buat bintang 5 karena bug sekarang mulai banyak muncul kaya nomer ga di priv tapi nggak bisa liat SW kalo mau repost biasanya suka terjadi kesalahan harus di spam tekan biar bisa,1
apk nya sangat buruk tidak ada yang ngechet saya,0
bagus banget,1
ok,1
bagus,1
"sekarang bikin status blur gak bisa di HD, kualitas hd nya udh gak kayak dulu klo status",0
sudah bagus hanya tidak bisa di update,1
akun saya tiba-tiba tidak bisa menggunakan whatsapp karena melanggar sesuatu padahal saya gak ngapa ngapain,0
baikk,1
Bagus,1
oke,1
kok wa saya tidak bisa di buat vc iya,1
sangat membatu dalam menerima dan menyampaikan informasi,1
mantappp,1
WhatsApp gajelas suka ellor,0
baik,1
bagus sekali,1
mohon untuk developer nomor WhatsApp saya tidak bisa login,1
kenapa watsap sering Kali tidak bisa kepake Tiba Tiba Hyland,1
"wa sekarang menyebalkan. kenapa melihat setatus wa sendiri bisa geser otomatis ke setatus wa orang lain, karena saya jarang banget pengen lihat sttus wa orang lain. biasanya klo lgi ngecek sttus sendiri dia langsung kembali ke sttus sya sendiri, ini mah malah lanjut ke sttus orang tanpa aku geser. ditambah klo ada pesan masuk gx langsung muncul,cuman muncul diatas ada pembritahuan begini(mungkin anda telah menerima pesan baru) gitu. padhal kuota banyak,sinyal pun bagus.",0
"yang paling penting adalah kualitas unggahan foto/video bisa sesuai dengan size/ukuran asli,,tolong di perbaiki itu,,",0
2026 Wa menurut saya makin gaje upload story udah pilih yg hd malam blur hadeh dan suka ngebuk saat vc,0
gada efek,0
senat buruk,0
Bagus,1
ok,1
bagus banget,1
Ok baguz,1
ok,1
sangat bagus,1
"𝘬𝘯𝘱 𝘢𝘱𝘭𝘪𝘬𝘢𝘴𝘪 𝘪𝘯𝘪 𝘶𝘥𝘩 𝘴𝘢𝘺𝘢 𝘶𝘱𝘥𝘢𝘵𝘦 , 𝘵𝘢𝘱𝘪 𝘨𝘢𝘬 𝘮𝘶𝘯𝘤𝘶𝘭 𝘷𝘪𝘵𝘶𝘳 𝘩𝘥 𝘪𝘯 𝘣𝘶𝘢𝘵 𝘴𝘦𝘳𝘢𝘵𝘶𝘴 𝘸𝘢𝘴𝘵𝘢𝘱?",1
lebih bagus,1
"aplikasi ngebut, edit nama kontak dan yang lain ga ada , terus mau nambah kontak ga ada juga fiturnya segara diperbaiki sangat mengganggu",0
"agak lain pas mau Buka wa tiba"" kadaluarsa",1
mantap aplikasinya,1
ok,1
"Whatsapp tidak bisa digunakan Karena tidak resmi, walaupun sudah dinunduh di whatsapp resmi tetap tidak bisa, ini kenapa ya?",1
sangat membantu,1
good,1
ok,1
kenapa Whatsap bisa gunakan g bisa ferifiwikasi,1
mantap,1
bagus sekali karna sudah updeta saya jadi bisa pake filter,1
"udah dikasih bintang 5 nihh, req yaa bisa ada fitur bubble obrolan untuk chat pribadinya🤗",1
"untuk metta , mohon di perbaiki, updet terbaru nge bug di bagian profil pengguna lain, chat bagian profil gelap.",1
"PERBAIKI BUG !!!!. saya membagikan pesan suara saya ke status namun tidak muncul di ponsel teman saya meski sudah saya atur privasi status agar dilihat oleh semua kontak saya. laporan saya diabaikan, aplikasi bodoh",0
"ga aman sllah gabisa di buka, tulisan terjangkau",0
"makin gak jelas, whatsap gak bisa disambungin ke bluetooth headset. ganti perangkat lain juga sama",1
keren babget,1
bagus,1
aplikasi bagus yang sangat mudah dipergunakan,1
bagus,0
parah Sekali Ini Aplikasi. tidak Bisa Lihat Foto/video/dokumen apapun...,0
"Abis di perbaharui, chat aplikasinya malah ga bisa di kunci. Klo hp lg di pake anak jadi buka2 chat wa",1
sangat baik sekali,1
bagus,1
oke 👍,1
"bagus, tapi benerin dlu dong kualitas foto dan video yang di up ke status WhatsApp",1
Bagus,1
ga ada yg chat,0
okey,1
"tolong, aku pengen wa ku ada filternya, sampe sekarang masih gaada",1
suka error buka status wa,1
yg terbaik👍,1
Akun wa saya ke blok mohon dong di perbaiki,0
watsap bagus,1
kenapa sekarang wa kalau vc kepencet muka sendiri suka ngelag jdi gda gambar,1
"SATU MALAM AKUN KENA TINJAUAN 2 KALI, padahal ga pakai pihak ke 3 ini resmi dibilang make hadeh",0
"tiba"" wa saya ga bisa di buka, dan di nyatakan spam dan di dlm bnyak krjaan lg, bikin bingung",0
Dengan harapan aplikasi WhatsApp bisa terinstal di hp oppo a37. Aamiin.,1
WhatsApp bagus dan membantu aktivitas,1
selolu kena blokir saat bulak WhatsApp,1
baik sekali,1
Kenapa. Wa ga bisa di update,1
enak di pake dan engak ribet,1
nice app,1
"canggihh!!, saya suka!! bahkan meta AI ramah dan seru!! bisa membuat foto bisa bikin cerita bisa buat curhat!! yang saya rindu itu adalah Avatar!! dan bisa buat banyak saluran dan buat status!! saran saya cuma.. 1. bisa balikan Avatar gak saya belum membuatnya 2. Meta AI sering nge bug/lag kayak konsep foto,konsep cerita, konsep curhat sekian saran dari saya wassalamu'alaikum warahmatullahi wa barakatuh...",1
lag,0
"sering ada orng toxic yng chat+ banyak orng jail suka bug in no wa orng sampe bikin tidak merasa nyaman, kehilangan kenangan terindah",1
"huft daftarin nomer baru malah gak bisa bisa padahal penting banget buat orang tua,udh kirim email juga masih gak bisa",0
kena spam Mulu akun ku,0
"jelek bngt kualitas call nya, makin canggih ini dong, gk ada fitur ngatur noise nya apa? kayak discord gitu loh, masa perkara sambil di cas suara jadi mendem?, gampang bocor kalo buka apk lain, canggih ini lah..... tambahin fitur diffen",0
"keterlaluan WhatsApp ga jelas, di tinjau tinjau ga jelas menunggu lama baru berapa menit udah di tinjau lagi, mau kalian apa? perbaiki cara kerja kalian, udah capek nunggu lama di tinjau tinjau ujung ujung nya tinjau lagi maksud nya apa coba gajelas bgt, mau komunikasi sama keluarga jadi susah SANGAT KETERLALUAN",0
keren aku suka,1
terlalu bnyak perubahan bikin ribet doang,0
ok,1
saya harap di wa bisa melihat berapa kali orang lain lihat sw kita,1
mulai buruk!!!!,0
aplikasi yg sangat membantu dalam komunikasi terbaik,1
"bintang 3, tidak ada cewek yg wa saya duluan sejak saya putus denganya 😭😭",1
washap eror tdk bisa dibuka,1
"mohon untuk diupdate lagi aplikasinya. soalnya kalo misalkan kita upload status menggunakan lagu, maka hasil dari postingan status itu akan terlihat sedikit buram. jadi saya minta untuk perbaiki itu. agar supaya ketika kita mengupload status menggunakan lagu, hasilnya lebih jernih.",1
sangat baik,1
Sangat luar biasa,1
Aplikasinya nah bagus banget buat orang orang bisnis,1
mantap,1
Kerennnn,1
knpa pas vc suka lag,1
𝐬𝐚𝐧𝐠𝐚𝐭 𝐛𝐚𝐠𝐮𝐬,1
pulihkan akun wa saya,1
nggak bisa di buka weahnya,1
good,1
When can we comment on WhatsApp statuses,1
Semenjak sering update mau bikin story Poto suka lama ngebelg hitam klo update nya belom sempurna jangan di luncurkan kan dulu tolong perbaiki lagi sistem nya,0
wa nya gabisa login,0
mengapa akun WhatsApp saya sedang di tinjau lagi,1
"untuk aplikasi ini, tolong untuk tidak sembarang memblokir nomor tanpa alasan yg jelas",1
intinya bagus😊👍,1
ok,1
mantap,1
wa saya tidak bisa digunakan akun sedang ditinjau ...,1
"for developers and teams, can you guys add a feature to remove followers on a channel, for some users who are visible on the channel. please everyone, i really hope for this.",1
gak macet kl,1
lumayan bagus lah ya,1
tolong di pulihkan kembali whatsapp nya biar sllu aktif,1
aplikasi mantap ga kena blokir lagi,1
kadang no wa ke logout sendiri,0
knpa belakang ini sering eror klo video call,1
bagus tapi kenapa di wa ku ga ada fitur filter ya,1
"BAGUSS,tapi penyimpanannya sangat besar, jadi susah untuk mendownload yg lain",1
"sekarang wa dikit² kena kenon, tolong sih WhatsApp di perbaiki lagi sistem nyaa,masa gw buka WhatsApp lansung kena kenon.!!",1
bagus,1
sering menghubungkan padahal internet ada,1
tambah kan fitur diamond ff/ml gratis min🤭😁,1
bagus keren,1
perbarui wa1,0
bagus,1
oke,1
enak sih nggak ada halangan tapi kalo nggak usah update gitu,1
"tiap hari wa gw ""akun sedang ditinjau"" wa sekarang ngk tau kenapa",0
Sangat Membantu Dan Berguna Sekali,1
mantap,1
bagus,1
Sangat puas bagus,1
akun saya sering ditinjau,0
nomor baru udh diblokir maksutnya gmn coba diblokir tiap 6 jam,0
baik,1
baik,1
"Update whatsapp di hp saya selalu lambat, padahal di playstore sudah mengaktifkan update secara otomatis, tetapi selalu lambat.",0
oke,1
bagus,1
👎👎👎👎👎,0
bagus bangettt sukaaaદᵕ̈૩,1
wa ku ga bisa di buka kenapa ya? huhuu :((,1
whatsapp selalu minta verifikasi no telepon/akun jdi whatsapp tidak bisa kebuka,0
buat update story video pecah,0
tolong hapuskan fitur tarik pesan,0
apk keren,1
ok Bosque,1
bagus,1
tingkat kan resolusi unggah dan foto. masa upload video ke status jadi ngeblur,0
semoga ke depannya whatsapp lebih mantap..,1
karna bagus,1
bagus,1
ok,1
baik,1
knpa wa saya bisa eror,1
keren,1
Apk Sangat bagus & Efisien dapat membantu Saya dalam pekerjaan,1
bagus,1
apa ini kok gak bisa di download dan mengulang terus,0
stiker Segede gaban gw ga bisa (kalo bisa lagi gw kasi bintang 5),0
parah...WA udah tiga kali ganti nomor gara gara ga bisa login lagi....suruh download aplikasi resmi padahal dari dulu ga pernah di apa apain... kalo ada BBM mending itu dah.....,0
bagus,1
aduhhhh.....,0
ok,1
"WhatsApp makin lama makin gajelas fitur nya, kadang up sw kualitas pecah waktu nambahin lagu, pilihan lagu ga jelas (ga masuk trend), dan kadang video suka ngebug waktu di up ke sw",0
"saya benar benar kecewa sama WhatsApp sekarang makin lama makin ga jelas , setiap vidio call ketika saya melihat wajah saya masa tiba tiba gelap , hilang segala macam lah , tiba tiba tegang aplikasi nya , vc tiba tiba mati padahal jaringan stabil , SAYA LEBIH SUKA YG DILU KETIMBANG YG SEKARANG, UDH MULAI SAMA WA KEK WA IPHONE , NIRU NIRU SEGALA , SY LEBIH SUKA WA YG DULU ,",0
"apl ngak jelas, chat saya ngak pernah di balas",0
aku kasih bintang lima karna ya aplikasi nya bagus aja,1
mantap tur sehun🙏,1
"aplikasi nya bagus, aku suka tapi kok bisa ya tiba-tiba nomor aku keluar akun gitu? disuruh minta tinjauan aku bikin, aku nunggu dengan sabar tapi kok setelah tinjauan selesai, aku mau login kembali, minta verifikasi tiba-tiba sistem nya bilang aku gapake wa resmi padahal udah aku instal dari play store loh udah 2 kali terjadi sama aku, muak sumpah aku dah ganti nomor ehh belum beberapa bulan no satu lagi keblokir juga benci banget tolong yaa diperbaiki lagi! terimakasih",0
saya kurir paket kesulitan karena wa sering ke band,0
yg sudah di download hilang semua !!!!!,0
bagus,1
mencoba,1
baik,1
saya minta tinjau akun WhatsApp dan bisa pakai lagi akun WhatsApp saya dan saya tidak ad pelangaran saya d WhatsApp saya mau kembali lagi akun WhatsApp kerena banyak kempintingan d akun itu,0
hallo kak ini kenapa nomer saya di profil WhatsApp hilang padahal masih aktif kartu sim,1
keren,1
kebanyakan grup bokep di wa,1
lama download nya,1
karena saat mau uplod status jadi burik,0
suka lancar untuk berkomunikasi,1
ko say a ga bisa masuk,0
yeees,1
baik dan lancar,1
Okeee,0
WhatsApp ini jahat banget gue baru beli kartu baru langsung kena tinjau gue mau ngabarin keluarga gk bisaa gue lagi celaka memang jahat .gue sekarang di jalan. gk bisa chat orang rumah atau temen kalo gituh gk usah bikin tinjau tinjau di mana tangagung Jawad nya gue kirim bantuan gk di bantu bantu,0
Lama amat download yha,0
sekarang update cepet tapi banyak bug pesan suara kalu diputar tiba tiba layar hp layar hitam dan suara pesan suara keras banget padahal gak ku naikin volume hpnya😔🫠,0
"selalu ada bug saat melakukan panggilan video,kadang juga telepon mati sendiri padahal jaringan dan yang lainnya aman aman saja",0
bgus si,1
kadang bagus kadang engga jir ni apk,1
mantap,1
kenapa ada bug nya,1
aman aja,1
tidak jelas tiba tiba di tinjau,0
"2x kena blokir alesan spam ,padahal tidak pernah melanggar apapun , sy mengerjakan tugas sekolahnya bagaimana ini... banyak group penting seputar info sekolah dll... kalo aplikasi WhatsApp sekarang begini ,lali harus pakai apa 😭😭😭 asal tau aja ya sy beli kartu itu pun harus hasil tabung uang sisihan jajan sekolah,&yg kedua ini sy beli kartu padahal baru. daftar wa pakai no yg baru belum pernah bikin aneh²,status /apalah yg melanggar v kenapa tetep keblokir. sekarang aplikasi WhatsApp kacau",0
good,1
sangat puasss,1
setelah update os hp malah jadi buram saat vidio call,0
"aplikasi kacau, ini kok gw buka wa tetiba keluar sendiri dari aplikasi, baru masuk, keluar lagi, masuk keluar lagi, padahal gw udh update wa nya, gw udh hapus aplikasi nya juga masih tetep gitu, tolong whatsapp kenapa dengan aplikasi mu ini",1
Harus bagus terus,1
"wa skrng makin anehhh ,masa aku punya2 wa trs aku bkin sw di akun pertma, trs sw ku jga msuk di akun ke 2",0
bagus,1
sekarang ini apk makin gajelas akun gw tiba tiba banget Ke band Tanpa sebab,0
tidak dapat di pake aplikasi watsap nya kenapa ya?,1
sangat puas dan bisa chat pas lagi penting,1
berrrr guna sekali cok,1
ok,1
"kenapa tetap disuruh donload wa resmi, apa aplikasi ini belom resmi ???",0
Apikasi ini sangat baik,1
"SANGAT BURUK WHATSAPP SEKARANG SAYA CUMAN CHAT TEMAN TAPI KENA BLOKIR SUNGGUH "" ANEH TOLONG KEPADA PIHAK WHATSAPP SEGARA ATASI YANG BEGINI INI MEMBUAT SAYA DAN PENGGUNA LAIN MUNGKIN SANGAT KECEWA",0
wa gembel diki² di blok gblok,0
"wa sekarang data gak ngotakk,,, cepet banget..tiba tiba udah 3gb kalo udah dipakai",1
kualitas status jelek🤮🤮🤮🤮,0
"tolong ya WhatsApp, kalau aku lagi nonton status ku sendiri itu berhenti aja di status ku , gak perlu langsung otomatis lihat status orang lain.. aku tuh orang nya pilih2 kalau lihat stori orang, tapi skrg kalau habis update story pribadi, tiba2 langsung otomatis lihat stori orang.. apa an gak jelas min.. gak usah pake otomatis gitu deh.. ..",1
tidak bisa vc sambil main gemm,1
sengaja kasih bintang 5.kenapa akhir² ini WA jadi jelek banget. baru saja sekali ngechat orang langsung kena suspend selama 24 jam aneh banget. mohon di perbaiki sistem aplikasinya,1
Bagus,0
Tolong hilangkan fitur sekali liat!!!!!!,1
"Maaf bgt ya , untk apk ini bgus , tp knp ktka ak updte , mlh ttp sma aj , dn g ad prbhn ny smsek mngkin aj it bwaan dri hp atw apk ny yg eror.",1
min fitur 1x lihattt hapus aja ga guna,0
bagus,1
buat telfon suara lawan bicara nggk terdengar,0
bagus tapi lebih teliti dalam pemblokiran apk padahal tidak aktivitas yg melanggar peraturan WhatsApp,1
"kenapa ga Muncul pemberitahuan pesan masuk, kemarin di apgred normal lagi skarang ngaco lagi, ga ada pemberitahuan padahal ada pesan masuk",0
good,1
bagus,1
"makin update, makin banyak bug terutama pada fitur telpon, dan video call tolong diperbaiki",1
kreasi,1
hebat,1
ini bagus[✓✓]√,1
😁,1
baik,1
saya mmpunyai dua kartu jd semua pulihkn dan sinkronisasi kn 🙏,0
saya suka,1
chtt 2 nomor malah di kira spam di blokir sementara 5 jam gjls,0
ᑲіsᥲ ᥒg᥆ᑲr᥆ᥣ ᑲᥲrᥱᥒg 𝗍ᥱmᥱᥒ ᑲіsᥲ ᑲіkіᥒ s𝗍ᥲ𝗍ᥙs ძᥲᥒ ᑲіsᥲ ᑲіkіᥒ grᥙ⍴,1
sangat bagus,1
sangat la bagus dan manfaat,1
"mohon untuk jangan terus update,boleh update tapi hapus beberapa yang tidak dibutuhkan lagi gitu soalnya kasihan orang orang yang mungkin butuh WhatsApp tapi kedaluwarsa karena tidak di update alasannya RUANG PENYIMPANAN PENUH.kasihan buat orang yang butuh WhatsApp tapi ruang penyimpanan nya penuh hingga tidak bisa di upgrade dan WhatsApp nya kadaluwarsa",1
"foto yg sdh ke download hrsny ga kehapus dong kl wa nya ke logout, dongo bangettttt ni apk skrg:",0
sangat bagus,1
ko kena batasan pdahal ngk ngapa2in,1
ada apa dengan watsap punya saya ga bisa login selalu di tinjau pdhl SDH ganti nomer ttp sdi tinjau terus,0
keren,1
ok,1
bagus,1
"WhatsApp akhir2 ini eror Mulu mau upload sw tapi gagal terus udah hampir 2 Minggu gini, tolonglah jangan begini, saya mau bikin status WhatsApp jadi susah, kesel bgtt tolongg, mohon di perbaiki. pokoknya malam ini atau subuh besok harus sudah bisa bikin sw lagi!.",1
bagus,1
aplikasi sangat membantu saya dalam berbisnis,1
Penting dalam bisnis,1
seru kaya nya kalo wa di adain fitur arsip story kaya IG,1
baik,1
bug di kondisikan setelah update sering kurang stabil.,1
uh... kenapa kita boleh ngomong kasar,0
"padahal gw kenal orang yang gw cht,sama penting banget gw mau cht dia,tapi malah ke blok,padahal gaada yang di langgar,no hp nya juga punya gw pribadi,anehhh ni apk, asli nyusahin bangettt, padahal penting banget,",0
mntap,1
bagus,1
untuk WhatsApp tolong dong bikin fitur kaya di ios kalau salah satu bubble chat diklik yg lainnya jadi blur,1
burik,0
nice,1
bagus,1
whatsApp ngak bisa di bukak,1
awal pertama bukak sulit bgt,0
"kenapa susah di download, walaupun aplikasi yang lain sudah di hapus tetap saja gak bisa.",0
sudah di install tapi tidak ada aplikasi nya,0
bagus banget,1
sangat bagus,1
apl sangat membantu...,1
nice,1
TIDAK bisa mengaitkan ke wa mb padahal udh memenuhi syrat,0
"notifnya ga muncul, dah coba dihidupin tetep mati otomatis.",0
matap poko nya,1
Setelah update sering eror,1
selalu banyak manfaatnya,1
apk nya bagus cuma masalah di update nya aja terlalu sering,1
aku suka banget sama aplikasi whatsapp ini cocok untuk ngobrol dengan keluwarga,1
bagusssss banget,1
bagus,0
mantap,1
sangat puas,1
blokir gak jelas,0
tambahkan fitur menarik dan fitur seleksi keamanan untuk promosi judol di batasi atau dihilangkan,1
kenapa akun wa login tidak tersedia,0
gangguan terus,1
sering log out sendiri ..di login lagi harus nunggu peninjuan 24 jam ...sering kaya gitu terus padahal akun google aman kenapa whatsapp sekarang kayak ngini,0
"updatenya makin bagus, btw min aing mau minta req update minggu dpn kayak ip dri bubble chat ny soalnya biar makin aesthetic",1
mantap,1
sangat bagus?????,1
agak ngelag dan gak ada efek jadinya saya rating 4/5,1
terbaik,1
tolong ini kenapa bug notifikasi nya gk muncul,1
gangguan,0
sangat bagus,1
sy suka.sebagai sarana komunikasi,1
Aplikasi yang sangat membatu silaturahmi bisa berkolaborasi dengan musisi teman saudara keluarga maupun masyarakat umum yang digunakan sebagai bahan alat batu yang praktis bisa dibawa kemana-mana bisa tlpon an orang yang jauh dri liat kota maupun Jawa,1
sangat bagus,1
Terlalu ketat sistem keamanannya,0
the best,1
bagus,1
"ini kenapa wa saya ngga bisa buat status udah mau 2 bulanan,tolong diperbaiki",0
no baru tidak bisa di aktif kan dan terbaca nya spam atau apalah dan gak jelas balasan dari team support nya,0
bagus,1
wa wa saya disuruh login pas login ada tulisanbwa tidak resmi padahal udh download wa di play store,0
tidak bisa buka apk lain saat vc,0
bagus aplikasiny membantu untuk berkomunikasi,1
baguss,1
kenapa saya GK bisa telpon sama vidio cool,0
"wa-nya gak bisa, padahal gk ad nomor yang spam tapi tiba tiba nomor saya di buat kayak spam gitu, giliran masukkin nomornya lagi malah gk terdeteksi nomornya gimana ini.... tolong dong lebih di perbaikin lagi sistemnya. soalnya masih banyak yg penting di situ....",0
whatsapp kenapa kok ngirim foto sama lagu muter-muter dari tadi??,1
kenapa aku ini tadi tidak bisa login ya,1
saya WhatsApp nya selalu kena spam tolong ya di perbaiki. padahal saya gak pernah sama sekali melakukan spam apa apa. saya udah kirim lewat WhatsApp support nomor yg selalu kena spam.,1
singkat saja,1
sangat bagus sekali,1
"benerin BUG nya, pesan masuk tapi kagak ada di beranda nya.",0
bagus,1
mantap,1
kenapa wa GK bisa,1
sangat memuaskan,1
👍,1
ok,1
para cewek gk pernah bales chat ku anjirrrrrrr burik bet apk ini -Yogi,0
lumayan jg aplikasinya cuman yg membosankan itu selalu minta d Up date,1
suka banget,1
Mantap,1
aplikasi nya bagus gampang di akses semangat terus devploper,1
Bagus,1
ok,1
"kurang suka WA yang sekarang, kalo lihat SW sendiri langsung otomatis ke SW orang 🤦🏼‍♀️😩",1
Thank you,0
ok,1
WhatsApp saya sering kali ter band spam/biasa maupun permanen jadi tolong fix metode band dan tolong pulihkan akun WhatsApp saya,0
aplikasi yang sangat bagus untuk video koll untuk sahabat jauh,1
"kalo ada yang tlp gak ada notif, sama harus buka wanya dulu baru ketauan,",0
pihak whatsapp gmn caranya supaya wa tidak kena spam terus padahal sudah ganti nomor dan ganti hp resmi.,1
bagus,1
berkerja sama dengan orang lain bernama lengkap dan gambar di bawah umur aku senang banget,0
"tolong dongg WhatsApp jngn tiba""buat aku keluar login 😭,,trus pliess jngn lama in pemulihan chat nyaa aku butuh cht itu🙏🏻😭,, perbaiki lagi yahhh gue ksih bintang 5",1
bagus,1
setelah bertahun-tahun pake wa baru kali ini bnr² di bikin kecewa sm pihak wa ini nmr saya buat kerja tp tiba² kena spam ada apa wa?! why?!!! TOLONG DI PERBAIKI SISTEMNYA !!!!!,0
aplikasi ini sangat penting,1
bagus sekali,1
saya beri bintang lima karena seru bisa chatan sama teman² saya btw like tt gw 6nyaada6,1
bagus,1
gokil mana gokil,1
bagus,1
Baik,1
sangat membantu untuk berkabar,1
update mulu anjir gaada penyimpanan nih gue,0
"untuk developer tolong fitur non aktifnya bisa di perbaiki, karna nomer saya tidak dipakai untuk aktivitas mencurigakan. hari ini udah 2x ke nonaktifkan gatau alasannya baru login 1 mnt udah ke non lagi.MOHON PERBAIKI YAA SAMA NOMER GW BUKAIN WOE",1
"udh berkali kali login masi tetep gabisa dibuka harus nunggu 24 jam,,hadehh🤦🤦",1
sangat puas,1
bagus,1
best,1
Weaku.gajalan .,1
tidak baik,0
lumayan bagus tingkat kan lagi biar lebih cepat coneksi,1
"sering eror kalo vc an atau telponan ,",0
oke sangat membantu,1
Untuk pihak WhatsApp tolong dong jangan menurunkan kualitas video saat diunggah ke status. Saya ekspor video di 1080k + ekstra HD di aplikasi lain tetap saja burik jika di up ke status WhatsApp. Jadi mohon untuk di update kembali kualitasnya.,1
"ga bisa nerima chat fitur terbaru, pdahal dah update",0
gabut,1
bagus,1
kenapa hbis donlod wesap g bisa menerima kode pdahal no hp aktif,0
bgus,1
ada yang tidak bagus harus pakai kartu,0
"tiba tiba akun kenon permanen, hadeh padahal di situ isi nya sangat penting",0
mantapp,1
"akun tibah"" di blokir tanpa sebab dan TDK bisa di ambil kembali",0
ok,1
"min ini gimana data pada ilang ini wa keluar2 terus komplain kemana iya..ini wa aku suka sering minta pulihkan,,sering error,,,ribet parah verifikasi2 lama ini gmn data saya,parah verifikasi2 data pada ilang,di update bukannya bagus malah data ilang,gmn ini data ilang lagi",0
saya sangat suka tapi yang saya tidak suka itu tiba tiba ke blokir sementara padahal saya tidak ngapa ngapain,1
sangaaaat bagus,1
"suka kena blokir pdahal ga ngapa""in",0
bagus,1
ribet sekarang makin gak jelas di tinjau terus,0
WA nya bodah,1
mantap bos,1
Bagus,1
mantap,1
sangatt nyamann,1
baik,1
WhatsApp saya tidak bisa di verifikasi nomor saya ini. mohon bantu saya,1
baik,1
bisa berkomunikasi dengan orang lain,1
yakin sekali bahwa apik kasih saya lagi sedih yakin sekali karena aplikasi tidak dihapus dari Google,1
bagus dan cantik,1
"jadi sering ke ban, ngechat ato masuk gb yang belum di kenal aja langsung ke blokir",0
sangat bgus,1
tidak ada filternya,1
sangat baik,1
aplikasi ini bagus sih cuman ntah knp akun WhatsApp gw selalu minta tinjau meski udah gw tinjau padahal gw nggak ngapa-ngapain kan aneh,1
tapi penyimpanan aku sering penuh,0
Bagus,1
baik,1
Mantappp,1
oke,1
😃,1
bagus dan penting untuk kebutuhan sehari hari,1
"aplikasi busuk,sebulan sekali akun saya di ban permanen sampe ganti nomer 4 kali",0
"gimana cara dapat ap WA, setelah ke format",0
tidak bagus,1
Layanannya bagus fitur ini,1
Thanksfull for usefullto Pray,1
ok,1
terima kasih,1
"ini aplikasi kenapa sih, setiap kali mau ngechat orang malah di blokir padahal nomor yang mau di chat udah di save, aku kasih bintang 5 biar bisa kebaca",1
sangat bagus,1
kenapa akun WhatsApp saya di blokir sedangkan whatshap tersebut untuk saya pake bekerja setiap harinya,1
sangat penting,1
"""akun anda sedang di tinjau"" padahal gua g ada salah apa² loh yah🤓",0
aku kasi empat bintang dulu soalnya aplikasi nya sering keluar dan juga kalau msuk lama bngt kadang sampai berkali² masuk baru bisa masuk,1
bagus sekali,1
"WhatsApp sering terblokir,sering di tinjau",1
"apk wa sangat membatu dlm berkomunikasi baik itu chat,tlf suara dan video call...terimakasih",1
"tolong perbaiki ketika update story wa foto atau video menjadi blur, padahal Saya sudah mengaktifkan fitur kualitas unggahan tetapi tidak terpengaruh, apakah fitur itu hanya buat pajangan? ini keluhan semua orang, tolong atas kesadarannya sudah sekian lama tidak diperbaiki, sekian terimakasih",0
sering ngebug,1
saya sudah lama menggunakan aplikasi ini.memang mantap,1
tidak bisa nge tag ke orang orang padahal sama saya udah di-tag tapi enggak ada @putih nya,0
"dikit dikit ""Akun ini tidak bisa menggunakan WhatsApp"" padahal kagak spam",0
aplikasi very good,1
"untuk developer tolong dong kualitas upload storynya buat lebih jernih,padahal pas di galery HD banget,ketika di post di story WhatsApp jadi pecah banget",0
bgus,1
sangat puas,0
😭😭😭😭😭😭😭,1
akun saya ditinjau saya tidak tau penyebabnya,0
sangat baik,1
sipppppp,1
di saya belum ada tema obrolan,0
okey,1
whatsapp sering ke bajak/ke blokir padahal saya menggunakan wa ini dengan tanggung jawab,0
ok,1
kenapa WhatsApp saya ga ada fitur efek nya pas video call,1
bolelelah,1
👍🏽,1
goob,1
kembalikan bar status deret kebawah !! jangan kesamping ginii saya tak sukaaaaa.....,0
bagus,1
bagus,1
baguss bangeett,1
"Tidak memungkiri, inilah app yg paling dibutuhkan saat ini,,,",1
sangat baik,1
oke,1
"suka keluar dan masuk sendiri, tolong bantu perbaik",1
sangat bagus,1
mengirim pesan centang 1 padehal sudah terkirim. sering keluar sendiri.,0
aplikasi ini sangat berguna untuk berkomunikasi lewat telepon dan aku sangat kagum karna kalo tidak ada aplikasi ini saya tak bisa untuk mengabari orang jauh atau pun bertelepon dengan teman lama,1
mantap.. lancar,1
whatsApp nyaa suka tiba tiba WashatsApp telah berhentii sedangkan banyak yang chatt itu sangat menggangu saya udaa ada 6 klii sya nginstall ga bisa bisaa,0
bagus,1
jujur kecewa udah lama banget pake wa makin kesini makin leg pas vc leg pas telpon biasa juga leg padahal sinyal bagus banget manteng banget nah yang aku maksud leg itu pas vc mau di gedein yang kamera aku nya itu malah bikin gambar vcnya tuh leg dan malah jdi susah di pencet aku kira karna hp nya penuh penyimpanannya aku hapus 3 apk di hp aku nah pas aku coba lagi masih tetep sama leg terus aku coba hapus dulu wa aku download ulang tetep sama aja tolong di perbaiki lagi ya kualitasnya 🙏🏻🙏🏻,1
seringkali harus update apk nya tapi makin kesini makin susah aja.. ketika buka WA dibagian chat banyak sekali kontak² yg muncul dan harus disilang dulu untuk menghilangkan nya.. makin kesini makin aneh aja... balikin ke fitur sblmnya saja min,0
sangat membantu,1
sip mantap,1
BOLEH LAH,1
apasih kena spam mulu padahal gak ngapapain loh,0
kurang memuaskan udah di instal berkali-kali tetap tidak bisa,0
mantapp,1
ok,1
aplikasi ini sangat bagus,1
"kok sering kena pembatasan, padahal gapernah ngapa-ngapain",0
sticker jgn yg jorok jorok,1
status whatsapp kalau bisa di tingkatkan grafik dan kualitas setiap mau buat update status langsung di turunkan resolusi jadinya burem kalau bisa ditingkatkan jadi HD,1
knp ya di download ngk bisa data ada memory blom pnuhh,0
suka bug buka WhatsApp terpental keluar tolong dong benarkan lagi Agar tidak terulang,0
bug di camera saat video call,0
sangat seru,1
akun sering kena spam,1
tapi sya tidak bisa watsapp,1
mantap,1
aplikasi yang sangat bagus,1
saat buka foto/vidio sekali lihat sering banget gak kebuka padahal udah di spam pencet,0
"tolong jangan banyak perubahan atau update saya cuma di beri waktu 3 hari buat update klo ga, gabisa buka whatsapp trus saya akhirnya hpus whatsapp dan download lagi",1
bagus apknya,1
sangat baik untuk berkomunikasi,1
Whatshapp sngt bagus dan membantu saya,1
Bagus membantu komunikasi,1
perbaikan terus bingung hp jadulku,1
aneh saya daftar nomernya ga bisa di klik menapa ya padahal daftar nya pke nomer tlpn,0
Nomor WhatsApp Business tak bisa dibuka karena kena maling sama Agen TKI ?,1
semoga kedepannya lebih baik,1
mantap pol banget,1
Saya tidak bisa menggunakan nya karena android saya tidak mencukupi tolong di perbaiki lgi karena android cuma ram 2/16gb,0
sangat bagus untuk di gunakan,1
Whatsapp menurunkan kualitas gambar ketika upload story,0
👍,1
kak wa aku ko ga ada lagu nya lagi ya,1
ok baik,1
"najis up WA ke kompres nya burik banget, plis update kompres nya jangan burik gitu",0
aplikasi yg sangat bgus bet,1
kenapa tidak bisa mengirim video,1
jelek,0
kenapa akun watshap saya malah di batasi terus setiap chat. ke no baru padahal dengan urusan bisnis dengan kontak baru yg belum tersimpan kenapa malah jadi GK guna begini tolong dong perbarui akun watshap saya jangan di kira spam trus,0
😄,1
"How am I supposed to upload a WhatsApp status (video) with a duration of 30 seconds when it keeps failing? Even uploading a 1-minute video also fails. PLEASE FIX THIS. Before May 2026, everything worked normally when I uploaded 30-second or 1-minute videos. Now I can’t upload them at all.",0
Saya merasa akun saya diblokir secara keliru. Saya menggunakan WhatsApp untuk komunikasi pribadi dan tidak melakukan spam atau pelanggaran.” dan Sudah dua kali saya kena begini seakarang watsap saya sudah tidak bisa memakai watsap lagi. masa saya gontaganti nomor terus gimana ini whatsapp!!!.,0
tolong updedet,1
loading doang ga slesai slesai dari tengah hari tdi,0
oke,1
good,1
kenapa wa ini klo mau denger pesan suara selalu mati layar Hp suara kecil,0
mantap semoga sukses selalu,1
bisa kembali memakai whasup ( WA ),0
baru kemaren di-update harus update lagi payahhhh ngabisin kuota aja dehhh,0
knph ya saya Setiap masukin nomor perikasi terus,1
bgus,1
baik,1
baik,1
knp saya tidak bisa login tidak bisa mencet saat masukan nomer,0
baik,1
Bagus,1
oke,1
bagus sangat membantu,1
bagus,1
untuk status tidak bisa upload,0
sangat senang dan bagussss,1
sangat suka,1
sangat bagus,1
"Tolong Perbaiki Lagi mengapa Setiap Beberapa Saat Foto Di Status Jadi Blur tetapi Sebelum Nya tidak, bukan hanya saya status kontak saya juga blur",1
baru coba,1
suara putus putus,1
tidak bisa pesan tersimpan lama,1
segala urusan lebih mudah,1
"bagus untuk ngechat dan nelpon,pokoknya the best sih",1
very good,1
bisa inta tolong dibuka blikirannya,1
aktifkan wa,1
WhatsApp sekarang mudah ke banned padahal saya tidak melakukan spam eh malah ke banned permanen mohon cepat perbaiki ya admin WhatsApp padahal saya tadi hanya mengechat kawan saya eh malah kebanned,0
apilkasih ini memng bagus tapi sekarang saya kadng GK ngrti karna sekrng wa banyak berubah nya,1
bagus,1
"sangat baik aplikasinya, dan sangatudah digunakan ..",1
Malah enggak bisa di buka,1
"stiker wa yang bisa jadi besar itu kenapa tidak bisa? percuma kalau ada fitur baru tapi ngasih nya setengah setengah, dasar aplikasi brainrot pelit banget.",0
okee mntapp,1
kualitasnya sangat bagus 👍,1
wa saya sering kena kenon tanpa sebab,1
gimna yaaa aku udh dwondlod berkali kali tapi ko gak bisa buat cetan,1
Menurut saya untuk aplikasi nya sudah bagus.namun ada beberapa hal yang harus diperbaiki.seperti jika aplikasi whatsaap ingin update.diusahakan terupdate sendiri.tidak kita yang mengupdate secara manual lagi.dan untuk dalam grafik semuanya bagus cuma harus ditingkatkan lagi pada pemostingan status wa kadang agak menjadi buram dan tidak jelas.dan untuk warna pada tema chat semoga diperbanyak lagi sehingga lebih menarik untuk digunakan...baiklah ini saja yang saya sampaikan...terimakasih sudah ada,1
menarik dan canggih,1
good,0
sangat membantu,1
sangat bermanfaat,1
tolong buka lagi washapp saya,1
setuju,1
sangat penting untuk berkomunikasi,1
maaf karnua saya telah memberikan bintang tiga karena nomor Telkom saya diblokir,1
untung bisa pesen seblak lagi setelah riset HP,1
sangat mudah banget,1
baik bangett,1
bagus,1
is the best,1
ok,1
100/100 untuk Aplikasi ini! ini keren banget! berguna! Dan juga saya bisa buat channel (saluran) di sini gratis! Mksh untuk developer nya! 👍👍👍👍👍👍,1
oky,1
ini dari hp'y ap kartu'y yaah masa 2 nomer kena spam,0
good,1
seru,1
"Sudah 2 kali update juga yang baru ini kenapa pas cek status sendiri, tapi pas selesai kok lanjut ke status teman, padahal aku gak mau langsung ke status temen, jadi kacau ni whatsapp, bintang ku kurangi 1 dulu, sebelum rubah seperti sebelumnya, okay intinya pas cek status sendiri jangan langsung dilanjutkan ke status lain",1
kren banget,1
sangat bagus,1
nggak ada kemajuan di hp saya,0
Mohon Untuk Pihak WhatsApp. Saya selalu terkena banned hanya karena chat teman saya baru 1 kali chat selalu terkena banned. tolong untuk di perbaiki seperti dahulu yang tidak sensitiv terhadap chat. mohon untuk segera di perbaiki saya mewakili semua pengguna WhatsApp messenger ini untuk buka suara agar segera di perbaiki lebih detail dan tidak selalu terkena banned ketika mengirim pesan kepada orang lain.,1
"kok tiba² wa saya kena suspend,begitu sata buka wa lansung kena suspend dan peninjauan sampai 24 jam tolong di perbaiki",1
grub whatsapp mudah terblokirrt,0
bagus,1
aku suka ada bublee chatttt,1
bagus m,1
"masah akunku di bajak trus akunku juga yang di tinjau ulang"" sampai memuat terus dan sekarang nomor tidak bisa digunakan aneh",0
"Aplikasi yang bagus untuk berkomunikasi, terutama di Indonesia",1
"mohon ya kalo udh ke update lngsng harus berubah semua maksudnya kaya udh di update buka apl wa nya lngsng ke yang terbaru gitu,aku udh update tapi gada tuu perubahan aku dah cari semua tetep gada perubahan,terus knpa ya pdhl aku udh update tetep gada efek pas vc pdhl juga udh nyalain buat efek vc nya tolong yaa🙏🙏",1
"aplikasi oon masa nomor wa masih aktif ada bacaan akun anda logout dari WhatsApp terkini mohon untuk memberikan tinjauan atau kasih saran ke WhatsApp kami,tolong dong ini kepada tim WhatsApp jangan oon nya tuh ngoon banget Maslah nya banyak data data penting disini tolol, udah dikasih saran ini itu masih aja keblokir",0
aplikasi nya bagus dan gampang,1
singkronkan wasup yg ada,1
"download video dari youtube, lalu upload di WA tetapi tidak bisa karena format tidak didukung?",0
good,1
kenapa Yaya mengunakan WhatsApp tapi tidak resmi padahal saya udah donglot berkali kali,0
"seru, bisa chatan sama people people, stiker nya lucu gemoy kaya aku",1
👍👍👍,1
cepat cepat,1
kenapa setiap buka wa ada kek kontak² gitu gimana ngilangin nyaa,0
maaf.. kok video yg diupload tmn saya knp gk bisa saya lihat ya .. muter terus ???,1
Bagus,1
"sengaja kasih bintang 5 soalnya akun saya udah beberapa tahun saya pake tapi kenapa malah nggak bisa login lagi dengan alasan tidak terverifikasi, saya sudah coba beberapa kali tapi hasilnya tetap sama.",1
"ga banget, wa skrng terlalu sensitif masa baru nyimpen 2 kontak udh kena pelanggaran spam terus wa nya di logut harus nunggu 24 jam baru bisa jujur itu ngeganggu bgt, kalo lagi ada hal penting tiba tiba gitu itu ga etis bgt sih, BALIKIN WA DULU.",0
Apk ini sangat membantu bagi penguna hp lainya juga mudah untuk di gunakan,1
Tolong perbaiki ketika login WhatsApp web dan logoutnya. masa keluar terus dari handpondnya dan nunggu 24 jam verifikasi,1
sering terkena kenon,0
"dear wa,tolong dong kenapa sih kalau cv suka ngeleg ahhhhh tidakkkkkkkkkkkkkk",0
ga bisa buka video status wa aneh bgt,0
sering kesulitan chat orang karena iklan mulu,0
ok,1
"Gara-gara WA tidak bisa log out, alhasil data"" di device sebelumnya harus dihapus permanen ketika pindah ke device yang baru. dimana hal ini sangat merugikan sekali",0
"bagus, mempermudah komunikasi",1
sangat mendukung,1
mantap,1
bug bgt,1
oke,1
Belum pernah nyoba,1
"kepada pihak WhatsApp yang terhormat mohon perbaikin bug yang terjadi di aplikasi kalian, karena ini sangat mengganggu kenyaman pengguna 🙏🏻 Semoga ada update yang jauh lebih baik lagi dari sebelumnya, terimakasih 🙏🏻",0
saya sudah mengupdate WhatsApp nya 3×tapi blm ada vitur yang baru nya,1
karna bisa ngcet tmen,1
"WhatsApp sekarang mulai ga jelass ga bisa login padahal kartu masih baru ""Dengan alasan login tidak tersedia saat ini"" tolong lah kedepannya jangan mempersulit pengguna",1
wa tambah lama tambah jelek masa ngechat orang yang ga kita sv ke ban kan aneh tambah updet malah tambah jelek,0
⭐⭐⭐⭐⭐,1
"Seneng banget rasanya chat tan dengan meta AI nya yang ramah baik sopan yang bisa ku jadi kan tempat ngobro² jika bosan, pokok nya makasih bgt buat meta AI😘❤❤",1
bagus,1
"ini Whatsapp saya kenapa yaa kok sering bilang tunggu 24 jam, sering kayak gitu saya bisa buka Whatsapp 5 menit doang trus tiba tiba bilang tunggu 24 jam lagi?",1
WhatsApp sekarang jelek gampang ke band.,0
kok suara panggilan bergelombang ya,0
sangat baik,1
ok,1
sangat berguna,1
bagus,1
okoooooookkkk,1
Kenapa sih status nya harus burik🤌😭,1
sangat bagus 😎👍,1
mantap,1
wa saya ga bisa terbuka muter mulu bacaan memuat terus kenapa ya,1
"kenapa setiap mosting ke story wa selalu terjadi penurunan kualitas gambar/video, jelek bgt, ga kaya dulu,",1
"sering update tiba tiba WA di baned sedangkan pekerjaan saya sebagai kurir jnt, tolong saya harus melayani konsumen kenapa WA sekarang nambah bobrok",0
sangat membantu,1
gak bisa didwl,0
"whatsapp sekarang semakin tidak relevan,akun saya sering terblokir,kena tinjau terus. padahal saya selalu mematuhi kebijakan dan ketentuan. tapi kenapa sekarang mudah sekali terblokir akunnya ketika berinteraksi dengan nomer baru",1
mantap,1
Video Call Terlalu Menguras Kuota,1
smoga kdepan nya smakin maju,1
TERBAIKKKK 👌👌👍👍👍👍,1
terbaik,1
sngt membatu pnglamn sya mngkanya sya kasih bintang 5,1
WhatsApp messenger memberikan komunikasi bagus dan lancar,1
cara mudah komunikasi,1
oke,1
kekmana lah woi wa ini,0
"kenapa ""info tentang"" di profil tidak permanen seperti dulu? bagus yang permanen.",1
ok,1
saya suka,1
Suka,1
tidak bisa masuk ke grup,0
"bagus sihh. tpi update mulu, klo aku update chtan ku sma keluarga/teman ilang semua",1
parah skrg,0
"bintang 1, karena sering kali WhatsApp terkunci/kenon tanpa alasan yang jelas, saya sedang membuka chat saya mengenai pelajaran tiba' saja kenon.",0
whatsaApp mantap,1
Tetap download walaupun gk ad yg cet,1
top,1
Wa selalu tampil akun dalam tinjauan,1
jujur ini aplikasi penting bwangett,1
aplikasi yang bagus,1
"Tolong wallpaper telpon jangan default,ada varian wallpaper",1
anjjing,1
kren,1
"baru aja bangun tidur buka WhatsApp tiba² kenon dah juga besok nya gitu juga kenon Mulu WhatsApp gua setiap hari tolong di perbaikin padahal saya gak ada ngelakuin pelanggaran jadi males main WhatsApp, apa lagi banyak chat penting dan data penting di WhatsApp masa setiap hari kenon mana nunggu 6 jam atau gak 24 jam",0
"sering keluar sendiri, terlalu banyak bug mohon di perbaiki😠",0
ok,1
Bagus,1
"tak kasih bintang 5 dulu. bikin status, privasi semua kontak, tapi ketika dicek belum ada yang lihat, giliran ngasih tanda suka baru keliatan itu pun cuma yang ngasih tanda suka. chatingan ke penerima centang satu, tapi si penerima bisa balas chat kita. nanti kalau sudah diperbaiki bug-nya saya tarik jadi bintang 4.",1
Aplikasi ini nggak jelas nggak bisa login Padahal aku nggak ada aneh-aneh,0
sering ke blokir waee no akuu nyaa pulihin no akuu pliss,0
"akun ku selalu ""akun sedang ditinjau"" 2 hari sekali, bikin risih",1
"Untuk WhatsApp, hanya satu hal yang membuat saya beri bintang 4, bukan 5. Sederhana saja, aku selalu jarang chat siapapun, tapi kenapa selalu kena band spam sementara puluhan kali bahkan sampe diband permanen? Awalnya kupikir sistem anda yang bermasalah, dan ternyata benar. 多么伪君子啊",1
Tolong resolusi video / foto jangan dikurangi Udah bagus malah pecah blur jelek banget,0
so bad isrewell,0
tidak bisa login,0
WhatsApp ini sangat membantu saya untuk berkomunikasi dengan teman maupun keluarga saya.,1
apk ya sangat bagus,1
sangat membantu,1
saya suka sekali,1
gimana sih kak WhatsApp saya nggak bisa ke buka padahal mah ini kartu udah lama saya pake Bakan semenjak beli hp no nya ngga pernah ganti tolong dong yang jls,0
akun saya di banned permanen tanpa alasan yang jelas dan data saya hilang selamanya,0
Ok,1
tolong untuk pengiriman stori wa kok jadi pecah kenapa tolong di perbaiki lagi,0
Aplikasih yg bagus.,1
Luar biasa,1
ok sekali,1
good job,1
aplikasi nya jelek gak ada cewek yg chat gua!,0
bagus,1
mantap,1
kenapa aku kena sepen dan tidak bisa di kelola,1
bagus,1
bravo wa.....sy mau jgn ada org lain yg msk diwa ini tanpa kontak dan tanpa ijin kami krna kami anggap pencuri privasi org lain...,1
good,1
ok,1
sangat bagus saya suka,1
bagus,1
sangat membantu dan mudah,1
Sangat membantu,1
Tolong lah ini wa sudah jdi tempat bekerja saya tiba tiba tanpa ada kejelasan yang jelas. saya setelah share kerjaan ke beberapa no dengan pesan suara tiba-tiba no saya terblokir. ayolah ini makin sekarang setelah update jadi ngaco banget,0
good job,1
gak jelas tib tiba akun ku keblokir,0
knpa wa ku minta tinjau an lagi pdahal aku ga nyalahin peraturan,1
"whatsapp sekarang aneh,ga nyepam ga ngapain2 cuma,ngecat nomer temen yang belum ke sv tiba2 ke ban sendiri,aneh",0
sangat di butuhkan,1
aku ksi bintang 3 dlu KRNA aku baru mendownload aplikasi WhatsApp ini Bru menca.,1
"Tolong kepada pihak WhatsApp agar tegas dalam menerima laporan, saya melaporkan bahwa ada saluran WhatsApp seseorang dimana saluran itu Tempat penipuan, telah banyak korban yang di tipu tolong lebih tegas lagi dalam merespon laporan",1
SEKARANG PASTI WA DIKIT DIKIT KE BANNED.,0
"tolong kenapa, stastus saya dan stastus teman saya hilang dan nanti muncul lagi, apa karena jaringan atau apa WA yg bermasalah",0
siapa yang gek pake whatsAPP bagus terimakasih ya yang bikin wahatsAPP,1
knp kna pebatasan terus,1
gajales udah di update tetep aja Ngebug gaada beda beda nya kocak gj bintang 1,0
YANG BENER AJA LAH ORG UDAH DI PRIVASI DARI STORY TAPI MASIH BISA LIAT STORY HADUHHHH,1
sangat bagus,1
bagus,1
"nomor saya serung kena peninjauan, gabisa ngechat kontak baru",1
wa bug banget deh aku gabisa masuk pada hal aku tau no wa nya,0
Akun wa sayA disadap org mau login gk bisa,0
saya tidak bisa memverifikasi no WhatsApp saya karena keamanan,1
Banyak manfaatnya dalam berkomunikasi,1
gimana woi..nomor ga buat apa2 diblokir.akun keluar sendiri.nomor penting buat kerja.!!!,1
bagus,1
karna WA saya sering kena kenon padahal gua hapus kontak,0
dari awal luncing sampe sekarang masih setia,1
lumayan bagus,1
👍 👌 👍,1
kenapa chat ku gabisa terkirim padahal aku liat tiktok dan apk lain bisa?,0
kena akun anda sedang di tinjau dimna salahnya woyy,0
mantap,1
"ga bagus semua org jadiin aku last chat, tp msh berguna jdi gppa,tapi kalo bisa tambahin fitur hapus semua pesan tanpa jejak",1
wa saya selalu harus meminta pertinjaua setiap beberapa jam akun saya terblokir dan ketika saya ingin menginstal ulang tidak mendapatkan kode verifikasi,0
"Whatsapp gajelas pls, harus di-update mulu, ngabisin memori. Paling gede memo nya padahal isinya gda apa-apa.",0
karna kece,1
akun wa selalu terkenci,1
keren,0
bagus,1
"wa skrg udh parah, lbih nyaman wa yg dulu.. saran gk udh update"" mulu klo bug aja msih banyak, buat kunci chat bisa.. tpi wktu mau diunlock malah bug chat kedip"" gk bisa dibuka, giliran udh diunlock lewat pengaturan malah chatnya ke riset",0
bagus,1
membantu sekali untuk nge chat,1
semua baik baik saja aman,1
ok,1
okey,1
bagus,1
nomor pribadi gua ke kenon padahal gua gak pernah nyepam atau melanggar aturan lain,0
sangat penting untuk saya,1
sangat memuaskan,1
"SETELAH UPDATE TERBARU SERING NGE-BUG, PADA SAAT VIDEOCALL, GAMBAR SELALU NGE-STUCK ... BARU NORMAL KEMBALI 😣 MOHON DI FIX ADMIN",1
aku udah perbarui whatsapp kok masih di atasnya mengetik? perbarui lagi,0
"pliss lahh tolongg wa saya sering kena band akun sedang ditinjau lahh kalo semenjak coba cht pake nomer yang tidak saya save itu jangan langsung kena peninjauan akun saya sangat kesel!! saya orangnya harus pilih"" nomer orang lain yang saya harus save jadi tolonglah kasih solusinya jangan sekali baper wa ini saya sangat kesal cukup sering seperti inih muakk banget",0
"sangaatbermanfaat dan lebih canggih,berkomunikasi dgn siapapun dan dimanapun jd lbh mudah...",1
tolong jangan blokir akun yang gak tau pelanggaran nya apa tapi di blokir sepihak sama WhatsApp,0
kenapa dah ada fitur sekali lihat,0
gampang keblokir sistem tolol,0
karena ga ada vedio tiktok nya,0
alpikasi ini sangat bagus,1
kenapa nomer saya di tinjau terus,0
ga bisa cium,1
Saya sudah lama menggunakan WhatsApp,1
"kok selalu gagal untuk menambahkan status ya, apakah efek jaringan tidak stabil, mohon perbaikan nya terimakasih",0
bagus,1
sinyal buruk bos,1
bagus vyuk,1
aplikasinya bagus.buat komunitas sama orang juga bisa buat telpon pokonya ku kasih bintang 5😁😁,1
whatsapp paling mantap,0
bisa buat bisnis online & DLL,1
baik,1
mantap banget,1
😒,1
Bagus......!,1
tidak lemot,1
mengapa saat mengirim foto aku harus menunggu lama,1
banyak bug,1
5 bintang,1
"bagus, berguna, dan gratis lagi",1
"komunikasi yg mudah,dan bisa d gunakn untuk luar negri jg, suka d gn aplikasi ini",1
"payah, hari hari cuma ada chat tentang kerjaan, gak prnah ada chat dari ayang 😔",1
telpon kenapa mati mulu ini hee,1
sangat membantu,1
baik,1
bagus,1
tolong perbaikn lebih lancar Karn suka ngelek ngelek wathsap nya gambar nya,1
ini knp dah wa versi pc ga bisa download foto anjay,0
bagusss,1
😁,1
oke sinyal nya,1
"bagus aja sih selama ini, tolong dong status di buat hd setiap posting status karna suka burem",1
Bermanfaat,1
buat nge sv no aja pke dibikin susah,0
good,1
cukup membantu,1
good,1
Tiba2 WhatsApp hilangkan smua chat.. padahal banyak chat penting,1
kenapa aku sy kena ban,0
oke,1
sangat mudah dan berguna sekali,1
bagud,1
sangat buruk,0
ok,1
update mulu bangke,0
bagus,1
"tolong dong tim whatsapp jangan ban WA terus gua sebagai kurir ban terus WA gua gimana ini kurir paket mau nganter ngechat ke orang"" nya malah ban terus",0
sangat lancar,1
Aplikasi ini sangat menyenangkan bisa bisa berbicara dengan teman sepuasnya😄😄😄,1
"mohoho mf jika ada kata2 yg kurang berkenan dihati atau menyinggung perasaan,inilah suara hati ku",1
Terbaik lah s 👍,1
whatshapp nya bug mulu😭😭😭😭😭😭,0
Berjalan lancar dan Please remove gif picture search thats not appropriate for children.,1
kadang lag,1
whtasap makin buruk,0
Bagus 👍,1
serba praktiss👍👍,1
