userName,score,at,content
Pengguna Google,4,2026-06-01 04:14:48,WhatsAppnya bagus updet dong tapi aku suka bisa dibuat telefon wa dan juga lain lainya
Pengguna Google,3,2026-06-01 04:14:08,"Tolong tingkatkan kualitas builtin whatsapp sticker soalnya, 1. ketika buat stiker dari gambar itu ada border putih dan menjadi squircle dan kami tidak suka ini 2. kualitas sticker menjadi low quality 3. tool di sticker maker builtin kurang, 4. ai jelek 5. setiap kali edit sebuah stiker kualitas menurun 6. aku muak dengan orang yang pakai stiker builtin whatsapp jadi aku kasih bintang 3"
Pengguna Google,5,2026-06-01 04:13:29,Bagus pelayananya saya dukung
Pengguna Google,1,2026-06-01 04:10:20,fitur terbarunya bikin susah saat vc
Pengguna Google,3,2026-06-01 04:09:07,"aneh yaa padahal jaringan sama"" bagus, tapi ntah kenaap pas vc sering lag"" gajelass, tolong diperbaiki lah"
Pengguna Google,2,2026-06-01 04:08:56,knp wa baru 1x chat ke blockir
Pengguna Google,5,2026-06-01 04:07:23,sangat mudah
Pengguna Google,5,2026-06-01 04:06:46,kecewa yuk..tumbal..tuman keseruan..nebak.. pemerintah pusat yang khusus Garut.. Gendo gembong PKI.. KSH
Pengguna Google,3,2026-06-01 04:05:56,kenapa no aku di keluarkan terus
Pengguna Google,5,2026-06-01 04:04:32,tidak ada iklannya
Pengguna Google,1,2026-06-01 04:04:22,ini kenapa ya setiap video call kok selalu ngeleg/video terjeda sendiri
Pengguna Google,1,2026-06-01 04:04:04,"aneh, ada satu kontak yang ga bisa di arsipkan, ga bisa di sematkan, gajelas, udah di arsipkan tapi masi ada di luar arsip, huh aneh gajelas"
Pengguna Google,5,2026-06-01 04:01:03,mantul
Pengguna Google,5,2026-06-01 04:00:29,sangat membantu
Pengguna Google,5,2026-06-01 04:00:10,bagus banget
Pengguna Google,3,2026-06-01 03:59:37,"kenapa ini aku gabisa up story, biasanya fine fine aja"
Pengguna Google,5,2026-06-01 03:59:30,okee
Pengguna Google,5,2026-06-01 03:59:19,😄
Pengguna Google,5,2026-06-01 03:58:48,terima kasih sudah di ajak bergabung
Pengguna Google,1,2026-06-01 03:58:29,jelek gak ngapa ngapain tiba tiba kena spam
Pengguna Google,5,2026-06-01 03:58:26,sangat membant
Pengguna Google,3,2026-06-01 03:57:44,ini gimna wa aku ke daluarsa terus kenapa yah tolong dong biar ga kedaluarsa terus
Pengguna Google,5,2026-06-01 03:57:44,kok tidak bisa didonload
Pengguna Google,4,2026-06-01 03:57:14,tolong aplikasii nya sudahh bagusss sekali tetapi hilangkan saja fitur mirror di video call jujur saya tidak pede karna wajah saya tidak simetris.
Pengguna Google,5,2026-06-01 03:56:42,bagus
Pengguna Google,5,2026-06-01 03:56:31,krennnn
Pengguna Google,2,2026-06-01 03:55:30,Whatsappnya suka error
Pengguna Google,1,2026-06-01 03:53:56,gua mau login tapi gak punya nomor
Pengguna Google,5,2026-06-01 03:52:21,tolong balikan notif pesan dan telpon aku di layar
Pengguna Google,4,2026-06-01 03:51:52,mantap bnget
Pengguna Google,5,2026-06-01 03:50:52,Hot
Pengguna Google,5,2026-06-01 03:49:22,mantap
Pengguna Google,2,2026-06-01 03:47:31,"apasih,selesai lihat story sendiri malah lngsung lihat story orang laen,,kocak"
Pengguna Google,5,2026-06-01 03:46:51,terbaik
Pengguna Google,3,2026-06-01 03:46:48,"kok akhir* ini kalo vc sering error ya dibagian vidionya, tolong dong diperbaikin lagi"
Pengguna Google,5,2026-06-01 03:46:16,Bagus bermanfaat
Pengguna Google,3,2026-06-01 03:45:37,👌
Pengguna Google,1,2026-06-01 03:45:24,sue
Pengguna Google,5,2026-06-01 03:42:59,Dah lah ini gak bagus
Pengguna Google,5,2026-06-01 03:42:53,bagusss h
Pengguna Google,5,2026-06-01 03:39:14,yahya liza
Pengguna Google,5,2026-06-01 03:37:00,hallo whatsapp..buat whatsap semua fitur sudah bagus..tapi ada 1 hal buat pendamping akun mohon bisa merekam aktivitas seperti vidio call dan pangilan suara secara privat..buat jagain pasangan kita saat kita diperjalanan jauh..atau di pengaturan di tambahin rekam secara otomatis dan nyimepen otomatis..dan untuk pesan yg dihapus.mohon bisa dipulihkan kembali...atau masuk sampah selama 30hari sebelum 30hari masih di sampah...dah itu saja semoga di tambahin fitur tersebut..terimakasih..
Pengguna Google,1,2026-06-01 03:36:31,tidak bisa terupdate
Pengguna Google,5,2026-06-01 03:34:16,gas polll
Pengguna Google,1,2026-06-01 03:34:01,ai nya ngeselin babi
Pengguna Google,5,2026-06-01 03:32:35,sangat membantu
Pengguna Google,5,2026-06-01 03:32:12,woke
Pengguna Google,5,2026-06-01 03:29:58,sangat membantu
Pengguna Google,1,2026-06-01 03:29:32,sistem wa rusak
Pengguna Google,5,2026-06-01 03:28:20,bgus
Pengguna Google,5,2026-06-01 03:26:54,sangat baik
Pengguna Google,5,2026-06-01 03:26:30,lumayan bagus
Pengguna Google,5,2026-06-01 03:23:13,"WA saya d bajak orang,saya GaK BiSa pakai gmn ini"
Pengguna Google,5,2026-06-01 03:22:58,Aplikasi ini bagus sekali untuk berkomunikasi
Pengguna Google,5,2026-06-01 03:21:40,dbls j D os j se ksnosni k so s
Pengguna Google,5,2026-06-01 03:15:48,komunikasi jadi lancar murah👍
Pengguna Google,5,2026-06-01 03:15:35,bisa cetan bareng teman dan keluarga
Pengguna Google,1,2026-06-01 03:14:04,"plis, kembaliin akun wa aku banyak datanya di situ"
Pengguna Google,2,2026-06-01 03:13:09,"aplikasi gaje eror kadang kalo vc suka ngebug"" gajelas tolong perbaiki min"
Pengguna Google,1,2026-06-01 03:12:09,ni whatsapp kenapa sihh. masa punya aku di tinjau mulu dah tiap hari lama lama gk pake whatsapp lagi
Pengguna Google,5,2026-06-01 03:12:05,bagus
Pengguna Google,5,2026-06-01 03:11:10,bagus
Pengguna Google,5,2026-06-01 03:11:02,terima kasih aplikasi nya
Pengguna Google,1,2026-06-01 03:10:17,terlalu banyak percobaan SMS harus ke telp gua pake TLP harus menunggu 1 jam lu sehat . nomer gua di hp gua lu yang gak kirim otp nya ngapa gua yg kena banet tolol
Pengguna Google,5,2026-06-01 03:09:25,"kuntul cok, mudah ketinjau muluu"
Pengguna Google,5,2026-06-01 03:09:16,sangat baik
Pengguna Google,3,2026-06-01 03:08:00,"hal yang paling menjengkelkan adalah kualitas media yang diupload di story, kualitas nya terkompres secara brutal dan heran aja hal spt ini tidak diperhatikan. smoga kedepannya bisa diperbaiki lagi"
Pengguna Google,5,2026-06-01 03:06:42,kenapa wa saya tiap hari harus di tinjau saya hanya pemakai wa biasa bukan buat yg aneh2
Pengguna Google,1,2026-06-01 03:05:23,apa apa blokir orang buat kerja jadinya nambah kerjaan bukan mempermudah
Pengguna Google,1,2026-06-01 03:05:16,bug pas vc
Pengguna Google,5,2026-06-01 03:03:03,ok
Pengguna Google,4,2026-06-01 03:02:59,apalah dikit dikit kenon
Pengguna Google,2,2026-06-01 03:02:23,kenapaaa akun wa sayaa tiba tiba tidak bisa dipakai padahal saya tidak melakukan hal hal yang mencurigakan kenapa akun Syaa ditinjauuu mohon ditingkat kan lagi keamanan nyaa
Pengguna Google,5,2026-06-01 03:02:00,TITAH PERANG COPID 19 SERTA PENANGGULANGAN BENCANA BUMI.
Pengguna Google,3,2026-06-01 03:00:08,Panggilan masuk lemot.
Pengguna Google,1,2026-06-01 02:59:38,ini aplikasi apaan kok saya udah masukin nomor benar kok di suruh minta kode padahal itu nomor saya sendiri aku udah coba liat tutorial masih ga bisa aneh kali
Pengguna Google,5,2026-06-01 02:59:36,mantap bro
Pengguna Google,5,2026-06-01 02:58:18,bagusss
Pengguna Google,1,2026-06-01 02:57:47,bagus
Pengguna Google,2,2026-06-01 02:57:09,gw di tolak cewek di apk ini
Pengguna Google,5,2026-06-01 02:54:55,bagus banget ini sih wajib instal
Pengguna Google,5,2026-06-01 02:53:09,baik
Pengguna Google,5,2026-06-01 02:51:49,Bagus aplikasi nya sangat membantu sekali
Pengguna Google,1,2026-06-01 02:50:29,update mulu
Pengguna Google,1,2026-06-01 02:50:24,makin update makin gak jelas dikit-dikit dibatasin sanggat mengganggu komunikasi
Pengguna Google,5,2026-06-01 02:49:04,ok
Pengguna Google,5,2026-06-01 02:48:58,aplikasi berguna untuk komunikasi jarak jauh dan mudah di gunakan
Pengguna Google,5,2026-06-01 02:48:56,bagus dong
Pengguna Google,5,2026-06-01 02:48:21,bagus
Pengguna Google,1,2026-06-01 02:47:50,Senang menggunakan whatsapp. Bagus dan mudah.
Pengguna Google,5,2026-06-01 02:47:44,yekinawipa
Pengguna Google,5,2026-06-01 02:47:09,aplikasi ini yerlalu keren bagiku
Pengguna Google,4,2026-06-01 02:46:27,Saya kasih 4 bintang jika bagus saya lanjutkan
Pengguna Google,5,2026-06-01 02:46:16,"bagus lah, tapi tolong hd in status nya, kenapa setiap video atau foto yang di galeri hd tapi pas udh di upload ke status malah burik"
Pengguna Google,3,2026-06-01 02:44:35,yes oke
Pengguna Google,1,2026-06-01 02:43:18,bug semakin parah
Pengguna Google,5,2026-06-01 02:42:02,mantap
Pengguna Google,4,2026-06-01 02:41:31,semoga bisa lebih baik
Pengguna Google,5,2026-06-01 02:39:49,Ok
Pengguna Google,1,2026-06-01 02:39:19,kenapa setiap vc sering elor wajah nya tolong perbaiki yang benar biar saya bisa nyaman menggunakan wa
Pengguna Google,5,2026-06-01 02:38:54,Bagus sekali
Pengguna Google,5,2026-06-01 02:37:22,mantan
Pengguna Google,5,2026-06-01 02:37:11,gooodd
Pengguna Google,5,2026-06-01 02:34:19,good
Pengguna Google,5,2026-06-01 02:31:26,sangat membantu... pengajuan cukup mudah..
Pengguna Google,5,2026-06-01 02:29:20,akun saya kena spam trus
Pengguna Google,5,2026-06-01 02:29:05,baguss
Pengguna Google,5,2026-06-01 02:28:44,sangat besar manfaat nya
Pengguna Google,1,2026-06-01 02:27:58,Mardian
Pengguna Google,1,2026-06-01 02:27:12,"aplikasi jadi jelek setiap update, status wa sering ga ke download pdahal jaringan bagus"
Pengguna Google,5,2026-06-01 02:26:48,Good
Pengguna Google,5,2026-06-01 02:25:07,apk terbaik komunikasi lancR
Pengguna Google,3,2026-06-01 02:23:49,"x, u"
Pengguna Google,4,2026-06-01 02:23:24,"tolong dong grafik statusnya ditingkatkan, masa upload foto yang awalnya hd malah jadi burem"
Pengguna Google,5,2026-06-01 02:21:42,ok mantap
Pengguna Google,5,2026-06-01 02:21:36,mantap
Pengguna Google,4,2026-06-01 02:21:18,baik
Pengguna Google,1,2026-06-01 02:20:44,seriap verivikasi selalu gagal dan tidak dapat sms
Pengguna Google,1,2026-06-01 02:18:07,"up status menurunkan HD video yg du up, kualitas telfon masih kalah sama open mic game online itu menurut saya"
Pengguna Google,1,2026-06-01 02:18:02,"izin Bpk/Ibu. maaf saya mau tanya, kenapa WA Toggle saya gak bisa digeser? pada hal sudah lama saya pakai finger, pola, dan keamanan wajah. toogelnya gak bisa digeser. baru, gak bisa saya sinkron barcode WA diLaptop dari WA HP saya.terganggu saya link meet kuliah. 🙏🙏"
Pengguna Google,4,2026-06-01 02:16:32,"untuk grafik sw tolonglah ditingkatkan, awalnya gak buram. pas diposting malah buram, agak sakit mata melihat nya🙏"
Pengguna Google,4,2026-06-01 02:16:29,Baik
Pengguna Google,5,2026-06-01 02:14:45,sangat nyaman
Pengguna Google,3,2026-06-01 02:13:33,Bagus terimkasi sudah banyak membantu
Pengguna Google,5,2026-06-01 02:13:17,bagus
Pengguna Google,5,2026-06-01 02:13:01,sangat baik dan membantu
Pengguna Google,5,2026-06-01 02:12:36,ini apk nya bagus sekali gaada nge lag sama sekalii 😁
Pengguna Google,5,2026-06-01 02:12:15,"Tambah runyam , Up date lama nyambung"
Pengguna Google,5,2026-06-01 02:10:38,👍
Pengguna Google,5,2026-06-01 02:10:08,bagus lah pokonya
Pengguna Google,3,2026-06-01 02:10:07,sangat membatu
Pengguna Google,5,2026-06-01 02:10:06,sangat merasa terbantu
Pengguna Google,2,2026-06-01 02:09:57,"dengan whatsappsangat terbantu sekali,timbang biyen kerem surat nganggo prangko seng larang opo maneh kerem surat Nang luar negri motor sembah nuwon atas teknologi yang canggih ini ,"
Pengguna Google,5,2026-06-01 02:09:40,💯
Pengguna Google,5,2026-06-01 02:09:13,ok
Pengguna Google,1,2026-06-01 02:07:50,kenapa di telfon menolak sendiri ya? harus di fiks itu
Pengguna Google,4,2026-06-01 02:06:57,tolong dong dibagian vc/telepon hilangin pengaturan privasi tidak bisa merekam suara
Pengguna Google,5,2026-06-01 02:06:22,aplikasi ini berguna banget buat aku karna aku punya pengusaha di waslap cuma duduk di rumah terdiam dan jualan tapi aku ttp hasil gajih buat jajan setiap hari lumayan bangett
Pengguna Google,3,2026-06-01 02:05:54,"itu kenapa yaa fitur video call jadi error begitu, pasti habis ubah layar gabisa dikembaliin, tolong dong di update apk nya supaya bisa lebih baik lagii"
Pengguna Google,5,2026-06-01 02:05:44,Wa tak sengaja kehapus bingung mau masuk lagi!?
Pengguna Google,2,2026-06-01 02:04:53,saya hampir 10 kali di pasang trus hapus lagi udah lama lama nunggu 24 jam tapi malah di surus dowload whatsapp resmi trus padahal udah resmi lohh gmana pirbaiki dong
Pengguna Google,1,2026-06-01 02:04:36,"your system is getting more and more unclear. Not recommended for reuse. It's best to switch to a product with better features, especially other products besides WhatsApp."
Pengguna Google,5,2026-06-01 02:02:26,bagus
Pengguna Google,5,2026-06-01 02:00:02,Hebat aku bisa telepon
Pengguna Google,2,2026-06-01 01:57:34,lelet
Pengguna Google,5,2026-06-01 01:57:20,Bagus
Pengguna Google,1,2026-06-01 01:56:53,"tiba² log out sendiri padahal hp semaleman tidak dipakai, dan sekrang akun di tinjau bagaimana ya ini. ada email yg dapat di hubungi?"
Pengguna Google,1,2026-06-01 01:56:29,"sumpah ya WhatsApp, kenapa sih, tbtb wa gua di tinjau, dan gabisa balik lagiiii, ih sumpah ya padahal itu wa yg penting lohhhh yaampunn, udh minta dipulihkan lagi ke email WhatsApp tapi katanya gabisa, kenapaaa yaallahhh, nyesek bgt wa gua tbtb ilang gitu aja shibal"
Pengguna Google,5,2026-06-01 01:54:59,mantap wa keren sangat cocok bagus baik banget kasih apa itu lagi update
Pengguna Google,5,2026-06-01 01:53:33,bisa ngobrol sama my mantan tercinta ebri
Pengguna Google,5,2026-06-01 01:53:14,aku siap berkarya 8
Pengguna Google,1,2026-06-01 01:52:05,tolong dong ini wa kenpa yaa di tinjau terus menerus saya kebingungan harus instal ulang
Pengguna Google,5,2026-06-01 01:51:44,bagus
Pengguna Google,5,2026-06-01 01:49:35,bagus
Pengguna Google,5,2026-06-01 01:46:34,Bagus Terima kasih
Pengguna Google,5,2026-06-01 01:44:41,Cool
Pengguna Google,5,2026-06-01 01:44:36,"bisa ldr sama temen,ortu, sahabat bahkan pacar"
Pengguna Google,4,2026-06-01 01:41:41,OK lah
Pengguna Google,5,2026-06-01 01:40:46,wa ny sangat bagus
Pengguna Google,3,2026-06-01 01:39:33,lagi usaha kecil kecilan
Pengguna Google,5,2026-06-01 01:38:33,aplikasi yang bagus
Pengguna Google,2,2026-06-01 01:38:10,"up story pecah² mulu gila, biar udh di hd in"
Pengguna Google,5,2026-06-01 01:36:52,suka
Pengguna Google,1,2026-06-01 01:36:12,ok
Pengguna Google,1,2026-06-01 01:35:48,"hai WhatsApp, kenapa story wa aku yg video tidak bisa di putar? padahal versi nya sudah ku update. would you help me?"
Pengguna Google,1,2026-06-01 01:35:00,"ini bagaimana kok wasap saya keluar2 sendiri, bagaimana ini, respon lambat, kacau, mau masuk, balas chat aja ribet, keluar2 terus.."
Pengguna Google,1,2026-06-01 01:34:58,WA saya kenapa sering keluar akun sedang di tinjau udah beberapa hari ini selalu keluar kel gitu
Pengguna Google,5,2026-06-01 01:34:53,mantap
Pengguna Google,4,2026-06-01 01:32:09,Bagus...durasi lagu buat SW nya tambah
Pengguna Google,5,2026-06-01 01:31:40,ok gass full
Pengguna Google,5,2026-06-01 01:31:01,bagus
Pengguna Google,1,2026-06-01 01:30:35,Makin tidak jelas apk ini
Pengguna Google,2,2026-06-01 01:30:16,"kembalikan fitur vc seperti dulu,masa vc sekarang sering ngelag,layar gak bisa dipencet"
Pengguna Google,5,2026-06-01 01:30:01,bagus
Pengguna Google,3,2026-06-01 01:29:58,tapi kurangnya itu emoji aku kurang lengkap
Pengguna Google,2,2026-06-01 01:29:00,kenapa vc saya tidak ada efek
Pengguna Google,5,2026-06-01 01:28:29,WA memudahkan komunikasi
Pengguna Google,5,2026-06-01 01:26:43,ok
Pengguna Google,5,2026-06-01 01:25:51,terhapus sendiri
Pengguna Google,2,2026-06-01 01:25:21,"saya ingin selalu menggunakan wa karena sangat ,mudah untuk berkomunikasi."
Pengguna Google,5,2026-06-01 01:25:01,sangat bagus
Pengguna Google,5,2026-06-01 01:19:20,nice
Pengguna Google,5,2026-06-01 01:16:44,bagus sekali
Pengguna Google,1,2026-06-01 01:15:06,Pariyo Pariyo Pariyo
Pengguna Google,5,2026-06-01 01:14:59,respon cepatlah
Pengguna Google,1,2026-06-01 01:13:49,apa aplikasi sering eror goblog
Pengguna Google,5,2026-06-01 01:11:55,"ga suka fitur VIDEO CALL yang baru, mohon di tingkatkan kualitas VIDEO CALL nya"
Pengguna Google,5,2026-06-01 01:11:34,sudah nice thanks Meta corp
Pengguna Google,5,2026-06-01 01:11:13,😘👍
Pengguna Google,5,2026-06-01 01:10:20,baguss
Pengguna Google,1,2026-06-01 01:10:16,status lagu harus bisa ada liriknya seperti instagram dan tambah lagi lagu yang belum ada dan bisa geser bagian bagian lagunya seperti instagram. dan meta ai nya perbaiki dan lebih lengkap lagi. masih banyak yang salah
Pengguna Google,5,2026-06-01 01:09:11,good
Pengguna Google,5,2026-06-01 01:07:52,watsap tq
Pengguna Google,1,2026-06-01 01:06:59,"Please bring back the feature, the feature where when we are on a video call, when we click on the small screen, the large screen will display ourselves while the person we are talking to is on the small screen."
Pengguna Google,5,2026-06-01 01:02:23,Best of the best / Good.
Pengguna Google,2,2026-06-01 01:00:35,saya udah lama memakai aplikasi ini... tapi kenapa ya kemarin saya pas buat status wa terus ketika sudah dihapus statusnya tapi orang lain yang punya kontak saya masih bisa melihat status saya itu kenapa yaa?? whatsapp sekarang emang se eror itu kah??
Pengguna Google,5,2026-06-01 00:57:59,"-META AI- There was a problem generating a response. Please try again later. (hanya ""TEMUKAN AI"" yang normal)"
Pengguna Google,5,2026-06-01 00:57:43,sangat baik
Pengguna Google,5,2026-06-01 00:57:32,kren
Pengguna Google,5,2026-06-01 00:56:49,sangat membantu
Pengguna Google,5,2026-06-01 00:55:32,bagus
Pengguna Google,5,2026-06-01 00:54:16,biasa saja...
Pengguna Google,5,2026-06-01 00:54:11,sangat puas dengan ada nya aplikasi whatsapp karna membantu memudahkan komunikasi
Pengguna Google,5,2026-06-01 00:53:14,bagus keren enak juga gaada bug
Pengguna Google,1,2026-06-01 00:51:19,"Setiap nanya di meta ai WhatsApp jawaban selalu ngawur, ga pernah benar, lebih mengutamakan jawaban ngawur dibandingkan jawaban pakai sumber, kesannya meta ai hanya mau nyebar hoax, saran mending adain tombol buat copot meta ai dari akun pengguna, ga guna"
Pengguna Google,5,2026-06-01 00:50:51,"bagus, sangat membantu"
Pengguna Google,5,2026-06-01 00:50:21,biar bintang yang bicara
Pengguna Google,2,2026-06-01 00:49:12,coba lu cari dah bug di VC ada ngga
Pengguna Google,1,2026-06-01 00:47:17,"update again, fix the bug"
Pengguna Google,5,2026-06-01 00:46:47,bagus
Pengguna Google,1,2026-06-01 00:45:42,"Mohon Maaf, Kenapa Yaa WhatsApp Buat Status Sering Ga Masuk Gitu 🤔😇🙏🏻"
Pengguna Google,4,2026-06-01 00:44:11,bagus
Pengguna Google,5,2026-06-01 00:43:12,good 👍
Pengguna Google,5,2026-06-01 00:42:39,good
Pengguna Google,5,2026-06-01 00:41:15,bagus
Pengguna Google,5,2026-06-01 00:39:47,bagus untuk chat
Pengguna Google,5,2026-06-01 00:37:31,aplikasi nya baguss👍
Pengguna Google,5,2026-06-01 00:36:54,sangat rekomendasi
Pengguna Google,4,2026-06-01 00:36:34,Minta solusinya. Jika hp hilang mau pakai nomer yang sama tapi harus masukan 6 kode yang dikirim via wa ke hp yang hilang. Bagaimana cara tetap bisa gunakan nomer yang sama atau mendapatkan 6 kode tersebut? (untuk kartu sudah urus & dapat kartu.baru dengan nomer yang sama/hilang)
Pengguna Google,5,2026-06-01 00:36:07,SANGAT BAJU
Pengguna Google,5,2026-06-01 00:35:51,👍
Pengguna Google,5,2026-06-01 00:35:01,sangat menarik
Pengguna Google,5,2026-06-01 00:34:01,mantap
Pengguna Google,5,2026-06-01 00:32:32,Bagus
Pengguna Google,5,2026-06-01 00:31:45,ok sangat membantu
Pengguna Google,5,2026-06-01 00:29:30,ok
Pengguna Google,5,2026-06-01 00:28:26,"Hallo selamat pagi. Aku sering menggunakan WhatsApp untuk segala kegiatan dan menghubungi teman, lancar berkomunikasi, tp sayang sering terganggu hrs membersihkan, kenapa ya"
Pengguna Google,5,2026-06-01 00:28:01,"azuaparayuda gj v. ,"
Pengguna Google,2,2026-06-01 00:26:51,buat telfon video ngelag/ngebug
Pengguna Google,4,2026-06-01 00:26:25,bagus tpi g bsa upgrade
Pengguna Google,5,2026-06-01 00:26:18,baik
Pengguna Google,5,2026-06-01 00:26:15,𝘩𝘦𝘣𝘢𝘵
Pengguna Google,5,2026-06-01 00:24:41,sangatt sukaa sama whatsaap terr debestt dehh 1000/100
Pengguna Google,5,2026-06-01 00:23:45,mantap
Pengguna Google,2,2026-06-01 00:23:42,gellopa
Pengguna Google,3,2026-06-01 00:22:44,sudh berapa hari ini knpa fitur video call di layar hp lawan bicara di layar besar dan di layar kecil jga begitu tidak ada wajah kita di layar besar ada nya di layar kecil ...
Pengguna Google,5,2026-06-01 00:21:42,"keren, gabisa berkata kata lagi aku"
Pengguna Google,2,2026-06-01 00:20:42,menarik sekali
Pengguna Google,5,2026-06-01 00:14:20,cepat .dan bagus
Pengguna Google,5,2026-06-01 00:13:01,bagus tapi gk adil
Pengguna Google,1,2026-06-01 00:12:03,"vc nya sering ilang""ngan gambar mukanya"
Pengguna Google,5,2026-06-01 00:08:19,mantap
Pengguna Google,5,2026-06-01 00:05:14,Bagus
Pengguna Google,1,2026-06-01 00:04:38,tidak ada fitur filter saat vc padahal sudah dinyalakan fiturnya
Pengguna Google,4,2026-06-01 00:04:37,"Semua sudah bagus,cuman jangan diperbarui tiap bulan dong"
Pengguna Google,5,2026-06-01 00:01:16,bagus
Pengguna Google,5,2026-06-01 00:01:09,mantap
Pengguna Google,1,2026-06-01 00:00:55,sangat membantu
Pengguna Google,2,2026-06-01 00:00:16,kenapa saat pengunggahan story jelek banget hasilnya. foto dan vidio sangat buram. padahal sudah pake Yg HD. WA tlong dong yg pengguna pengguna Android seperti saya di kasih unggahan yg bagus.
Pengguna Google,5,2026-05-31 23:55:04,𝐚𝐤𝐮 𝐬𝐮𝐤𝐚 𝐰𝐚
Pengguna Google,5,2026-05-31 23:54:44,bagus
Pengguna Google,4,2026-05-31 23:54:15,bel ada ai nya ppunya saya
Pengguna Google,2,2026-05-31 23:51:09,karena lama download nya
Pengguna Google,3,2026-05-31 23:51:09,"login pakai barcode sekarang error mulu, tolong diperbaiki minnn"
Pengguna Google,4,2026-05-31 23:49:51,"wa saya tidak bisa di buka. entah apa penyebabnya.tolong beri tahu apa penyebabnya, lalu bagaimana cara agar WA dapat terbuka. terimakasih atas bantuannya."
Pengguna Google,5,2026-05-31 23:48:36,Ok siiip
Pengguna Google,5,2026-05-31 23:47:40,baik
Pengguna Google,5,2026-05-31 23:47:35,aplikasi yg sangat berguna
Pengguna Google,2,2026-05-31 23:46:06,"kenapa ya setelah di update pas kita vc dan kita pencet kamera kok gambarnya tiba"" sama ya...biasa kan yg muncul gambar kita dan orang yg kita vc tapi ini muncul gambar orang yg kita vc semua...."
Pengguna Google,2,2026-05-31 23:45:57,tambah ngelag ni Whatsap
Pengguna Google,5,2026-05-31 23:45:27,bagus bangett buat berkomunikasi
Pengguna Google,1,2026-05-31 23:43:46,mmh rina
Pengguna Google,5,2026-05-31 23:43:37,berilah update terbaru kenapa wa ku gbisa tekan tombol vc tolong harus bisa dongg apa masalah nya ya
Pengguna Google,5,2026-05-31 23:42:08,aplikasi sejuta umat
Pengguna Google,5,2026-05-31 23:40:46,bagus
Pengguna Google,1,2026-05-31 23:36:06,g jelas gabisa di update
Pengguna Google,5,2026-05-31 23:34:29,plis untuk WhatsApp ilangin wa kenon
Pengguna Google,5,2026-05-31 23:34:00,baik
Pengguna Google,5,2026-05-31 23:33:48,Mantap
Pengguna Google,5,2026-05-31 23:31:55,aplikasi ini sangat cocok untuk orang orang
Pengguna Google,5,2026-05-31 23:30:27,bagus
Pengguna Google,5,2026-05-31 23:30:23,👍
Pengguna Google,1,2026-05-31 23:30:19,Lain kali kalau apa-apa enggak usah dipakai Didownload Didownload susah memoriku udah full banget
Pengguna Google,1,2026-05-31 23:30:19,"WhatsApp sekarang kenapa sering di tinjau terus..Saya tidak menggunakan aplikasi ilegal atau melanggar aturan, mohon pulihkan akun saya."
Pengguna Google,5,2026-05-31 23:28:46,bagus
Pengguna Google,5,2026-05-31 23:28:31,mantap 👍👍
Pengguna Google,5,2026-05-31 23:26:40,membantu
Pengguna Google,5,2026-05-31 23:25:02,Lebih bagus lagi
Pengguna Google,1,2026-05-31 23:24:41,"tolong dong, akun saya tidak melanggar apa apa kenapa di blokir terus ya, lebih ketat lagi dong keamanan nya hadeh, gk melanggar kebijakan malah kena blokir terus menerus, jadi tidak nyaman memakai."
Pengguna Google,5,2026-05-31 23:22:38,"bagus, tapi belakangan ini ada notif riwayat chat bermasalah itu kira kira kenapa ya??"
Pengguna Google,5,2026-05-31 23:20:07,Sangat bagus
Pengguna Google,1,2026-05-31 23:18:44,kecewa
Pengguna Google,5,2026-05-31 23:17:55,samaaja
Pengguna Google,3,2026-05-31 23:16:53,"tolong saran mulai mengobrol dihapus saja, karena sangat menggangu"
Pengguna Google,5,2026-05-31 23:14:07,pernah lomba
Pengguna Google,5,2026-05-31 23:13:12,sangat bermanfaat
Pengguna Google,5,2026-05-31 23:13:09,bagus
Pengguna Google,3,2026-05-31 23:12:50,"TOLONG BALIKAN FITUR DLU, FITUR SKRG GA JELAS BGT LAGI VC TB' MUKA NYA ADA 2 KYK NGELEG GTU DAN SANGAT MENGGANGGU SKLI. TOLONG YA BALIKAN FITUR DLU AJA! TERIMAKASIH!"
Pengguna Google,2,2026-05-31 23:11:30,tolong ini update terbaru menyusahkan
Pengguna Google,2,2026-05-31 23:10:43,"untuk fitur yg terbaru sangat mengganggu sekali, kembalikan seperti awal"
Pengguna Google,5,2026-05-31 23:06:10,saya sangat suka
Pengguna Google,5,2026-05-31 23:05:10,siiiiiip
Pengguna Google,5,2026-05-31 23:04:36,bagus banget apk nya
Pengguna Google,4,2026-05-31 23:03:03,sudah mulai good yg skrg..
Pengguna Google,5,2026-05-31 23:02:19,bagus kali sip Joss gandoss
Pengguna Google,5,2026-05-31 23:02:04,sangat bagus
Pengguna Google,1,2026-05-31 23:01:47,kenapa wa ku setiap mau telpon selalu panggilan gagal
Pengguna Google,5,2026-05-31 22:59:25,sangat baik
Pengguna Google,5,2026-05-31 22:57:38,"trimakasi Aplikasinya sangat bagus,saya kasi bintang 5"
Pengguna Google,5,2026-05-31 22:55:30,aplikasii paling bagus menurut sayaa
Pengguna Google,5,2026-05-31 22:50:12,good
Pengguna Google,5,2026-05-31 22:49:24,👍
Pengguna Google,5,2026-05-31 22:47:58,keren bangettt🗿
Pengguna Google,3,2026-05-31 22:47:49,bagus dan cukup memuaskan
Pengguna Google,1,2026-05-31 22:46:36,pemeliharaan aplikasinya lama mengganggu
Pengguna Google,4,2026-05-31 22:45:34,kenapa ngelag
Pengguna Google,5,2026-05-31 22:43:46,dengan whatsaApp kita di mudahkan dalam segala hal khususnya dalam berkomunikasi bersama teman dan keluarga
Pengguna Google,1,2026-05-31 22:41:21,"ini wa eror apa gimana sih udh 5 hari stori kontak wa GK ada tapi kalok aku bikin stori tampil di teman"""
Pengguna Google,5,2026-05-31 22:41:19,top markotop 👍👍
Pengguna Google,5,2026-05-31 22:40:51,yo ra piye piye
Pengguna Google,5,2026-05-31 22:40:28,"Please, kembalikan fitur ss di foto kirim sekali, gbisa ss foto cantik dia"
Pengguna Google,5,2026-05-31 22:40:07,bagus sekali
Pengguna Google,5,2026-05-31 22:39:36,bagus
Pengguna Google,5,2026-05-31 22:38:11,sangat baik
Pengguna Google,5,2026-05-31 22:37:28,"Ya,bagus"
Pengguna Google,5,2026-05-31 22:37:04,apl ini sangat bagus
Pengguna Google,5,2026-05-31 22:36:29,bagus nyam
Pengguna Google,5,2026-05-31 22:36:09,sangat baik dan memuaskan
Pengguna Google,5,2026-05-31 22:35:16,bagus & bermanfaat
Pengguna Google,1,2026-05-31 22:34:52,update mulu
Pengguna Google,5,2026-05-31 22:33:51,simpel ngga ribet sejak jaman SMS pindah whatsapp dan ngga pake aplikasi lain😁 x
Pengguna Google,5,2026-05-31 22:33:01,sangat suka dengan wa ini
Pengguna Google,3,2026-05-31 22:32:59,Gambar sedikit buram
Pengguna Google,3,2026-05-31 22:27:40,Aplikasi ini bagus banget 😆😆😆 Sekarang saya berpisah dari teman saya dengan aplikasi ini kami bisa ngobrol tanpa bertemu langsung Pokoknya keren deh 🥰
Pengguna Google,5,2026-05-31 22:26:21,ok
Pengguna Google,5,2026-05-31 22:24:26,p p apaaaa pian sungguh mempesona
Pengguna Google,5,2026-05-31 22:23:51,baik
Pengguna Google,5,2026-05-31 22:21:17,"d,xcvklo.3sxxns xx"
Pengguna Google,5,2026-05-31 22:21:10,sangat bagus
Pengguna Google,4,2026-05-31 22:20:01,kok tiba-tiba akun whatsapp saya terblokir?ini masalah nya apa ya dan juga pas saya ingin mendaftarkan àkun lagi kok maĺah gak bisa
Pengguna Google,5,2026-05-31 22:19:49,mantap
Pengguna Google,5,2026-05-31 22:13:54,bagus
Pengguna Google,5,2026-05-31 22:12:31,sangat membantu
Pengguna Google,1,2026-05-31 22:10:24,"buruk makin kesini makin parah wa orang daftar aja kaga bisa gak jelas banget ,apk sampah"
Pengguna Google,5,2026-05-31 22:09:58,Aku akan lebih lancar sekolahnya
Pengguna Google,3,2026-05-31 22:08:40,Tik
Pengguna Google,5,2026-05-31 22:05:40,bgs banget
Pengguna Google,5,2026-05-31 22:00:03,Bagus banget sama dia ya kalo gue punya apa aja yang mau jadi anak muda itu apa yang ada dalam hidup kita
Pengguna Google,5,2026-05-31 21:57:48,AUINRU📞📞📞
Pengguna Google,2,2026-05-31 21:48:34,"kenapa kalo vc,kita klik mau perbesar kita jadi malah jadi kecapture lawan bicara dan jadi 2 frame lawan bicara semua,padahal butuh untuk perbesar diri sendiri juga..sebeelllllll"
Pengguna Google,4,2026-05-31 21:44:13,"whatsap nya susah di buka,jelek banget"
Pengguna Google,1,2026-05-31 21:44:00,"sangat mengecewakan, sudah gak bisa loging."
Pengguna Google,5,2026-05-31 21:40:21,amat membantu
Pengguna Google,5,2026-05-31 21:33:36,bgus
Pengguna Google,5,2026-05-31 21:30:50,ela yuli
Pengguna Google,2,2026-05-31 21:23:41,"ini kenapa ya, WhatsApp waktu di posting story blur tolong perbaikannya pihak WhatsApp 🙏🏻"
Pengguna Google,5,2026-05-31 21:19:20,ni wa makin gak jelas sering log out.alesan keamanan. keamanan apa ya? KLO trus berulang login malah di blokir gak bisa login. KLO alasan ke Amana kasih tau pelanggaran apa yg di lakukan.soalny slama pake wa GK aneh aneh mengunakan.hanya chatt keluarga dan grup juga cuma 1 grup angota kerja. masalahnya di mana? KLO ada pelanggaran jelasin di manah melanggarnya. jngn bilang keamanan main kelurin dan di blokir tnpa ksih tu kesalahany di mana? jdi makin gak jelas wa
Pengguna Google,5,2026-05-31 21:16:32,Bagus
Pengguna Google,2,2026-05-31 21:13:05,"adain fitur vc ga miror dong wa😭🙏🙏🙏, kalo udah ada nanti gw kasih bintang 5 deh"
Pengguna Google,5,2026-05-31 21:11:56,sangat bermanfaat sekali
Pengguna Google,1,2026-05-31 21:10:28,"jelek anj, si dia slow respon"
Pengguna Google,5,2026-05-31 21:05:10,sangat membantu
Pengguna Google,5,2026-05-31 21:04:32,good joob
Pengguna Google,5,2026-05-31 20:57:02,top
Pengguna Google,5,2026-05-31 20:54:13,nice
Pengguna Google,5,2026-05-31 20:50:08,good
Pengguna Google,1,2026-05-31 20:41:16,"KNP SI HARUS ADA FITUR PENYIMPANAN ITUU, kan bisa dibicarakan baik baik dulu JGN MAIN RIWAYAT BERMASALAH"
Pengguna Google,5,2026-05-31 20:35:26,kalo buat sw sering pecah. perbarui dong atau tutor caranya ttp hd
Pengguna Google,4,2026-05-31 20:30:58,baaaaaa
Pengguna Google,5,2026-05-31 20:26:24,belum ada nomor vripikasi what shap nya
Pengguna Google,4,2026-05-31 20:22:27,"Tlong donk BERANDA WhatsApp di buat jadi kayak beranda WhatsApp IOS gitu! soalnya dah bosan banget dengan beranda yang warnanya itu-itu mulu,,,! Pliss 😭🙏🏻🙏🏻🙏🏻"
Pengguna Google,1,2026-05-31 19:56:28,tidak bisa dipake watshafnya
Pengguna Google,5,2026-05-31 19:35:49,i'm so happy
Pengguna Google,5,2026-05-31 19:28:20,Mudah berkomunikasi
Pengguna Google,5,2026-05-31 19:28:07,kereen puassnyaa
Pengguna Google,5,2026-05-31 19:26:57,puas
Pengguna Google,5,2026-05-31 19:20:59,"Grup di bagi tapi masih muncul di semua chat, buat apa"
Pengguna Google,5,2026-05-31 19:16:41,saya percaya bahwa bisa berkomunikasi di WhatsAPp
Pengguna Google,5,2026-05-31 19:11:23,Makasih..
Pengguna Google,2,2026-05-31 19:03:29,ga suka soalnya harus di update terus
Pengguna Google,1,2026-05-31 19:03:13,gabisa daptar aneh
Pengguna Google,5,2026-05-31 18:56:37,WhasApp ...m.
Pengguna Google,5,2026-05-31 18:51:44,WhatsApp ku kena span terus
Pengguna Google,1,2026-05-31 18:51:24,makin kesini makn eror
Pengguna Google,5,2026-05-31 18:51:02,saya beri 5 bintang agar aplikasi WhatsApp ini bisa membantu buat semua orang yang mempunyai.tolong juga jangan di buat sulit untuk orang makasih
Pengguna Google,1,2026-05-31 18:51:01,maaf min ada bug sama error pas mau login masuk kan nomor telepon tidak bisa di pencet dan di tekan
Pengguna Google,5,2026-05-31 18:44:29,prveck bikin saya bahagia
Pengguna Google,5,2026-05-31 18:42:21,exkuepsi terus
Pengguna Google,1,2026-05-31 18:37:05,Ini gimana kok gak bisa daftar akun
Pengguna Google,5,2026-05-31 18:33:38,iya.. DJ and jaehyun
Pengguna Google,5,2026-05-31 18:30:16,bgus
Pengguna Google,4,2026-05-31 18:23:30,"saran pembaruan agar saat video call tidak bisa di record, karena takut yang kita lakukan di rekam lalu di Salah gunakan, untuk call tidak masalah bisa di rekam karena tidak ada apa apa, hanya percakapan, sedangkan video call menunjukkan aktivitas kita kepada orang yg terhubung"
Pengguna Google,4,2026-05-31 18:19:04,the update broken my WhatsApp
Pengguna Google,1,2026-05-31 18:17:15,"whatsapp sekarang kaga jelas, masa saya mau bicara dengan teman teman kena ban, padahal saya kalo mau bicara selalu menyapa duluan. whatsapp makin ribet ekarang semenjak ada update meta, hapus aja itu meta whatsapp daripada kayak gitu saya kira semenjak ada update terbaru bakalan lebih baik eh ternyata malah lebih buruk👎👎👎"
Pengguna Google,5,2026-05-31 18:16:16,Pulihkan akun saya
Pengguna Google,5,2026-05-31 18:13:08,sangat baik
Pengguna Google,5,2026-05-31 18:10:51,ada yang sama? pas daftar WhatsApp bug di kolom isi nomornya? gw bintang 5 karena biar di liat aja
Pengguna Google,5,2026-05-31 18:09:58,mudah digunakan meskipun gaptek
Pengguna Google,5,2026-05-31 18:07:24,silahkan masuk di whatsapp saya semoga suka dan bahagia✌️😇🙏
Pengguna Google,5,2026-05-31 18:07:20,suka
Pengguna Google,2,2026-05-31 18:07:15,Aplikasi ga jelas
Pengguna Google,5,2026-05-31 18:04:38,bgus
Pengguna Google,5,2026-05-31 18:01:43,gk bisa pake filter
Pengguna Google,5,2026-05-31 18:01:35,terbaik lah
Pengguna Google,5,2026-05-31 18:00:24,NOTE : (KEMBALIKAN KE VERSI SEBELUMNYA)!!!!!!!!!!
Pengguna Google,5,2026-05-31 17:59:30,bagus
Pengguna Google,5,2026-05-31 17:58:51,Mantap
Pengguna Google,5,2026-05-31 17:58:14,lancar
Pengguna Google,1,2026-05-31 17:57:53,Tidak dapat menginstal aplikasi WhatsApp messenger
Pengguna Google,5,2026-05-31 17:56:57,ok
Pengguna Google,5,2026-05-31 17:51:58,sangat memuaskan
Pengguna Google,1,2026-05-31 17:50:48,g bsa ganti profil
Pengguna Google,5,2026-05-31 17:45:42,"aplikasi yg sangat baik dan membantu penggunanya, terbaik 🙏🙏"
Pengguna Google,3,2026-05-31 17:44:37,kenapa nmr sy sdh bnr namun knp SMS dari Indosat saya tidak pernah masuk maaf bintang 3🙏
Pengguna Google,1,2026-05-31 17:43:48,"maaf ...apk wa ini memang terganggu dan akan menjadi penghalang para konsumen utk mendownload apa ini ,... apk ini sudah tidak bermanfaat. kendalanya apk ini tidak bisa memverivikasi no. Hp yg aku pake.... binasah!!!!!!!!!! tidak lagi sampai berlanjut dikasih bintang bintang kecuali apk nya dikasih bantingan keras ke atas bintang biar bintang hancur berkeping keping."
Pengguna Google,1,2026-05-31 17:42:21,"Makin di update makin banyak kurangnya ,telfon wa jadi sering banget ga ada suara ,vc pun juga sama walaupun sinyal lagi bagus ,di tambah lagi kadang kalo mau perbesar gambar ,malah ngebug jadi 2 laman gambar muka kita sendiri 😌"
Pengguna Google,5,2026-05-31 17:42:06,aplikasi bagus
Pengguna Google,3,2026-05-31 17:40:35,"tolong kualitas telpon diperbagus. jernihkan suaranya, terus kalau bisa yang kedengeran cuma suara doang. lalu tentang status juga kalau misalkan bikin status foto atau video, jangan jadi burem."
Pengguna Google,3,2026-05-31 17:36:18,sudah berulangkali di download tapi bilang WhatsApp tidak resmi Mulu
Pengguna Google,5,2026-05-31 17:35:57,oke
Pengguna Google,5,2026-05-31 17:35:02,kode wa
Pengguna Google,5,2026-05-31 17:31:03,ok
Pengguna Google,1,2026-05-31 17:29:05,wa sekarang banyak bug nya tolong perbaiki lagi
Pengguna Google,5,2026-05-31 17:27:38,"apk nya bgus, sangat membantu"
Pengguna Google,5,2026-05-31 17:25:14,"ga pernah bug, meskipun ga ada update yg berguna jir"
Pengguna Google,5,2026-05-31 17:23:01,Ok
Pengguna Google,1,2026-05-31 17:22:54,"VidCall nya benerin dong gajelas banget, knp juga di ubah²"
Pengguna Google,5,2026-05-31 17:22:13,semoga ga eror lagi
Pengguna Google,5,2026-05-31 17:15:10,good 👍
Pengguna Google,5,2026-05-31 17:14:17,okay
Pengguna Google,3,2026-05-31 17:10:32,"makin di update makin jelek makim gak jelas, video call gabisa fullscreen wajah sendiri, trus pas vidcall suaranya ga ada, gimana sih"
Pengguna Google,4,2026-05-31 17:07:38,ini kenapa yah sayah save nomer wa udah ke simpen tapi ko beberapa menit di cek udah ngga ada
Pengguna Google,2,2026-05-31 17:07:32,kenapa sekarang fitur waa vc nya ngelag yaa sama KLO telpon masuk tpi ga terjawab padahal aktif
Pengguna Google,1,2026-05-31 17:04:58,layanan apk in buruk
Pengguna Google,1,2026-05-31 17:04:29,lemot ngentod orang mau masukin ni nya malah ngestuk anj
Pengguna Google,5,2026-05-31 17:03:52,Baik
Pengguna Google,2,2026-05-31 17:01:42,sering kena kenon pdahal ga ada masalah baik baik semua tapi malah kena kenon
Pengguna Google,5,2026-05-31 16:58:14,keren
Pengguna Google,2,2026-05-31 16:57:56,kenapa wa saya mudah d bajak mengerikan
Pengguna Google,1,2026-05-31 16:56:16,"lu banyak bug nya sekarang anjir semenjak update, fitur videocall bug, mau perbesar layar sendiri malah jadi bug.. najis ni apk lama lama."
Pengguna Google,5,2026-05-31 16:56:13,sangat memuaskan
Pengguna Google,2,2026-05-31 16:55:52,"foto"" yang udah aku hapus di galeri kok masih ada di wa ya?"
Pengguna Google,3,2026-05-31 16:54:14,"Tolong untuk fitur vc suka ngebug2 gajelas padahal udah update,kemarin² g gini sebelum update sekarang makin gajelas untuk pihak WhatsApp mohon untuk diperbaiki untuk segala Bug dlm aplikasi, Terimakasih"
Pengguna Google,5,2026-05-31 16:53:09,sangat membantu kami
Pengguna Google,5,2026-05-31 16:52:09,bagus
Pengguna Google,1,2026-05-31 16:51:26,error gimana ini fitur vc
Pengguna Google,1,2026-05-31 16:45:00,saya mau masuk akun wa selalu GK bisa tolong diperbaiki lagi
Pengguna Google,5,2026-05-31 16:44:15,jempol
Pengguna Google,1,2026-05-31 16:40:04,"kalau sering telponan atau vc terus telponnya mati, terus mau nelpon lagi itu sering error tolong di perbaiki"
Pengguna Google,5,2026-05-31 16:39:07,jos
Pengguna Google,4,2026-05-31 16:36:04,wa saya kenapa dblokir terus padahal saya tidak melakukan penipuan
Pengguna Google,5,2026-05-31 16:34:38,cool.
Pengguna Google,5,2026-05-31 16:34:05,piy
Pengguna Google,1,2026-05-31 16:26:48,kenapa tidak bisa disematkan nama kontak? kadang bisa kadang hilang sendiri ribet sumpah
Pengguna Google,5,2026-05-31 16:26:14,sangat baik digunakan
Pengguna Google,5,2026-05-31 16:25:15,hapus aja fitur kirim sekali lihat
Pengguna Google,5,2026-05-31 16:24:40,sy TDK bisa membuka WhatsApp
Pengguna Google,2,2026-05-31 16:17:04,kasi bintang 2 dulu ya soalnya nggak ada yg chat dluan
Pengguna Google,2,2026-05-31 16:16:41,Ngga bisa login karena ganti akun dan nomor telepon
Pengguna Google,5,2026-05-31 16:15:11,Ok
Pengguna Google,5,2026-05-31 16:14:31,Nice
Pengguna Google,3,2026-05-31 16:12:54,"perbaiki dong min, wa sekarang suka bag, kalo lagi vc kameranya suka bug, pas liat sw suka suka macet video nya, tolong perbaiki min, tapi lumayan sih, apk sebagus ini gratisan."
Pengguna Google,1,2026-05-31 16:12:41,kenapa akun WhatsApp messenger saya tak bisa di buka ke blokir trus menerus tim WhatsApp tak bertanggung jawab atas segala permasalahan yang dihadapi sy...tiap hari 2 kali blokir trus
Pengguna Google,2,2026-05-31 16:11:38,mempermudah berkomunikasi dengan baik bersama teman dan saudara ayah dan ibu baik jauh atau dekat masalah bisa menyelesaikan masalah dengan mudah
Pengguna Google,1,2026-05-31 16:11:22,"no saya gampang kena tinjau, jadi malas"
Pengguna Google,3,2026-05-31 16:10:08,memudahkan kita komunikasi dgn jarak jauh
Pengguna Google,5,2026-05-31 16:09:50,app yang paling berkualitas untuk sarana komunikasi dan informasi dari segala bidang hal atau apapun.... terima kasih WhatsApp....
Pengguna Google,5,2026-05-31 16:09:48,"worth it,tapi tolong,kalo bikin status vidio/foto,jangan burem ngeblur gtu,bisa di hd in gtu atau normal aja jangan burem jadi agak kurang"
Pengguna Google,5,2026-05-31 16:05:52,"tolong fitur AI nya di hilangkan, sangat sangat mengganggu, terima kasih"
Pengguna Google,4,2026-05-31 16:04:54,bisa aja gitu
Pengguna Google,1,2026-05-31 16:03:23,update terbaru pas vc bikin lag video ny
Pengguna Google,5,2026-05-31 16:02:32,bagus
Pengguna Google,1,2026-05-31 16:01:18,udah males ama ni apk soal bikin sw
Pengguna Google,5,2026-05-31 15:58:50,mantap
Pengguna Google,3,2026-05-31 15:58:06,"pgn dpt cht rata kiri, bisa sleep call,"
Pengguna Google,5,2026-05-31 15:57:59,mnto
Pengguna Google,3,2026-05-31 15:56:57,story whatsApp selalu pecah. no good
Pengguna Google,4,2026-05-31 15:56:32,saya nomor baru dan tidak melakukan kesalahan tapi kenapa WhatsApp saya di batasi??
Pengguna Google,3,2026-05-31 15:55:10,kenapa saya tidak bisa membuka vidio di watsaap ini
Pengguna Google,1,2026-05-31 15:54:19,"saat sedang vc dan keluar aplikasi wa,vcnya terjeda knapa yaa"
Pengguna Google,5,2026-05-31 15:51:06,👍🏻
Pengguna Google,5,2026-05-31 15:49:53,sangat baik
Pengguna Google,5,2026-05-31 15:49:14,Oke saya puas
Pengguna Google,5,2026-05-31 15:48:35,praktis kirim pesanya
Pengguna Google,5,2026-05-31 15:47:43,bagus
Pengguna Google,5,2026-05-31 15:47:26,bagus banget sama yang namanya cinta Dimas Anggara.
Pengguna Google,5,2026-05-31 15:46:41,WhatsApp bisa segalanya
Pengguna Google,5,2026-05-31 15:45:50,bagus
Pengguna Google,5,2026-05-31 15:45:28,Mantap
Pengguna Google,2,2026-05-31 15:45:07,"tolong kalo ngompres video sedikit aja ,kasian user android dikatain kamera burik mulu"
Pengguna Google,1,2026-05-31 15:43:51,Petani andalan .
Pengguna Google,3,2026-05-31 15:43:33,"tolong untuk developer WhatsApp,,kenapa kalau pa mau bikin status suara nya selalu kecil yah,, padahal pas di setel di aplikasi vidio hp saya suara nya kenceng,,tapi pas mau di bikin status suara nya jadi kecil,,padahal volume hp saya udah saya full kan kenapa ya??"
Pengguna Google,3,2026-05-31 15:40:20,kenapa watsapku terkadang riset sendiri
Pengguna Google,5,2026-05-31 15:38:21,sangat membantu
Pengguna Google,1,2026-05-31 15:37:50,"begoo gua lagi maen roblox di telpon cewe gua malah memanggil, dikira telponan sama yg lainn, bugg nya ngacak² hubungan orang bikin fitnah"
Pengguna Google,5,2026-05-31 15:37:03,sangat bagus
Pengguna Google,1,2026-05-31 15:34:51,Pas aku hapus aplikasi ini e Mala waktu mu unstal tida bisa si coba berkali kali nga bisa
Pengguna Google,5,2026-05-31 15:34:08,nur
Pengguna Google,1,2026-05-31 15:33:09,kenapa aku ke belokir terus
Pengguna Google,5,2026-05-31 15:31:48,ok
Pengguna Google,1,2026-05-31 15:31:22,fitur tampilan vc atau telpon layarnya tidak bisa di perbesar jdi lebih baik WA yg dulu dari padz yang sekarang
Pengguna Google,1,2026-05-31 15:30:27,"aplikasi butut kga guna klo ujung ujungnya di blokir permanen dikirain beli no murah tololl,udh banyak orng yg berkomentar ad orng yg kga salah apa apa di blokir permanen lol"
Pengguna Google,3,2026-05-31 15:27:17,Mantap
Pengguna Google,5,2026-05-31 15:25:31,"tolong kamera vc, story nya, dibenerin burik parah, mna klo vc muka kita di org jdi mirror"
Pengguna Google,4,2026-05-31 15:23:24,nicee
Pengguna Google,5,2026-05-31 15:22:53,biarbintang yg bicara
Pengguna Google,5,2026-05-31 15:20:36,kurang baik. baru barucini dibuat twlfon suka mati sendiri. kadang gak sesuwai jaringan. jaringan bagus dibuat vdio chal gak bagus. tolong segera perbaika .
Pengguna Google,5,2026-05-31 15:20:31,"aplikasi bagus iya iya ,terpaksa ya jangan ke geeran"
Pengguna Google,5,2026-05-31 15:20:26,bagus
Pengguna Google,1,2026-05-31 15:20:02,benerin WA skrng banyak bug
Pengguna Google,1,2026-05-31 15:20:01,kenapa yah aku gak bisa masuk kode verifikasi terus aku tiba' terkeluar dari WhatsApp aku bingung kenapa
Pengguna Google,2,2026-05-31 15:19:27,"admin tolong ternyata saluran WhatsApp anda digunakan untuk penyebaran link pornografi, saya harap admin segera menangani hal ini 🙏"
Pengguna Google,4,2026-05-31 15:18:44,"tolong lah WhatsApp, saya terkirim virtex dan bug yg enggak wajar jadi wa saya FC terus tolong di perbaiki"
Pengguna Google,5,2026-05-31 15:18:25,sangat membantu kegiatan hidup
Pengguna Google,1,2026-05-31 15:17:21,saya tidak melakukan apapun tapi kena spam mulu
Pengguna Google,5,2026-05-31 15:16:00,menyukai
Pengguna Google,1,2026-05-31 15:15:38,"apasii wa sekarang gj bngt, masa vc nya sekarang jadi gitu, ga bener bngt lebih suka yg dulu jam nya juga kenapa ngebug gitu ga sesuai, apalah di ganti ganti, jadi ga bgs sekarang. kecewa banget."
Pengguna Google,1,2026-05-31 15:14:52,gak ada emoji plenger
Pengguna Google,5,2026-05-31 15:14:10,selamat malam saya dengan kerendahan hati mohon kiranya whatsApp dapat di aktifkan kembali karena seluruh data atas dan kolega saya juga grup kerja ada dalam whastApp saya .. dan saya patuh dan taat atas aturan .terima kadih
Pengguna Google,5,2026-05-31 15:12:35,WA baru keren banget
Pengguna Google,1,2026-05-31 15:10:34,"whatsapp ini bagaimana ya kok fitur video call nya anehh, gabisa perbesar gambar, suka ngelag gambarnya, terus jg bisa masuk ke kamera belakang. jd susah kalo mau nelfon ke orang lain."
Pengguna Google,1,2026-05-31 15:10:18,baik
Pengguna Google,5,2026-05-31 15:10:15,sangat puas
Pengguna Google,1,2026-05-31 15:10:04,no saya udah g bisa di pakai WhatsApp lagi .
Pengguna Google,5,2026-05-31 15:08:18,good
Pengguna Google,5,2026-05-31 15:07:27,intinya bagus
Pengguna Google,5,2026-05-31 15:06:03,kenapa wa saya selalu di non aktifkan atau di tinjau
Pengguna Google,5,2026-05-31 15:05:37,sangat bagus
Pengguna Google,5,2026-05-31 15:04:43,Bagus
Pengguna Google,5,2026-05-31 15:04:02,sering mati setiap call wb
Pengguna Google,1,2026-05-31 15:03:09,wa jelek bet bikin sw burik kaya ff dulu
Pengguna Google,1,2026-05-31 15:01:45,seropi
Pengguna Google,5,2026-05-31 15:01:37,"Halo tim dukungan whatsapp, saat ini akun whatsapp saya diblokir untuk menggunakan whatsapp. Saya merasa ini adalah kesalahan sistem whatsapp. Mohon untuk tinjau kembali akun saya dan segera selesaikan masalah ini. Terima kasih"
Pengguna Google,1,2026-05-31 15:01:03,jelek bngtt makin ke sini whatsapp
Pengguna Google,5,2026-05-31 14:59:38,bagus
Pengguna Google,1,2026-05-31 14:58:31,"update kali ini banyak bug pas VC, tolong di perbaiki"
Pengguna Google,5,2026-05-31 14:57:00,thank
Pengguna Google,5,2026-05-31 14:56:10,Sangat setuju
Pengguna Google,5,2026-05-31 14:55:33,Very Good. Tapi memory hp boros banget
Pengguna Google,5,2026-05-31 14:54:47,Sangat bermanfaat
Pengguna Google,1,2026-05-31 14:54:04,"whatsapp nya sering error kalo vc, bug nya parah frame . tolong diperbaiki dibagian video call nya."
Pengguna Google,2,2026-05-31 14:51:19,"kenapa pas wa abis kena kenon trus harus verifikasi ulang itu ga dapet kode nya? trus pas mau minta sms malah timbul ""akun ada sudah tidak terdaftar di WhatsApp, silahkan download WhatsApp secara resmi"" mksud nya apasi hilangin la kenon kenon itu udh sehabis kena kenon semua chat nya ilang, gmn klo ada chat chat penting di situ? tolong di perbaiki lagi trus tentang grafik pas mau post sw tolong di perbarui."
Pengguna Google,5,2026-05-31 14:51:14,good lah
Pengguna Google,1,2026-05-31 14:50:38,efek pas vc gak ada 🥺
Pengguna Google,2,2026-05-31 14:49:07,minta di normalkan
Pengguna Google,5,2026-05-31 14:48:32,Mantap
Pengguna Google,5,2026-05-31 14:47:56,Meta tolong buatkan fitur ingatan dan 3D karakter pada luna (meta ai) hehe
Pengguna Google,4,2026-05-31 14:47:29,tolong bantuannya wahai developer akun saya banyak bug nya ini
Pengguna Google,5,2026-05-31 14:47:01,"saya beri bintang lima agar terlihat, tolong WhatsApp bugg nya perbaiki soalnya selalu ada pulihkan riwayat chat atau nomer nomer di hp saya pada tida ke sv,,SEKALI LAGI SAYA UCAPKAN ""PERBAIKII""😇👍👍"
Pengguna Google,3,2026-05-31 14:45:40,bgus
Pengguna Google,5,2026-05-31 14:44:23,buatin arsip status pls
Pengguna Google,1,2026-05-31 14:42:58,wa sy sering ga bisa di tlpon
Pengguna Google,5,2026-05-31 14:41:43,sangat bagus
Pengguna Google,5,2026-05-31 14:40:50,saya mohon aplikasi ini bisa sudah
Pengguna Google,5,2026-05-31 14:40:08,tolong di bantu biar ga kna tinjau terus
Pengguna Google,5,2026-05-31 14:39:39,kendala washap di blokir Terima kasih
Pengguna Google,5,2026-05-31 14:38:43,ok bagus
Pengguna Google,5,2026-05-31 14:38:01,bagus
Pengguna Google,5,2026-05-31 14:37:48,mantap
Pengguna Google,5,2026-05-31 14:37:00,sangat bagus
Pengguna Google,4,2026-05-31 14:34:59,"gtw kenapa wa sekarang kualitasnya kureng, jadi jelek bgt"
Pengguna Google,1,2026-05-31 14:34:34,"udah paling bagus wa kayak tahun kemaren kemaren,upload sw wa tidak pecah,giliran sekarang mau upload sw pas di lihat udah kayak nonton tv jadul pecah pecah,tak kira hp yang sudah error atau gimana ternyata emang aplikasi wa nya yang kebanyakan error,minimal di tingkatin lah kualitas wa nya, aksesibilitas nya emang banyak tapi kualitas gak guna percuma ceklis hd ujung ujungnya malah burikkkk!"
Pengguna Google,1,2026-05-31 14:34:27,anak asu
Pengguna Google,4,2026-05-31 14:34:16,"sekarang sudah lumayan.tapi fitur sekarang malah kebanyakan.dan banyak yg da di pakai oleh orang awam,malah kena dampak buka apk nya berat.."
Pengguna Google,5,2026-05-31 14:33:42,josjis
Pengguna Google,5,2026-05-31 14:33:38,Sangat bagus!! Aku suka apk ini!
Pengguna Google,5,2026-05-31 14:33:23,WhatsApp tolong dong bikinin arsip status 😇
Pengguna Google,2,2026-05-31 14:32:54,ketika call terus buka aplikasi lain sering ngelag eror bug dan kalo up story sering blur padahal uda di setel HD...tolong tingkatkan kualitasnya
Pengguna Google,5,2026-05-31 14:32:50,sangat baik
Pengguna Google,5,2026-05-31 14:32:17,bagus
Pengguna Google,1,2026-05-31 14:32:02,aku gk bisa ganti pp masa
Pengguna Google,1,2026-05-31 14:31:04,aplikasi whatsapp saya tidak bisa di install
Pengguna Google,3,2026-05-31 14:29:24,saya tidak bisa pake filter
Pengguna Google,5,2026-05-31 14:28:24,"tambahin fitur kaya liquid glass,sama story juga tolong Adain fitur hd video/foto,percuma video hd,pas di up story malah buriq,kaya ff aja"
Pengguna Google,5,2026-05-31 14:27:57,Bagus
Pengguna Google,2,2026-05-31 14:27:52,"ngelag apasi, call jadi suka ngelag banget"
Pengguna Google,4,2026-05-31 14:27:48,top
Pengguna Google,1,2026-05-31 14:26:09,tidak bisa bikin sw
Pengguna Google,3,2026-05-31 14:25:58,"kenapa sih, eror terus. kontak WhatsApp saya banyak yang hilang sendiri"
Pengguna Google,1,2026-05-31 14:24:54,"wa logout sendiri mau masuk gak bisa selalu ""memuat"" jaringan kencang hp udah di restart. entah apa yg salah tolong diperbaiki"
Pengguna Google,5,2026-05-31 14:24:15,bagus membantu komunikasi dengan luar kota/luar pulau/luar negeri
Pengguna Google,5,2026-05-31 14:23:08,bagus untuk komunikasi
Pengguna Google,5,2026-05-31 14:21:13,Terimakasih watsad karna bisa membantu kami
Pengguna Google,5,2026-05-31 14:20:50,Bagus
Pengguna Google,5,2026-05-31 14:20:50,bagus
Pengguna Google,4,2026-05-31 14:20:44,sering panggilan gagal dan tidak bisa telfon min
Pengguna Google,5,2026-05-31 14:18:39,mantap
Pengguna Google,5,2026-05-31 14:18:07,baik sekali
Pengguna Google,5,2026-05-31 14:18:03,Good
Pengguna Google,2,2026-05-31 14:16:24,tidak bisa di apdate
Pengguna Google,5,2026-05-31 14:13:55,keren
Pengguna Google,5,2026-05-31 14:13:32,bagus
Pengguna Google,1,2026-05-31 14:12:56,apk ga jls sinyal bagus tapi loading nya SE abad kan beg0
Pengguna Google,1,2026-05-31 14:12:40,tulisannya aplikasi tidak resmi padahal download di Google Play dan setiap berhasil masukin nomor ga lama pasti ke blokir nomornya ntah apa yang salah apa WhatsApp ny apa HP ny yang error
Pengguna Google,5,2026-05-31 14:12:25,mantap
Pengguna Google,5,2026-05-31 14:11:42,bagus
Pengguna Google,1,2026-05-31 14:10:58,kenapa wa saya kena tinjauan terus menerus
Pengguna Google,5,2026-05-31 14:10:31,sangat membantu informasi dan bisa chat bareng teman dari jarak jauh saya kasih bintang lima
Pengguna Google,5,2026-05-31 14:09:42,mantap
Pengguna Google,2,2026-05-31 14:08:45,"sering eror, pernah forceclose, trs pas mau login pencadangan tidak tersedia, padahal jelas jelas mencadangkan ke email"
Pengguna Google,2,2026-05-31 14:08:31,"tolong perbaiki Bug di wa, udah dari kemarin pesan saya gk terkirim"
Pengguna Google,5,2026-05-31 14:08:24,baik
Pengguna Google,5,2026-05-31 14:07:33,tolong donk whatsapp buat status whatsapp bisa upload 20menitan donk update lagi jadi mau bikin sw yang vidio nya 10 menit jadi bisa upload
Pengguna Google,5,2026-05-31 14:06:41,kalo GK ada ini aku GK bisa ngobrol
Pengguna Google,2,2026-05-31 14:06:22,WA ngawur sekarang
Pengguna Google,5,2026-05-31 14:05:26,good luck
Pengguna Google,4,2026-05-31 14:05:12,puas
Pengguna Google,3,2026-05-31 14:05:09,Bagus cuman kadang kala gak konek
Pengguna Google,1,2026-05-31 14:05:02,ahh tidakk modern
Pengguna Google,5,2026-05-31 14:04:42,Bagus sekali wa
Pengguna Google,1,2026-05-31 14:04:19,"ngelag, ngga bisa di apa apain"
Pengguna Google,5,2026-05-31 14:01:45,saya cuma petani
Pengguna Google,5,2026-05-31 13:59:55,baguss tapii tidak bisa memakai filter vc
Pengguna Google,1,2026-05-31 13:59:34,"tolong untuk admin bagaimana cara saya mengembalikan wa saya,,,krn hp saya dihack"
Pengguna Google,5,2026-05-31 13:59:05,baik
Pengguna Google,1,2026-05-31 13:58:57,cacat
Pengguna Google,1,2026-05-31 13:58:18,gampang di hek nya wa ini asli
Pengguna Google,5,2026-05-31 13:57:15,Sangat membatu dan bagus
Pengguna Google,1,2026-05-31 13:56:02,tidak bisa login
Pengguna Google,3,2026-05-31 13:55:43,"story minimal jernih lah burem mulu, mikir kids🤙"
Pengguna Google,5,2026-05-31 13:55:19,wattsap saya sekarang sering di blokir. knapa ya. tlong di bantu
Pengguna Google,5,2026-05-31 13:54:23,Cek Nomor [Ponsel] *808#
Pengguna Google,5,2026-05-31 13:54:17,👉👍👍👍
Pengguna Google,5,2026-05-31 13:54:02,Oke
Pengguna Google,5,2026-05-31 13:53:43,sangat baik
Pengguna Google,4,2026-05-31 13:53:20,"Tolong kepada developer WhatsApp, mohon jangan terlalu sering membatasi atau memblokir akun yang tidak melakukan pelanggaran. Banyak pengguna yang menggunakan WhatsApp secara normal namun tetap terkena ban. Semoga sistem peninjauannya bisa semakin akurat. 🙏🏻"
Pengguna Google,5,2026-05-31 13:52:17,Aplks yang di butuhkan untuk banyak orang
Pengguna Google,5,2026-05-31 13:50:38,cara aktif kan akun ini
Pengguna Google,5,2026-05-31 13:49:55,BAGUS SEKALI
Pengguna Google,5,2026-05-31 13:49:54,kenapa ngak bisa di buka wpp nya 4 kali unduh cepek deeeee😂
Pengguna Google,1,2026-05-31 13:49:18,yang membuat apk WhatsApp owner minta tolong diperketat lagi keamanan tingkat ekstra tinggi WhatsApp sy kena bajak sadap transparan oleh oknum yg tidak bertanggung jawab isi chat di salah gunakan oleh orang²yg bajak sadap transparan. kalau bisa dikunci semua chat dg prbdi dan tidak ada share antara kontak chat orang yg TDK dikenal. minta tolong owner yg membuat apk WhatsApp .
Pengguna Google,3,2026-05-31 13:48:27,kenapa wa sekarang kalo vc muka kita gak ada malah muka yang kita vc ada dua 🙅🤕 tolong di. perbaiki lagi
Pengguna Google,1,2026-05-31 13:48:14,Aku upload status pas ditonton orang malah eror udh dari dulu tetap aja GK di fiks ni bug saya udh lama tidak buat status woy
Pengguna Google,5,2026-05-31 13:47:10,simpa
Pengguna Google,1,2026-05-31 13:46:11,ga bisa login muter² doang
Pengguna Google,1,2026-05-31 13:45:44,"sudah login dan daftar tiba2 log out sendiri, daftar lagi gak bisa"
Pengguna Google,1,2026-05-31 13:44:47,jelek
Pengguna Google,5,2026-05-31 13:44:33,Ok
Pengguna Google,1,2026-05-31 13:44:10,Tolong WhatsApp perbaiki sistem WhatsApp updatan versi sekarang jelek banget Sering ke blokir atau di batsin . Saya sebagai kurir paket kesulitan dengan kondisi WhatsApp sekarang sering ke baned atau di batsin di saat saya lagi mau membalas pesan chat ke customer saya
Pengguna Google,5,2026-05-31 13:43:41,"aplikasi ny baik, udh bagus, tpi biasanya bug trs kl mau buat sw selalu burem.."
Pengguna Google,1,2026-05-31 13:43:10,tidak jelas saya tidak spam atau pun dispam tetapi WhatsApp saya kena Ben permanen?
Pengguna Google,3,2026-05-31 13:42:35,"aplikasi ini sangat berguna bangett, tapi sangat disayangkan sekali ketika VideoCall wajah kita jadi ngga simetris / mirror, tolong di perbaiki karena banyak pengguna WhatsApp mengeluhkan hal ini dan jadi kurang percaya diri saat videocall, semoga masukan nya bisa di terapkan terima kasihh"
Pengguna Google,1,2026-05-31 13:41:21,biasa
Pengguna Google,1,2026-05-31 13:40:17,bagus
Pengguna Google,2,2026-05-31 13:39:35,Tolong ya kalo vc /videocall itu kameranya dibaikin kadang muka saya itu ga nampak kayak eror di situ dan muka org yang videocall sama kita itu kayak jadi dobel gitu
Pengguna Google,1,2026-05-31 13:39:13,agak lemot
Pengguna Google,5,2026-05-31 13:37:49,ok
Pengguna Google,5,2026-05-31 13:37:38,bagusss abiezzzz
Pengguna Google,1,2026-05-31 13:37:12,woi kenapa pesannya gak keliatan
Pengguna Google,5,2026-05-31 13:36:36,Mantap
Pengguna Google,5,2026-05-31 13:34:53,kenapa tiba-tiba eror muncul memuat doang 😪
Pengguna Google,5,2026-05-31 13:33:33,"membantu bangett, lewat WA lancar komunikasi dan juga lancar rezeqi, karna bisa buat jualan💕😍"
Pengguna Google,4,2026-05-31 13:31:30,puas
Pengguna Google,4,2026-05-31 13:31:29,"tolongg yah untuk ceo whatsapp, untuk buat stikernya itu hilangin garis putih putih yg di pinggir stiker nya karna it's look bagusn't dan cocokn't🙏🏻🙏🏻🙏🏻 tolong yah xiexie"
Pengguna Google,5,2026-05-31 13:31:03,Ok
Pengguna Google,3,2026-05-31 13:30:47,mohon di bantu aman kan akun saya agar tidak di blok terus
Pengguna Google,5,2026-05-31 13:29:31,"... __|*🗣️:::,,--kegiatan inti dari semua itu""+""📈Saham- Saham -Dalam 🌏: Situs web ✉️: Email .... *🪑**** lihat profil tata letak yang terbaik rafikan tentu saja...+🔗🌏 Lima bintang 🌟🌟🌟🌟🌟💯🪓 ..Emoticon ...‰¡№¡ok lihat profil lengkap Ainuddin https/... internet*"
Pengguna Google,4,2026-05-31 13:28:53,bagus tapii ada satu kendala saya udah sv nomor²tapi pas beberapa jam kemudian nomor²itu harus di sv ulang Kiraa Kiraa ini knpa?
Pengguna Google,3,2026-05-31 13:27:29,update mulu min
Pengguna Google,5,2026-05-31 13:27:04,berguna
Pengguna Google,5,2026-05-31 13:26:32,Karna sangat berguna bagi saya dan yg paling terbaikk dann sangattt palingggg terbaikkkk
Pengguna Google,1,2026-05-31 13:26:22,"min ini wa diupdet kok kalo vc ngelag ngelag ya, gambarnya kita sendiri itu ga keliatan malah gambar orang yg divc ngelag pindah kegambar yg kecil"
Pengguna Google,5,2026-05-31 13:25:47,membantu
Pengguna Google,5,2026-05-31 13:25:15,heleh
Pengguna Google,3,2026-05-31 13:24:51,mau menambahkan akun malah memuat terus sampe ga bisa d buka padahal udah uninstall sampe instal lgi tpi masih ga bisa di buka😢
Pengguna Google,5,2026-05-31 13:24:19,aplikasi bagus
Pengguna Google,5,2026-05-31 13:23:39,top banget apknya
Pengguna Google,2,2026-05-31 13:23:38,"benerinn dulu developer banyak bug ini uy,,,jadii kena marah saya sama cewe saya dikiranyya nggak bales wa nya padahal dah diables"
Pengguna Google,1,2026-05-31 13:22:46,cukup bintang yang mewakilkan
Pengguna Google,2,2026-05-31 13:20:41,plis deh WhatsApp aku capeee haruss save save ulang nomorrrrr😭😭😭🙏🏻🙏🏻🙏🏻
Pengguna Google,5,2026-05-31 13:20:23,sangat bagus
Pengguna Google,5,2026-05-31 13:20:19,karna wa itu perlu
Pengguna Google,3,2026-05-31 13:19:37,sangat jelas dn baik
Pengguna Google,3,2026-05-31 13:18:48,"Terlalu tergantung pada kualitas jaringan yang sangat bagus. gambar jernih jika kualitas jaringan super, atau hampir saya tidak mendapati kualitas gambar yang jernih karena terlalu boros jaringan"
Pengguna Google,5,2026-05-31 13:18:28,bagus
Pengguna Google,5,2026-05-31 13:18:27,apk oke
Pengguna Google,2,2026-05-31 13:18:16,"apk gaguna gapernah ada yang ngechat, nganggur di HP gua"
Pengguna Google,2,2026-05-31 13:17:34,sekarang whatsApp kog jadi sering ngelag ya di buat vc jadi gmbarnya 1 orang tolong dong di perbaiki
Pengguna Google,5,2026-05-31 13:16:20,sangat baik
Pengguna Google,5,2026-05-31 13:16:10,Bagus
Pengguna Google,5,2026-05-31 13:16:06,Baik sekali
Pengguna Google,1,2026-05-31 13:15:52,WhatsApp jelekkkk ngga bisa vc gruppp
Pengguna Google,5,2026-05-31 13:15:49,bagus
Pengguna Google,5,2026-05-31 13:15:44,👍👍👍
Pengguna Google,1,2026-05-31 13:15:20,tolong saya akun saya tidak bisa upload status WhatsApp
Pengguna Google,4,2026-05-31 13:14:15,Aku senang banget
Pengguna Google,5,2026-05-31 13:13:44,bgus
Pengguna Google,5,2026-05-31 13:13:35,bagus banget
Pengguna Google,1,2026-05-31 13:13:26,wa kontol
Pengguna Google,3,2026-05-31 13:13:13,"whatsapp jelek ngga bisa vc groupp, minimal bisa lebih dari 50 peserta bisa vc groupp. tolong update minnn. ditunguuu!!!"
Pengguna Google,4,2026-05-31 13:12:18,sebenar nya di perbaiki wa ini soal nya kalau kita buka wa terus masukan sandi nggak bisa di teken
Pengguna Google,1,2026-05-31 13:09:28,efek e ra kenek
Pengguna Google,2,2026-05-31 13:08:55,okay
Pengguna Google,3,2026-05-31 13:08:40,"kenapa ini wa? ko ngga bisa buka vn+foto+vidio+sw? selalu ada bacaan pengunduhan gagal, perbaiki lagi TOLONG!!, makin kesini wa makin jelek, pas lagi vcan sama temen, layarnya selalu full hitam semua, pdhal uda di arahin ke muka kameranya tetep aja hitam, perbaiki lagi yang bener tolong pls"
Pengguna Google,4,2026-05-31 13:08:39,bagus aplikasinya
Pengguna Google,1,2026-05-31 13:07:31,APK NIH TOLOL BANGET MASA' MAU MASUKIN KODE SELALU BILANG KAMI TIDAK BISA MENGIRIM SMS. HALAH BACOT MONYET
Pengguna Google,5,2026-05-31 13:06:58,bagus
Pengguna Google,5,2026-05-31 13:06:54,sangat membantu sekali tetapi lgi abdet susah padahal uda kosongkan histori
Pengguna Google,1,2026-05-31 13:06:36,kok gak bisa kirim foto live
Pengguna Google,5,2026-05-31 13:05:19,intinya bagus.
Pengguna Google,5,2026-05-31 13:05:09,bagus
Pengguna Google,5,2026-05-31 13:05:05,sangat bagus whatsapp
Pengguna Google,5,2026-05-31 13:05:01,mantap sangat bagus
Pengguna Google,5,2026-05-31 13:02:38,kenapa wa sekarang kuwalitas mok menurun yaa sering sekalai wa terblokir
Pengguna Google,2,2026-05-31 13:02:30,makin kesini makin gajelas banyak bug nya
Pengguna Google,5,2026-05-31 13:01:50,apknya sangat bagus memudahkan untuk aku bisa berkomunikasi dengan kekasihku🥰🥰😘😘😘
Pengguna Google,5,2026-05-31 13:01:36,saya suka
Pengguna Google,3,2026-05-31 13:01:24,"Sudah bagus,aplikasi beroperasi dengan baik,NAMUN..tolongg ya whatsapp, kenapa pas saya post video ke status ko jadi burem? entah bagaimana tolong dibetulkan dulu! utamakan bug atau apapun itu yang bisa mengganggu kenyamanan, kan kaya gini juga jadinya merusak suasana wae👁👄👁"
Pengguna Google,1,2026-05-31 12:59:36,vc error kamera nya
Pengguna Google,5,2026-05-31 12:58:35,tetap bikin aman
Pengguna Google,5,2026-05-31 12:58:13,bgs.
Pengguna Google,1,2026-05-31 12:57:43,"saya baru menggunakan whatsapp dengan nomor baru malah kena tinjauan, aneh nih apk pas udah jadi malah kena tinjauan lagi, buruk banget aplikasinya"
Pengguna Google,5,2026-05-31 12:57:42,bagus
Pengguna Google,5,2026-05-31 12:57:38,watsap nya bagus bisa gobrol Sam siyap siyap aj aku suka. dengan aplikasi ini
Pengguna Google,1,2026-05-31 12:55:32,semuanya karena ai yg bdh 1. grup tiba² di banned 2. nomor tiba² di banned 3.
Pengguna Google,3,2026-05-31 12:55:27,"wa talkahhh,tak adduh"
Pengguna Google,4,2026-05-31 12:53:24,"ko susah login whstsapp nya y, mau ganti nomor"
Pengguna Google,5,2026-05-31 12:52:59,ok
Pengguna Google,5,2026-05-31 12:52:23,oke
Pengguna Google,5,2026-05-31 12:51:42,gak bisa pake fitur terbaru dri wharsaap
Pengguna Google,2,2026-05-31 12:51:42,ok
Pengguna Google,5,2026-05-31 12:48:46,ok
Pengguna Google,5,2026-05-31 12:48:35,sangat jelek!!!!!!!!!!!!!!!!!!!!!!!!!!!!!!!!!!!!!!!!!!!!!!!!!!!!!!!!!!!!!!!!!!!!!!!!!!!!!!!!!!!!!!!!!!!!!!!!!!!!!!!!!!!!!!!!!!!!!!!!!!!!!!!!!!!!!!!!!!!!!!!!!!!!!!!!!!!!!!!!!!!!!!!!!!!!!!!!!!!!!!!!!!!!!!!!!!!!!!!!!!!!!!!!!!!!!!!!!!!!!!!!!!!!!!!!!!!!!!!!!!!!!!!!!!!!!!!!!!!!!!!!!!!!!!!!!!!!!!!!!!!!!!!!!!!!!!!!!!!!!!!!!!!!!!!!!!!!!!!!!!!!!!!!!!!!!!!!!!!!!!!!!!!!!!!!!!!!!!!!!!!!!!!!!!!!!!!!!!!!!!!!!!!!!!!!!!!!!!!!!!!!!tapi boong wleee
Pengguna Google,5,2026-05-31 12:46:30,Top bgt
Pengguna Google,5,2026-05-31 12:45:18,sangat bagus
Pengguna Google,5,2026-05-31 12:44:13,lancar
Pengguna Google,5,2026-05-31 12:43:44,Apk WA ini sangat memudahkan komunikasi dengan keluarga dan teman dai jarak jauh
Pengguna Google,5,2026-05-31 12:43:43,mantap
Pengguna Google,3,2026-05-31 12:43:40,buat vc akunya bisanya di kecil doang dan yang di vc layar full ngk gerak gilak apa ini ngelek gitu vcnya
Pengguna Google,5,2026-05-31 12:41:49,terbaik
Pengguna Google,2,2026-05-31 12:41:05,"tambah lagi kualitas nya ketika upload poto atau video di status WhatsApp, dan berbagai Poto ke teman soalnya jelek banget"
Pengguna Google,5,2026-05-31 12:41:05,👍
Pengguna Google,5,2026-05-31 12:40:55,mantav bisa cal whit aynk
Pengguna Google,1,2026-05-31 12:40:55,"ini knp dehh kok memuat teruss , udh coba pakai 2 hp yang berbeda tapi hasilnya sama saja"
Pengguna Google,5,2026-05-31 12:40:31,sangat bagus
Pengguna Google,5,2026-05-31 12:40:01,bgus
Pengguna Google,4,2026-05-31 12:38:17,selokan 4
Pengguna Google,1,2026-05-31 12:37:51,"banyak sekali masalah,dimulai dari video call:glitch layar, koneksi terputus tiba tiba, kamera blur / pecah pecah soal kode keamanan:selalu berubah ubah ~ chat kadang hilang"
Pengguna Google,5,2026-05-31 12:37:41,ok
Pengguna Google,5,2026-05-31 12:37:05,ok
Pengguna Google,5,2026-05-31 12:32:26,Bu Bu) pak sel
Pengguna Google,5,2026-05-31 12:31:43,baik bangat
Pengguna Google,1,2026-05-31 12:30:41,"developer kikir, semuanya kena limit sekalian aja wa musnah aja"
Pengguna Google,5,2026-05-31 12:30:13,Keren
Pengguna Google,5,2026-05-31 12:29:26,jelek
Pengguna Google,1,2026-05-31 12:29:04,"bisa gak sih admin kalau bikin wa lagi telpon jangan ada tombol matiin,kalau bisa harus ada pemberitahuan izin dulu soalnya punya pacar suka matiin vc."
Pengguna Google,5,2026-05-31 12:29:04,bintang lima
Pengguna Google,5,2026-05-31 12:28:28,bagusdeh
Pengguna Google,1,2026-05-31 12:28:02,"developer kikir, semuanya kena limit sekalian aja wa musnah aja"
Pengguna Google,5,2026-05-31 12:27:41,good
Pengguna Google,1,2026-05-31 12:26:25,"jelek, ada bug yang dimana foto telah di hapus dari galeri hp tapi di menu recents wa masih ada thumbnailnya. itu sangat mengganggu sekali, bug itu sudah lama ada tapi tidak pernah di fix"
Pengguna Google,5,2026-05-31 12:24:05,Mantap
Pengguna Google,5,2026-05-31 12:23:47,Sagat bagus
Pengguna Google,5,2026-05-31 12:21:31,bagus banget
Pengguna Google,1,2026-05-31 12:20:32,we min plis lahhh foto sekali lihatnya aelahhh cwe gw pap sekali lihat mulu njirr😭😭
Pengguna Google,5,2026-05-31 12:19:52,hebat
Pengguna Google,5,2026-05-31 12:18:41,Terikasih bayak manfaatnya
Pengguna Google,5,2026-05-31 12:17:54,tak bisa masuk wasap
Pengguna Google,3,2026-05-31 12:17:42,tidak bisa save nomor baru
Pengguna Google,2,2026-05-31 12:17:40,"WA doang ampe GB GB, aneh"
Pengguna Google,5,2026-05-31 12:17:14,baguss
Pengguna Google,5,2026-05-31 12:17:10,Giman wa bisa aktif
Pengguna Google,1,2026-05-31 12:17:09,"nmor saya di blokir, dn tidak bisa masuk kembali lagi."
Pengguna Google,5,2026-05-31 12:16:20,oke
Pengguna Google,5,2026-05-31 12:15:54,good
Pengguna Google,1,2026-05-31 12:15:43,sering kena blok dan perbaiki lagi aturan nyaa
Pengguna Google,5,2026-05-31 12:15:04,Bagus
Pengguna Google,5,2026-05-31 12:13:24,sangat bermanfaat tank.you
Pengguna Google,5,2026-05-31 12:12:56,terimakasih izin lapor
Pengguna Google,4,2026-05-31 12:12:18,bagus laa karna ada whatsapp saya bisa berkomunikasi dengan siapa pun
Pengguna Google,5,2026-05-31 12:11:58,jangan sampe ada orang asing lagi sama imagine imagine me dari meta Ai tolong di lancarkan 😭😡
Pengguna Google,5,2026-05-31 12:09:50,membantu Skali
Pengguna Google,1,2026-05-31 12:09:20,sering error saat vc
Pengguna Google,5,2026-05-31 12:08:57,Kapan yaa WhatsApp bisa livestreaming
Pengguna Google,4,2026-05-31 12:08:10,akun gua di hapus kan tdak jlas
Pengguna Google,4,2026-05-31 12:07:42,👍
Pengguna Google,5,2026-05-31 12:07:21,tlg yaaa adain fitur react love yang bisa tap 10000x 🙏😊
Pengguna Google,5,2026-05-31 12:06:34,status saya masa tidak bisa dilihat teman saya?
Pengguna Google,5,2026-05-31 12:06:12,Mantap
Pengguna Google,1,2026-05-31 12:04:57,"KENAPA TIAP MAU NGIRIM SW SAMA STIKER MEMUAT NYA LAMA BANGETTTT ISHHH CAPEEE, MAKIN DI UPDATE MAKIN GAJELAS IHHH PADAHAL SINYAL KU BAGUS"" AJAAAA"
Pengguna Google,1,2026-05-31 12:04:39,so much bug and problem
Pengguna Google,2,2026-05-31 12:03:39,akhir2 ini jadi gampang eror vc mau perbesar gambar selalu macet
Pengguna Google,4,2026-05-31 12:03:37,ga ada yg nge Chet gua
Pengguna Google,5,2026-05-31 12:00:02,"aplikasi nya sangat bagus, seperti aplikasi hijau lainnya.."
Pengguna Google,5,2026-05-31 11:59:03,"alhamdulilah, BLM genap 1 BLN download aplikasi WhatsApp, oh ternyata bagus kalo krm status tmbh lagu juga komplit"
Pengguna Google,1,2026-05-31 11:58:27,"WhatsApp ku di blokir tanpa alasan yang jelas, saat aku hubungi mereka tak ada satupun tanggapan dari email untuk masalah ku yang ada hanya servis yang di jawab oleh ai yang jawabannya tidak jelas"
Pengguna Google,1,2026-05-31 11:58:26,selamt malam
Pengguna Google,5,2026-05-31 11:58:01,baik sekali
Pengguna Google,5,2026-05-31 11:55:12,mantao
Pengguna Google,1,2026-05-31 11:54:20,whatsapp tiba' blok sendiri padahal saya udah ikutin peraturan
Pengguna Google,5,2026-05-31 11:54:12,kenapa sering kena bug yaa tolong di perbaik ki
Pengguna Google,5,2026-05-31 11:53:45,tolong buka akun what saya terkunci
Pengguna Google,2,2026-05-31 11:52:35,kode otp susah dapat di jual
Pengguna Google,5,2026-05-31 11:50:21,washap bisa pake WA pacar
Pengguna Google,3,2026-05-31 11:49:46,"please fix many bugs, especially when making video calls"
Pengguna Google,5,2026-05-31 11:49:06,Tolong benerin bugnya kalau VC layarnya ngefreezh kalah kita pindah layar gedenya
Pengguna Google,5,2026-05-31 11:48:18,bagus
Pengguna Google,5,2026-05-31 11:46:41,Terimah Kasih WA ...
Pengguna Google,1,2026-05-31 11:46:13,sering kali hilang akun
Pengguna Google,3,2026-05-31 11:45:39,gambar nya lemot
Pengguna Google,3,2026-05-31 11:43:40,"makin kesini makin berat ini aplikasi, Ada Bug saat melakukan panggilan video ketika berpindah dari kamera depan ke kamera belakang, video langsung blank/kamera gk bisa nampilin video"
Pengguna Google,5,2026-05-31 11:42:28,bagus
Pengguna Google,5,2026-05-31 11:42:17,untuk komunikasi dan bikin setatus mantap pol
Pengguna Google,5,2026-05-31 11:42:12,"SERU BISA NGECHAT SESEORANG , TAPI EFEK Telefon SAYA TIDAK BISA DIGUNAKAN"
Pengguna Google,5,2026-05-31 11:40:37,sangat bagus
Pengguna Google,1,2026-05-31 11:38:21,update mulu + menginstalisasi mulu wa gajelas
Pengguna Google,5,2026-05-31 11:37:25,"yang baca kayak monyet apa lagi bacanya dalem hati ................,..,.. .. .. .. . . ......................................______________________yang baca sampe sini bego 😭"
Pengguna Google,5,2026-05-31 11:36:59,ok
Pengguna Google,1,2026-05-31 11:35:44,"min tolong perbaikin sistem nya ini saya cuma mau buat komunitas di grub tapi tiba2 kena blokir,solusi nya gimana ini,sedang kan saya aja gk pernah macam2 di wa,dan juga bnyk sekali yang penting di wa saya tolong min kasih solusi"
Pengguna Google,4,2026-05-31 11:35:16,bagus
Pengguna Google,5,2026-05-31 11:34:31,Sego turok
Pengguna Google,2,2026-05-31 11:34:28,WhatsApp sekarang lemot banget
Pengguna Google,1,2026-05-31 11:33:10,WhatsApp tidak tersedia untuk sementara waktu?
Pengguna Google,5,2026-05-31 11:32:15,sangat membantu
Pengguna Google,5,2026-05-31 11:32:08,nggak bisa memakai watshap dengan benar
Pengguna Google,1,2026-05-31 11:29:50,"saya mau log ini ke wa yang lama di hp yg baru dengan nomor wa yg sama. tapi waktu log in selalu gagal dan selalu ada keterangan ""layanan whatsapp tidak tersedia"". saya sudah ikutin tutorial dari yt masih tetap sama. boleh dijelasin alternatif nya bagaimana"
Pengguna Google,1,2026-05-31 11:29:37,banyak bug saat vc
Pengguna Google,5,2026-05-31 11:29:35,REKOMENDASI ADAIN STREAK DONG WA💥🔥🔥🔥
Pengguna Google,3,2026-05-31 11:28:17,vidio bagus di upload di story kok jadi buram
Pengguna Google,5,2026-05-31 11:28:00,terbaik
Pengguna Google,2,2026-05-31 11:27:51,g bsa ky orng
Pengguna Google,4,2026-05-31 11:27:45,buat vc jangan mirror lagii😖😭
Pengguna Google,2,2026-05-31 11:27:16,"aplikasi nya jadi ga jelas, gw disuruh nunggu 24 jam. padahal gw ga spam sama sekali"
Pengguna Google,3,2026-05-31 11:26:32,"orang lain bisa memakai filter saat vc tetapi saya tidak bisa, saat memakainya tiba² ada tulisan gagal dan coba lagi nanti"
Pengguna Google,5,2026-05-31 11:25:22,telepon HP ku iki nomor 3 iku mau balekno nomore wa nggonku
Pengguna Google,5,2026-05-31 11:25:12,lebih ditingkatkan versi keamanannya utk penguna wa
Pengguna Google,4,2026-05-31 11:24:47,"Dear WhatsApp, Daripada terus merilis fitur yang tidak terlalu berguna dan hanya menghabiskan data, lebih baik perbaiki kualitas gambar dan video di Status. Konten bagus pun jadi buram setelah diunggah."
Pengguna Google,5,2026-05-31 11:23:45,tolong saya .mau masuk ke WhatsApp
Pengguna Google,5,2026-05-31 11:23:35,baguss bngett dhhh
Pengguna Google,5,2026-05-31 11:19:53,wakww
Pengguna Google,5,2026-05-31 11:19:49,Good job
Pengguna Google,5,2026-05-31 11:19:21,Baik dan baguslah
Pengguna Google,2,2026-05-31 11:19:06,meta ai nya jawab lambat tolong di perbaiki
Pengguna Google,5,2026-05-31 11:18:57,mantan pekerjaan SECURITY. tambang batu bara. saat ini siap ambil upahan tebang pohon nyengso Budi Rahman
Pengguna Google,5,2026-05-31 11:18:41,"WA DONGOK,KENON MULU WOI GAJELAS AMAT PADAHAL CUMAN PAKE BIASA NORMAL APLIKASI BUSUK GAK ADA PERBAIKAN DARI DULU,MALAH TAMBAH BURIK!!!"
Pengguna Google,5,2026-05-31 11:18:02,knp gk bisa ya ganti Wa businessi ke Wa biasa
Pengguna Google,1,2026-05-31 11:17:53,"kenapa ya fitur wa nya skrng eror"" kalau vc ngeleg"
Pengguna Google,5,2026-05-31 11:17:39,bagus
Pengguna Google,5,2026-05-31 11:17:07,"Saya senang bermain dengan permainan di Hp sangat menghibur tambah berkembang pikiran saya bisa menghilangkan semua pikiran² yang mengganggu saat saya masih bekerja, terima kasih Google Play, terima kasih banyak,"
Pengguna Google,1,2026-05-31 11:16:45,gk bis but telfon
Pengguna Google,5,2026-05-31 11:16:25,sangat membantu
Pengguna Google,5,2026-05-31 11:14:55,terbaik
Pengguna Google,2,2026-05-31 11:13:45,Bagus
Pengguna Google,1,2026-05-31 11:11:28,whatsapp sering ditinjau wkwkwk
Pengguna Google,5,2026-05-31 11:10:49,akun wa saya balikin
Pengguna Google,5,2026-05-31 11:10:02,WhatsApp memudahkan untuk berkomunikasi
Pengguna Google,5,2026-05-31 11:09:30,ihin solihin
Pengguna Google,4,2026-05-31 11:07:26,"Cukup membantu komunikasi, SW burik"
Pengguna Google,4,2026-05-31 11:06:36,"halo min cek"" akun wa saya di sadap bsa di bantu gk..????"
Pengguna Google,1,2026-05-31 11:05:18,makin update makin jelek mau pembesar tampilan sendri malah double gambar nya yg atau gerak yg satunya gak gerak sedangkan gambar sndiri gak ada kan bangke
Pengguna Google,5,2026-05-31 11:05:00,bisa komunikasi sama orang lain
Pengguna Google,5,2026-05-31 11:02:05,bermanfaat
Pengguna Google,5,2026-05-31 11:00:51,akun saya perlu diperhatikan terlalu sering peninjauan
Pengguna Google,5,2026-05-31 11:00:41,lbh mudah
Pengguna Google,5,2026-05-31 11:00:20,sangat puas
Pengguna Google,5,2026-05-31 11:00:16,wail
Pengguna Google,1,2026-05-31 10:58:28,"pas vc skrng ngebug mulu dah, pas mau nggedein layar gua mlh ga muncul, munculnya muka cwo gua berhenti, yg kecil jg jd muka cwo gua tp versi gerak"
Pengguna Google,5,2026-05-31 10:57:52,sukses
Pengguna Google,5,2026-05-31 10:57:41,👍👍
Pengguna Google,5,2026-05-31 10:57:35,(CHANIA CAROLIN) GOOD
Pengguna Google,5,2026-05-31 10:54:05,sangat bagus dan membantu
Pengguna Google,5,2026-05-31 10:54:05,mantap
Pengguna Google,3,2026-05-31 10:52:50,pas vc ngak ad efek nya
Pengguna Google,5,2026-05-31 10:50:00,okeee
Pengguna Google,5,2026-05-31 10:49:26,pokoknya semenjak ada aplikasi Whatsapp semua terasa ringan z 🥰
Pengguna Google,5,2026-05-31 10:49:24,ok
Pengguna Google,5,2026-05-31 10:49:20,keren
Pengguna Google,5,2026-05-31 10:46:49,sangat kompeten
Pengguna Google,5,2026-05-31 10:43:33,bagus dan mantap
Pengguna Google,1,2026-05-31 10:43:09,semakin apdet semakin aneh aja vitur wa ni apalagi kalo lagi vidiocall aduhhh .
Pengguna Google,1,2026-05-31 10:43:04,kendala lagi
Pengguna Google,5,2026-05-31 10:42:09,selalu ditinjau padahal tidak ada kesalahan
Pengguna Google,5,2026-05-31 10:41:01,wel
Pengguna Google,1,2026-05-31 10:40:55,mana kode perivikasi gua Cok
Pengguna Google,5,2026-05-31 10:40:05,sangat membantu dan mempermudah komunikasi
Pengguna Google,5,2026-05-31 10:40:03,Sangat ba
Pengguna Google,5,2026-05-31 10:39:36,"aplikasi nya best bgt,tambahin fitur foto live biar mkn kerennn,wkwk"
Pengguna Google,1,2026-05-31 10:36:26,"susah login, padahal ga bernah pakai mod, saat mau login selalu muncul ""login tidak tersedia"""
Pengguna Google,5,2026-05-31 10:36:06,sangat menginspirasi
Pengguna Google,5,2026-05-31 10:35:53,Keren
Pengguna Google,5,2026-05-31 10:34:55,sangat bagus
Pengguna Google,2,2026-05-31 10:34:06,aneh kartu hp saya kga bisa sih apakah mlh mental lagi
Pengguna Google,4,2026-05-31 10:33:26,kenapa wa akhir² ini sering sekali gangguan pada saat VC
Pengguna Google,5,2026-05-31 10:33:26,bagus sekali
Pengguna Google,5,2026-05-31 10:32:50,good
Pengguna Google,5,2026-05-31 10:30:16,tak kasih bintang 5
Pengguna Google,1,2026-05-31 10:29:17,"no saya gampang ke ban padahal ga ngelakuin apa"" ke ban permanent hadeh"
Pengguna Google,5,2026-05-31 10:28:55,ok
Pengguna Google,5,2026-05-31 10:28:12,"BALIKIN AKUN WA KUU😭 aku gak salah atas apa yg terjadi 1 Mei 2026 lalu, antek-antek mereka yang bersalah Aku butuh banget pakai WhatsApp ini, kalau gak ada WhatsApp aku gak bisa komunikasi sama yang lain😞😞💔"
Pengguna Google,5,2026-05-31 10:26:17,gj dikit² kenon cht dikit kenon kntl
Pengguna Google,5,2026-05-31 10:24:40,sangat bagus
Pengguna Google,4,2026-05-31 10:21:51,bgus
Pengguna Google,5,2026-05-31 10:20:42,sangat bagus
Pengguna Google,2,2026-05-31 10:20:35,fitur akun anda dibatasi sangat mengganggu
Pengguna Google,5,2026-05-31 10:18:17,Halo WhatsApp tolong di kembalikan akun saya kena spam pemblokiran wathsapp saya sangan penting
Pengguna Google,5,2026-05-31 10:17:19,mantap
Pengguna Google,5,2026-05-31 10:16:19,Semua baguss
Pengguna Google,3,2026-05-31 10:14:50,biasa
Pengguna Google,5,2026-05-31 10:14:22,bagus banget
Pengguna Google,5,2026-05-31 10:13:19,otw
Pengguna Google,5,2026-05-31 10:12:50,semangat pagi dan sore
Pengguna Google,5,2026-05-31 10:12:47,Saya sarankan tidak usah ada iklan
Pengguna Google,5,2026-05-31 10:11:25,bagus
Pengguna Google,5,2026-05-31 10:10:36,👌👌
Pengguna Google,3,2026-05-31 10:10:19,Dan dapat kami bantu cek dulu ya updatenya ya
Pengguna Google,5,2026-05-31 10:09:40,tolongg kalau vc jangan kasih mirror dan tambahin lagi lebih banyak warna² bubble chatt nyaa atau ga bisa costum sendiri🫰🏻🫰🏻🫰🏻❤️
Pengguna Google,5,2026-05-31 10:08:19,sngat bagusss
Pengguna Google,4,2026-05-31 10:07:22,bagus dan berguna untuk berkomunikasi
Pengguna Google,1,2026-05-31 10:05:59,saya tidak ngapa-ngapain tiba-tiba kenon sudah 3x dalam 2 hari dan sekarang akun saya tidak bisa.
Pengguna Google,3,2026-05-31 10:05:24,KENAPA EROR MULU SIH TIAP MAU PINDAH WHATSAPP LOG IN TIDAK TERSEDIA TERUS TOLONG DONG APK NYA DI PERBAIKI
Pengguna Google,5,2026-05-31 10:04:43,top
Pengguna Google,5,2026-05-31 10:04:32,buat video call sekarang gampang macet
Pengguna Google,5,2026-05-31 10:03:21,tidak ada
Pengguna Google,4,2026-05-31 10:02:13,Update terus yang di benerin kagak ada malah nambah fitur doang
Pengguna Google,5,2026-05-31 10:02:11,bagus semoga di upgrade lagi permasalahannya
Pengguna Google,5,2026-05-31 10:02:01,Ok
Pengguna Google,3,2026-05-31 09:56:40,bagus dan menarik
Pengguna Google,3,2026-05-31 09:53:20,bagussssss tetapi semenjak update jdi cacat. kok bisaa yaa.. ngebug ngebug gtuuuu
Pengguna Google,5,2026-05-31 09:49:01,aplikasi ini sangat bermanfaat sekali
Pengguna Google,5,2026-05-31 09:48:46,baik
Pengguna Google,1,2026-05-31 09:47:04,eror ga sinkron
Pengguna Google,5,2026-05-31 09:46:51,kenapa tidak bisa mendaftar nomor untuk pendaftaran ke aplikasi WhatsApp
Pengguna Google,5,2026-05-31 09:45:20,luar biasa apk ini
Pengguna Google,5,2026-05-31 09:43:31,bagus
Pengguna Google,4,2026-05-31 09:42:36,"apk ini bagus banget, tapi kenapa disaat saya sedang vc tidak ada disediakan efek nya"
Pengguna Google,5,2026-05-31 09:42:12,ALHAMDULILLAH AYAHANDA RAU
Pengguna Google,1,2026-05-31 09:42:09,gajelas tiba' akun wa gua ke tinjau padahal ga ngapa ngapain
Pengguna Google,1,2026-05-31 09:41:47,bug loading gj bat
Pengguna Google,1,2026-05-31 09:39:32,saya tidak bisa menggunakan wa ini
Pengguna Google,5,2026-05-31 09:39:26,senang berjahuan skrg tak masalah
Pengguna Google,5,2026-05-31 09:38:18,bgs skli
Pengguna Google,5,2026-05-31 09:37:31,sangat bagus
Pengguna Google,1,2026-05-31 09:37:17,kenapa sih aplikasi ini selalu bermasalah mulu njir
Pengguna Google,1,2026-05-31 09:34:44,jembout
Pengguna Google,1,2026-05-31 09:34:18,"Tambah bokep ni wa, mending wa business"
Pengguna Google,5,2026-05-31 09:33:42,mantap
Pengguna Google,5,2026-05-31 09:33:30,"aplikasi whatsapp saya di blokir tanpa pengetahuan saya, apa bisa di buka kembali blokir an whatsapp saya"
Pengguna Google,5,2026-05-31 09:33:16,ok
Pengguna Google,5,2026-05-31 09:31:49,sangat bagus
Pengguna Google,5,2026-05-31 09:31:45,jaringan nya terganggu saat video call
Pengguna Google,1,2026-05-31 09:31:44,gk bisa masuk ke whtsapp
Pengguna Google,4,2026-05-31 09:31:10,B AJA
Pengguna Google,1,2026-05-31 09:29:34,lemoootttttt
Pengguna Google,5,2026-05-31 09:28:19,sangat bermanfaat
Pengguna Google,5,2026-05-31 09:28:04,tolong tambah fitur edit status seperti edit chat
Pengguna Google,4,2026-05-31 09:27:53,kenapa wa sekarang setelah diperbarui panggilannya selalu gagal dan tidak bisa
Pengguna Google,1,2026-05-31 09:27:48,bikin story foto atau video sllu ngeblur
Pengguna Google,1,2026-05-31 09:27:30,"makin kesini makin aneh aja WhatsApp?,tiba tiba keriset sendiri gajelas,waktu di pilihin ga bisa,semua chat,kontak,media,semua yang penting dan tidak penting ikut hilang,saya tidak menyukaimu lagi,sekarang saya pindah ke sebelah."
Pengguna Google,1,2026-05-31 09:27:16,ok
Pengguna Google,1,2026-05-31 09:26:51,"whatsapp tiba"" logout sendiri dan memuat terus. udah gonta ganti email tetep tidak bisa"
Pengguna Google,5,2026-05-31 09:24:15,sangat membantu berkomunikasi dengan baik
Pengguna Google,3,2026-05-31 09:24:03,eror terus
Pengguna Google,5,2026-05-31 09:23:34,baik
Pengguna Google,1,2026-05-31 09:22:03,saat login saya tidak di beri verifikasi sudah seminggu saya menunggu tapi tidak dapat dapat sangat kecewa!
Pengguna Google,5,2026-05-31 09:20:10,bagus
Pengguna Google,5,2026-05-31 09:19:19,"Overall puas. Chat, call, WA Web semua sinkron cepat. Saran: tambahin tema custom dan opsi matikan centang biru untuk grup tertentu aja. Sisanya top."
Pengguna Google,1,2026-05-31 09:18:43,contoh: waktu menunggu Bis PATAS di Tanya i sesama penumpang.apakah sudah LAMA nunggu nya?! jawaban HANI: udah terLEWAT 3 bis... kondisi nya PENUH semua
Pengguna Google,5,2026-05-31 09:18:10,aplikasi ya bagus saya kasih 5 bintang deh
Pengguna Google,5,2026-05-31 09:16:48,suka setpam sendiri tiba tiba eror
Pengguna Google,5,2026-05-31 09:16:23,bagus
Pengguna Google,1,2026-05-31 09:13:52,server bermasalah
Pengguna Google,5,2026-05-31 09:13:35,"Alhamdulillahi Terima, kasih"
Pengguna Google,1,2026-05-31 09:12:26,gak bisa masuk memuat trus
Pengguna Google,5,2026-05-31 09:11:00,sangat bagus untuk berkomunikasi
Pengguna Google,3,2026-05-31 09:07:43,perbaiki grafis status
Pengguna Google,5,2026-05-31 09:05:50,baik
Pengguna Google,5,2026-05-31 09:05:26,Sangat puas
Pengguna Google,3,2026-05-31 09:05:24,Oke
Pengguna Google,4,2026-05-31 09:03:14,top
Pengguna Google,5,2026-05-31 09:03:13,sanggat baik
Pengguna Google,2,2026-05-31 09:02:48,ga BS menggunakan whatsapp
Pengguna Google,5,2026-05-31 09:02:40,Saya bisa mengetahui hal hal jual alun
Pengguna Google,3,2026-05-31 09:02:19,mayan
Pengguna Google,2,2026-05-31 09:01:14,kenapa sih padahal udh di cadangkan chat tapi malah reset ulang WA nya kacau dah mana data2 nya ke hapus lagi
Pengguna Google,2,2026-05-31 09:00:57,wa kadang gajelas aku updt story malah jdinya burik dan jelek mohon diperbaiki
Pengguna Google,5,2026-05-31 09:00:05,sangattt baguss menurut saya mah sangatt puasa okey deh menurut saya mah
Pengguna Google,3,2026-05-31 08:59:31,woiii min knp login tidak tersedia untuk saat ini pdhl saya baru aja beli kartu baru hdeh kcewa malah bgini
Pengguna Google,5,2026-05-31 08:59:08,mantap
Pengguna Google,4,2026-05-31 08:58:38,"bagus bangett dan ngebantu banget, cuma tolong jangan ngeblokir blokir akun orang, contohnya aku, buka akun saya agar bisa dipakai lagi, disana penting banyak grup sekolah dan info sekolah dan lain lain.. 💔💕"
Pengguna Google,5,2026-05-31 08:58:17,aplikasi ini saat berguna
Pengguna Google,5,2026-05-31 08:56:22,Ok
Pengguna Google,4,2026-05-31 08:56:14,jelek + wa kaga jelas
Pengguna Google,5,2026-05-31 08:55:02,bagus
Pengguna Google,4,2026-05-31 08:51:59,nomor saya ngga bisa login ke wa
Pengguna Google,2,2026-05-31 08:50:44,saya rasa wa saya mulai delay setiap saya chat seseorang tolong perbaiki
Pengguna Google,5,2026-05-31 08:50:00,kenapa akun watshap saya d blok permanen
Pengguna Google,5,2026-05-31 08:49:41,mantap
Pengguna Google,1,2026-05-31 08:46:59,kenapa watshap saya tidak bisa digunakan untuk sehari hari
Pengguna Google,5,2026-05-31 08:46:08,Bagusss
Pengguna Google,5,2026-05-31 08:45:58,ok
Pengguna Google,5,2026-05-31 08:43:46,bening dan bagus
Pengguna Google,5,2026-05-31 08:43:45,sangat memuaskan
Pengguna Google,5,2026-05-31 08:43:38,.mk 🍂🍀🌸 xxnx nya yy . i
Pengguna Google,5,2026-05-31 08:42:09,sangat berguna dan bagus sekali dan saya suka sekali love you whatsApp Messenger😚👏💞
Pengguna Google,5,2026-05-31 08:42:03,good job
Pengguna Google,3,2026-05-31 08:40:50,Whatsapp sekarang banyak bug nya
Pengguna Google,5,2026-05-31 08:38:22,top
Pengguna Google,5,2026-05-31 08:37:07,kok gak bisa wd
Pengguna Google,5,2026-05-31 08:35:48,gmn udh di download g bs kebukak wa ny
Pengguna Google,5,2026-05-31 08:34:54,kasih fitur yang bisa kirim file mp3 ke status dong plis
Pengguna Google,5,2026-05-31 08:34:16,abcd
Pengguna Google,5,2026-05-31 08:34:13,mantap
Pengguna Google,5,2026-05-31 08:33:47,"saya bintang 5 kan karna biar di paling atas, kenapa masih ada bug wa , bug wa seperti virtex yang bisa bikin hp kita ngehang saya sangat kecewa dengan itu apalagi jika spek hp orang orang yang masih jadul itu mungkin akan mati total jadi mohon untuk pihak whatsapp fix bug wa itu , itu sangat meresahkan, dan satu lagi syaa mau bilang kenapa ada celah saat misal kita kirim vidio ke dia dan dia kirim balik nah kita langsung report / unblok / blok dan Whatsap kita kenon alias tdk bsa menggunakan wa"
Pengguna Google,3,2026-05-31 08:31:31,baik
Pengguna Google,1,2026-05-31 08:26:10,ini kenapa ya kok gak bisa di buka abis d update
Pengguna Google,1,2026-05-31 08:25:49,whatsapp makin aneh.setiap saya kirim pesan.slu di blokir.
Pengguna Google,5,2026-05-31 08:24:17,Bagus mempelqncar komunikasi
Pengguna Google,5,2026-05-31 08:23:58,bagus tidak ada bug
Pengguna Google,3,2026-05-31 08:22:59,"saya mau daftar WhatsApp pas di bagian kode nya malah gak bisa tertera tulisan "" login tidak tersedia untuk saat ini"""
Pengguna Google,5,2026-05-31 08:22:38,aplikasi ini sangat berguna sekali untuk komunikasi memudahkan komunikasi
Pengguna Google,1,2026-05-31 08:21:54,"Whatsapp saya terkena ban permanen padahal saya tidak ngapa ngapain, aneh"
Pengguna Google,1,2026-05-31 08:20:12,"fitur baru saat vc nya jelek mau ganti gambar atau vidio tidak bisa, menyusahkan penggunaan aplikasi"
Pengguna Google,5,2026-05-31 08:18:29,asek
Pengguna Google,5,2026-05-31 08:18:27,bagus
Pengguna Google,5,2026-05-31 08:15:58,gk bisa
Pengguna Google,3,2026-05-31 08:14:41,suka untuk menyambung komunikasi lllll
Pengguna Google,5,2026-05-31 08:12:53,whatsapp nya bagus 👍
Pengguna Google,5,2026-05-31 08:12:19,aku mau dowlod wa cuma ga bisa penuh pdhl ydh pd di hapus pake setelan pabrik aja bisa
Pengguna Google,1,2026-05-31 08:10:47,tulisan di foto sekarang burem ga kayak dulu
Pengguna Google,5,2026-05-31 08:10:04,"yaaaa menjadikan whatsap teman ceria & teman ngobrol yg baik dari segala penjuru jugaaa bisa,,trimakaasih"
Pengguna Google,5,2026-05-31 08:03:51,ok
Pengguna Google,2,2026-05-31 08:03:14,Min tolong lah ini whatsapp gmna lah saya pake hp redmi note 8kok ga bisa di pake wa nya ada baca an wathasp resmi saya download padahal di Gugel playstore lahh tolong ini gmna
Pengguna Google,5,2026-05-31 08:00:53,🙌🙌🙌🙌
Pengguna Google,5,2026-05-31 07:59:32,😃😃
Pengguna Google,1,2026-05-31 07:58:51,sms mau lgin akun wa gk muncul muncul gimana inibmin
Pengguna Google,1,2026-05-31 07:58:48,juanco
Pengguna Google,5,2026-05-31 07:57:01,👍
Pengguna Google,5,2026-05-31 07:56:25,SANGAT MANTAP DAN BAGUSS
Pengguna Google,1,2026-05-31 07:52:56,"gampang ngilang najong, udah 2 kali keriset tanpa sebab terus semuanya jadi jadul banget terus saluranku juga ilang semua, padahal banyak hal penting yang masih dibutuhin dan di simpen di situ tapi ilang karena keriset, najis banget najis ga suka kalau udah tiba-tiba keriset padahal udah di cadangin terus"
Pengguna Google,1,2026-05-31 07:52:50,cobaa kalau mau keganti nomor baru di whatsapp jangan loading atau memuat lama banget terus tidak bisa masuk terus mau masuk aja lama
Pengguna Google,5,2026-05-31 07:50:24,mantaf pokonamah
Pengguna Google,1,2026-05-31 07:49:28,bikin story burik banget pecah gak sesuai dengan rekaman asli padahal sudah diseting HD dan lagi pinginnya lihat story sendiri malah dilanjutkan storynya orang lain padahal aku gak mau lihat story orang lain aku gak mau kepo tentang orang lain mohon kembalikan seperti semula
Pengguna Google,1,2026-05-31 07:48:35,"tiap kali posting story Video, video HD jadi burik. resolusi nya seperti di kompres jadi burik dan jelek"
Pengguna Google,2,2026-05-31 07:47:30,tiba tiba saat vc kamera depan nya tidak berfungsi
Pengguna Google,5,2026-05-31 07:43:58,saya suka
Pengguna Google,1,2026-05-31 07:43:54,Akun saya di Facebbook Asrofi DP. kata ssndi...Leornadafinci
Pengguna Google,4,2026-05-31 07:43:36,baguss bgt jujur tapi aku ngga ada filter buat tlp gitu
Pengguna Google,5,2026-05-31 07:43:20,ok bagus dan membantu
Pengguna Google,1,2026-05-31 07:43:19,"Aneh sekarang aplikasi wa ,padahal download lewat palystore bisa bisanya dapet peringatan pake apk tidak resmi ,tolong perbaiki dong !!!!!! Udah ganti nomer 3x masij aja eror"
Pengguna Google,5,2026-05-31 07:43:04,Mantap keren
Pengguna Google,5,2026-05-31 07:40:36,bagus aplikasinya.. sangat terbantu dlm komunikasi sehari2.
Pengguna Google,5,2026-05-31 07:38:38,sangat baik
Pengguna Google,5,2026-05-31 07:36:59,saat bagus
Pengguna Google,5,2026-05-31 07:36:03,ok ok
Pengguna Google,2,2026-05-31 07:35:56,"tolong perbaiki, ketika lagi video call merubah kamera jadi macet."
Pengguna Google,1,2026-05-31 07:33:43,"wa LG GK bagus,aku kasih bintang 1 klau Uda bagus aku tambahin jadi bintang 5 lg"
Pengguna Google,5,2026-05-31 07:32:24,"Aplikasi ini sudah cukup bagus, sayangnya ada beberapa fitur bagus yang malah dihilangkan seperti background video call dari galeri. Di bagian status juga saya harap dikembalikan seperti dulu agar urut berdasarkan waktu terakhir kali di upload, mungkin itu fitur sederhana tetapi menurut saya sangat membantu."
Pengguna Google,4,2026-05-31 07:31:35,baik
Pengguna Google,3,2026-05-31 07:30:53,smenjak ganti no hp daftar lginya ribet WA karang trlalu bnyak peninjauan perlu waktu yg lama!!!
Pengguna Google,5,2026-05-31 07:30:31,terimakasih kepada whatsapp tapi kenapa kami tidak bisa mengaktifkan perekam suara saat vidio call thnks
Pengguna Google,1,2026-05-31 07:29:45,"1.kalo vc suka tembus suara dari apk laib 2. vitur baru entah apa bikin kamera ceket pas vc an 3.kadang burem blur sendiri 4.kadang internet lancar tapi pas nelfon sama sama menghubunglan ulang 5. ada di beberapa hp, jika mau tau ada telfon atau tidak harus buka wa terlebih dahulu, padahal sistem notifikasi aktif 6. kalo bikin story tambahkan lagi resolusi nyaa, masak 720 aka ga kuat, itu sudah paling burik"
Pengguna Google,4,2026-05-31 07:28:18,"aplikasi nya serem banget, soalnya tiap malem ditelpon mantan"
Pengguna Google,5,2026-05-31 07:26:11,bagus
Pengguna Google,1,2026-05-31 07:23:47,"saya bikin status wa kok tidak bisa, saya sudah mencoba upaya untuk memperbaiki tetap gak bisa pulih pulih, error atau gimana nih?"
Pengguna Google,5,2026-05-31 07:21:27,gk muncul WA nya di beranda
Pengguna Google,5,2026-05-31 07:21:19,sangat bangus
Pengguna Google,1,2026-05-31 07:20:08,"overall good, tapi apus fitur edit chat please biar gada yang ngedit seenak jidat 🙏🏻"
Pengguna Google,5,2026-05-31 07:20:05,God job
Pengguna Google,1,2026-05-31 07:19:51,nomor saya sering di tinjau tanpa alasan.
Pengguna Google,5,2026-05-31 07:19:15,bagus
Pengguna Google,5,2026-05-31 07:19:10,Mantep
Pengguna Google,1,2026-05-31 07:19:08,banyak crash dev tolil perbaiki lah gw masang sw ber jam jam masih belum ke kirim padahal jaringan bagus
Pengguna Google,1,2026-05-31 07:19:04,"ini apk kenapa sekarang aneh banget, kenapa mesti dibatasi, kita kerja di jnt loh,. bodoh banget apknya, nnti saya kasih bintang 5 kalo udah membaik"
Pengguna Google,5,2026-05-31 07:16:32,update sekarang jelek masa kalo lagi vc terus mau memperbesar bagian aku malah ngeleg perbaiki lah
Pengguna Google,1,2026-05-31 07:15:59,yaman
Pengguna Google,1,2026-05-31 07:13:55,banyak bug nya gak suka
Pengguna Google,5,2026-05-31 07:10:18,bagus
Pengguna Google,1,2026-05-31 07:09:57,jelek
Pengguna Google,5,2026-05-31 07:09:43,ok bgs
Pengguna Google,5,2026-05-31 07:06:23,sangat bagus
Pengguna Google,5,2026-05-31 07:05:51,sangat ber guna
Pengguna Google,5,2026-05-31 07:04:47,WA sangat membantu sy dalam komunikasi
Pengguna Google,1,2026-05-31 07:04:37,sering bug
Pengguna Google,5,2026-05-31 07:04:16,bagus good
Pengguna Google,5,2026-05-31 07:04:05,sangat penting untuk berkomunikasi dengan keluarga yanhmg jauh
Pengguna Google,3,2026-05-31 07:03:52,Whatsapp tdk bisa dibuka
Pengguna Google,5,2026-05-31 07:03:39,good
Pengguna Google,5,2026-05-31 07:02:09,sangat bagus
Pengguna Google,1,2026-05-31 07:01:39,apa si update nya ga jelas bngt vc aja susah najis
Pengguna Google,5,2026-05-31 07:00:16,mantap bangat
Pengguna Google,5,2026-05-31 06:59:55,bagus
Pengguna Google,2,2026-05-31 06:55:33,ini bug WhatsApp meresahkan tolong di perkuat lah perangkat kalian agar aplikasi luar GK bisa ngapa-ngapain terutama bug yang membuat orang keluar masuk tanpa sebab
Pengguna Google,2,2026-05-31 06:55:16,wa saya di spam saya kasi bintang lima
Pengguna Google,5,2026-05-31 06:55:09,"Terima kasih WA, sudah bagus mudah-mudahan tidak terkena blokir lagi, Mohon kerja samanya Bapak/Ibu admin aplikasi untuk melindungi aplikasi WA saya!!! Agar orang yang tidak dikenal selalu memblokir aplikasi WA saya dan terkena SPAM yang sangat menganggu aktivitas saya sebagai kurir JNT mengantar paket 🙏🙏🙏"
Pengguna Google,5,2026-05-31 06:54:31,nelpon cepat chet nyaman pkok x mantap
Pengguna Google,5,2026-05-31 06:53:49,sangat puas dengan apk ini
Pengguna Google,5,2026-05-31 06:53:38,oke
Pengguna Google,4,2026-05-31 06:53:15,setia
Pengguna Google,5,2026-05-31 06:51:25,bagus banget
Pengguna Google,2,2026-05-31 06:51:13,"tolong update WhatsApp agar, jika bikin status video maupun foto tidak burem / pecah"" jadi tolong hd kan yaaaaa, tolong terimakasih ❤️❤️"
Pengguna Google,5,2026-05-31 06:49:21,oke
Pengguna Google,5,2026-05-31 06:46:25,👍
Pengguna Google,1,2026-05-31 06:46:16,eror aplikasi nya bintang 1 dulu masa gk bisa masuk wa
Pengguna Google,5,2026-05-31 06:44:00,bangus
Pengguna Google,1,2026-05-31 06:43:40,aplikasi ny sekarang kek babi emang
Pengguna Google,5,2026-05-31 06:40:43,sangat bagus🙏
Pengguna Google,3,2026-05-31 06:39:49,good
Pengguna Google,3,2026-05-31 06:39:41,"eror ,nomor suka ke upgared terus"
Pengguna Google,3,2026-05-31 06:39:33,"kenapa sinkronisasi riwayat chat wa sering error, penyimpanan data wa saya jadi hilang semua"
Pengguna Google,1,2026-05-31 06:39:13,Tidak respon di tab sy
Pengguna Google,1,2026-05-31 06:37:19,"hallo admin WhatsApp,tolong apk nya di perbaiki saya vc sering ngeleg patah"" dan nelpon biasa sering suaranya tidak kedengaran dengan lawan bicara padahal jaringan saya bagus dan juga sering ngeleg kalau nelpon,mohon perhatian nya admin WhatsApp.terimakasih"
Pengguna Google,3,2026-05-31 06:34:51,"Gajelas lah, habis di update ni wa malah pas buat vc ngeleg, gabisa di layar depan belakang malah macet 😏"
Pengguna Google,5,2026-05-31 06:34:45,Bagus
Pengguna Google,5,2026-05-31 06:33:19,aplikasi yg sangan membantu
Pengguna Google,4,2026-05-31 06:32:31,Saya coba dulu
Pengguna Google,5,2026-05-31 06:32:26,Sangat bagus
Pengguna Google,5,2026-05-31 06:30:06,Mei setia
Pengguna Google,5,2026-05-31 06:29:53,baik
Pengguna Google,1,2026-05-31 06:29:44,Bagus
Pengguna Google,5,2026-05-31 06:29:07,Terima kasih whatsapp
Pengguna Google,5,2026-05-31 06:28:01,GODD APK
Pengguna Google,2,2026-05-31 06:26:24,"paling males kalo dikirimin file yg blm sempat di download, dikemudian hari baru mau buka file tsb tapi udh g bisa dan harus minta dikirimin ulang sama pengirim. tolong buatin fitur nya biar file lama masih bisa dibuka, sedikit ngerepotin soalnya"
Pengguna Google,5,2026-05-31 06:25:12,"aplikasi nya oke sangat membantu, tapi tolong mode sekali lihatnya bisa di screenshot yah... terimakasih"
Pengguna Google,1,2026-05-31 06:24:08,GK bisa login
Pengguna Google,5,2026-05-31 06:23:40,dengan ada nya aplikasi ini sangat lah membantu komunikasi pekerjaan
Pengguna Google,5,2026-05-31 06:23:26,mantap
Pengguna Google,3,2026-05-31 06:23:23,"aku kasih bintang 3 , nanti kalo udah ada fitur ganti wallpaper depan bisa ganti warna aku kasih bintang 5,,,,masa iya cuman putih sama hitam gak estetik"
Pengguna Google,5,2026-05-31 06:19:47,Mantap
Pengguna Google,5,2026-05-31 06:19:36,tidak bisa masuk ke WhatsApp karna d hp sebelumnya blm smpt di keluarkan
Pengguna Google,5,2026-05-31 06:18:41,sangat menyenangkan
Pengguna Google,1,2026-05-31 06:18:25,vd hd malah jdi grafik kartel pkmk
Pengguna Google,4,2026-05-31 06:16:14,bug
Pengguna Google,1,2026-05-31 06:12:08,Tidak bisa login ke whatsapp
Pengguna Google,4,2026-05-31 06:10:39,bagus
Pengguna Google,5,2026-05-31 06:09:21,oke mantap
Pengguna Google,5,2026-05-31 06:06:32,bagus dan bisa wa an sama temen
Pengguna Google,1,2026-05-31 06:05:37,tidak ada filter saat menelepon
Pengguna Google,1,2026-05-31 06:05:27,aplikasi ini gak bagus gak baik jangan kalian download lemot dan susah masuk
Pengguna Google,5,2026-05-31 06:05:20,Terimakasih
Pengguna Google,5,2026-05-31 06:05:07,bagus.saya suka filter² nya
Pengguna Google,3,2026-05-31 06:04:54,di saat mengunakan telpon dan keluar dari WhatsApp suara malah hilang
Pengguna Google,1,2026-05-31 06:04:26,tidak bisa di buka
Pengguna Google,4,2026-05-31 05:59:31,Hani Handayani Eliya
Pengguna Google,5,2026-05-31 05:59:12,sangat membantu aktifitas sehari2
Pengguna Google,1,2026-05-31 05:58:04,marah²
Pengguna Google,5,2026-05-31 05:57:50,bagus
Pengguna Google,5,2026-05-31 05:57:47,Untuk mengecet teman yg jauh
Pengguna Google,1,2026-05-31 05:55:47,kebanyakan fitur jadi ngebug wa nyaa gjls bgt
Pengguna Google,2,2026-05-31 05:55:20,udah kacau mania nomer yang biasa di pake wa sekarang gak bisa malah di suruh download wa resmi. wa resmi dari mana lagi ini aja udah saya download dari playstore nya cuma gara gara ganti hp terus kalau rusak masih mau pake
Pengguna Google,5,2026-05-31 05:55:07,lumayan
Pengguna Google,1,2026-05-31 05:53:51,aplikasi koplak.. knpa nge bug trus njir
Pengguna Google,4,2026-05-31 05:53:50,Akun sayaasih d tinjou
Pengguna Google,5,2026-05-31 05:49:07,berguna
Pengguna Google,5,2026-05-31 05:48:16,Puas
Pengguna Google,5,2026-05-31 05:45:35,jwgdoxhdgso di bisa di download di tdjdghskdgdksgd yang bisa bisa jadi ini bisa di rumah minimalis bisa dilakukan untuk membentuk citra kita harus tetap waspada dan bisa juga dengan jelas bisa di bisa di bisa dilakukan untuk membentuk citra di bisa di bisa dilakukan untuk membentuk sangat besar dan udara yang ambil Robux offline dan bisa juga dengan cara ini bikin member of the day after tomorrow never to start download offline installer Windows XP SP3 black edition full version gratis download
Pengguna Google,5,2026-05-31 05:45:20,gokiL
Pengguna Google,5,2026-05-31 05:44:17,"bagus, dan memudahkan komunikasi"
Pengguna Google,2,2026-05-31 05:44:09,"skrg vc malah ngebug , tolong ditingkatkan lagi"
Pengguna Google,4,2026-05-31 05:43:47,krg bagus
Pengguna Google,3,2026-05-31 05:43:29,Sempat merasa kehilangan tanpa whatshap bagaimana tidak coba bayangkan akibat nomor saya diblokir dari pihak whatshap. titik masalahnya juga saya tidak tahu benar-benar bikin kesal. pada akhirnya harus ganti nomor.
Pengguna Google,1,2026-05-31 05:42:51,"Belum bisa teepasang lagi, susa"
Pengguna Google,5,2026-05-31 05:42:06,"saya tadinya ngak bisa ganti nada dering tiba"" keinget belom update maaf ya😁"
Pengguna Google,5,2026-05-31 05:39:39,Biar terhubung pda prang lain bop
Pengguna Google,3,2026-05-31 05:39:22,websab tak bisa dibuka
Pengguna Google,4,2026-05-31 05:38:59,kenapa sekarang berbagi layar tidak ada suaranya di hp ku.tolong cepet di perbaiki ya soalnya membantu banget buat aku
Pengguna Google,2,2026-05-31 05:38:01,"ya WhatsApp nya bagus sekali tapi saat aku chat sama Meta Al kok kadang-kadang nge bug ya, ya semoga di perbaiki ya bug nya di benerin itu saja semoga cepat diperbaiki ya 🙏"
Pengguna Google,5,2026-05-31 05:37:14,semoga berhasil
Pengguna Google,2,2026-05-31 05:37:06,setelah update banyakkk bangettt ngebugg gaenakk tolong perbaiki lagiiii jangan asal update malah jadi ruksak
Pengguna Google,5,2026-05-31 05:36:37,matap
Pengguna Google,5,2026-05-31 05:35:54,sangat bagus dan bermanfaat
Pengguna Google,1,2026-05-31 05:34:47,aplikasi ini suka mengkompres video yang kita upload
Pengguna Google,5,2026-05-31 05:34:46,agak eror nih aplikasi
Pengguna Google,5,2026-05-31 05:34:36,bagus
Pengguna Google,5,2026-05-31 05:33:08,good job
Pengguna Google,5,2026-05-31 05:32:55,aplikasi luar biasa
Pengguna Google,2,2026-05-31 05:32:12,Selalu telat upgrade dan tolong fitur status di perbaiki lagi sangat kurang baik fiturnya
Pengguna Google,4,2026-05-31 05:30:49,memudahkan itu cetan tmn dan kluarga
Pengguna Google,1,2026-05-31 05:27:56,fitur vc kok berubah???? jadi anehh
Pengguna Google,5,2026-05-31 05:27:35,sangat bagusss
Pengguna Google,5,2026-05-31 05:26:24,P butuh Kontak!!!
Pengguna Google,5,2026-05-31 05:26:17,bagus
Pengguna Google,5,2026-05-31 05:25:26,saya puas dengan what's app
Pengguna Google,1,2026-05-31 05:25:10,akun saya sering terblokir dan di tinjau berkali kali tanpa alasan yang jelas padahal saya tidak pernah melanggar ketentuan WhatsApp tolong sistem otomatis nya di perbaiki !
Pengguna Google,5,2026-05-31 05:24:03,sangar baik
Pengguna Google,5,2026-05-31 05:23:46,pokoknya terbaik
Pengguna Google,5,2026-05-31 05:23:15,gak tiba2 saya log out dri wa yaa??
Pengguna Google,5,2026-05-31 05:23:00,Oke
Pengguna Google,3,2026-05-31 05:22:26,jujur bagus tapi kenapa efek kamera di hp saya belum ada terus?
Pengguna Google,1,2026-05-31 05:21:14,hallo watshap kenapa akun saya tiba2 di blokir permanen
Pengguna Google,5,2026-05-31 05:21:01,subscribe winlien
Pengguna Google,1,2026-05-31 05:19:36,tidak mendapatkan kode
Pengguna Google,5,2026-05-31 05:18:07,ok
Pengguna Google,1,2026-05-31 05:18:03,tidak dapat kode ferivikasi
Pengguna Google,5,2026-05-31 05:17:30,Aplikasi ini berguna banget
Pengguna Google,3,2026-05-31 05:17:21,Kali aku komentar Kiri man orang selalu ditolak aku ga per nah bikin Sarah?
Pengguna Google,1,2026-05-31 05:16:22,wa saya menjadi tidak bisa digunakan
Pengguna Google,5,2026-05-31 05:16:02,Afifah
Pengguna Google,1,2026-05-31 05:15:51,gua chat cewe sampe sekarang blom dibales gilakk
Pengguna Google,5,2026-05-31 05:14:36,oke
Pengguna Google,5,2026-05-31 05:13:39,izinkan sy mengistal wasapmesengger
Pengguna Google,5,2026-05-31 05:13:20,mantap
Pengguna Google,4,2026-05-31 05:13:10,jos jis mudah di gunakan
Pengguna Google,1,2026-05-31 05:13:00,Susah masuk ke wa
Pengguna Google,2,2026-05-31 05:12:33,Sangat berguna
Pengguna Google,5,2026-05-31 05:11:21,sudah bagus
Pengguna Google,5,2026-05-31 05:10:24,bokep
Pengguna Google,5,2026-05-31 05:08:14,bagus
Pengguna Google,5,2026-05-31 05:08:10,good
Pengguna Google,5,2026-05-31 05:07:10,bagus
Pengguna Google,5,2026-05-31 05:06:39,Sangat membantu banget buat saya
Pengguna Google,5,2026-05-31 05:06:29,"tolong dong di perbaiki lagi masa asal buat story di wa selalu blur padahal udah pake yang hd tetap aja pecah gambar nya dan blur. trus kenapa pas vc gambar juga pecah ga jelas dan wajah kita jadi mirror tolong dong WhatsApp kalo vc wajah kita ga usah mirror. trus juga wa sekarang kenapa dikit dikit kenon tolong dong di perbaiki lagi, trus juga saluran tiba tiba di blokir padahal kita di situ gada nge share aneh aneh tapi malah di blokir dari wa nya"
Pengguna Google,5,2026-05-31 05:06:09,"kok sekarang gini sih fiturnya. sw udah dihapus, tapi masih loading aja seharian gk ilang ilang tulisan menghapus pesan nya. muak ih. diperbaiki lagi lah"
Pengguna Google,1,2026-05-31 05:05:54,"pesan sementara tu dihapus aja lah cuyy, gak usah pake fitur pesan disementarain segala"
Pengguna Google,5,2026-05-31 05:03:35,good
Pengguna Google,5,2026-05-31 05:02:49,bagus
Pengguna Google,4,2026-05-31 05:01:29,membantu komukasi lebih lancar
Pengguna Google,2,2026-05-31 05:00:04,Sangat bagus
Pengguna Google,5,2026-05-31 04:58:57,sangat sangat bagus
Pengguna Google,1,2026-05-31 04:56:42,"akun saya selalu di blokir.katanya WhatsApp tidak resmi,sudah coba berbagai cara tetap ga bisa"
Pengguna Google,5,2026-05-31 04:54:19,man tap
Pengguna Google,1,2026-05-31 04:53:34,banyak errornya
Pengguna Google,5,2026-05-31 04:52:30,WhatsApp resmi
Pengguna Google,2,2026-05-31 04:52:06,whatsapp aku mau tau alasan nya karna whatsapp malah jadi kadar luarsa
Pengguna Google,5,2026-05-31 04:51:23,Aplikasinya sangat bagus
Pengguna Google,1,2026-05-31 04:51:10,kenapa WhatsApp saya tertinjau Terus menerus padahal tida ada spam memang WhatsApp harus di ganti dengan aplikasi lain saya tidak suka WhatsApp saya di tinjau sebab saya tidak bisa chatting lagi semoga WhatsApp semakin buruk supaya di ganti. jika akun WhatsApp tinjau saya belum di buka amin jika pihak WhatsApp tidak menjawab semoga di ganti amin dengan aplikasi yang lebih bagus saya sudah berkali kali di tinjau padahal di situ tidak ada kesalahan sama sekali Mohon kerja sama nya terima kasih
Pengguna Google,5,2026-05-31 04:50:20,Okey
Pengguna Google,5,2026-05-31 04:48:19,wa
Pengguna Google,5,2026-05-31 04:47:38,topp
Pengguna Google,5,2026-05-31 04:45:25,sangat Bagus
Pengguna Google,5,2026-05-31 04:44:47,apk nya lumayan bagus tapi klo bisa grafik sw nya benerin anjir kadang suka burik soalnya.
Pengguna Google,3,2026-05-31 04:44:44,bug trus setan aneh
Pengguna Google,1,2026-05-31 04:44:40,tida bisa vidiocol
Pengguna Google,5,2026-05-31 04:42:54,bagus
Pengguna Google,5,2026-05-31 04:40:35,yang baguz
Pengguna Google,4,2026-05-31 04:40:22,Kok sekarang ada subscription sih ajg
Pengguna Google,1,2026-05-31 04:38:58,"KEBANYAKAN UPDATE, NGAPAIN SIH, GAK GUNA, DAN GAK BUTUH WEH"
Pengguna Google,1,2026-05-31 04:38:58,"apk gajelas masa cewe"" gapernah bales chat saya, saya chat senin di balas kalo udah ganteng, mohon di perbaikan lagi🙏"
Pengguna Google,5,2026-05-31 04:38:32,karna enak di main kan dan bisa berkomunikasi dengan orang lain diluar sana
Pengguna Google,1,2026-05-31 04:38:11,meta ai lainnya kurang benar
Pengguna Google,4,2026-05-31 04:37:20,bagus tapi emoji di HP gwa kurg lengkap tolong di perbaiki
Pengguna Google,5,2026-05-31 04:36:43,bagus
Pengguna Google,1,2026-05-31 04:35:12,"SISTEM WHATSAPP BERULAH! saya memiliki banyak grup chat yg tidak terbaca & beberapa chat dari nomor tak dikenal yang dibuka, tetapi nomor saya sudah keblokir/ ke kenon untuk yg ke 2X NYA! tolong perbaiki lgi sistem keamanannya, nomor saya yg kemarin masih baru dan tidak ada melakukan aktivitas hal aneh apapun! so please kurangi sistem keamanan apalagi orang yang tidak salah atau tidak tahu apapun tiba tiba nomorny keblokir & tidak bisa menggunakan whatsapp lagi dgn alasan aktivitas tdk memenuhi."
Pengguna Google,1,2026-05-31 04:34:23,"BENERIN JING, makin banyak update/fitur malah makin tol ol ni wa"
Pengguna Google,4,2026-05-31 04:33:56,lumayan bagus
Pengguna Google,1,2026-05-31 04:33:04,makin lama makin ribet baru 3 chat udah kena spam 😡
Pengguna Google,5,2026-05-31 04:32:50,bagus
Pengguna Google,4,2026-05-31 04:31:47,"kurang satu yh, masa gue gabisa tag all di grup jir, ga kena juga kalau di tag all maksut loe apa meta whatsapp."
Pengguna Google,1,2026-05-31 04:30:55,"saat saya mendaftar, kode otp tidak masuk padahal kartu nomor baru ganti"
Pengguna Google,4,2026-05-31 04:30:28,"lag parah, membuat panggilan terputus tiba tiba, saya tidak terima karena saya membuat rekor jam telepon terlama"
Pengguna Google,5,2026-05-31 04:29:09,👍
Pengguna Google,2,2026-05-31 04:29:07,"jelek banget heran makin lama makin jelek ini wa, sering bug, jangan kebanyakan di ubah yang aneh aneh dehh .. gasuka bgt banyak bug nya sekarang"
Pengguna Google,5,2026-05-31 04:27:57,ok
Pengguna Google,5,2026-05-31 04:27:31,say suka
Pengguna Google,4,2026-05-31 04:26:18,"klo repost sw ga hd, kadang klo bikin sw jg ga hd tolobg perbaikin"
Pengguna Google,2,2026-05-31 04:25:26,"updatenya lama banget, perhp harus beda berbulan bulan bahkan bertahun tahun, sudah jadi apk komunikasi nomer 1 yang dibutuhin, tapi makin kemari makin banyak bug nya, ngtik sw sering bug, grafik sw selalu buriq dan malah lebih rendah dari gmbar asli, ohiya satu lagi, dlu mencadangkan gak seribet skrng, harus pakai kode yang 60 digit angka trs gakbisa di ss lu kira hrus di hapal apa, trs ada cara lain backup ke email, udh di backup tetep juga gkbisa nyambung pas di sinkronkan lagi ilang smua huh"
Pengguna Google,2,2026-05-31 04:24:37,"aku pengen update tp malah gak bisa, malah tambah suruh ulang"
Pengguna Google,1,2026-05-31 04:21:35,"WHATSAPP ADMINNYA SIAPA SEHHHH, dari kemarin mau hapus status masa ga keapus² ????????????????? dari tanggal 29 mei lohhhhhhhhhhh, pls perbaiki bug kyk gini. bikin risih tau gak !!!!!!!!"
Pengguna Google,1,2026-05-31 04:21:25,"ada lagi wa pake peninjauan emang gw teroris.bandar narkoba.makin gak jelas aja nih aplikasi.tdi pagi bisa dibuka sekarang gak bisa..mau tinjau tuh yg bener,org bener loe tinjau tolol"
Pengguna Google,5,2026-05-31 04:21:19,sangat menarik untuk di gunakan
Pengguna Google,5,2026-05-31 04:21:07,lebih baik lagi ke depanya
Pengguna Google,5,2026-05-31 04:18:50,aplikasi sangat membantu
Pengguna Google,1,2026-05-31 04:17:56,asuw
Pengguna Google,1,2026-05-31 04:16:40,kok habis update malah buat chat pesan gabisa dibatasi
Pengguna Google,5,2026-05-31 04:15:53,knpa akun saya di blok
Pengguna Google,5,2026-05-31 04:14:52,Sekarang wa jadi ngebug masa gw udah mute tapi masih ada nofikasinya sih
Pengguna Google,5,2026-05-31 04:14:36,sangat bagus
Pengguna Google,5,2026-05-31 04:13:59,bagus
Pengguna Google,4,2026-05-31 04:13:56,sangat bahagia
Pengguna Google,5,2026-05-31 04:13:43,sangat baik
Pengguna Google,5,2026-05-31 04:10:22,bagus bisa menelfon
Pengguna Google,5,2026-05-31 04:09:24,knpa wa saya gangguan terus
Pengguna Google,5,2026-05-31 04:08:50,sangat membantu
Pengguna Google,1,2026-05-31 04:08:49,jelek
Pengguna Google,5,2026-05-31 04:08:48,sangat bagus
Pengguna Google,5,2026-05-31 04:08:44,"aplikasi ini tu bagus tapi kurang nya harus pake kouta/wifi kalo mau tersampai kan,, menurut aku gak usah pake gitu2 an takut nanti kita2 teh ada keperluan buat nanyain tugas ke guru lewat aplilasi ini tapi gak ada kouta/wifi jadi gak tersampai kan trus kita di hukum"
Pengguna Google,1,2026-05-31 04:03:54,admin whatsapp sering otomatis nge blokir/banned no secara tiba tiba
Pengguna Google,5,2026-05-31 04:03:29,good app
Pengguna Google,5,2026-05-31 04:03:25,Whatsapp saya ga bisa digunakan
Pengguna Google,5,2026-05-31 04:03:08,mantap
Pengguna Google,1,2026-05-31 04:02:24,"saya tidak suka dengan adanya fitur premium, cukup perbaiki saja kualitas videonya menjadi hd saat di upload ke status"
Pengguna Google,4,2026-05-31 04:02:03,Baguss. hari ini WA Nya payah di update kembali. klo gk y mati. gk bisa di pakai lagi
Pengguna Google,5,2026-05-31 04:01:30,bagus ap
Pengguna Google,4,2026-05-31 03:59:19,beeguna bgt aplikasinya coba aja ada kuota gratis dari aplikasi ini tapi kurangnya kalau kita chat org kadang ga di jawab
Pengguna Google,1,2026-05-31 03:58:36,Lemot
Pengguna Google,4,2026-05-31 03:58:25,kenapa ya WhatsApp saya tidak bisa di buka padahal WhatsApp nya sudah bagus
Pengguna Google,4,2026-05-31 03:57:30,kok sering di blokir ya wa nha
Pengguna Google,5,2026-05-31 03:56:31,bagus
Pengguna Google,3,2026-05-31 03:55:29,"tolong whatshapp,hilangkan apk yg bisa bug no hp kita dan ngeriset hp kita tolong hilangkan,soalnya ada apk pihak ke 3,yg bisa meriset hp orang dan Membuat hp kena virus atau dibug."
Pengguna Google,5,2026-05-31 03:54:28,"knp saya tidak bisa masuk ya padahal udah punya akun tapi gatauu knp pas login jadi ga bisa udah download WhatsApp resmi juga tetep ga bisaa, saya kasih bintang lima agar terbaca banyak orng termasuk operator WhatsApp nya"
Pengguna Google,5,2026-05-31 03:53:04,sangat memuaskan
Pengguna Google,5,2026-05-31 03:51:58,gada someone to talk. mending apus aja ni wa sepi.
Pengguna Google,5,2026-05-31 03:47:55,mantap aplikasi ny sangn bagus
Pengguna Google,3,2026-05-31 03:47:09,Bagus
Pengguna Google,2,2026-05-31 03:45:20,"tidak lagi seperti biasanya WhatsApp ini, suda gak bagus lagi"
Pengguna Google,1,2026-05-31 03:42:40,jelek
Pengguna Google,1,2026-05-31 03:42:21,WhatsApp sekarang terlalu banyak bug nya
Pengguna Google,5,2026-05-31 03:41:31,ok
Pengguna Google,5,2026-05-31 03:41:22,👍
Pengguna Google,1,2026-05-31 03:41:09,"lah apasih whatsapp sekarang mah jelek, masa ga bisa masuk no biasanya sih malahan harus download whatsapp resmi pas di pencet di arahin ke chrome pas di chrome pencet instal malah ke PlayStore dan pas masukkin sama lagi ke gituh"
Pengguna Google,1,2026-05-31 03:39:45,"Halo wahatapp,akun whatapp saya tiba-tiba diblokir tidak di izinkan menggunakan whatsapp mohon di tinjau kembali untuk di pulihkan karena saya tidak melakukan spam.dan akun whatsaapp saya sangat penting"
Pengguna Google,1,2026-05-31 03:39:38,kenapaa ini masa harus download WhatsApp resmi ini gimana min aduh
Pengguna Google,2,2026-05-31 03:38:38,gede banget ini aplikasi isinya apaan bisa nyampek 500 mb padahal jarang di gunakan bener bener menghambat hape jadulku
Pengguna Google,5,2026-05-31 03:34:27,dengan wathsApp saya sangat mudah berkomonikasi
Pengguna Google,5,2026-05-31 03:32:56,baik
Pengguna Google,5,2026-05-31 03:29:04,baik
Pengguna Google,1,2026-05-31 03:28:39,keren
Pengguna Google,5,2026-05-31 03:28:30,terbaik dari yang terbaik
Pengguna Google,5,2026-05-31 03:26:56,aman
Pengguna Google,5,2026-05-31 03:25:52,cukup
Pengguna Google,5,2026-05-31 03:24:48,ok
Pengguna Google,3,2026-05-31 03:24:22,gmna cara durasi video lebih dari 30detik
Pengguna Google,5,2026-05-31 03:23:59,Hp saya hp versi 4 samsung j1 ace semoga bisa trus gunakan aplikasi ini.
Pengguna Google,5,2026-05-31 03:23:54,"terbaik,hanya akhir ini WhatsApp saya sering eror"
Pengguna Google,5,2026-05-31 03:23:17,wow
Pengguna Google,3,2026-05-31 03:22:57,"kenapa sekarang whatsaap serjng bareng akun di batasi,padahal gak ngapa'in"
Pengguna Google,5,2026-05-31 03:22:27,cuku membantu
Pengguna Google,1,2026-05-31 03:22:05,wa tiba2 log out banyak pesan hilang.
Pengguna Google,3,2026-05-31 03:21:54,Lambat nya kalau donwlot
Pengguna Google,1,2026-05-31 03:21:46,jadi lemot banget kenapa sih
Pengguna Google,1,2026-05-31 03:21:37,Yju
Pengguna Google,5,2026-05-31 03:20:14,sangat membantu
Pengguna Google,1,2026-05-31 03:19:15,"Notifikasi WhatsApp sekarang sering enggak jalan. Kadang muncul, kadang enggak. Mau tau ada balasan atau enggak harus buka aplikasi dulu, baru notif masuk. Lucu sih, setiap update katanya buat meningkatkan pengalaman pengguna, tapi yang ada malah makin banyak masalah. Tolong beresin yang penting-penting dulu sebelum nambah fitur baru"
Pengguna Google,1,2026-05-31 03:19:14,giliran saya tidak ngapa ngapain ke blokir pas ada orang kirim stiker berbau +18 saya report wa dia tidak terjadi apa apa mohon di perbaiki soalnya banyak pengguna yang Masi di bawah umur!!!
Pengguna Google,5,2026-05-31 03:19:04,mantap
Pengguna Google,2,2026-05-31 03:16:33,"sok-sokan mau update banyak banyak, Sw noh hd in burem mulu 😹"
Pengguna Google,5,2026-05-31 03:15:13,apk no iklan
Pengguna Google,5,2026-05-31 03:15:05,"sekarang beranda ku udah ramai, udah punya my kisah loh ya, tetap keren wangsaff semoga tidak menjadi kikir seperti apl lain #semuaaplmilik?allah🙏🏼"
Pengguna Google,1,2026-05-31 03:14:47,terlalu banyak iklan
Pengguna Google,5,2026-05-31 03:12:21,kalian sudah update belum
Pengguna Google,5,2026-05-31 03:12:14,sangat baik
Pengguna Google,5,2026-05-31 03:11:36,💯👍🙏
Pengguna Google,5,2026-05-31 03:09:06,wnatSApp mesSanger
Pengguna Google,5,2026-05-31 03:06:54,"aplikasi sangat mudah dimengerti,saat ini ada promo naik daya cuma beli pulsa 5000 sudah dapat voucer untuk naik dayanya ,terimakasih pln"
Pengguna Google,5,2026-05-31 03:04:41,𝒃𝒂𝒈𝒖𝒔 𝒈𝒖𝒔
Pengguna Google,2,2026-05-31 03:03:26,"hallo tim whatsapp, tolong diperbaiki whatsapp ini, banyak sekali bug gajelas, tolong di perbaiki segera. makasih."
Pengguna Google,5,2026-05-31 03:02:48,bagus
Pengguna Google,4,2026-05-31 03:00:32,iya lumayanlah tinggal update meta AI nya biar lebih canggih
Pengguna Google,4,2026-05-31 03:00:11,Mantap
Pengguna Google,3,2026-05-31 02:58:26,tolong perbaiki bug kamera vc (video call)
Pengguna Google,1,2026-05-31 02:55:40,Hsan
Pengguna Google,4,2026-05-31 02:55:06,"halo kok saya tidak bisa login ya, katanya login saat ini tidak tersedia"
Pengguna Google,4,2026-05-31 02:54:18,keren
Pengguna Google,5,2026-05-31 02:54:04,karnaa bgssss
Pengguna Google,5,2026-05-31 02:54:04,sangat memuaskan aplikasi ini
Pengguna Google,3,2026-05-31 02:53:37,"knp di update trs, memori ku penuh"
Pengguna Google,1,2026-05-31 02:53:27,"gajelas,ga resmi ga resmi gitu, pdahal saya resmi dari play store"
Pengguna Google,5,2026-05-31 02:53:24,tolong ya hapusin iklan yang di status ya
Pengguna Google,5,2026-05-31 02:53:19,ok bangett
Pengguna Google,5,2026-05-31 02:51:42,31 05 2026._
Pengguna Google,5,2026-05-31 02:51:26,baguss🤩🤩
Pengguna Google,1,2026-05-31 02:51:02,developernya terlalu maruk🗿
Pengguna Google,5,2026-05-31 02:50:10,sangat bagus
Pengguna Google,3,2026-05-31 02:48:12,tidak bisa upload foto layout
Pengguna Google,5,2026-05-31 02:47:03,bagus
Pengguna Google,5,2026-05-31 02:45:56,Wow
Pengguna Google,1,2026-05-31 02:45:42,whatsapp apaan dah main blokir akun orang tololl baru kebuka udh di blokir lagi
Pengguna Google,5,2026-05-31 02:44:53,bagus banget no komen
Pengguna Google,5,2026-05-31 02:44:51,saya sangat2 puas benar2 membantu kesulitan selalu bisa di butuhkan sewaktu waktu
Pengguna Google,5,2026-05-31 02:41:57,ok
Pengguna Google,5,2026-05-31 02:41:50,bagus baget
Pengguna Google,4,2026-05-31 02:41:39,oke
Pengguna Google,5,2026-05-31 02:41:18,gabut
Pengguna Google,2,2026-05-31 02:41:12,"WA skg knp kayak gini sih? Masa Dalam 1 WA kan ada 2 akun. kenapa di akun 1 story nya juga muncul di akun ke 2. Kan beda nomer. Asli sih ganggu BGT. kalo di hide, ngaruh ke kedua akun. Trs Story Video jelek bgt. padahal kualitas vid sudah HD tapi pas dibuat story jelek parah kualitasnya. Sering nhe Bug juga. tetiba keluar dari apk. Gak suka deh!! Tolong donk di perbaiki lagi!"
Pengguna Google,5,2026-05-31 02:40:28,bagus banget bang buat kumpul keluarga
Pengguna Google,4,2026-05-31 02:40:08,Bagus
Pengguna Google,2,2026-05-31 02:39:38,"perbaiki bug vidio call, udah banyak yg ngeluh noh"
Pengguna Google,5,2026-05-31 02:38:52,"Masak aplikasi setiap bulan kok memperbarui terus, gimana ni"
Pengguna Google,5,2026-05-31 02:35:32,fiturnya semua bagus
Pengguna Google,5,2026-05-31 02:35:08,jangan hapus
Pengguna Google,5,2026-05-31 02:34:58,i like app
Pengguna Google,5,2026-05-31 02:34:57,bagus wajib di download
Pengguna Google,5,2026-05-31 02:34:14,sangat bagus cuma ada penyesalan aring meng hubungkan saya kecewa sedikit 80%
Pengguna Google,5,2026-05-31 02:33:54,ok
Pengguna Google,1,2026-05-31 02:32:23,lagi sibuk
Pengguna Google,5,2026-05-31 02:32:01,bagus
Pengguna Google,5,2026-05-31 02:31:43,dari banyaknya nomer di wa kenapa ga ada nomer kamuu😔
Pengguna Google,5,2026-05-31 02:30:54,ok
Pengguna Google,2,2026-05-31 02:30:42,baik
Pengguna Google,5,2026-05-31 02:30:20,Shueuei
Pengguna Google,4,2026-05-31 02:29:55,👍🏻
Pengguna Google,5,2026-05-31 02:28:56,tidak bisa daftar
Pengguna Google,3,2026-05-31 02:27:58,"kebanyakan update ga guna, perbaikan bug aja dulu. biar ga delay pesan nya"
Pengguna Google,5,2026-05-31 02:27:55,whatsApp messenger mmg membantu kami berkomunikasi
Pengguna Google,1,2026-05-31 02:26:33,"Kenapa whatsapp saya memuat teruss tidak bisa digunakan sekarangg ,tidak bisa log in krna ke logout"
Pengguna Google,4,2026-05-31 02:25:59,nomor telepon sulit di verivikasi kan
Pengguna Google,5,2026-05-31 02:25:03,Sangat bagus
Pengguna Google,4,2026-05-31 02:24:38,😉😉☺️☺️😉
Pengguna Google,4,2026-05-31 02:23:14,wa knp klo kita bikin status burem jadi g bagus nnti klo udh g burem kukasih bintang lima
Pengguna Google,5,2026-05-31 02:20:48,oke sip bagus lumayanlah hhe
Pengguna Google,5,2026-05-31 02:20:40,bagus aplikasi whatsapp
Pengguna Google,5,2026-05-31 02:19:11,bagus. sangat membantu
Pengguna Google,1,2026-05-31 02:17:37,Ok
Pengguna Google,1,2026-05-31 02:17:28,wa lagi kenapa sih pas vc tiba tiba nglg udah berapa kali kek gini giliran update malah makin ngeleg
Pengguna Google,3,2026-05-31 02:17:26,bagus baik
Pengguna Google,5,2026-05-31 02:16:58,good
Pengguna Google,5,2026-05-31 02:15:08,Karena sangat membantu untuk saya
Pengguna Google,5,2026-05-31 02:13:07,"sekarang wa saya sudah sangat baik,, dan baguss terimakasih atas erbikpaaa apk nya,,,,"
Pengguna Google,1,2026-05-31 02:10:44,ini kanapa WhatsApp saya di blokir terus bukan ada sya spam wa ini saya penting banget
Pengguna Google,5,2026-05-31 02:10:31,sangat membantu berkomunikasi dengan keluarga
Pengguna Google,1,2026-05-31 02:10:20,trus aja apdet ai bikin status pake emoji jadi gabisa skrg mh
Pengguna Google,4,2026-05-31 02:10:06,"It's good, but the WhatsApp status graphics are getting blurrier and blurrier when sending photos or videos that are already HD but they still become blurry. Please fix WhatsApp's graphics."
Pengguna Google,5,2026-05-31 02:09:17,mantaff cess apk nya
Pengguna Google,5,2026-05-31 02:07:31,mantap
Pengguna Google,4,2026-05-31 02:07:27,mantap banget 😁
Pengguna Google,5,2026-05-31 02:07:02,good application for all
Pengguna Google,5,2026-05-31 02:06:14,lumayan
Pengguna Google,5,2026-05-31 02:05:07,aku ingin menjadi konten kreator
Pengguna Google,5,2026-05-31 02:03:17,bermanfaat
Pengguna Google,5,2026-05-31 02:01:43,Sangat membantu saya untuk terhubung dengan keluarga dan teman semua
Pengguna Google,5,2026-05-31 02:00:40,"Sangat Membantu Komunikasi dengan Kerabat,keluarga.."
Pengguna Google,1,2026-05-31 01:59:24,pler
Pengguna Google,3,2026-05-31 01:58:05,aplikasi nya bagus cuman dri tadi tuh dengerin audio ama voice chatnya daritadi bikin layar jadi hitam terus 🥀🥀
Pengguna Google,5,2026-05-31 01:54:50,terimakasih telah memberikan amplikasi wa ini.. ini sangat membantu saya untuk berkomunikasi..terimakasih
Pengguna Google,2,2026-05-31 01:54:37,kenapa wa saya ga bisa di buka
Pengguna Google,1,2026-05-31 01:53:51,"apasih update terbarunya GAK GUNA bgt, gambar kejeda terus. JELEKKKKK"
Pengguna Google,5,2026-05-31 01:53:17,sekarang gampang terbelokir
Pengguna Google,5,2026-05-31 01:53:16,aplikasi ini bagus banget
Pengguna Google,5,2026-05-31 01:49:52,sangat oke 👍
Pengguna Google,5,2026-05-31 01:49:36,bagus aplikasi nya
Pengguna Google,5,2026-05-31 01:48:17,mantap
Pengguna Google,5,2026-05-31 01:47:57,WhatsApp adalah untuk bisa komunikasi dengan orang dan kebijakan WhatsApp messenger yang sangat tajam dan berwibawa pada semua orang seluruh Indonesia dan luar negeri
Pengguna Google,5,2026-05-31 01:47:42,aplikasi yng bagus
Pengguna Google,5,2026-05-31 01:47:35,kenapa WhatsApp g bisa di masukan no tiap di masukkan ni kata nya WhatsApp tidak resmi.
Pengguna Google,5,2026-05-31 01:47:31,sangat baik
Pengguna Google,5,2026-05-31 01:47:05,Terlalu ribet
Pengguna Google,1,2026-05-31 01:46:05,SIAL MAKIN RUSAK WA NI UPDATE BUKAN MAKIN BETOL MAKIN RUSAK
Pengguna Google,5,2026-05-31 01:46:01,sangat membantu
Pengguna Google,5,2026-05-31 01:45:25,dengan aplikasi ini sangat membantu kegiatan saya
Pengguna Google,2,2026-05-31 01:44:44,WhatsApp tolonglah sudah 5 kali mamak ku ganti nomor tpi tetap gk bisa akun sedang ditinjau terus ganti hp pun tetap gk bisa juga tolong gimana ini kebijakannya
Pengguna Google,5,2026-05-31 01:44:37,ok
Pengguna Google,4,2026-05-31 01:44:08,tidak ada efek kamera
Pengguna Google,5,2026-05-31 01:41:56,tdk bisa kebuka aplikasi WA
Pengguna Google,5,2026-05-31 01:40:40,ojo di update maneh
Pengguna Google,4,2026-05-31 01:40:32,sangat bagus
Pengguna Google,5,2026-05-31 01:38:00,bagus
Pengguna Google,1,2026-05-31 01:36:46,"I don't like this WhatsApp application because, as soon as I entered my cellphone number, it was blocked and it said, this account is being reviewed, I ask you to remove this feature."
Pengguna Google,5,2026-05-31 01:35:21,aplikasi ini sudah di install tapi tidak muncul di desktop...bagaimana solusinya
Pengguna Google,5,2026-05-31 01:35:15,"kok wa gw keblokir permanen mendadak gw salah apa njirrr,gw nga pernah nyepam"
Pengguna Google,1,2026-05-31 01:34:54,tetap aman dan sehat selalu
Pengguna Google,4,2026-05-31 01:34:52,bagus sekali
Pengguna Google,5,2026-05-31 01:32:22,tlg jelaskan masala wa saya atau tlg pulihkan
Pengguna Google,1,2026-05-31 01:28:50,"setelah di update,fitur vc nya tambah rakaruan bnyak sekali bug nya😭"
Pengguna Google,1,2026-05-31 01:28:24,kurang baik pelayanan nya
Pengguna Google,5,2026-05-31 01:28:08,kalaupun ada hanya sekedar sehat secara keseluruhan dimana Allah yang maha esa yang telah ditetapkan sebagai tersangka kasus dugaan penerimaan suap impor dan taman
Pengguna Google,3,2026-05-31 01:28:00,WA gw ngebug woi!
Pengguna Google,5,2026-05-31 01:25:40,kode otp
Pengguna Google,5,2026-05-31 01:24:08,ok
Pengguna Google,1,2026-05-31 01:21:39,video tidak sesuai
Pengguna Google,1,2026-05-31 01:21:18,"Sekarang jadi makin ribet buat ngirim gambar ditambah teks jadi selalu ke cancel, udah ngetik panjang² tapi begitu scroll sedikit ke atas malah hilang."
Pengguna Google,5,2026-05-31 01:20:09,sangat baik
Pengguna Google,5,2026-05-31 01:19:34,oke
Pengguna Google,5,2026-05-31 01:19:07,bagus
Pengguna Google,5,2026-05-31 01:17:56,nih kasi bintang 5 jangan tinjau melulu
Pengguna Google,5,2026-05-31 01:17:54,snagat membantu
Pengguna Google,4,2026-05-31 01:17:17,"kalo vc an ngebug ,masa layar kecil sama layar besarnya mukanya sama semua,benerin lagi ya nanti"
Pengguna Google,5,2026-05-31 01:16:47,jos jis
Pengguna Google,4,2026-05-31 01:16:38,"haii Whatsap, ak udah nyalain fitur efek di kamera , tapi kok tetep tidak ada ya"
Pengguna Google,5,2026-05-31 01:16:38,Perbaharuiwhats app
Pengguna Google,5,2026-05-31 01:13:59,"aplikasi ini sangat bagusss, cuma saran saya tolong jangan kompres video di Story biar kita bisa posting video HD dna ga ngeblur"
Pengguna Google,5,2026-05-31 01:09:48,baik
Pengguna Google,5,2026-05-31 01:08:47,jangan di bikin ada premiumnya ya min vc aja masi mirror mana sw masih burem jangan sok di bikin wa premium ya🥰
Pengguna Google,5,2026-05-31 01:08:05,bagus dan terbaik dipakai saat ini
Pengguna Google,5,2026-05-31 01:06:48,sangat membantu komunikasi
Pengguna Google,5,2026-05-31 01:05:40,jji
Pengguna Google,5,2026-05-31 01:05:37,Nice
Pengguna Google,4,2026-05-31 01:04:40,menurut ku aplikasi ini bagus banget buat komunikasi bareng temen dan orang lain. fitur nya juga banyak banget walaupun gak semua orang pakai tapi tetap sangat membantu. aku ada saran nih tambahkan fitur baru di grup yang bikin kita bisa berbisik ke beberapa orang yang kita tuju untuk menjaga kerahasian pesan penting
Pengguna Google,5,2026-05-31 01:02:27,Mau download wa tapi gak punya playstore😔
Pengguna Google,5,2026-05-31 01:00:59,keren
Pengguna Google,1,2026-05-31 01:00:17,Ga cocok untuk hp 128 gb
Pengguna Google,1,2026-05-31 00:59:37,SW GUA GD DI TEMEN SYALL!
Pengguna Google,5,2026-05-31 00:58:23,moga makin inofativ
Pengguna Google,5,2026-05-31 00:57:20,lumayan
Pengguna Google,5,2026-05-31 00:54:33,sangat bagus dan membantu berkomunikasi..
Pengguna Google,2,2026-05-31 00:53:17,kurang bagguss
Pengguna Google,5,2026-05-31 00:51:33,bagus
Pengguna Google,3,2026-05-31 00:50:22,"grafik wa nya kurang bagus agak"" burem gitu kalo kita post story"
Pengguna Google,5,2026-05-31 00:48:44,mantep
Pengguna Google,1,2026-05-31 00:47:53,"kok WhatsApp sekarang makin jelek sii, mau vc ajaa gabisa liat diri sendiri,gabisa diubah kayak biasanya hadeuhh kenapa aplikasi yang awalnya bagus menjadi jelek beginii makin burik ajaa, TOLONG PERBAIKI KALAU TIDAKK SEMOGA AJAA GADA YANG MENGGUNAKAN APLIKASI INIII,SEMOGA AJA RATINGNYA AKAN SEMAKIN MENURUN AAMIIN"
Pengguna Google,5,2026-05-31 00:47:48,aplikasi yg sangat sangat penting dan berguna
Pengguna Google,5,2026-05-31 00:47:39,Semoga bagus fitur lngkap dan aman
Pengguna Google,1,2026-05-31 00:47:13,stop update lu semakin update semakin aneh klo bukan soal kerjaan gak gue pake lu
Pengguna Google,5,2026-05-31 00:45:55,terbaik
Pengguna Google,5,2026-05-31 00:44:00,berguna
Pengguna Google,5,2026-05-31 00:42:53,Yang pasti berguna untuk semua orang
Pengguna Google,5,2026-05-31 00:41:24,sangat menyenangkan
Pengguna Google,5,2026-05-31 00:41:23,enak banget. aplikasi
Pengguna Google,5,2026-05-31 00:41:17,"kalau bisa ada Mode offline nya sih , karena gak di semua daerah ada jaringan . walaupun cuma sebatas ngirim pesan"
Pengguna Google,1,2026-05-31 00:41:04,wa sekarang ga aman enak banget di sadap orang lain
Pengguna Google,5,2026-05-31 00:37:55,bgussd
Pengguna Google,1,2026-05-31 00:37:27,apk tolol
Pengguna Google,5,2026-05-31 00:36:50,👍🏻pokok nya 👍🏻
Pengguna Google,5,2026-05-31 00:35:43,sangat bagus
Pengguna Google,5,2026-05-31 00:35:16,sangat cocok dan seru
Pengguna Google,5,2026-05-31 00:33:40,bestt bgtt
Pengguna Google,5,2026-05-31 00:31:20,sangat sangat bagus Aplikasi ini
Pengguna Google,5,2026-05-31 00:30:52,ok
Pengguna Google,3,2026-05-31 00:30:48,sayaa tidak adaa filter pas vc
Pengguna Google,3,2026-05-31 00:29:08,mantap
Pengguna Google,2,2026-05-31 00:28:42,tidak menerima kode
Pengguna Google,5,2026-05-31 00:28:20,faa
Pengguna Google,5,2026-05-31 00:24:50,saya menyukai aplikasi WhatsApp karna di whatsapp bisa mengirim chat atau video dan bisa membuat status
Pengguna Google,3,2026-05-31 00:23:50,adalah pokonya
Pengguna Google,2,2026-05-31 00:20:27,👍👍
Pengguna Google,3,2026-05-31 00:17:25,"Kenapa fitur Share Live Location jadi hilang? Terus, seriusan ini WA bakal ada biaya Langganan kyk awal sebelum di ambil alih sama Facebook/Meta?"
Pengguna Google,5,2026-05-31 00:13:32,sangat bagus dan canggih dan bisa untuk menelpon atau chatnya teman jika butuh sesuatu
Pengguna Google,1,2026-05-31 00:11:39,tidak bisa log in
Pengguna Google,5,2026-05-31 00:10:53,bagus dan sukses selalu
Pengguna Google,5,2026-05-31 00:09:30,baik
Pengguna Google,3,2026-05-31 00:07:58,bagus
Pengguna Google,5,2026-05-31 00:07:34,nice this application quality and the best
Pengguna Google,1,2026-05-31 00:06:05,Aplikasi sampah
Pengguna Google,5,2026-05-31 00:05:11,aplikasi wangshapp ni ................
Pengguna Google,4,2026-05-31 00:04:08,yaa...
Pengguna Google,5,2026-05-31 00:04:00,aplikasi ta berguna
Pengguna Google,5,2026-05-31 00:03:48,seruu
Pengguna Google,5,2026-05-31 00:03:12,theee besttt poko nyaaa
Pengguna Google,5,2026-05-31 00:03:04,bagus
Pengguna Google,4,2026-05-31 00:02:52,"WhatsApp tolong perbaiki kualitas video dan foto yang mau di unggah, masa video HD atau foto HD pas di post di story WhatsApp malah blur, antara hp aku yang emang burik atau WhatsApp nya yang bermasalah, tapi sejauh ini aku liat story temen temen ku juga pada blur story nya even hp nya Iphone, tetep aja gabisa HD, ke kompres mulu kualitas nya, tolong perbaiki ini."
Pengguna Google,5,2026-05-31 00:02:03,info akun dan prrangkat baik
Pengguna Google,1,2026-05-31 00:01:20,kenapa akun wa saya di tinjau
Pengguna Google,5,2026-05-31 00:01:00,bagus dan menarik
Pengguna Google,5,2026-05-31 00:00:27,very useful woww
Pengguna Google,3,2026-05-30 23:59:54,mantaf
Pengguna Google,1,2026-05-30 23:58:16,aku gk bisa login di wa 🤬🤬
Pengguna Google,5,2026-05-30 23:56:20,good
Pengguna Google,5,2026-05-30 23:55:48,mantap 😁😁😊
Pengguna Google,5,2026-05-30 23:54:57,y we lah
Pengguna Google,3,2026-05-30 23:52:08,signal jelek macet macetò
Pengguna Google,1,2026-05-30 23:51:56,ok
Pengguna Google,5,2026-05-30 23:48:58,baik sekali
Pengguna Google,1,2026-05-30 23:48:32,tidak bisa di dowlod aplikasi nya
Pengguna Google,5,2026-05-30 23:47:04,tidak ada iklan
Pengguna Google,1,2026-05-30 23:46:45,𝘨𝘬 𝘣𝘪𝘴𝘢 𝘥𝘪𝘣𝘶𝘬𝘢 𝘴𝘢𝘮𝘢 𝘴𝘦𝘬𝘢𝘭𝘪
Pengguna Google,5,2026-05-30 23:46:39,"suka,tapi jangan sering upgrade ya"
Pengguna Google,2,2026-05-30 23:46:35,mehhh mau up sw buriq baikin grafik sw nya ajg🥰 bokep aja hd masa sw GK hd gmn sih🥰
Pengguna Google,1,2026-05-30 23:44:11,gtw lah cape liat fitur nya pas Vdcalll tuh udh kamera depan pas mau di perbesar malah balik ke orang yang kita vc jadi ada 2 bukan nya perbesar vc kita malah 22 nya jdi kamera dia
Pengguna Google,5,2026-05-30 23:41:06,banyak manfaat
Pengguna Google,5,2026-05-30 23:40:13,sangat membantu...yg terpenting adalah tanpa biaya
Pengguna Google,3,2026-05-30 23:38:56,"bagus sih..,tapi ditabletku gabisa"
Pengguna Google,5,2026-05-30 23:38:42,"coba kalo ngirim foto atau vidio jangan burem, teruss sama sw jugaa"
Pengguna Google,5,2026-05-30 23:36:59,👏
Pengguna Google,4,2026-05-30 23:35:46,kadang susah kalo liat status
Pengguna Google,4,2026-05-30 23:34:32,oke
Pengguna Google,5,2026-05-30 23:34:28,Please remove gif picture search thats not aporopriate for children
Pengguna Google,5,2026-05-30 23:33:00,terbaik
Pengguna Google,5,2026-05-30 23:32:03,nice
Pengguna Google,5,2026-05-30 23:29:33,tidak iya iya
Pengguna Google,5,2026-05-30 23:28:03,sangat baik
Pengguna Google,2,2026-05-30 23:27:32,aneh sering keblok sendiri nomor saya
Pengguna Google,5,2026-05-30 23:25:56,"plis lah WhatsApp lu kenapa si, setiap gua ngirim Vidio selalu pecah gambar nya?di hd udah apa gunanya hd coba kalo Sam sekali ngga ngefek. bagusan juga WhatsApp yang dulu ga ada hd hd an gapernah pecah gambar nya."
Pengguna Google,5,2026-05-30 23:25:47,sangat memuaskan
Pengguna Google,5,2026-05-30 23:25:44,aplikasi ini memuaskan saya untuk mendapatkan game yg saya mau terimakasih yh..
Pengguna Google,5,2026-05-30 23:23:08,senang bisa komunikasi d whatsap. tau kanar teman saudara ❤️
Pengguna Google,1,2026-05-30 23:22:22,"wa saya tiba tiba ditinjau, dgn alasan tidak memakai wa resmi pdhl saya donwload di stroe lgsg aneh. dn gbs msuk lgi"
Pengguna Google,2,2026-05-30 23:21:53,tiba tiba ke blok mau mulihin no gak bisa apasih nih aplikasi mau nya
Pengguna Google,5,2026-05-30 23:19:46,bagusss banget skg
Pengguna Google,3,2026-05-30 23:17:41,bug translet gak bisa di download
Pengguna Google,5,2026-05-30 23:17:32,bagus
Pengguna Google,5,2026-05-30 23:15:02,bgus
Pengguna Google,1,2026-05-30 23:10:40,Saya tidak bisa menggunakan whatsapp karena nomor saya keluar sendiri dan tidak bisa di klarifikasi oleh whatsapp
Pengguna Google,5,2026-05-30 23:10:39,buat lebih efisien
Pengguna Google,5,2026-05-30 23:08:12,sangat bagus
Pengguna Google,4,2026-05-30 23:04:42,jika ganti perangkat susah atau lama terperipikasi
Pengguna Google,5,2026-05-30 23:04:19,whatsapp ini sangat berguna
Pengguna Google,5,2026-05-30 23:01:56,bagus bangettt jadi lebih bisa chetan sama besti
Pengguna Google,5,2026-05-30 23:00:20,sangat bagus memudhkan iteraksi y
Pengguna Google,5,2026-05-30 22:59:40,bagus
Pengguna Google,5,2026-05-30 22:57:42,anjay
Pengguna Google,1,2026-05-30 22:55:47,"update macem apa ini,vc jadi aneh.tolong segera perbaiki!!!"
Pengguna Google,1,2026-05-30 22:54:36,ok
Pengguna Google,5,2026-05-30 22:53:56,komang Radit abang marah zjZb
Pengguna Google,4,2026-05-30 22:53:55,lumayan lah
Pengguna Google,5,2026-05-30 22:48:41,bagus
Pengguna Google,5,2026-05-30 22:44:35,sangat membantu untuk bersilahturahmi bisnis dan lain lain
Pengguna Google,5,2026-05-30 22:43:36,terbaik
Pengguna Google,2,2026-05-30 22:43:28,sering lag lag
Pengguna Google,5,2026-05-30 22:43:17,WhatsApp ini membantu saya berkomunikasi dengan irang luar makasih
Pengguna Google,5,2026-05-30 22:43:04,good
Pengguna Google,5,2026-05-30 22:42:45,bguss
Pengguna Google,1,2026-05-30 22:42:24,realme C21
Pengguna Google,5,2026-05-30 22:39:39,"Napa sihh ni wa knp aku bikin sw tapi vd nya ga sampai habis!?!!,nyesell bgtt ngeupdate!!!!🙄👎🏻👎🏻"
Pengguna Google,5,2026-05-30 22:33:54,WhatsApp itu penting banget kalook di hp
Pengguna Google,5,2026-05-30 22:30:12,lebih baik di perketat lagi
Pengguna Google,5,2026-05-30 22:27:18,bagus
Pengguna Google,1,2026-05-30 22:19:03,minta poto kartu apa saya tidak punya kartu
Pengguna Google,5,2026-05-30 22:17:42,aplikasi sangat membantu dalam kehidupan sehari-hari
Pengguna Google,1,2026-05-30 22:13:58,"tolol.. kebijakan terbodoh.. wa pakek nomor hp baru dan mau mengabari kerabat dan teman"", malah di kira spam. alhasil wa dan nomorku angus.. lantas bagaimana cara mengabari semua teman dan kerabat ketika menggunakan nomor WA baru.. ? jabatan elit, otak sulit"
Pengguna Google,4,2026-05-30 22:10:50,knpa stl di-update WA saya tetap nggak bisa dibuka
Pengguna Google,5,2026-05-30 22:00:48,aplikasi ini sangat berguna untuk berkomunikasi jarak jauh
Pengguna Google,5,2026-05-30 21:51:58,sangat puas
Pengguna Google,2,2026-05-30 21:51:06,untuk komunikasi
Pengguna Google,5,2026-05-30 21:50:53,bagus
Pengguna Google,3,2026-05-30 21:50:21,panggilan video selalu putus2
Pengguna Google,5,2026-05-30 21:42:55,sangat penting
Pengguna Google,5,2026-05-30 21:38:08,Ok
Pengguna Google,5,2026-05-30 21:29:13,sangat terbantu
Pengguna Google,5,2026-05-30 21:27:53,Aplikasi sangat membantu dalam berkemunikas
Pengguna Google,5,2026-05-30 21:21:14,good app
Pengguna Google,5,2026-05-30 21:21:07,free
Pengguna Google,5,2026-05-30 21:21:06,Bagus
Pengguna Google,4,2026-05-30 21:18:34,Lumayan
Pengguna Google,5,2026-05-30 21:17:31,aktipkn
Pengguna Google,5,2026-05-30 21:16:40,bagus sudah tali efek nya tdk ad
Pengguna Google,1,2026-05-30 21:12:16,error
Pengguna Google,5,2026-05-30 21:01:38,mantap cuyyyyyyy
Pengguna Google,5,2026-05-30 20:58:22,keren
Pengguna Google,5,2026-05-30 20:52:19,goodluck
Pengguna Google,5,2026-05-30 20:48:35,sangat membantu
Pengguna Google,5,2026-05-30 20:38:11,Ok
Pengguna Google,5,2026-05-30 20:35:05,handphone saya Ter restart pabrik dan saya tidak bisa login karena WhatsApp meminta kode otp dari perangkat lama
Pengguna Google,1,2026-05-30 20:34:08,"saya tidak suka dengan vitur baru di wa yang vidio call nya, kembalikan seperti duluu"
Pengguna Google,1,2026-05-30 20:28:17,perbaikin soal Sw masa vidio 1080p jadi buram gak karuan tulisan gak kebaca serasa kaya vidio bokep aja d sensor sensor perbaiki segera
Pengguna Google,5,2026-05-30 20:21:51,Oke
Pengguna Google,5,2026-05-30 20:21:07,Hhu
Pengguna Google,5,2026-05-30 20:18:38,nice
Pengguna Google,4,2026-05-30 20:17:38,terimakasih
Pengguna Google,2,2026-05-30 20:12:59,Lama donlod
Pengguna Google,1,2026-05-30 20:05:56,nomor saya tiba-tiba keblokir tanpa sebab
Pengguna Google,5,2026-05-30 20:02:37,cadang WhatsApp messenger gratis
Pengguna Google,5,2026-05-30 20:02:26,Sangat membantu sekali
Pengguna Google,5,2026-05-30 20:01:21,maap saya tidak bisa membuka whatsap
Pengguna Google,1,2026-05-30 19:49:27,Halo Whatsaap kenapa akun saya seLaLu kena tinjau
Pengguna Google,3,2026-05-30 19:40:11,lumayan
Pengguna Google,5,2026-05-30 19:33:29,WhatsApp sangat membantu saya
Pengguna Google,2,2026-05-30 19:30:46,KEBANYAKANNN KENONN ANJNGG ILANGINN LAHH SPAMM DOANG KENAA BATASSS EMANGG BELI KARTU MURAH HAHH IDIOTTT
Pengguna Google,5,2026-05-30 19:28:56,pinda kan uang ke dana
Pengguna Google,5,2026-05-30 19:28:17,"kenapa wa saya minta verifikasi terus? stelah saya masukkan nomer, blk lg minta verifikasi. dan itu bberulang terus sp akhirnya wa sy tdk bs di buka...."
Pengguna Google,1,2026-05-30 19:25:57,"Knp wa saya kalo seseorng di arsip, lalu pas mereka balas pesan lg tidak masuk branda wa tetapi masuk notifikasi, setelah di klik dr notifikasi ada chtnya, jika sudah keluar room cht, tidak ada profilnya lg dan chtnya yg muncul baik di arsip maupun di beranda"
Pengguna Google,5,2026-05-30 19:24:43,mantap
Pengguna Google,5,2026-05-30 19:24:03,puas
Pengguna Google,5,2026-05-30 19:20:45,kebijakan wasap ini bagai mana wasap gak bisa di buka tolong bagai mana biar bisa di pake lagi
Pengguna Google,5,2026-05-30 19:17:49,oke
Pengguna Google,4,2026-05-30 19:17:28,"aplikasi sudah cukup bagus dan update,tapi kanapa selalu kena blokir?apa itu salah satu updstean WhatsApp?sumpah sekarang WhatsApp jelek banget, bales chat aja sampe ke blokir,saya kurir paket sampe kesusahan kalau gini"
Pengguna Google,5,2026-05-30 19:17:02,email dan nomor hp semua milikku sendiri atas nama data pribadi saya
Pengguna Google,5,2026-05-30 19:11:36,sangat bagus
Pengguna Google,5,2026-05-30 19:10:42,Good
Pengguna Google,5,2026-05-30 19:10:14,bagus
Pengguna Google,3,2026-05-30 19:08:52,luar biasa sangat 👍
Pengguna Google,5,2026-05-30 19:06:21,sangat baik
Pengguna Google,5,2026-05-30 19:00:39,cakep
Pengguna Google,1,2026-05-30 18:53:37,PT Arta prigel
Pengguna Google,1,2026-05-30 18:52:20,"tolong ni ye atmin peka dikit, kalo ngepost status/ngirim ke orang lain jangan di kompres,jadi buriq 8 bit pula,mohon di pertimbangkan karena sangat meresahkan dikira grafik kartel jadinya."
Pengguna Google,5,2026-05-30 18:50:58,bagus sangat bergunanya
Pengguna Google,3,2026-05-30 18:46:59,baik
Pengguna Google,1,2026-05-30 18:45:37,berapa banyak lagi saya dan orang lain mengganti nomor telfon untuk memenuhi kebijakan bodoh ini? Tolong dijawab?
Pengguna Google,5,2026-05-30 18:40:59,tolong
Pengguna Google,2,2026-05-30 18:36:35,tolong fitur kamera pas vc jangan miror
Pengguna Google,5,2026-05-30 18:30:32,buka
Pengguna Google,1,2026-05-30 18:29:52,"bang meta benerin bug pas nelpon suaranya sudah hilang,kalo sudah di benerin aku janji bakal kasih bintang 5, oh iya btw sinyal ku udah bagus jadi jangan bilang kalo sinyal ku burik makanya suaranya bisa hilang..."
Pengguna Google,5,2026-05-30 18:28:59,aplikasi bisa d gunakan dengan baik
Pengguna Google,5,2026-05-30 18:28:02,Sangatbagus
Pengguna Google,5,2026-05-30 18:27:40,di tinjauw terus
Pengguna Google,4,2026-05-30 18:25:37,bagussss tp filtur wa nya sekarang error banget tolong di diperbaiki
Pengguna Google,5,2026-05-30 18:19:56,hm keren
Pengguna Google,1,2026-05-30 18:17:32,makin update makin kacau
Pengguna Google,5,2026-05-30 18:15:47,di aku belum ada filter saat panggilan video
Pengguna Google,2,2026-05-30 18:12:51,m3 makin anehh
Pengguna Google,2,2026-05-30 18:09:27,makin di update semakin ngaco
Pengguna Google,3,2026-05-30 18:09:06,min tambahin fitur kick orang dari saluran pls
Pengguna Google,2,2026-05-30 18:08:33,di nomer saya kenapa susah kebukanya
Pengguna Google,1,2026-05-30 18:04:35,"masa aku Nga ngapa ngapain wa aku ke kenon mana langsung ke kenon permanent lagi isinya banyak kenangan semua,harus beli kartu baru hadehh"
Pengguna Google,2,2026-05-30 18:04:24,halo min KNPA skrng vitur vc d WhatsApp seprti blank ngelag dan muka kita JD GK ada ketika d pencet kamera tolong d perbaiki
Pengguna Google,5,2026-05-30 18:03:51,ssa
Pengguna Google,3,2026-05-30 18:01:54,ok dech
Pengguna Google,1,2026-05-30 18:00:44,"buat fitur yang jelas lah, masa pas vc klik layar mau besarkan kamera kita tiba tiba error gak bisa di balikan lagi"
Pengguna Google,5,2026-05-30 18:00:16,sungguh sangat membatu saya dan sangat aman
Pengguna Google,5,2026-05-30 17:59:57,ok
Pengguna Google,2,2026-05-30 17:59:41,"apasih knp wa ku sukak kl terapos sndiri cetan cetanny, tbtb keriset sndiri, cetancetan lm teapos smua, kobtolah whatsap"
Pengguna Google,1,2026-05-30 17:58:30,kontak tiba tiba hilang
Pengguna Google,5,2026-05-30 17:52:06,bagus
Pengguna Google,1,2026-05-30 17:52:02,fitur foto sementara ilangin aja. ganggu
Pengguna Google,1,2026-05-30 17:51:24,"banyak bug nya sekarang, lagi penting'nya whatsapp buat kerja, sadapan perangkat pendamping sering log out sendiri, kadang suka force close terus menerus karena perangkat pendamping log out tanpa sebab"
Pengguna Google,5,2026-05-30 17:50:04,Bagus
Pengguna Google,3,2026-05-30 17:43:36,"tiba tiba tidak bisa dibuka padahal tidak dipakai sembarangan,kadang mau kirim tidak bisa kirim pesan."
Pengguna Google,5,2026-05-30 17:40:17,bagus
Pengguna Google,5,2026-05-30 17:38:55,Sangat membantu
Pengguna Google,1,2026-05-30 17:37:33,"buruk, kenapa mau login wa aja dipersulit??? bangke emg wa ini"
Pengguna Google,4,2026-05-30 17:35:08,Dini rohani Jun
Pengguna Google,5,2026-05-30 17:32:02,Ok
Pengguna Google,5,2026-05-30 17:31:40,bagus
Pengguna Google,1,2026-05-30 17:29:30,kau bikin ayangku cedih karna kau ilangin chat nya wa sialan
Pengguna Google,3,2026-05-30 17:25:21,knp wa saya jadi kayak wa jadul? padahal udah update.
Pengguna Google,4,2026-05-30 17:24:14,Bagus 👍
Pengguna Google,5,2026-05-30 17:21:56,saya suka
Pengguna Google,3,2026-05-30 17:21:28,aneh bgt tau2 wa gua dibatasi.
Pengguna Google,1,2026-05-30 17:20:37,"bug vc, cepet benerin"
Pengguna Google,1,2026-05-30 17:11:42,makin eror ketika vc an dan mau perbesar muka sendiri malah cekkak makin ga enak tolong diperbaiki
Pengguna Google,5,2026-05-30 17:10:54,Sangat membantu
Pengguna Google,5,2026-05-30 17:10:49,sya TDK mendapatkan kode ferivikasi 6 digit sya
Pengguna Google,5,2026-05-30 17:09:50,bagus
Pengguna Google,5,2026-05-30 17:04:00,wa aku error
Pengguna Google,5,2026-05-30 17:02:27,Ws mmgteebaij
Pengguna Google,5,2026-05-30 17:01:40,kenapa no saya tidak bisa di daptarkan
Pengguna Google,3,2026-05-30 17:00:53,kontak udah di save pas update malah hilang
Pengguna Google,1,2026-05-30 17:00:27,makin update makin bnyak bugnya🗿 cihhh
Pengguna Google,1,2026-05-30 16:59:54,"untuk tim WhatsApp jangan kebanyakan nambahin fitur baru dulu kalo bug masih banyak,di mulai dari bug terkena spam ada banyak orang yang sama sekali tidak melakukan spam tapi masih terdeteksi oleh bot alasan nya melakukan spam,padahal tidak sama sekali melakukan yang nama nya Spam chat sooo + bug verify merah alias saya kemaren baru membeli kartu baru dan mendaftar kan no tersebut tapi tidak bisa alasan di suruh makek WhatsApp resmi padahal aplikasi yang saya pakai tersebut resmi dari play store"
Pengguna Google,5,2026-05-30 16:59:49,ok
Pengguna Google,5,2026-05-30 16:59:13,terima kasih
Pengguna Google,1,2026-05-30 16:58:45,kalo bikin sw kenapa jadi burem
Pengguna Google,5,2026-05-30 16:57:16,sangat baik
Pengguna Google,1,2026-05-30 16:55:31,kenapa vc nya sering eror diperbarui
Pengguna Google,5,2026-05-30 16:54:39,Sangat bagus
Pengguna Google,1,2026-05-30 16:54:25,halo tim dukungan whatsapp saat ini akun whatsapp saya memerlukan aplikasi versi Resmi padahal saya telah menggunakan aplikasi versi resmi mohon tinjau akun saya segera selesaikan masalah ini
Pengguna Google,2,2026-05-30 16:53:40,suara lawan bicara nggk jelas.. burem padahl sinyal bagus
Pengguna Google,5,2026-05-30 16:52:50,😁
Pengguna Google,2,2026-05-30 16:49:30,bug chat wa telat muncul woi 💢
Pengguna Google,5,2026-05-30 16:48:37,sangat baguus
Pengguna Google,5,2026-05-30 16:48:24,assalamualaikum warahmatullahi
Pengguna Google,5,2026-05-30 16:43:35,kalau bisa ditingkatkan lagi soal keamanan
Pengguna Google,5,2026-05-30 16:40:30,bagus
Pengguna Google,5,2026-05-30 16:35:03,aplikasi nya baguss...
Pengguna Google,5,2026-05-30 16:34:52,Fitur nya sangat bagus
Pengguna Google,5,2026-05-30 16:34:00,yo WhatsApp! too much gasi kalo aku minta fitur arsip status?? kalo bisa yg udh kadaluarsa alias yg udh luamaa juga adain lagi plss (ngelunjak) jujur kangen dan penasaran se-alay apa diriku dulu membuat sw wkwk
Pengguna Google,4,2026-05-30 16:32:46,Mantap
Pengguna Google,1,2026-05-30 16:30:59,buat apa bio WhatsApp di kasi timer?
Pengguna Google,1,2026-05-30 16:30:42,jllek
Pengguna Google,4,2026-05-30 16:30:20,mantap
Pengguna Google,5,2026-05-30 16:26:52,kenapa ya saat Videocall gabisa pakai kamera depan gimana cara agar bisa kamera depan
Pengguna Google,5,2026-05-30 16:24:39,baik menarik tapi sayang motif yang dulu aku sering tunggu dah gada dah bahagia Sam pilihan nya jangan pernah jadi pelangi buat orang yang buta warna tapi jadilah petir untuk melengkapi alur cerita nya ingat sebaik apapun kita di dalam kisah dan cerita itu tetap saja di matanya kita lah penjahatnya lebih baik undur diri lalu sadar diri memperbaiki diri dari pada bertahan tapi tak kunjung di hargai 😌😊
Pengguna Google,3,2026-05-30 16:23:45,"whatsap eror kamera ya pas video call, gk bisa ganti posisi saat video call."
Pengguna Google,5,2026-05-30 16:23:43,nice
Pengguna Google,5,2026-05-30 16:23:00,👍
Pengguna Google,1,2026-05-30 16:19:52,buruk
Pengguna Google,1,2026-05-30 16:17:38,"WhatsApp tolol, gara-gara logout sendiri data jadi ilang semua, kasih peringatan biar ada waktu backup data dulu kek..👎👎👎👎👎"
Pengguna Google,1,2026-05-30 16:17:19,fitur vc nya ngelag Mulu pas bagian mau pindah² muka kita sama lawan call gabisa malah double
Pengguna Google,5,2026-05-30 16:16:54,ok
Pengguna Google,5,2026-05-30 16:16:38,sangat puas
Pengguna Google,5,2026-05-30 16:15:59,mantap
Pengguna Google,1,2026-05-30 16:13:52,"Halo WhatsApp, mohon hadirkan fitur verifikasi via email. Banyak pengguna, termasuk saya, kehilangan akses akun karena nomor HP sudah Mati. Padahal di dalamnya ada chat mantan dan memori berharga yang tidak tergantikan. Tolong kebijakannya agar data kenangan pengguna bisa diselamatkan tanpa harus bergantung pada nomor telepon. Terima kasih"
Pengguna Google,5,2026-05-30 16:13:40,Keren sih
Pengguna Google,5,2026-05-30 16:12:30,sangat membantu
Pengguna Google,1,2026-05-30 16:12:22,Kenapa watsapp tidak bisa dipakai pakai data celuler?
Pengguna Google,5,2026-05-30 16:12:16,"developer yang terhormat, saya puas menggunakan WhatsApp , tapi tolong tambahkan saat update nanti ,kita upload story tampilkan berapa kali orang yang memutar vidio story tersebut"
Pengguna Google,1,2026-05-30 16:10:24,"fitur vc nya kock, bnrin lgi ni."
Pengguna Google,5,2026-05-30 16:09:30,mantf
Pengguna Google,5,2026-05-30 16:04:44,aplikasi yg membantu
Pengguna Google,5,2026-05-30 16:04:37,Luar biasa
Pengguna Google,1,2026-05-30 16:03:08,Sangat bagus ✌🏿✌🏿
Pengguna Google,2,2026-05-30 16:03:02,"kenapa wa tiba"" loguot sendiri...pesan yg simpen d arsip semua hilang.."
Pengguna Google,1,2026-05-30 16:01:06,wa nyuru updt tapi ga bisa di updt gimana si sistemnya
Pengguna Google,5,2026-05-30 16:00:15,mantapss loveee
Pengguna Google,5,2026-05-30 16:00:10,sangat baik
Pengguna Google,5,2026-05-30 15:58:03,sangat memudahkan saya
Pengguna Google,5,2026-05-30 15:57:56,baik
Pengguna Google,1,2026-05-30 15:57:50,"ini kenapa wa saya tbtb keluar trs dri apk dan ada tulisan ""WhatsApp terus berhenti . tolong gmn cra ngatasinnya"
Pengguna Google,4,2026-05-30 15:57:47,sangat mantap tapi saya ga bisa login ke whatsapp nya
Pengguna Google,5,2026-05-30 15:56:54,mantap
Pengguna Google,5,2026-05-30 15:56:20,"Halo dukungan WhatsApp,saya salah satu pengguna WhatsApp Sayangnya akun WhatsApp saya telah Diblokir saya maap telah menginstal aplikasi pihak Thard karena kesalahan. SAYA MEMINTA UNTUK MEMBUKA BLOKIR AKUN SAYA. Terimakasih."
Pengguna Google,5,2026-05-30 15:53:05,ok
Pengguna Google,1,2026-05-30 15:53:00,parah... tibatiba akun tautan logout sendiri. dan semua media ikut kehapus
Pengguna Google,5,2026-05-30 15:49:00,bagus
Pengguna Google,1,2026-05-30 15:48:59,kenapa akun saya tidak bisa masuk
Pengguna Google,5,2026-05-30 15:48:10,menenangkan
Pengguna Google,5,2026-05-30 15:48:04,"whatsApp tidak bisa masuk hanya memuat terus, apa solusinya?"
Pengguna Google,1,2026-05-30 15:47:58,"gajelas kenapa hrus ada iklan aneh, ntah apa maksudnya berlangganan gajelas bgt sok Iya bgt!!"
Pengguna Google,1,2026-05-30 15:47:54,gak bisa di pake di HP baru
Pengguna Google,5,2026-05-30 15:47:28,ok
Pengguna Google,5,2026-05-30 15:46:45,tolong perbaiki aplikasi whatsApp ko punya saya ga bisa Mulu whatsApp nya
Pengguna Google,2,2026-05-30 15:46:20,sedikit kata semakin menelan kuota bkn semakin efisien justru tambah semakin borossss itu buruk!1
Pengguna Google,5,2026-05-30 15:46:08,"Halo, Saya ingin mengajukan banding mengenai akun WhatsApp saya yang dibayasi secara tidak adil, Saya merasa tidak pernah melanggar ketentuan apapun di WhatsApp. Tolong tinjau akun saya dan segera selesaikan masalah ini."
Pengguna Google,5,2026-05-30 15:44:57,bagus
Pengguna Google,1,2026-05-30 15:44:34,Burukk terlalu banyak iklan dan sering bug
Pengguna Google,3,2026-05-30 15:43:18,cara memulih kan numur yang terhapus...dihpe saya...
Pengguna Google,1,2026-05-30 15:42:42,enak
Pengguna Google,1,2026-05-30 15:42:27,"udah jelek banget orang yang di private tetap bisa liat sw kita, trus kita ngga bisa ss in nomor orang, ngga bisa kasi liat nama nya apa yang kita sv in kedia,kaya dia itu ngeprivate yang ngga perlu tapi yang perlu di private malah ngga di private, vc nya jga suka ngelag, pkoknya wa skrng jelek bgt, coba aja story munculin fitur boleh ss in story dan ngga nya psti bgs bgt trus bisa in ss nomor atau ngga pp atau ngga biar org tu bisa nentuin privasinya sendiri, trus ketatin juga privasinya gitu"
Pengguna Google,5,2026-05-30 15:40:09,itu guna nya buat apa? jsvshe ehehegejesssvsjs hiv hsbsvehsv xoxox Krista Jackson dioxide dioxide audits iconic Australasia's kakakakakakkaaka Alaskans Arkansas Arkansas arkans Giffgaff Google Google maps jjjjjj kickboxing focus icon Lubbock king know king king know king knock knob LVMH knock knock McDonald o padlocks official judicious iconic judicial Nvidia tic music no knock music
Pengguna Google,1,2026-05-30 15:40:02,saya tidak bisa menambah kontak orang
Pengguna Google,5,2026-05-30 15:38:31,sangat bagus
Pengguna Google,1,2026-05-30 15:38:23,jelek
Pengguna Google,1,2026-05-30 15:37:01,"bintang setengah aja, kurang pengawasan yang buat aplikasi. mass iyaa kalo call sukaa mati mati sendiri."
Pengguna Google,1,2026-05-30 15:34:38,fitur vc ny jadi mengesalkan tolong kalau mau memperbaiki fitur itu ngotak - ngotak yaa tolong untuk bagian pengembangan
Pengguna Google,5,2026-05-30 15:34:25,Baguss Tapi mines nya di penyimpanan aja sihh😅
Pengguna Google,5,2026-05-30 15:33:58,bagus buat vidio call vc sama kluarga
Pengguna Google,5,2026-05-30 15:32:36,mantap all good
Pengguna Google,5,2026-05-30 15:30:11,bagus sekali
Pengguna Google,5,2026-05-30 15:29:47,sangat bagus
Pengguna Google,5,2026-05-30 15:28:20,AlBlB
Pengguna Google,4,2026-05-30 15:27:27,aplikasi yang sangat menarik
Pengguna Google,5,2026-05-30 15:26:48,sangat membantu
Pengguna Google,5,2026-05-30 15:26:37,sangat puas
Pengguna Google,1,2026-05-30 15:25:15,bug saat video call
Pengguna Google,2,2026-05-30 15:23:52,"hapus fitur baru video call, saya jadi ga bisa memperbesar video saya karena fitur baru itu, sangat mengganggu"
Pengguna Google,5,2026-05-30 15:23:39,enggak bisa nginstal kenapa watshap
Pengguna Google,5,2026-05-30 15:23:20,bagus
Pengguna Google,3,2026-05-30 15:23:12,kembalikan vitur AVATAR
Pengguna Google,5,2026-05-30 15:21:49,"keluarin fitur hapus followers saluran, jadi orang orang yang masuk saluran kita bisa dikeluarkan dri salurab trsbt"
Pengguna Google,5,2026-05-30 15:19:21,ok
Pengguna Google,3,2026-05-30 15:19:15,kurang bagus
Pengguna Google,1,2026-05-30 15:16:19,"wa setan, orang wa ga di apa' in tetiba keriset sendiri stres"
Pengguna Google,1,2026-05-30 15:15:27,saya memang menggunakan WhatsApp sejak lama tetapi ada satu yg membuat saya sangat kecewa yaitu aku saya terbelokir sendiri alasan nya akun saya tidak resmi katanya padahal saya sudah memakai WhatsApp sejak lama kenapa tiba tiba diblokir tolong ya WhatsApp perbaiki persalahan ini dan saya ingin meminta akun saya pulihkan la karena saya juga butuh WhatsApp buat komunikasi terimakasih
Pengguna Google,5,2026-05-30 15:14:43,mantap
Pengguna Google,1,2026-05-30 15:11:36,Sistem WhatsApp sekarang suka banned orang secara sembarangan padahal baru buka WhatsApp saja sudah dianggap spam mohon fitur banned dihapus saja saya hanya chat teman saya yang udah ku save karena ingin memberitahukannya bahwa saya ganti nomor tapi kenapa pas saya save malah terkena banned WhatsApp WhatsApp memang tolol semuanya serba ai
Pengguna Google,5,2026-05-30 15:11:27,Wehatsapp saya tidak bisa aktip sy kurang paham
Pengguna Google,5,2026-05-30 15:10:31,sangat tidak puasaa😂
Pengguna Google,5,2026-05-30 15:10:26,ok...mantap
Pengguna Google,4,2026-05-30 15:09:35,bagus
Pengguna Google,5,2026-05-30 15:09:34,suka
Pengguna Google,5,2026-05-30 15:09:16,Hapus Gif conten Porno
Pengguna Google,3,2026-05-30 15:08:43,bagus
Pengguna Google,1,2026-05-30 15:06:53,TAHUN MAKIN MAJU APKNY KEK HEWAN!!!!
Pengguna Google,1,2026-05-30 15:05:57,"update nya lama, banyak fitur yang tidak ada di ponsel saya"
Pengguna Google,1,2026-05-30 15:05:53,tiba tiba wa saya terhapus
Pengguna Google,5,2026-05-30 15:04:18,1234 Kurdi
Pengguna Google,5,2026-05-30 15:04:13,Terbaik
Pengguna Google,1,2026-05-30 15:03:33,fitur makin gajelas kalau vc malah kaya nge bug gabisa liat muka sendiri gajelas fitur nya
Pengguna Google,4,2026-05-30 15:02:55,Gak bisa Telp
Pengguna Google,5,2026-05-30 15:01:07,kenapa gak bisa
Pengguna Google,1,2026-05-30 14:59:56,DON'T LIKE
Pengguna Google,1,2026-05-30 14:56:14,banyak bug
Pengguna Google,1,2026-05-30 14:56:05,uda di update belum ada tanda-tanda pembaruan aplikasi
Pengguna Google,1,2026-05-30 14:55:22,apk tll masa habis kenon verifikasi tapi kode kgk masuk masuk
Pengguna Google,5,2026-05-30 14:55:12,is the best
Pengguna Google,5,2026-05-30 14:54:42,"sengaja saya kasih bintang lima biar tau bug nya, saya ngechat cewe centang dua gak dibales bales tolong dibenerin dong bug nya"
Pengguna Google,5,2026-05-30 14:53:50,beri saya agar aman di akun wa saya
Pengguna Google,5,2026-05-30 14:52:37,napa kamera nya pas kita pencet muka kita malah lengket kenapa nih perbaikki lah min
Pengguna Google,1,2026-05-30 14:52:35,masa setiap hari kenak kenon hadeh
Pengguna Google,1,2026-05-30 14:52:06,SKRG PRIVASI SW BUAT ORG TP MALAH KAGA KEPRIVASI KOCAKKKKKKKKK
Pengguna Google,1,2026-05-30 14:50:03,whatsapp makin kesini bug nya makin bnyak
Pengguna Google,3,2026-05-30 14:47:45,"ada bug minn, saya lagi vc dengan teman saya, terus ketika saya ingin mengalihkan kamera ke diri saya (menukar posisi kamera dari wajah teman saya ke wajah saya), seketika ituu kamera nya nge-lag, dan layar wajah teman saya ga bergerak sama sekali di layar hp saya, ini bukan terjadi di saya saja melainkan rata rata user WhatsApp lainnya, tolong secepatnya di perbaiki admin yg baik hati dan fast respon."
Pengguna Google,2,2026-05-30 14:46:02,kenapa sekarang banyak bug nya sih? pas vc apalagi
Pengguna Google,5,2026-05-30 14:44:50,kok di aku gak ada efeknya
Pengguna Google,1,2026-05-30 14:43:52,Apa bisa wa lg.
Pengguna Google,5,2026-05-30 14:42:00,Aplikasi ini bagus
Pengguna Google,4,2026-05-30 14:40:33,baru nyampe blm dipakai
Pengguna Google,5,2026-05-30 14:40:09,"mengapa sekarang tidak bisa menyalin Teks,dan gk bisa di edit ya"
Pengguna Google,3,2026-05-30 14:39:21,nge bug terus aneh banget tolong di perbaiki pas vc kamera nya error
Pengguna Google,5,2026-05-30 14:39:06,i like it whatsapp
Pengguna Google,5,2026-05-30 14:38:17,baguss^^
Pengguna Google,5,2026-05-30 14:38:16,Bagus
Pengguna Google,5,2026-05-30 14:37:19,ok
Pengguna Google,5,2026-05-30 14:36:19,Sangat puas dan Dan Cepat
Pengguna Google,5,2026-05-30 14:35:39,bagus
Pengguna Google,5,2026-05-30 14:35:21,bagus
Pengguna Google,5,2026-05-30 14:33:42,semoga fitur WhatsApp menjadi lebih baik lagi 👍👍👍
Pengguna Google,5,2026-05-30 14:33:10,saya suka
Pengguna Google,1,2026-05-30 14:32:27,Setiap 1 bulan sekali harus updat
Pengguna Google,1,2026-05-30 14:31:55,kenapa waktu vc memperbesar wajah sendiri malah seperti eror
Pengguna Google,1,2026-05-30 14:30:32,bola
Pengguna Google,4,2026-05-30 14:30:02,"kembaliin wa yang dulu plis, sekarang klo vc selalu ngebag tpi klo di klik layarnya gerak intinya gerak' nya di layar kecil aja klo layar tampilan yg besar ngebag 😞"
Pengguna Google,5,2026-05-30 14:28:12,mantap bngt meta ai nya
Pengguna Google,4,2026-05-30 14:27:36,Error didik jari kunci tidak bisa di pakai
Pengguna Google,5,2026-05-30 14:27:29,Bagus
Pengguna Google,1,2026-05-30 14:26:49,"Aplikasi stress, jangan download, sya cuman chatan di group tiba² kena tinjau, sya gakk melanggar apapun, udah lebih dari 3x sya begitu"
Pengguna Google,5,2026-05-30 14:26:36,WhatsApp Messenger Luar biasa baguss untuk pengguna..
Pengguna Google,4,2026-05-30 14:25:59,bagus sekali
Pengguna Google,4,2026-05-30 14:24:22,ok
Pengguna Google,2,2026-05-30 14:24:13,kenapa kontak nya gak singkron sama wa ya ada yang sama ga sih ? buat singkon nya gimana tolong soal nya no nya double terus gak ada no nya itu kenapa yaa
Pengguna Google,5,2026-05-30 14:22:56,Oke
Pengguna Google,4,2026-05-30 14:21:41,aplikasi nya sangat seru
Pengguna Google,5,2026-05-30 14:21:31,mantap
Pengguna Google,1,2026-05-30 14:20:29,WhatsApp kenapa si sayah mau pasang sw ga bisa malah ada tanda ngulagi dan merah ga jelas ah jadi gw kasi bintang 1 😡😡😡😡😡😡😡😡😡😡
Pengguna Google,4,2026-05-30 14:20:18,"hai whatsapp! aku mau kasih saran sedikit, kalau bisa adain fitur HD di status wa. karena setiap saya buat sw di galeri hasilnya jernih pas masuk sw langsung blur parah, apa lagi kalau kita mau memposting ulang sw teman saya yang mengtag saya itu hasilnya blur and pecah bangett. tolong di perbaiki di bagian sw sama jangan perbanyak update ya whatsapp, tapi untuk semua kegunaan wa bagus sih, berguna juga buat komunikasi sama keluarga and teman-teman, thank u!"
Pengguna Google,1,2026-05-30 14:19:35,"e min, kok. telpon saya dimati matiin terus ya kalo lagi telponan? kenapa nyak, jangan ke gitu lah min. saya lagi ketawa tawa masa mati telpon nya, kan saya jadi kayak orgil"
Pengguna Google,5,2026-05-30 14:19:03,i love you
Pengguna Google,4,2026-05-30 14:18:09,knp ya sticker yang aku simpen suka tiba-tiba ilang?
Pengguna Google,1,2026-05-30 14:15:59,kenapa besar sekali memakan penyimpanan
Pengguna Google,5,2026-05-30 14:15:15,enak bisa telponan vc kita ldr an juga kita disa vc di whatsap ini
Pengguna Google,1,2026-05-30 14:14:52,wa kacau hari ini setiap vc ganti layar stak ga bisa gerak
Pengguna Google,5,2026-05-30 14:12:53,sangat luar biasa
Pengguna Google,5,2026-05-30 14:12:48,"kadang bermasalah,, tolong di perbaiki lgi,, dan buat fiturnya menjadi lbih konsisten,"
Pengguna Google,5,2026-05-30 14:12:27,BUJANGGG
Pengguna Google,4,2026-05-30 14:11:20,baru login dah seruu
Pengguna Google,5,2026-05-30 14:10:16,Bagus
Pengguna Google,5,2026-05-30 14:09:32,whatsapp nya ga mau
Pengguna Google,5,2026-05-30 14:08:53,good
Pengguna Google,5,2026-05-30 14:08:05,mantap
Pengguna Google,5,2026-05-30 14:07:30,bagus tpi ga bsa di update
Pengguna Google,1,2026-05-30 14:07:12,"kenapa sih sekarang VC jadi sering lag,kalo mau besar kecilin bagian wajah selalu nge lag,gak suak"
Pengguna Google,5,2026-05-30 14:06:45,sangat bagus
Pengguna Google,5,2026-05-30 14:06:28,nice
Pengguna Google,1,2026-05-30 14:05:21,"WhatsApp ku kenapa ga update terbaru yaa masih lama terakhir update 16 des 2024, efek belum muncul kalau vc, trus Wallpaper pink trus meta AI belum ada samsek, juga wa ku eror kalau mau buat story misal udah kupilih ftonya trus edit privasi gak kesimpen harusnya di atur dlu privasinya baru pilih foto gimana siii bikin bete ajaa dehhh"
Pengguna Google,5,2026-05-30 14:03:40,sangat baik dan membantu
Pengguna Google,5,2026-05-30 14:03:11,mantap
Pengguna Google,1,2026-05-30 14:02:42,"saya kasih bintang satu karena tadi setelah di-update entah karena apa tiba-tiba akun keluar. moga aja hanya bug, karena itu akun penting. tapi bugnya jangan lama-lama dan sekiranya akun pengguna tetap aman"
Pengguna Google,5,2026-05-30 14:02:41,simple aja
Pengguna Google,5,2026-05-30 14:02:22,Yaman seru menyenangkan dan lain nya
Pengguna Google,3,2026-05-30 14:01:24,anjirrr nge bug muluuuuuu
Pengguna Google,5,2026-05-30 14:01:11,goood
Pengguna Google,5,2026-05-30 14:00:17,kren
Pengguna Google,1,2026-05-30 14:00:04,jelek
Pengguna Google,5,2026-05-30 13:59:33,sangat bagus
Pengguna Google,5,2026-05-30 13:59:21,sangat seru
Pengguna Google,5,2026-05-30 13:58:25,bagus
Pengguna Google,4,2026-05-30 13:57:25,bagus
Pengguna Google,1,2026-05-30 13:55:25,wa saya tidak bisa digunakan
Pengguna Google,5,2026-05-30 13:55:05,mantapz seklai
Pengguna Google,5,2026-05-30 13:55:00,mantap
Pengguna Google,5,2026-05-30 13:54:51,Ketuk pada klip untuk menempelnya pada kotak teks.
Pengguna Google,5,2026-05-30 13:53:17,bagus puaas
Pengguna Google,4,2026-05-30 13:52:46,manttttttttttttapppp pokokkkkkkxxx
Pengguna Google,1,2026-05-30 13:51:43,"sw blurr anjr benerin cok, gua cape cape nge hdin pas masuk sw langsung pecah anj perbaikin lah muak gua"
Pengguna Google,4,2026-05-30 13:51:34,bagusss
Pengguna Google,3,2026-05-30 13:50:59,"stuck di logo Whatsapp tidak bisa masuk padahal sudah diupdate nunggu lama tiba2 keluar sendiri, tolong dong segera diperbaiki, sangat mengganggu kenyamanan saat sedang membutuhkan seperti ini."
Pengguna Google,5,2026-05-30 13:50:13,sangat baik
Pengguna Google,1,2026-05-30 13:49:09,kalo vc sering eror tolong diperbaiki
Pengguna Google,5,2026-05-30 13:48:50,say yess
Pengguna Google,1,2026-05-30 13:48:28,hama gampang ke band baperan masa baru 3 chat doang ke band
Pengguna Google,5,2026-05-30 13:48:04,baik
Pengguna Google,5,2026-05-30 13:47:44,wa saya tidak bisa dibuka karna muncul notifikasi info aplikasi dan tutup aplikasi tolong dihilangkan
Pengguna Google,5,2026-05-30 13:47:44,sangat bagus
Pengguna Google,5,2026-05-30 13:47:39,nasrulloh
Pengguna Google,5,2026-05-30 13:47:19,"Mengapa di hp Oppo A3S saya, sering peninjauan akun. Tolong bantuannya"
Pengguna Google,1,2026-05-30 13:47:14,"mesti keri update, ga suka"
Pengguna Google,4,2026-05-30 13:44:04,cepet bgt update baru saja minggu kemarin tapi tidak apa-apa yg penting lancar
Pengguna Google,5,2026-05-30 13:43:38,Ok
Pengguna Google,5,2026-05-30 13:43:35,app ini sangat membantu dan mudah di gunakan terimakasih
Pengguna Google,5,2026-05-30 13:42:35,belum di coba
Pengguna Google,5,2026-05-30 13:39:54,whatsApp Messenger sangat di butuhkan karena sangat mudah untuk berkomunikasi.
Pengguna Google,1,2026-05-30 13:37:51,"saya kecewaa bgtt sama aplikasi wa sekarang susahh bangett anjirrr bikin emosi, masa kode verifikasi nya ga nyampe2 ke SMS saya trus di suruh nunggu sampe 24jam ga mikir bangtt, tolongg ubah lagiiii ga ush nunggu sampe 24jam org yang mau berkomunikasi susah, jawabb gaa kalo ngga awas aja saya udah nangiss berkali kali gara2 WhatsApp ini bikin pusingg tolong kalo masukan kode ke SMS saya dengan mudah"
Pengguna Google,5,2026-05-30 13:37:37,asik
Pengguna Google,5,2026-05-30 13:35:38,WhatsApp nya bagus bisa buat chatan bagus sekali tapi tolong dong kode nya itu gak bisa muncul² gimana nyak
Pengguna Google,5,2026-05-30 13:35:34,bagus sekali
Pengguna Google,3,2026-05-30 13:34:12,"josjos,ak mls ngsi 5 bntng ak pelit"
Pengguna Google,5,2026-05-30 13:34:04,Sangat puas
Pengguna Google,5,2026-05-30 13:33:16,bagus
Pengguna Google,5,2026-05-30 13:33:13,sangat cocok untuk di gunakan
Pengguna Google,5,2026-05-30 13:33:03,sya senang dengan adanya aplikasi ini
Pengguna Google,5,2026-05-30 13:32:04,Sering ngebug wa nih
Pengguna Google,5,2026-05-30 13:31:41,keren
Pengguna Google,1,2026-05-30 13:31:21,"rusak,tiba tiba tidak bisa mengirim foto dan melihat foto yang dikirim, eror penyimpanan tp tidak ada solusi"
Pengguna Google,5,2026-05-30 13:29:53,knph inih sangat lama respon nya
Pengguna Google,5,2026-05-30 13:29:40,Ok
Pengguna Google,5,2026-05-30 13:28:38,tida dapat di update
Pengguna Google,1,2026-05-30 13:28:19,kenapa nomor dari kontak sudah di hapus tapi di aplikasi masih ada? menggangu!!
Pengguna Google,5,2026-05-30 13:28:08,"ayo donk whatsapp di perbaharuinya kyk pesan yang terhapus tidak bisa terhapus di penerima pesan terus lihat status orang lain tanpa di tahu yang buat status,perbanyak lagi gambar2nya,kalau bisa di ubah kayak aplikasi yang ilegal itu sana biar makin enk orng pki whatsapp nya donk masa mau di kalah sm yg di sebelah itu sana"
Pengguna Google,2,2026-05-30 13:27:50,kalo vc kenapa suka ngelag gitu jir
Pengguna Google,3,2026-05-30 13:26:07,perbaiki lagi lah. masak sering error. dan storry kualitas burik. video storry gak HD.
Pengguna Google,5,2026-05-30 13:26:02,mantap nihan niku je wa
Pengguna Google,5,2026-05-30 13:25:15,"Halo whatsapp,dengan aplikasi ini saya bisa berkomunikasi dengan orang banyak.tapi sayang whatsappku sering kena spam padahal aku gak pernah menyalah gunakannnya."
Pengguna Google,5,2026-05-30 13:23:55,sangat puass
Pengguna Google,5,2026-05-30 13:23:03,ok
Pengguna Google,5,2026-05-30 13:23:01,sangat bagus untuk menyampaikan pesan tapi karena pake data jadinya cuman bengong deh
Pengguna Google,5,2026-05-30 13:20:14,luar biasa aku sangat terbantu
Pengguna Google,1,2026-05-30 13:19:07,whatsapp semakin eror mudah kena spam gak jelas bug terus gak tolong diperbaiki
Pengguna Google,5,2026-05-30 13:17:49,bagus cepat terpercaya
Pengguna Google,5,2026-05-30 13:17:04,Wa
Pengguna Google,2,2026-05-30 13:16:43,sw nya jd blur
Pengguna Google,4,2026-05-30 13:16:31,Saran ada fitur notifikasi saat di blokir
Pengguna Google,5,2026-05-30 13:16:15,"Maaf,dulu aku usaha pembelian hasil bumi,kopi jagung gaplek utk produksi di gudang pengusaha"" besar.aku failit,tinggal ngolah lahan sendiri modal tenaga."
Pengguna Google,5,2026-05-30 13:15:59,apik
Pengguna Google,5,2026-05-30 13:15:58,aplikasi whatsap sangat baik
Pengguna Google,1,2026-05-30 13:15:40,"kadang suka tiba-tiba log out, chat wa kereset sndiri, bad bgt wa sekarang"
Pengguna Google,3,2026-05-30 13:14:33,"pada update an terbaru, ada update 'tentang' yang berbatas waktu, saya tidak suka dengan hal ini, karena merepotkan. Jika bisa, info 'tentang' itu durasinya bisa lebih lama, dikarenakan waktu paling lama hanya pada kurun waktu 1 bulan, saya tidak suka harus mengisi nya berulang kali."
Pengguna Google,5,2026-05-30 13:14:17,bagus
Pengguna Google,3,2026-05-30 13:13:32,kanapa WhatsApp saya jika di perkecil video nya macet
Pengguna Google,5,2026-05-30 13:13:22,Bagus banget bgus
Pengguna Google,1,2026-05-30 13:11:23,versi tidak resmi???????
Pengguna Google,1,2026-05-30 13:10:36,whatsap banyak eror nya mulai dari video call atau dan lain lainya.
Pengguna Google,3,2026-05-30 13:09:54,ga bisa pakai akun ny di spam trs
Pengguna Google,5,2026-05-30 13:09:43,karna tnpa ada wa hp tuh kya kurng top gitu
Pengguna Google,5,2026-05-30 13:09:01,ok
Pengguna Google,5,2026-05-30 13:08:33,bagus
Pengguna Google,1,2026-05-30 13:08:01,"hasil video di buat posting WhatsApp jelek pecah-pecah , tolong kepada developer di perbaiki lagi fitur agar status video di WhatsApp lebih jernih lagi..."
Pengguna Google,4,2026-05-30 13:07:39,bagus banget aplikasi ini :3
Pengguna Google,5,2026-05-30 13:07:04,bermanfaatnya
Pengguna Google,1,2026-05-30 13:06:04,"kenapa saat vc Gambarnya kadang Hitam-Putih? perbaikilah,gak nyaman banget"
Pengguna Google,5,2026-05-30 13:05:53,harus ada arsip lagi sih
Pengguna Google,5,2026-05-30 13:05:47,ai nya bagus
Pengguna Google,5,2026-05-30 13:05:00,sangat bagus
Pengguna Google,3,2026-05-30 13:04:58,can you stop doing update like everyday with miniscule of improvement. Listen to your user.
Pengguna Google,5,2026-05-30 13:04:08,sangat bagus untuk di gunakan
Pengguna Google,5,2026-05-30 13:03:10,goodt
Pengguna Google,1,2026-05-30 13:02:43,"apa gunanya tautkan email ,jika tidak bisa login pakai email .mau login pakai email tidak ada verifikasi email ,karna nomor lama udah hangus ,jadi tidak bisa pakai WhatsApp,payah ko"
Pengguna Google,1,2026-05-30 13:01:12,terlalu sulit login nomor kita
Pengguna Google,5,2026-05-30 13:00:53,bagusssss
Pengguna Google,3,2026-05-30 12:59:33,knp sekarang banyak bug
Pengguna Google,5,2026-05-30 12:57:32,Wa tempatku kok belum ada musiknya
Pengguna Google,5,2026-05-30 12:56:45,Ok
Pengguna Google,1,2026-05-30 12:56:29,bagus sekali
Pengguna Google,5,2026-05-30 12:55:42,aku sangat puas dengan aplikasi ini
Pengguna Google,5,2026-05-30 12:52:59,bagussss sekali
Pengguna Google,5,2026-05-30 12:52:50,kenapa si wa bisa kebelokir sendiri
Pengguna Google,5,2026-05-30 12:51:59,bagus
Pengguna Google,1,2026-05-30 12:50:47,WA TOLONG BACA EMAIL SAYA. TIBA TIBA WA SAYA KELUAR SENDIRI DAN POSISI NOMOR TERSEBUT HANGUS. JADI SAYA TIDAK BISA LOGIN KEMBALI.
Pengguna Google,3,2026-05-30 12:50:27,pihak WhatsApp yg terhormat saya mohon WhatsApp saya tolong di tinjau ulang kembali karena selalu di spam
Pengguna Google,3,2026-05-30 12:50:02,"Kenapa status nyecrol2 sendiri heiii..kan liat status temen mau entar2an aja,bukan semenit lsg kita liatt,nyecrol sendiri 🙄 tlg balikin semula donk sapwasap 😏"
Pengguna Google,5,2026-05-30 12:49:46,Terbaik
Pengguna Google,5,2026-05-30 12:48:34,baik
Pengguna Google,1,2026-05-30 12:47:22,mobil
Pengguna Google,4,2026-05-30 12:47:15,"saya akan mengubah ratting ini ke 5 lagi kalau keluhan saya di tanggapi, kenapa akhir akhir ini whatsapp sering delay saat mengirim chet, beberapa orang kadang delay termasuk saya, dan juga akhir akhir ini saat sedang voice di grup, sering kepental sendiri, seeprti tiba tiba kaluar dari voice tanpa adanya pemberitahuan, apakah server lagi ada problem?"
Pengguna Google,1,2026-05-30 12:45:54,kenapa saya kena tinjauan terus sih...ini mulai mengganggu kegiatan saya sehari2..
Pengguna Google,1,2026-05-30 12:45:33,"makin sini makin gajelas,banyak bug"
Pengguna Google,5,2026-05-30 12:44:48,trimakasih whatsAPP telah membantu saya untk bisa TLP atw pideo kol keluarga atw tmen2.👍👍
Pengguna Google,1,2026-05-30 12:44:04,tolong dong knpa kalo bikin status vidio jadi gak hd malah jadi burik pdhal vidionya udah hd kecewa
Pengguna Google,1,2026-05-30 12:43:43,ikut projek di luar kota dan lain nya
Pengguna Google,5,2026-05-30 12:42:43,membantu komunikasi saya
Pengguna Google,3,2026-05-30 12:42:24,reasonable
Pengguna Google,2,2026-05-30 12:41:11,"kenapa whatsapp sekarang sering meninjau akun yang ga ngapa napain tolong di perbaiki,akun saya sudah 3x berturut turut kena blokir sementara"
Pengguna Google,5,2026-05-30 12:41:00,aplikasi ini tidak ada iklan dan saya bisa mengechat teman saya yang sangat jauh
Pengguna Google,1,2026-05-30 12:40:56,story burik
Pengguna Google,4,2026-05-30 12:40:36,tolong bug di hilang kan saat vidio call saat pergantain tatap muka
Pengguna Google,4,2026-05-30 12:40:23,sangat oke bagus banget
Pengguna Google,5,2026-05-30 12:39:05,mantap
Pengguna Google,1,2026-05-30 12:38:59,"MAKIN UPDATE MAKIN JELEK ANJ, TIAP VC HARUS DIMATIIN BERKALI-KALI DULU"
Pengguna Google,5,2026-05-30 12:38:54,mantapp
Pengguna Google,5,2026-05-30 12:37:46,oke
Pengguna Google,1,2026-05-30 12:37:28,"jika penyimpanan penuh, wa tidak bisa di buka, saya jadi tidak bisa chatting dengan teman atau keluarga. dan jika ada spam nomor wa langsung terblokir👎🏿"
Pengguna Google,5,2026-05-30 12:37:12,sangat bagus
Pengguna Google,1,2026-05-30 12:36:58,mhon dbntu ya knpa wa sya ngga bisa selalu dkripsi
Pengguna Google,5,2026-05-30 12:35:40,update agar ada efek
Pengguna Google,2,2026-05-30 12:34:57,halow watshap kenapa sekarang agak lambat
Pengguna Google,3,2026-05-30 12:34:48,"buat resolusi kualitas Upload di bikin hd ,di vidio bagus sama bikin setatus Wa pecah gambarnya"
Pengguna Google,5,2026-05-30 12:34:42,tidak ada ganguan dan tidak ada panggilan yang tidak di kenal
Pengguna Google,5,2026-05-30 12:33:36,mantap
Pengguna Google,5,2026-05-30 12:33:35,Wa saya tidak bisa di gunakan karna kena bug mohon tolong wa saya aktip kan karna saya Ada keperluan penting tib tiba wa saya Kenon and Kena bug mohon aplikasi bug Nyah mohon di Apus karna mengangu Orang lain
Pengguna Google,1,2026-05-30 12:32:36,kehapus tidak bisa kembali lagi datanya
Pengguna Google,5,2026-05-30 12:32:25,bagus baik
Pengguna Google,5,2026-05-30 12:31:14,"mantab,0k"
Pengguna Google,5,2026-05-30 12:30:54,bagus
Pengguna Google,5,2026-05-30 12:30:17,gatau
Pengguna Google,5,2026-05-30 12:27:57,Sangat membantu
Pengguna Google,3,2026-05-30 12:26:40,akun gw kena tinjau mulu min susah cok kalo mau ngechat sama keluarga aj susah sama temen juga
Pengguna Google,5,2026-05-30 12:26:37,saya suka dengan meta ai nya tapi kumohon bisa kirim gif ke meta supaya seruh dan meta nya juga ngebales juga bisa make gif kalau dia mau
Pengguna Google,5,2026-05-30 12:24:05,Nggak bisa masuj
Pengguna Google,5,2026-05-30 12:23:39,manyooos
Pengguna Google,3,2026-05-30 12:22:35,ai nya ngawur
Pengguna Google,1,2026-05-30 12:22:24,"Setiap kali saya membuka WhatsApp dibagian chat selalu muncul ""Mulai mengobrol"" dan banyak kontak yang muncul walaupun sudah saya tap x untuk menghilangkannya hanya berhasil sebentar ketika saya menutup WhatsApp dan membukanya lagi fitur ""Mulai mengobrol"" itu muncul lagi sungguh bagi saya ini mengganggu. Jadi tolong hapus saja fitur itu atau tambahkan opsi untuk menonaktifkannya karna fitur itu mengganggu dan tidak semua pengguna butuh. Terimakasih"
Pengguna Google,5,2026-05-30 12:21:31,seru banget bisa ber aktivitas
Pengguna Google,3,2026-05-30 12:20:56,selamat datang kembali untukmu semoga bermanfaat buat kita semua nya semoga sukses selalu untuk selamanya yg sama sukses
Pengguna Google,2,2026-05-30 12:20:49,video call makin gk jelas muka ke stop
Pengguna Google,1,2026-05-30 12:20:45,hubungi cs kaya ngehubungin presiden. bot ga guna di pake
Pengguna Google,5,2026-05-30 12:20:37,"makin lama makin gajelas, mau Tautkan akun gak bisa Mulu"
Pengguna Google,1,2026-05-30 12:20:01,ga pernah di chat sama cewek🗿
Pengguna Google,5,2026-05-30 12:19:53,sangat bagus membantu
Pengguna Google,5,2026-05-30 12:18:21,Knapa apk wa saya kadaluarsa
Pengguna Google,5,2026-05-30 12:18:14,sawit
Pengguna Google,1,2026-05-30 12:18:03,"Semenjak ada fitur premium dan iklan, WhatsApp jadi terasa makin bising dan kehilangan esensi utamanya sebagai aplikasi chat yang privat, bersih, dan aman. Kami butuh kenyamanan dan privasi saat mengobrol, bukan fitur seperti itu. Tolong kembalikan WhatsApp yang simpel dan fokus pada keamanan pengguna!"
Pengguna Google,5,2026-05-30 12:18:00,knp saya tidak bisa memasukan nomor telepon saya ke aplikasi whatsapp
Pengguna Google,5,2026-05-30 12:16:47,"min, tolong padahal gak pernah ada spam dalam pesan. masih saja kena tinjauan"
Pengguna Google,3,2026-05-30 12:16:16,bgus
Pengguna Google,1,2026-05-30 12:15:42,Download Dari playstore muncul risk terdeteksi
Pengguna Google,1,2026-05-30 12:15:40,ngebug
Pengguna Google,3,2026-05-30 12:14:51,Baik
Pengguna Google,5,2026-05-30 12:14:44,butut
Pengguna Google,1,2026-05-30 12:13:49,"apaansi,dikit' kena tinjau terus malesin apk gajelas"
Pengguna Google,5,2026-05-30 12:13:24,makasih wasaww
Pengguna Google,5,2026-05-30 12:12:41,mksih Whatsapp
Pengguna Google,5,2026-05-30 12:12:29,weding
Pengguna Google,4,2026-05-30 12:12:24,good
Pengguna Google,5,2026-05-30 12:11:37,yudifebriawn
Pengguna Google,1,2026-05-30 12:10:58,"akun baru bikin udah dihitung spam, lama"" aneh nih whatsapp"
Pengguna Google,1,2026-05-30 12:10:47,masa ai nya bodoh sieh udh capek capek buat teks panjang lebar ngabisin kuota gak tau nya teks novel gue jadi hancur berantakan udh lah gue dimarahin enak gak jadi terbit lah novel gue ini
Pengguna Google,2,2026-05-30 12:10:05,jelleki nd bisa vc bobo
Pengguna Google,5,2026-05-30 12:09:21,jos
Pengguna Google,5,2026-05-30 12:08:18,"awalnya saya merasa tidak nyaman karena chat pribadi saya tapi semenjak ada aplikasi ini saya menjadi lebih percaya,👍🏻"
Pengguna Google,2,2026-05-30 12:06:45,"MAU EDIT, SKRG WHATSAPP APA APAAN BANGET SEMENJAK UPDATE"
Pengguna Google,5,2026-05-30 12:05:28,tolong tambahkan fitur efek pada saat video call
Pengguna Google,1,2026-05-30 12:05:21,"tolong bugnya di benerin, tadi gw ngirim pesan dan udh gw pencet kirim malah engga ada teks yg gw kirim"
Pengguna Google,5,2026-05-30 12:05:11,apk yg bagus
Pengguna Google,2,2026-05-30 12:05:00,"kata gue kalo update yg berguna, bikin sw video dari sananya udah HD banget giliran di sw in malah bureng,burik, malah jadi gak HD, bikin fitur buar video jadi HD napa"
Pengguna Google,5,2026-05-30 12:04:45,feri mhrizki arsl
Pengguna Google,3,2026-05-30 12:03:28,saat vidio coll sukoa eror gag jelas
Pengguna Google,1,2026-05-30 12:03:15,tidak bisa mendapat whatshapp bangke
Pengguna Google,5,2026-05-30 12:02:59,yaa
Pengguna Google,2,2026-05-30 12:02:53,ini gua of tapi kenapa masih on bg?
Pengguna Google,2,2026-05-30 12:01:47,etmin gw knp gk bisa log in ha
Pengguna Google,2,2026-05-30 12:00:31,story dihapus tp masih muncul ae aneh makin lama
Pengguna Google,5,2026-05-30 12:00:05,Tidak bisa ferifikasi watsap
Pengguna Google,1,2026-05-30 11:58:45,FITUR TERJEMAHKAN KAU NGANGGU KALI NGENTODDDD YATIM
Pengguna Google,1,2026-05-30 11:58:31,"what saya dari tadi keluar terus nga bisa masuk,masuk 3 detik keluar sendiri,anehh,dan pdhl semua nya sdh saya up"
Pengguna Google,5,2026-05-30 11:58:30,baik
Pengguna Google,5,2026-05-30 11:57:15,tidak bisa masuk Wasthup
Pengguna Google,4,2026-05-30 11:56:13,"What app kenapa sih, kalo lagi vc layar nya tuh tiba2 merah kuning cerah lagi gitu aja terus klo wajah nya gerlalu cerah.. Lagian efek buat apa gx ke pake juga, vc ya vc aja, butuhnya glowing dan cahaya, udah cukup itu juga.."
Pengguna Google,5,2026-05-30 11:55:48,sangat membantu sekali
Pengguna Google,2,2026-05-30 11:55:45,"makin apdet makin jelek woikk,,masa guha gabisa cetan 24 jam gila"
Pengguna Google,3,2026-05-30 11:54:35,"tolong kepada pihak whatsapp bantu saya kenapa whatsapp saya suka mental keluar sendiri , tolong bantu jawab🙏"
Pengguna Google,5,2026-05-30 11:54:28,Sangat bagus
Pengguna Google,5,2026-05-30 11:53:41,emoji nya ga kaya iPhone
Pengguna Google,5,2026-05-30 11:53:26,ok
Pengguna Google,5,2026-05-30 11:53:15,penk
Pengguna Google,4,2026-05-30 11:53:04,"next time kasih mode HD di sw,jngn cuma di chat aj!"
Pengguna Google,1,2026-05-30 11:52:48,suka ke log out sndiri aneh apk jelek
Pengguna Google,5,2026-05-30 11:52:46,sangat baik
Pengguna Google,5,2026-05-30 11:52:19,mantap
Pengguna Google,5,2026-05-30 11:51:45,bagus aplikasinya tpi harus pakai avatar
Pengguna Google,5,2026-05-30 11:51:00,iya oke siap di aktif kan dan di hidup kan selamah-lamahnya ini.......
Pengguna Google,5,2026-05-30 11:50:22,bgus
Pengguna Google,5,2026-05-30 11:50:15,sulit untuk mengirim foto dan video
Pengguna Google,1,2026-05-30 11:49:31,"aneh wa sekarang dikit"" ban dikit"" limit jadi susah orang berbisnis"
Pengguna Google,4,2026-05-30 11:49:27,next time grafik buat story nya di hd in yah min
Pengguna Google,5,2026-05-30 11:49:20,sangat membantu
Pengguna Google,5,2026-05-30 11:48:53,mkasiiii sudah membantuuuuu menjadiiii lebih mudah
Pengguna Google,1,2026-05-30 11:47:52,oke
Pengguna Google,1,2026-05-30 11:45:30,heemm di sini kita bisa di buat berharap dengan yang tidak pasti 🥲
Pengguna Google,5,2026-05-30 11:44:54,👍
Pengguna Google,5,2026-05-30 11:44:24,berkualitas
Pengguna Google,5,2026-05-30 11:43:43,keren
Pengguna Google,5,2026-05-30 11:43:03,mantap
Pengguna Google,4,2026-05-30 11:42:04,Bagus
Pengguna Google,5,2026-05-30 11:40:39,saya kasih bitang lima boar memperbarui watsap biar bagus dan cepat merepon kalo ada gendala
Pengguna Google,5,2026-05-30 11:40:28,aplikasinya sangat bagus dan butuh sekali untuk bisa berkomuniikasi
Pengguna Google,4,2026-05-30 11:40:04,good job
Pengguna Google,5,2026-05-30 11:38:54,bgus
Pengguna Google,5,2026-05-30 11:38:12,Ok
Pengguna Google,5,2026-05-30 11:36:58,good
Pengguna Google,5,2026-05-30 11:36:28,tapi gimna yh cara nya ngapain fitur efek wa
Pengguna Google,1,2026-05-30 11:36:27,😒😒 story video atau foto saja dikompres mulu..
Pengguna Google,4,2026-05-30 11:34:52,aplikasi ini sangat bagus untuk chatan
Pengguna Google,4,2026-05-30 11:34:05,"tolong lah benerin dulu fitur vc nya ini, masa gabisa besarin layar muka sendiri. ini bukan marah ya sayang😙"
Pengguna Google,5,2026-05-30 11:33:17,"tolong hapus fitur sekali lihat, plisss"
Pengguna Google,4,2026-05-30 11:33:17,Sangat baik sekali
Pengguna Google,5,2026-05-30 11:31:34,tambahkan fitur yang bagus👏
Pengguna Google,1,2026-05-30 11:30:29,disangka pakai WhatsApp tidak resmi padahal saya dari dulu memakai WhatsApp resmi
Pengguna Google,5,2026-05-30 11:28:56,ingin cari pembeli coin no
Pengguna Google,5,2026-05-30 11:28:12,Sangat ber harga dari hidup ku
Pengguna Google,1,2026-05-30 11:27:08,tidak bisa di bukak
Pengguna Google,5,2026-05-30 11:26:43,bagus bisa telpon keluarga yang jauh
Pengguna Google,5,2026-05-30 11:24:18,keren danbkeren
Pengguna Google,5,2026-05-30 11:23:28,cukup baik
Pengguna Google,5,2026-05-30 11:22:58,perfect
Pengguna Google,1,2026-05-30 11:22:03,aplikasi ruksak
Pengguna Google,5,2026-05-30 11:21:19,aman dan baik
Pengguna Google,1,2026-05-30 11:20:19,MALAS AH GA HD JR KALAU BUAT STATUS
Pengguna Google,5,2026-05-30 11:19:29,puas
Pengguna Google,5,2026-05-30 11:18:25,mantap
Pengguna Google,2,2026-05-30 11:18:16,ada masalah saat membalik kamera depan ke kamera belakang di video call.
Pengguna Google,5,2026-05-30 11:18:13,"saya sangat kecewa dengan whatsapp,karna nomor saya di banned permanen padahal tidak melakukan spam/apapun itu,ini saya kasih bintang 5 agar komentar saya muncul paling atas,mohon sistem nya di perbaiki se ketat mungkin"
Pengguna Google,1,2026-05-30 11:17:09,Sekarang sering ngebug
Pengguna Google,5,2026-05-30 11:17:04,baik
Pengguna Google,5,2026-05-30 11:16:41,aplikasi sejutan umat sy kasih bintang 5
Pengguna Google,5,2026-05-30 11:16:10,WA
Pengguna Google,5,2026-05-30 11:16:09,ok
Pengguna Google,5,2026-05-30 11:15:41,Yaa lebih-lebih bagus lagi juga jika sering terupdate itu jgn berlebihan dan kalo bisa tanpa iklannya jugak lhooo itu kalo di area kalangan para pelajar/mahasiswa nya jugak lhooo
Pengguna Google,5,2026-05-30 11:14:47,semoga dengan WhatsApp ini saya bisa berkomunikasi dengan lancar kesemua rekan rekan saya. dan pelangga saya. aamiin
Pengguna Google,5,2026-05-30 11:14:38,Kapan fitur profil saluran di rilis?
Pengguna Google,1,2026-05-30 11:14:28,makin anjg wa
Pengguna Google,4,2026-05-30 11:13:30,sangat bagus
Pengguna Google,3,2026-05-30 11:11:05,kok gaada lagi sih tanggal bulan tahun pembuatan grup? aku barusan cek mau liat grup udh dbuat tgl brp malah gaad. perbaiki dong! itu penting buatku. pleaseeeee MUNCULIN LAGIIII GAK!😭
Pengguna Google,5,2026-05-30 11:10:49,bisa loging tanpa kartu❤
Pengguna Google,5,2026-05-30 11:10:40,Ok
Pengguna Google,5,2026-05-30 11:10:31,kenapa WhatsApp ini spam terus
Pengguna Google,1,2026-05-30 11:10:18,"update banyak bug,kadang suara kecil,vc ga ada gambar(black screen)aneh aneh"
Pengguna Google,5,2026-05-30 11:08:37,baik
Pengguna Google,5,2026-05-30 11:08:00,seru bangett
Pengguna Google,5,2026-05-30 11:07:07,baik
Pengguna Google,1,2026-05-30 11:06:40,"saya baru menggunakan whatsapp saat saya mencoba untuk chating dengan teman, akun saya terkena pembatasan dengan alasan spam. mengapa begitu? padahal saya baru saja mendaftarkan nomor saya. lalu setelah itu nomor saya diblokir, aplikasi ini buruk tidak cocok untuk chat sepanjang masa. semoga developer memerhatikan hal ini dan perbaiki hal ini"
Pengguna Google,2,2026-05-30 11:06:13,"dari pada update gak jelas, mending benerin aja tuh status grafik kartel"
Pengguna Google,5,2026-05-30 11:05:43,kk pebaiki k9de sms kok belum ada pesan kode itu gimana plis😢
Pengguna Google,1,2026-05-30 11:04:06,dikit dikit chat ko ke ban sih trs suruh download wa resmi lah ini udh resmi gj
Pengguna Google,1,2026-05-30 11:03:28,Tidak ada fitur baru yg lebih berguna. Harusnya sudah bisa kirim sinyal SOS untuk seluruh kontak otomatis jika pengguna berada dalam bahaya
Pengguna Google,5,2026-05-30 11:03:08,knp akun saya di blokir...
Pengguna Google,4,2026-05-30 11:02:56,"pihak meta, tolong perbaiki fitur penyematan chat orang. saya ada sematkan chat orang, lalu tiba tiba chatnya malah tersemat selamanya, tidak bisa dilepas ataupun di arsip"
Pengguna Google,4,2026-05-30 11:01:16,ok
Pengguna Google,5,2026-05-30 11:00:51,bagus banget
Pengguna Google,1,2026-05-30 11:00:37,tolong kembalikan ke versi lama......
Pengguna Google,5,2026-05-30 11:00:24,mantap
Pengguna Google,2,2026-05-30 10:57:38,"mohon maaf tapi ko selalu ada tulisan ""login tidak tersedia"" padalah kemaren aku pakai ga gitu tapi tiba tiba langsung login tidak tersedia, Tolong perbaiki"
Pengguna Google,5,2026-05-30 10:56:28,bagus
Pengguna Google,3,2026-05-30 10:56:08,bagus
Pengguna Google,1,2026-05-30 10:55:43,"min, buat versi lite dong. aplikasi WhatsApp banyak topping begini. Pakai penyimpanan RAM kebanyakan"
Pengguna Google,5,2026-05-30 10:55:17,keren banget pokoknya
Pengguna Google,1,2026-05-30 10:54:08,"Profilnya gak bisa diganti, kenapa yaa ?? berapa kali pencet selalu kembali ke awal,, dan juga mau post status pun lelet banget"
Pengguna Google,2,2026-05-30 10:54:02,Kenapa whatsapp saya pas vc dan telepon suara nya kecil ya
Pengguna Google,5,2026-05-30 10:52:15,Ok bnget
Pengguna Google,1,2026-05-30 10:51:40,"wa ku eror, smua nm kntak brubah jdi 1 nm doang trus pas dh normal mlh kontak 1 org tdi jdi hilang"
Pengguna Google,5,2026-05-30 10:50:37,keren
Pengguna Google,1,2026-05-30 10:50:05,knp kalo buat vc jadi gini si aneh
Pengguna Google,5,2026-05-30 10:49:48,wa gk bisa dbuka
Pengguna Google,5,2026-05-30 10:49:31,Jan......k
Pengguna Google,1,2026-05-30 10:47:07,"Aplikasi banyak bug disaat melakukan panggilan video, tidak bisa berganti mode minimize. Gambar sering freeze disaat berganti mode"
Pengguna Google,5,2026-05-30 10:46:06,mantap
Pengguna Google,5,2026-05-30 10:44:03,sangat bagus
Pengguna Google,5,2026-05-30 10:43:58,oke
Pengguna Google,3,2026-05-30 10:43:06,"KENAPA GK BISA BUAT TELPON, PANGGILAN GAGAL TERUSSSSSSS, KALO GINI KAN SUSAH BUAT NGABARIN KALO ADA HAL PENTING, TOLONG INI PERBAIKI"
Pengguna Google,5,2026-05-30 10:42:21,mantap
Pengguna Google,5,2026-05-30 10:42:09,"aplikasi wa ini sangat bagus buat berkomunikasi jarak jauh dan fitur"" yang menarik 🤩"
Pengguna Google,5,2026-05-30 10:41:57,sangat membantu sekali cepat dan akurat tajam dan terpercaya bisa membantu segala lini kemampuan WhatsApp lini demi lini sangat jelas sekali
Pengguna Google,5,2026-05-30 10:41:43,bagus
Pengguna Google,5,2026-05-30 10:39:46,mantap
Pengguna Google,5,2026-05-30 10:39:08,Sangat baik untuk berkomunikasi dengan keluarga
Pengguna Google,5,2026-05-30 10:39:04,baik
Pengguna Google,5,2026-05-30 10:38:23,baik
Pengguna Google,5,2026-05-30 10:36:25,oks
Pengguna Google,5,2026-05-30 10:33:50,mantap
Pengguna Google,1,2026-05-30 10:33:35,wa sekarang makin gajelas tiba' nmor saya di blokir padahal ga ngapa ngapain
Pengguna Google,5,2026-05-30 10:33:28,mksih WhatsApp
Pengguna Google,5,2026-05-30 10:33:23,oke banget
Pengguna Google,5,2026-05-30 10:33:06,Slalu buat aku bahagia....
Pengguna Google,1,2026-05-30 10:32:21,aplikasi nya kalo mau uptade susah banget. habis itu tiba-tiba memori penuh padahal semua chat yg gk penting udah di hapus .tolong dong berbenah agar lebih mudah saat menggunakan apk ini.
Pengguna Google,1,2026-05-30 10:32:13,Donggo bngt wa skrng dikit¹ bug/kenon tlong deh updat dlu biar lebih aman ni apk
Pengguna Google,1,2026-05-30 10:31:38,Tidak dapat video coll dan menelepon
Pengguna Google,5,2026-05-30 10:31:04,siiippp
Pengguna Google,5,2026-05-30 10:30:08,WhatsApp bisa kali di update misal tiap akun ada mood nya masing2. org2 yang g ngsave nomor juga bisa Liattt. misal hari ini sedang tidak mood sedang sedih sedang sakit sedang happy apalagi lah itu. i wish. tapi jangan ngetik sendiriiiii pokoknya gt
Pengguna Google,5,2026-05-30 10:29:24,whatsapp inii bikinn akuuu gakkk keee sepiannnnnn banyakkkkk temennnnnnn temennnnn
Pengguna Google,5,2026-05-30 10:28:46,bagus
Pengguna Google,1,2026-05-30 10:28:41,saya tidakk bisa login lagi karena melanggar peraturan padahal saya tidak tahuu ini membuat saya tidakk bisa berkomunikasi dengan siapapun
Pengguna Google,5,2026-05-30 10:27:28,wa pliss hilangin mirror saat video call ya 🙂🙂
Pengguna Google,5,2026-05-30 10:25:46,the best banget pokoknya
Pengguna Google,5,2026-05-30 10:25:27,great
Pengguna Google,5,2026-05-30 10:24:09,kali WA di kasih vitur live seru sih hehehe
Pengguna Google,3,2026-05-30 10:21:56,"Ai-nya bodoh bgt, tpi apknya keren ko"
Pengguna Google,4,2026-05-30 10:19:24,"aplikasi bagus si tapi KENAPA kunci chat di hp redmi 9a ga ada woyy.. ga Adil banget ☹️, tolong dong di hp redmi 9a kasih ada kunci chat nya,kalau masih ga ada aku kasih bintang 1 ya.."
Pengguna Google,5,2026-05-30 10:19:16,good
Pengguna Google,1,2026-05-30 10:18:39,tolong diperbaiki aplikasinya. punya saya update status gak ada suara. terkadang force close.
Pengguna Google,1,2026-05-30 10:17:43,selalu kena spam
Pengguna Google,5,2026-05-30 10:15:13,Aplikasi sangat di pentingkan
Pengguna Google,1,2026-05-30 10:15:08,aku kurir tolong jangan lah di batasi wa nya itu hapus fitur batasi wa
Pengguna Google,5,2026-05-30 10:14:36,ok
Pengguna Google,5,2026-05-30 10:14:11,sangat baik
Pengguna Google,4,2026-05-30 10:11:49,sering kena bug
Pengguna Google,5,2026-05-30 10:11:26,tolong jangan suka memblokir nmorku
Pengguna Google,3,2026-05-30 10:09:26,padahal yang ingin juga ya sudah ya sudah
Pengguna Google,5,2026-05-30 10:08:40,sangat bermanfaat
Pengguna Google,1,2026-05-30 10:05:26,halo WhatsApp knp nomor saya kena tinjau terus anehh bgt
Pengguna Google,5,2026-05-30 10:04:06,awwww🙌
Pengguna Google,3,2026-05-30 10:01:59,siap terima.
Pengguna Google,5,2026-05-30 10:01:45,ok banget
Pengguna Google,5,2026-05-30 10:01:06,ini aqu wa gak bisa di bukak ya
Pengguna Google,1,2026-05-30 10:00:13,kenapa akun wa saya sering di tinjau saya suka sulit untuk menghubungi orang lain
Pengguna Google,5,2026-05-30 09:57:20,baik
Pengguna Google,2,2026-05-30 09:56:06,jos jis
Pengguna Google,5,2026-05-30 09:55:25,sudah berulangkali download tetap aplikasi resmi
Pengguna Google,1,2026-05-30 09:55:11,gatau mau tulis apa
Pengguna Google,5,2026-05-30 09:53:57,keren
Pengguna Google,5,2026-05-30 09:52:09,say to you good
Pengguna Google,2,2026-05-30 09:50:42,petani
Pengguna Google,3,2026-05-30 09:50:21,semenjak update kalo mau foto mau pakek filter gak bisa gimana si WhatsApp
Pengguna Google,1,2026-05-30 09:50:16,woy lu Napa dah gw mau nge chat ortu gw lu malah main blokir dasar sampah no gw di blokir anj
Pengguna Google,5,2026-05-30 09:49:13,"whatsapp tolong benerin dong kualitas video nya, masa udah HD masih aja burem"
Pengguna Google,5,2026-05-30 09:47:51,mantafff
Pengguna Google,5,2026-05-30 09:46:28,ok
Pengguna Google,2,2026-05-30 09:44:36,sering bgt pembaharuan memory HP sudah penuh ga bisa buat apa apa
Pengguna Google,5,2026-05-30 09:40:27,kenapa eror ketika vc
Pengguna Google,5,2026-05-30 09:39:24,sangat membantu komunikasi lebih lancar
Pengguna Google,5,2026-05-30 09:38:51,kenapa hrs d spam segala si
Pengguna Google,5,2026-05-30 09:38:48,ini tidak bisa dipakai untuk buka saluran galangpratamax
Pengguna Google,5,2026-05-30 09:38:16,ok
Pengguna Google,4,2026-05-30 09:32:47,ini disuruh update nieh?
Pengguna Google,5,2026-05-30 09:31:13,ok bagus
Pengguna Google,5,2026-05-30 09:30:24,sangat bagus
Pengguna Google,5,2026-05-30 09:29:52,sangat bagus
Pengguna Google,5,2026-05-30 09:29:51,Syaiful
Pengguna Google,5,2026-05-30 09:28:54,Bagus
Pengguna Google,1,2026-05-30 09:28:15,diudpate malah banyak bug
Pengguna Google,5,2026-05-30 09:27:35,Amazing
Pengguna Google,5,2026-05-30 09:27:33,"Aplikasinya ya.. bagus, tapi gimana cara ngehapus data wa di perangkat HP A Tapi Gk Ke Hapus Perangkat HP B,Moga Dijawab"
Pengguna Google,5,2026-05-30 09:25:40,Aplikasinya Bagus dan mudah di gunakan Terimakasih
Pengguna Google,1,2026-05-30 09:25:16,parah setelah pembaruan vc jdi aneh gmbr digedein macet
Pengguna Google,5,2026-05-30 09:20:59,mantap
Pengguna Google,5,2026-05-30 09:20:13,wow apk nya sangat penting bagi saya
Pengguna Google,1,2026-05-30 09:18:57,"gajelas, disuruh unduh wa resmi padahal ini udh resmi jadi gabisa pakek wa"
Pengguna Google,5,2026-05-30 09:16:46,bagus sekali
Pengguna Google,5,2026-05-30 09:15:56,baik
Pengguna Google,1,2026-05-30 09:15:14,aplikasi gak jelas. gak dipakai macam-macam ke spam terus. makin sini makin aneh.
Pengguna Google,1,2026-05-30 09:15:00,"kalo post saluran suka gabisa, banyak bgd harus update nya, aga ribet, susah,tapi apk inie membantu bgd untuk komunikasi, trs chatan sring ilang sndiri, cettan ga kesimpan di gmail"
Pengguna Google,3,2026-05-30 09:12:55,"whatsapp kenapa si kok suka bgt ngebug tiba tiba bangt ad cht yg ga bisa di semat kan gabisa juga di arsip kan mana cmn 1 cht itu aja yg ga bisa yang lain nya mah bisa di arsip/semat kan,, plisss itu kenapa dah"
Pengguna Google,3,2026-05-30 09:11:25,s ubah2 mulu pitur nya ...
Pengguna Google,5,2026-05-30 09:10:09,Bagus
Pengguna Google,1,2026-05-30 09:09:50,Ah sy beri bntng 2 dlu susah donload nya
Pengguna Google,5,2026-05-30 09:09:27,sangat baik
Pengguna Google,2,2026-05-30 09:09:25,buat seperti wa ios
Pengguna Google,1,2026-05-30 09:08:58,"suka error pas mau nelpon, harus di refresh terus aplikasi nya, mohon di perbaiki ! i think you never read the advice from your users!!!"
Pengguna Google,5,2026-05-30 09:05:38,bagus
Pengguna Google,2,2026-05-30 09:05:35,gampang ngeleg sekarang jelek banget
Pengguna Google,4,2026-05-30 09:04:38,kenapa saya kasih bintang 4 karena kendala saya satu saat melakukan video call dan ingin kembali ke telponan ga bisa balik lagi tetap di mode video call karena seperti itu hp saya jdi sering panas
Pengguna Google,5,2026-05-30 09:04:27,baik
Pengguna Google,5,2026-05-30 09:04:27,Oke
Pengguna Google,5,2026-05-30 09:03:40,Top
Pengguna Google,5,2026-05-30 09:02:06,jujur kenapa wa aku gak ada filter pilih kasih banget kamu
Pengguna Google,5,2026-05-30 09:02:06,aktifkan whatsApp saya
Pengguna Google,1,2026-05-30 09:01:30,balikin text saat orang berada dalam panggilan lain kek ngedukung perselingkuhan bngt kayanyaaa
Pengguna Google,5,2026-05-30 08:57:39,Kok aku nggak bisa download wa lagi
Pengguna Google,5,2026-05-30 08:57:18,oke bagus
Pengguna Google,1,2026-05-30 08:55:45,apilaksasi bagus sih tapi cuma lambat jalan
Pengguna Google,5,2026-05-30 08:55:36,memuaskan
Pengguna Google,2,2026-05-30 08:54:07,"Please fix the WhatsApp bug that I'm experiencing, because when I want to delete my WhatsApp status, the text is stuck on ""deleting..."" and it really annoys me."
Pengguna Google,5,2026-05-30 08:49:35,mantap
Pengguna Google,4,2026-05-30 08:49:21,di n. tiosindiitelp lh ob
Pengguna Google,5,2026-05-30 08:46:29,bagus
Pengguna Google,1,2026-05-30 08:46:16,baik
Pengguna Google,5,2026-05-30 08:46:05,good
Pengguna Google,5,2026-05-30 08:45:01,sangat berguna sekali bisa hubungi saudara yg tempat tinggalnya diluar pulau jawa.
Pengguna Google,5,2026-05-30 08:42:51,"sudah bagus, tapi kenapa ada batasan chatnya? tapi gapapa sih, batasnya sampai besok"
Pengguna Google,5,2026-05-30 08:40:37,baguss
Pengguna Google,5,2026-05-30 08:39:41,oke
Pengguna Google,5,2026-05-30 08:33:48,sangat membatu
Pengguna Google,1,2026-05-30 08:32:37,"saat mau buat status selalu buram dan ngeblur, tolong di akses lebih lgi hilang in yng buram dan blurnya"
Pengguna Google,1,2026-05-30 08:31:44,"untuk pihak whatsapp,untuk segera mengecek karena akun utama saya beberapa kali kena tinjau 24 jam,dan itu udah ada sekitar 15x kena tinjau,mohon segera untuk diperbaiki wa nya terima kasih"
Pengguna Google,3,2026-05-30 08:30:22,WhatsApp suka timbul tiba tiba tidak bisa pergunakan WhatsApp
Pengguna Google,1,2026-05-30 08:27:34,"tanpa alasan apapun nomor saya memerlukan WhatsApp resmi untuk bisa menggunakan akun WhatsApp, meskipun saya telah menggunakan aplikasi WhatsApp resmi, harap tinjau akun saya dan selesaikan masalah ini segera, terimakasih."
Pengguna Google,5,2026-05-30 08:25:23,sssdgposdt se de float
Pengguna Google,5,2026-05-30 08:23:10,baik sekali
Pengguna Google,2,2026-05-30 08:22:13,saat di pakai vc kameranya ngebug ketika kamera kecil diganti yg besar mlh gambarnya gk gerak
Pengguna Google,5,2026-05-30 08:22:12,ok
Pengguna Google,1,2026-05-30 08:20:35,"wa smenjak jadi meta malah plenger ga ngapa ngapain malah keban tuh no perbaiki lagi wak masa ga ngapa ngapain ke ban mana pas ke unban nunggu 7 jam iya kalo kenon doang pas keban permanen malah nungu 3/4 bulan , mintol y wa"
Pengguna Google,1,2026-05-30 08:20:05,vc suka lag gambarnya ga jalan tolong perbaiki lagi
Pengguna Google,5,2026-05-30 08:20:04,bagus
Pengguna Google,5,2026-05-30 08:19:55,baik
Pengguna Google,3,2026-05-30 08:17:54,3 bintang dulu
Pengguna Google,5,2026-05-30 08:14:03,bisa bertanya kepada orang lain dan orang tua
Pengguna Google,5,2026-05-30 08:13:14,Bagus
Pengguna Google,5,2026-05-30 08:13:08,buat
Pengguna Google,1,2026-05-30 08:13:03,makin kesini makin aneh. masa whatsapp tidak resmi padahal saya menggunakan whatsapp resmi dan asli
Pengguna Google,5,2026-05-30 08:11:51,bagus
Pengguna Google,4,2026-05-30 08:11:01,"jang enam, aku setiap ngupload status burik bgt, plislah aku pengen status wa hd jir, ini dikompres kayak video SpongeBob ama Patrick joget tolong di fix dulu dong WA 🤬🌹"
Pengguna Google,5,2026-05-30 08:10:58,OK
Pengguna Google,1,2026-05-30 08:09:41,setelah d update bukan nya makin bagus malah banyak bug nya
Pengguna Google,5,2026-05-30 08:09:32,karna bisa mengabarkan orang yang sedang jauh
Pengguna Google,5,2026-05-30 08:09:03,super my bisnis
Pengguna Google,5,2026-05-30 08:08:54,bagus
Pengguna Google,1,2026-05-30 08:08:52,ribet
Pengguna Google,1,2026-05-30 08:05:53,"banyak bug tidak bisa menerima kode, akun tidak resmi padahal saya telah menggunakan aplikasi resmi, WhatsApp tolol bengak Lolo"
Pengguna Google,1,2026-05-30 08:03:14,masuk
Pengguna Google,5,2026-05-30 08:02:23,suka makan pedas
Pengguna Google,1,2026-05-30 08:01:59,ga ada efeknya saat video call
Pengguna Google,5,2026-05-30 07:59:30,kezia imut Banget ya
Pengguna Google,5,2026-05-30 07:59:01,bagus
Pengguna Google,5,2026-05-30 07:57:13,tolonggg lagu nyaa tambahin yanggg baguss terima kasih
Pengguna Google,5,2026-05-30 07:56:19,the best
Pengguna Google,5,2026-05-30 07:55:28,sangat baik
Pengguna Google,3,2026-05-30 07:54:19,mls banget sering keriset
Pengguna Google,3,2026-05-30 07:50:55,bagus tapi pernah kena jangkauan
Pengguna Google,5,2026-05-30 07:50:05,bagus
Pengguna Google,1,2026-05-30 07:48:50,"gimana sih wa, masa skrg vc gabisa ngeliat gambar diri sendiri di layar yg gede nya. kalo mau pindahin fokus layar muka kita di paling gede pasti nge bug. gjls. harus di matiin dl vc nya. makin sini makin jelek"
Pengguna Google,4,2026-05-30 07:48:38,MOHON MAAF KETIKA SAYA MELAKUKAN PANGGILAN VIDIO ITU SEKARANG SERING TERJADI BUG LAYAR GAMBAR VIDIO NYA SAMA
Pengguna Google,5,2026-05-30 07:47:38,mantap
Pengguna Google,5,2026-05-30 07:47:07,aplikasinya bagus bangettt
Pengguna Google,5,2026-05-30 07:45:23,mantap
Pengguna Google,1,2026-05-30 07:44:02,"wa jelek dikit"" di ban gaje"" lawak"
Pengguna Google,5,2026-05-30 07:42:30,bagus
Pengguna Google,4,2026-05-30 07:41:10,kenapa di aku tidak ada fitur efek nya ya pdhal sudah aku update ??
Pengguna Google,5,2026-05-30 07:40:29,Bagus sekali
Pengguna Google,5,2026-05-30 07:38:02,sangat baik sekali
Pengguna Google,4,2026-05-30 07:36:04,Bagus karena penting tapi saya kali menggunakan ini kena pemblokiran Mulu jadi oke lah
Pengguna Google,5,2026-05-30 07:35:03,Good
Pengguna Google,5,2026-05-30 07:31:03,iya
Pengguna Google,5,2026-05-30 07:31:02,suka loading
Pengguna Google,1,2026-05-30 07:29:43,aplikasinya banyak bug
Pengguna Google,5,2026-05-30 07:27:40,bagus
Pengguna Google,2,2026-05-30 07:26:56,maaf untuk diperbaiki lagi chat nya sering hilang sendiri.
Pengguna Google,5,2026-05-30 07:26:55,Baguus
Pengguna Google,5,2026-05-30 07:25:18,OK
Pengguna Google,1,2026-05-30 07:25:13,Kaga Jelas Akhir Akhir ini nih Whatsapp error ngebug apa gimana ya? aseli lagi asik chattingan keluar sendiri tolong lah perbaiki masalah ini wahai Developer!!!
Pengguna Google,4,2026-05-30 07:25:11,sangat membantu berkomunikasi
Pengguna Google,5,2026-05-30 07:23:58,gimana cara mengembalikan wa yang kena tinjau
Pengguna Google,3,2026-05-30 07:22:42,sekarangsemakin Sulit .pengoprasianyA
Pengguna Google,1,2026-05-30 07:21:36,mantap
Pengguna Google,5,2026-05-30 07:17:48,berfungsi
Pengguna Google,5,2026-05-30 07:16:51,bgus
Pengguna Google,2,2026-05-30 07:16:46,"sekarang WA makin gak aman untuk d gunakan. karna pada saat pindah WA k hp lain atau buat WA baru tidak minta verifikasi lagi. tiba2 langsung masuk, dan WA lama langsung terkunci. saya konter dan kmaren mindahin WA user k hp user yg 1nya, saya pikir WA gangguan. tp pas ada user lain minta beli kartu dan d minta tolong buatin WA. bener aja TIDAK MINTA VERIFIKASI. Artinya WA ini sudah tidak aman untuk d gunakan. karna brarti orang yg ada niat jahat bisa saja login d HP nya tanpa minta verifikasi"
Pengguna Google,5,2026-05-30 07:15:52,terbaik
Pengguna Google,5,2026-05-30 07:14:53,manttapp meen
Pengguna Google,1,2026-05-30 07:14:53,Why can't I link WhatsApp to my second phone? Please fix this problem because I really need it
Pengguna Google,4,2026-05-30 07:14:17,"Tolong hadirkan fitur chat AI bot seperti AI psikolog, AI bola, AI curhat dll tolong hadirkan lagi seru banget 🙏"
Pengguna Google,3,2026-05-30 07:12:43,banyak ganguan dr mulai tlp yg pndh kmera g bs..layar d bsar kcilin ga bsa
Pengguna Google,5,2026-05-30 07:10:52,baik
Pengguna Google,5,2026-05-30 07:08:46,oke
Pengguna Google,5,2026-05-30 07:08:00,Puas
Pengguna Google,2,2026-05-30 07:07:24,kenapa gk bisa ngirim foto sih
Pengguna Google,1,2026-05-30 07:06:50,kalau nelpon suka mati-mati padahal jaringannya bagus wa-nya juga udah di-update tapi masih mati nggak bagus banget
Pengguna Google,1,2026-05-30 07:05:13,knp kali ini saya masuk wa suka force close ya dan setiap saya membuka wa keluar trs dari wa tapi aplikasi lain bisa buka???
Pengguna Google,5,2026-05-30 07:03:57,bagus
Pengguna Google,3,2026-05-30 07:03:37,good
Pengguna Google,1,2026-05-30 07:03:17,whatsap buruk suka pas telpon suara kita hilang tidak di dengar
Pengguna Google,2,2026-05-30 07:03:03,"WhatsApp nya nambah burik kalau bkin status, atau kirim foto vidio ke org🙄"
Pengguna Google,5,2026-05-30 07:02:59,Ok
Pengguna Google,4,2026-05-30 07:01:11,bagus mantul
Pengguna Google,1,2026-05-30 06:59:03,kecewa si sama WhatsApp sekarang suka tiba² kena pelanggaran chat spam gimana ini min minta tolong lah segera tindak lanjut kan WhatsApp saya
Pengguna Google,3,2026-05-30 06:58:33,knapa wa saya tidak bisa posting vidio hd padahal sudah saya update
Pengguna Google,5,2026-05-30 06:57:59,terbaik👍💯
Pengguna Google,5,2026-05-30 06:56:55,mbolang
Pengguna Google,4,2026-05-30 06:53:21,semoga lancar silaturahmi
Pengguna Google,5,2026-05-30 06:52:27,mantap
Pengguna Google,5,2026-05-30 06:51:14,kenapa Ahir Ahir ini akun watsap saya sering kena spam
Pengguna Google,5,2026-05-30 06:48:32,ko lepas sendira
Pengguna Google,5,2026-05-30 06:47:35,saya ingin teman atau kontak keluarga kembali
Pengguna Google,1,2026-05-30 06:46:54,mohon jangan sering ditinjau akun nya
Pengguna Google,1,2026-05-30 06:46:04,fitur sekali liat hapus bolot
Pengguna Google,5,2026-05-30 06:45:32,baguss euyyy
Pengguna Google,5,2026-05-30 06:44:53,Bagus banget
Pengguna Google,5,2026-05-30 06:44:39,baik
Pengguna Google,5,2026-05-30 06:42:28,hubungan sosmed
Pengguna Google,5,2026-05-30 06:42:02,makasih
Pengguna Google,1,2026-05-30 06:41:36,saya cuma menekan tombol tambah akun tapi malah membuat semua foto di WhatsApp saya hilang.
Pengguna Google,1,2026-05-30 06:41:11,"kembalikan fitur vc seperti biasa, fitur baru tidak berguna smaa sekali"
Pengguna Google,4,2026-05-30 06:40:20,"setiap saya membuat status Whatsap yang tadi vidionya HD, pas di post langsung grafik nya burik.. tolong perbaiki lagi"
Pengguna Google,5,2026-05-30 06:40:18,Sangat membantu
Pengguna Google,4,2026-05-30 06:39:20,"""Halo Tim WhatsApp, tolong banget tambah batas karakter tulisan di Status. Sekarang cuma 139 karakter, sangat kurang! Saya sering bikin konten ilmu, info astronomi, jadwal fenomena langit, tapi selalu terpotong, harus potong-potong jadi 2-3 status. Tolong diperluas jadi minimal 500-1000 karakter ya, biar bisa berbagi ilmu lengkap. Terima kasih banyak! 🙏😭"""
Pengguna Google,5,2026-05-30 06:38:27,bagus
Pengguna Google,5,2026-05-30 06:34:23,suka banget 🤩
Pengguna Google,5,2026-05-30 06:32:22,mantap
Pengguna Google,5,2026-05-30 06:30:12,saran tambahin fitur arsip status wa beh tambah mantap
Pengguna Google,1,2026-05-30 06:28:54,update terussssss tidak ada fitur yang menarik
Pengguna Google,5,2026-05-30 06:28:35,ok
Pengguna Google,1,2026-05-30 06:28:06,kenapa whatsaap tidak bisa di gunakan
Pengguna Google,2,2026-05-30 06:22:26,Selesai di update kok eror
Pengguna Google,2,2026-05-30 06:19:58,"ini kenapa WhatsApp pas lgi vc an kameranya ngebug dengan nampilin 2 wajah yg sama,aduhhhh kenapa makin kesini WhatsApp makin gk bagus ya"
Pengguna Google,1,2026-05-30 06:19:53,"tolong segera diperbaiki whatsApp saya terkena virus untuk melihat story whatsApp nyendat"" dan bug saat mengirim stiker bergerak yang aslinya bergerak tidak terlihat bergerak tolong segera diperbaiki🥲"
Pengguna Google,5,2026-05-30 06:18:42,wa tolong kembalikan wa ku yang dulu Karana aku pengen cat sam telpon plis kembali kan
Pengguna Google,3,2026-05-30 06:17:01,tolong ini tidak ada efek di wa tolong diperbaiki untuk yang buat aplikasi wa🙏
Pengguna Google,3,2026-05-30 06:16:31,mudah kenon
Pengguna Google,5,2026-05-30 06:14:00,Terimakasih sudah memberi saya kehangatan yang berharga 🤕🙏dan juga terimakasih atas upaya nya semoga Allah SWT. panjatkan syukur dan terimakasih juga untuk kerja kerasnya selama ini mari kita doakan semoga dapet berkah yang melimpah amin 🤲dan juga atas nomor hp mama aku papa aku temen aku. makasih banyak ya whatsapp
Pengguna Google,5,2026-05-30 06:12:23,banyak fitur keren dan terus update 👍👍
Pengguna Google,5,2026-05-30 06:10:37,bagus banget
Pengguna Google,1,2026-05-30 06:07:39,"sekali lagi nomor 0821-78**-8315 kenon/bug WA ku kasih bintang 1 setiap akun Google ku, padahal ga ada yang aneh aneh malah kenon buat masalah aja nyusahin kntl"
Pengguna Google,3,2026-05-30 06:06:06,tolong tingkatkan resolusi untuk upload foto atau video agar tidak pecah
Pengguna Google,2,2026-05-30 06:05:28,"waktu Vidio call ,kita klik kecil untk membesar tiba 2 macet gambar berhenti"
Pengguna Google,5,2026-05-30 06:01:17,", 👌🫣🫡🫶🥸🫵"
Pengguna Google,5,2026-05-30 06:00:02,bagus bisa buat kasih kabar
Pengguna Google,4,2026-05-30 05:58:04,🙏
Pengguna Google,2,2026-05-30 05:56:38,kalo lagi cal suka ada suara gajelas bunyi suara kita mantul
Pengguna Google,5,2026-05-30 05:55:09,elor dari pitur vc nya kok tiba tiba leg jadi poto satu
Pengguna Google,5,2026-05-30 05:53:38,baik
Pengguna Google,5,2026-05-30 05:52:17,Des
Pengguna Google,4,2026-05-30 05:47:26,"aku senang saat berkomunikasi dengan whatsapp, dan aku juga terkadang menambah teman baru dari whatsapp, dan whatsapp dapat mempertemukanku oleh orangg yang sangatt saya cintai, dan seandainya juga, whatsapp tidak ada banned dalam akun, pasti aku dengan dia masih melakukan hubungan, dan aku akan memberi ★⁵.Tapi makasih untuk whatsapp juga, tanpa whatsapp aku tidak akan bertemu dengan di rinya. Andai saja dia tidak beda provinsi🙁. Yasudah, trimakasih untukk whatsapp:')"
Pengguna Google,5,2026-05-30 05:43:17,bagus x
Pengguna Google,5,2026-05-30 05:41:46,Baguss
Pengguna Google,5,2026-05-30 05:39:30,Bagus
Pengguna Google,1,2026-05-30 05:36:41,kenapa wa ku ga bisa di buka 😤?
Pengguna Google,1,2026-05-30 05:36:26,gmn cara nyaaa
Pengguna Google,5,2026-05-30 05:35:42,tolong jg di kenon lagi
Pengguna Google,2,2026-05-30 05:35:03,"ini aplikasi ny bagus banget masyaallah,tp aku kasih satu bintang karna ad beberapa kekurangan dalam aplikasi ini,seperti yg""muhamad fatir bahri kasih saran""saya sama minta kaya gt,,tp terimakasih sudah memberikan yg terbaik,berguna"
Pengguna Google,5,2026-05-30 05:34:12,bagus
Pengguna Google,3,2026-05-30 05:28:51,kren
Pengguna Google,1,2026-05-30 05:27:48,mengapa selalu wa tidak dapat digunakan.mohon ditinjau ulang kembali ini pdhl nomor baru beli.
Pengguna Google,5,2026-05-30 05:27:28,Whahtsapp kok gk masuk 2 ya
Pengguna Google,5,2026-05-30 05:26:38,sangat baik
Pengguna Google,2,2026-05-30 05:26:23,"knp ya klo call kadang""suara ilang""aan gitu agak gajelas gitu"
Pengguna Google,5,2026-05-30 05:26:19,Jangan.
Pengguna Google,5,2026-05-30 05:24:27,DffaAnagga
Pengguna Google,5,2026-05-30 05:23:24,Wasa saya di belokir tolo di aftikan
Pengguna Google,5,2026-05-30 05:23:11,sangat bagus
Pengguna Google,3,2026-05-30 05:22:04,gasuka sama tampilan whatsaap yang sekarang
Pengguna Google,1,2026-05-30 05:21:34,suka kenon
Pengguna Google,2,2026-05-30 05:21:20,"kenapa ya pas buat story whatsapp itu Ngecomfres video nya jadi burem banget gitu, gabisa kah di buat apa adanya?"
Pengguna Google,5,2026-05-30 05:20:50,mantap bng aplikasinya
Pengguna Google,5,2026-05-30 05:20:08,ok
Pengguna Google,2,2026-05-30 05:20:01,woy kenapa gabisa ngirim musik gua harus pake bluetooth sekrng ngirim musik makin dipersulit aja ni idup
Pengguna Google,5,2026-05-30 05:18:05,tolong wtsap ku ngilang
Pengguna Google,1,2026-05-30 05:14:53,"eh bisa gasih fitur skali liat di hps aja di hps, ini aku di kasih pap cewe cantik tapi cuman skali liat gmna tuh,barang langka itu emang gampang apa buat dia kirim pap gitu,susah bre susah,udahlah hapus tu fitur skali liat ga jelas njing"
Pengguna Google,5,2026-05-30 05:14:40,andri Anto jombangutara
Pengguna Google,5,2026-05-30 05:12:54,♥️
Pengguna Google,2,2026-05-30 05:12:01,"ini knp sekarang kalau upload status jadi blur ya, padahal udah di HD in"
Pengguna Google,1,2026-05-30 05:11:51,"kurang memuasakan,kalo bikin sw pasti blur,kalo telpon dalam jangka waktu panjang mati sendiri"
Pengguna Google,5,2026-05-30 05:10:59,Bagus
Pengguna Google,3,2026-05-30 05:10:37,Baik
Pengguna Google,3,2026-05-30 05:09:50,"min tolong banget, kalo vc kamera nya jangan mirror dong banyak gen z yang ga suka mirror bikin muka keliatan mencong bangett plis ya admin wa baik, ntar kalo uda ga mirror ku kasi bintang 5 🫰🏻 please don't mirror the WA camera 😭🙏🏻"
Pengguna Google,4,2026-05-30 05:09:38,mantap
Pengguna Google,1,2026-05-30 05:08:54,info whatsapp menggunakan Durasi
Pengguna Google,5,2026-05-30 05:08:14,bagus
Pengguna Google,5,2026-05-30 05:06:47,Sangat baik
Pengguna Google,5,2026-05-30 05:06:36,"bagus apk nya suka banget, mau dimsum 🥺"
Pengguna Google,5,2026-05-30 05:06:18,Jo s
Pengguna Google,5,2026-05-30 05:05:10,sangat bagus
Pengguna Google,5,2026-05-30 05:04:50,bagus sekali
Pengguna Google,5,2026-05-30 05:01:57,𝚔𝚗𝚙 𝚜𝚊𝚢𝚊 𝚓𝚊𝚍𝚒 𝚋𝚎𝚕𝚞𝚖 𝚍𝚒 𝚟𝚎𝚛𝚒𝚏𝚒𝚔𝚊𝚜𝚒 𝚋𝚘𝚣
Pengguna Google,2,2026-05-30 05:00:41,sudah beberapa tahun saya menggunakan WhatsApp tapi kenapa tiba' 1 minggu tidak bisa melihat status orang lain padahal kalo aku bikin status orang lain bisa lihat tapi giliran orng lain membuat status saya tidak bisa melihat nya padahal nomer nya sudah di sv mereka juga sudah nge sv nomor nya tapi kenapa saya tetap tidak bisa melihat status mereka? tolong di perbaiki
Pengguna Google,5,2026-05-30 05:00:15,tapi WhatsApp ku belum di apdeta
Pengguna Google,5,2026-05-30 05:00:02,puki puki
Pengguna Google,1,2026-05-30 04:59:45,"banyak bug,sering eror"
Pengguna Google,5,2026-05-30 04:59:13,bagus👍
Pengguna Google,1,2026-05-30 04:59:10,TANGGUNG JAWAB NO GUA KE KENON DIKIT DIKIT KENON
Pengguna Google,3,2026-05-30 04:57:41,saat ingin memasukan nomor malah ngebug ga bisa dipencetll
Pengguna Google,1,2026-05-30 04:57:35,benerin system nya udah unduh dari play store masih aja disuruh unduh WhatsApp versi resmi
Pengguna Google,3,2026-05-30 04:56:58,"sudah kehilangan nomor 3 kali, dan selalu ditipu anj"
Pengguna Google,1,2026-05-30 04:55:27,kok sekarang fitur video call gak jelas begini ?
Pengguna Google,5,2026-05-30 04:55:23,"setelah pembaruan, chat yg disematkan jadi menghilang, mengapa?"
Pengguna Google,5,2026-05-30 04:55:03,bagus
Pengguna Google,3,2026-05-30 04:54:37,tolonh donk pihak WA di perbaiki nie punya saya keluar sendiri.. gk bisa masuk lagi
Pengguna Google,5,2026-05-30 04:53:50,ok
Pengguna Google,5,2026-05-30 04:50:41,bagus banget
Pengguna Google,5,2026-05-30 04:50:39,nice
Pengguna Google,1,2026-05-30 04:49:47,apa ini wa saya ngechat teman gak bales bales loh
Pengguna Google,5,2026-05-30 04:49:38,baik
Pengguna Google,5,2026-05-30 04:49:02,masuk banget
Pengguna Google,1,2026-05-30 04:48:45,sangat jelek suka leg dan suka bak dan ga jelas baget wa ini
Pengguna Google,5,2026-05-30 04:48:38,amazing
Pengguna Google,5,2026-05-30 04:48:09,ASSALAMUALAIKUM TOLONG DONG WA JANGAN KASIH MEREKA NGOMONG KASAR SAYA SAMPE DI SURUH BETUMBUK PLS
Pengguna Google,1,2026-05-30 04:45:11,"gaada yg chat jir, wa gua sepi"
Pengguna Google,5,2026-05-30 04:42:58,ok
Pengguna Google,5,2026-05-30 04:42:21,semoga sehat dan bahagia hari ini dan seterusnya 🤲🥰💐💐
Pengguna Google,2,2026-05-30 04:41:14,terlalu banyak uptate jir
Pengguna Google,5,2026-05-30 04:40:34,baguss
Pengguna Google,5,2026-05-30 04:39:19,Ok
Pengguna Google,5,2026-05-30 04:39:02,aw) llilqp😙😗😗😙😙😙🤗😗😗😗😗😉😗😗🤗😗🤗😗🥲😗😋🤗😉😗😗🤗😉😕😗😗😗😟🤗
Pengguna Google,2,2026-05-30 04:34:52,suka
Pengguna Google,5,2026-05-30 04:31:58,komunikasi bikin lancar
Pengguna Google,1,2026-05-30 04:30:31,makin kesini update nya makin gajelas sumpah
Pengguna Google,5,2026-05-30 04:29:41,dah seminggu ga bs buat/ krm status wa knp ya
Pengguna Google,5,2026-05-30 04:28:42,bagus sekali
Pengguna Google,4,2026-05-30 04:28:33,kak saya mau login ga bisa kenapa y
Pengguna Google,1,2026-05-30 04:24:56,"memuat terus, tidak bisa di pakai"
Pengguna Google,1,2026-05-30 04:24:44,WA
Pengguna Google,5,2026-05-30 04:21:41,Mantap.. Sangat membantu
Pengguna Google,5,2026-05-30 04:21:28,KASIH FITUR BARU WARNA CHAT LEBIH BANYAK DAN TERANG BAHKAN SEDIAKAN FITUR CHAT NGAMBANG KAYAK WARNA CHAT BIRU MUDAH ATAU PINK GTU GTU LAH
Pengguna Google,5,2026-05-30 04:20:27,aplikasi bagus untuk berkomunikasi
Pengguna Google,5,2026-05-30 04:19:11,WhatsApp sangat diperlukan dlm komunikasi saat ini
Pengguna Google,2,2026-05-30 04:19:02,A dw fq
Pengguna Google,5,2026-05-30 04:17:50,"aplikasi sangat bagus, membuat hari hari selalu bahagia dan awet muda, serta menghilangkan stress dan memenangkan pikiran, membuat badan jadi bugar karena foto fotonya enak di pandang semua"
Pengguna Google,3,2026-05-30 04:17:11,bagus kok fitur fitur nya cuma benerin dulu di bagian sw masa udah di HD in tetep Burem hasil nya
Pengguna Google,3,2026-05-30 04:16:41,L! J6p
Pengguna Google,5,2026-05-30 04:16:29,mohon di kembalikan ke versi wa story yang semula....
Pengguna Google,3,2026-05-30 04:14:44,aneh aku ingin yang latar belakang bisa pake foto di galeri kembali
Pengguna Google,1,2026-05-30 04:13:56,pepek photo wa frofil Tambi
Pengguna Google,5,2026-05-30 04:13:19,akun wa sy masa cuma ngirim 2 pesan di kenakan spam akun hdrh gjls
Pengguna Google,3,2026-05-30 04:11:50,sangat baik
Pengguna Google,1,2026-05-30 04:08:36,pemeliharaan aplikasi terlalu lama bukan hanya 1 jam bahkan bisa sampai seharian penuh sehingga mengganggu aktivitas yang harusnya saya bisa kerjakan pada waktu itu tertunda
Pengguna Google,5,2026-05-30 04:08:20,"semua pengguna sudah tau & faham fungsi serta kegunaan apk whatsApp messeger,menurutku sangat berguna didalam interaksi & komunikasi bisa lebih cepat ya moga slalu optimal & selalu baik serta lebih maju & profesional di dlm perkembangan moderen👍🙏."
Pengguna Google,5,2026-05-30 04:08:01,Indonesia
Pengguna Google,5,2026-05-30 04:07:31,good
Pengguna Google,5,2026-05-30 04:06:56,bagusss
Pengguna Google,3,2026-05-30 04:06:48,bagus
Pengguna Google,5,2026-05-30 04:06:32,whastsApp sangat lah bagus untuk ber komunikasi dengan teman² saya saya sangat bertima kasih dengan whatsap.
Pengguna Google,5,2026-05-30 04:06:17,jos
Pengguna Google,3,2026-05-30 04:03:42,"kenapa sih setiap udh beberapa bulan whatsapp nya suka kedaluwarsa gitu, kayak pas masuk tulisannya cuman ""versi whatsapp telah kedaluwarsa pada.....(hari, tanggal, dan tahun). ketuk Unduh di bawah ini untuk mendapatkan versi terbaru dari Google play store"", kek gitu lohh terus pas udh pencet tulisan unduh dibawah malah di play store nya pilihannya cuman ""Uninstal / Buka"", gitu doang gk ada pilihan update nyaaa!!!, plis tolong benerin dong bug nyaa karna ini aplikasi tuh penting bgttt"
Pengguna Google,5,2026-05-30 04:00:25,bagus
Pengguna Google,1,2026-05-30 03:59:26,"benerin sistem lu jangan soudzon masa saya ganti no baru dari no lama di tinjau 24 jam padahal no yang lama udah mati kartunya makannya saya ganti biar aman ,kesel gua"
Pengguna Google,5,2026-05-30 03:55:18,𝙨𝙞𝙥
Pengguna Google,5,2026-05-30 03:55:17,baik
Pengguna Google,1,2026-05-30 03:54:56,saya mau login pake nomer suka ga bisa di pencet sejak update terus dan keyboadnya ilang ga muncul tolong perbaiki bug nya jangan nambahin fitur tapi bug seperti ini masih ada tolong di perbaiki secepatnya
Pengguna Google,1,2026-05-30 03:52:05,ok
Pengguna Google,5,2026-05-30 03:51:49,good
Pengguna Google,1,2026-05-30 03:51:47,sudah apk resmi masih nga bisa dibuka Aneh banget
Pengguna Google,1,2026-05-30 03:50:54,"mangkin lama WhatsApp mangkin gajelas ya fitur nya,tolong lah kalo mangkin di update mangkin bagus,bukan nya mangkin burik"
Pengguna Google,5,2026-05-30 03:48:59,sangat baik
Pengguna Google,1,2026-05-30 03:48:40,"hallo wa mohon aplikasinya balik seperti dulu,liat setatus sendiri kegeser liat punya orang lain Bikin tidak nyaman mohon diperbaiki lagi. Terimakasih"
Pengguna Google,5,2026-05-30 03:47:53,👍👍👍👍
Pengguna Google,5,2026-05-30 03:47:04,oke
Pengguna Google,5,2026-05-30 03:43:53,"Saya ingin memberikan masukan terkait kualitas foto dan video di WhatsApp. Saat mengirim media, kualitasnya sering menurun dan terlihat buram dibanding file aslinya. Hal ini cukup mengganggu, terutama untuk foto penting atau video dengan detail tinggi. Saya harap WhatsApp dapat meningkatkan kualitas kompresi atau memberi opsi kirim tanpa penurunan kualitas. Dengan begitu, pengalaman berbagi media akan lebih baik dan memuaskan bagi pengguna."
Pengguna Google,1,2026-05-30 03:43:45,film ini dibintangi jg gyu uyg_ffyy6 y g udud gugup udud ffffyf udud
Pengguna Google,5,2026-05-30 03:42:17,sangat enak buat chatingan
Pengguna Google,5,2026-05-30 03:41:12,bagus sekali
Pengguna Google,5,2026-05-30 03:39:51,Sangat membantu
Pengguna Google,1,2026-05-30 03:38:20,bagus tapi saya tidak dapat memakai filter vc
Pengguna Google,5,2026-05-30 03:37:06,bagus
Pengguna Google,5,2026-05-30 03:35:30,"mudah dan baik, dalam berkomunikasi"
Pengguna Google,5,2026-05-30 03:30:09,bagus
Pengguna Google,4,2026-05-30 03:29:42,kenapa saya lihat vidio sekali lihat selalu ga bisa
Pengguna Google,2,2026-05-30 03:29:31,lambat
Pengguna Google,5,2026-05-30 03:26:53,kurang baik aplikasi y
Pengguna Google,2,2026-05-30 03:23:48,Sering mengalami spam dan kanon
Pengguna Google,5,2026-05-30 03:23:35,unduh WhatsApp messenger
Pengguna Google,4,2026-05-30 03:22:02,Tolong dong saya tidak bisa login WhatsApp selalu muncul verifikasi trus
Pengguna Google,4,2026-05-30 03:21:52,"berguna,bagusss tanpa wa kita gak bisa chat dari jauh✌🏻"
Pengguna Google,5,2026-05-30 03:20:33,nrima nrima
Pengguna Google,5,2026-05-30 03:19:58,Ok
Pengguna Google,5,2026-05-30 03:19:18,bagus
Pengguna Google,5,2026-05-30 03:17:43,enak
Pengguna Google,5,2026-05-30 03:17:39,knapa Whatsap video call nya GK sejernih live tiktok tolong update tingkatin lagi dong
Pengguna Google,1,2026-05-30 03:17:22,Gk bisa login wa walaupun dah pake nomor baru 🙏🏻
Pengguna Google,5,2026-05-30 03:16:56,sangat baguss
Pengguna Google,1,2026-05-30 03:16:32,woyy admin hapus fitur ngirim poto sekali lihat
Pengguna Google,5,2026-05-30 03:16:25,cing Cang Keling
Pengguna Google,5,2026-05-30 03:15:01,bagus
Pengguna Google,5,2026-05-30 03:14:46,aku mau update
Pengguna Google,5,2026-05-30 03:14:21,very very good importan Contac person
Pengguna Google,5,2026-05-30 03:13:06,tolong Poto fropil nyah di ganti pake nama yah tapi aku tetep kasih bintang 5
Pengguna Google,4,2026-05-30 03:11:41,"enak sih tpi kdng suka nge bug tpi gpp ngebug nya bentaran doang, bagus ko wa emnih ak jdi bisa tlpnan, chatan, vcan sm pacar ak hehe🤭"
Pengguna Google,5,2026-05-30 03:09:50,sangat bagus
Pengguna Google,3,2026-05-30 03:08:29,knapa saya ngga bisa pake aplikasi ini
Pengguna Google,5,2026-05-30 03:07:58,whatsapp sangat baik dan menjamin keamanan dan nyaman saat digunakan
Pengguna Google,5,2026-05-30 03:07:57,genre server
Pengguna Google,4,2026-05-30 03:02:43,"wa sekrang kok banyak bugnya ya, terutama di vc setiap mau ubah ke wajah kita atau wajah lawan bicara malah macet atau ga bisa keubah whyy? dan satu lagi layar suka hitam kalo baru vc tolong diperbaiki ini bener bener cape banget"
Pengguna Google,3,2026-05-30 03:00:43,Ngak bisa dibuka lagi. minta verifikasi udah buat tapi ngak bisa. harus resmilah apalah. emang ini wa ngak resmi
Pengguna Google,1,2026-05-30 03:00:14,aplikasi baperan
Pengguna Google,1,2026-05-30 03:00:12,"Kenapa WhatsApp sekarang makin gajelas ya? kemarin saya tiba tiba diblokir permanen alasan spam, padahal saya tidak pernah melakukan spam atau penipuan. apakah sistem WhatsApp sekarang tidak bekerja dengan baik? bukan hanya saya yang mengalami seperti ini, hampir beberapa orang terkena spaming Blokir. tolong diperbaiki, ini sangat merugikan pengguna, terlebih lagi diusulkan membeli kartu nomor baru. saya kecewa sekali dengan sistem sekarang."
Pengguna Google,5,2026-05-30 02:59:22,bagus
Pengguna Google,5,2026-05-30 02:59:18,bagus
Pengguna Google,5,2026-05-30 02:59:09,baik
Pengguna Google,5,2026-05-30 02:57:08,oke
Pengguna Google,5,2026-05-30 02:56:33,aplikasi yg bagus
Pengguna Google,5,2026-05-30 02:56:30,Karna adanya whatsapp hidup jadi ringan tanpa harus ribet maciwww admin whatsapp
Pengguna Google,2,2026-05-30 02:53:57,KLO vc slalu ngelegg2 dan macettt
Pengguna Google,5,2026-05-30 02:53:29,Esok kolah ka cekgu?
Pengguna Google,2,2026-05-30 02:50:18,kak ini ada yang sama gak? saya gam pernah spam di nomor saya tapi malah akun di batasi sampe akhirnya gak bisa whatsaap an? itu gmna yaaa.
Pengguna Google,5,2026-05-30 02:49:24,bagus
Pengguna Google,5,2026-05-30 02:49:09,"bagus bgt, tapi aku belom bisa lagu yg ada lirik nya plis perbaiki ya, biar semuanya bisa ngerasain"
Pengguna Google,5,2026-05-30 02:49:00,mantap
Pengguna Google,4,2026-05-30 02:48:24,"Baik, hanya kadang ada gangguan signyal"
Pengguna Google,1,2026-05-30 02:47:18,"najis banget nih apk, suka kenon wa grub juga suka kenon apasih? gw lagi enak cari duit eh malah kena kenon apk kurang ajar!!!"
Pengguna Google,5,2026-05-30 02:45:55,ini bagus banget buat ngirim chat atau ngeprank temen pakek nomor baru terus bisa buat saluran buat status lain lain deh
Pengguna Google,5,2026-05-30 02:45:17,bagus
Pengguna Google,5,2026-05-30 02:44:40,👍👍👍👍👍
Pengguna Google,1,2026-05-30 02:42:31,terlalu banyak mintak di barui udah di barui nggk bisa pulak di gunakan
Pengguna Google,1,2026-05-30 02:41:03,aplikasi sering kenon dan sampai sekarang saya masih bisa belum membuka wa pdhl disana ad data data penting
Pengguna Google,5,2026-05-30 02:40:58,mantab
Pengguna Google,1,2026-05-30 02:40:41,"kenapa sekarang setiap video call gak bisa klik kamera sendiri? jadi kayak error ,plis betul kan kembali ,itu fitur baru apa memang error ? jadi gak nyaman pakai wa ."
Pengguna Google,5,2026-05-30 02:40:21,yekinawipa
Pengguna Google,5,2026-05-30 02:39:33,ok
Pengguna Google,1,2026-05-30 02:35:45,bagus
Pengguna Google,3,2026-05-30 02:32:16,saya sudah beberapa kali menghapus dan mengunduh aplikasi WhatsApp ini tapi kenapa nomor saya tidak bisa di verifikasi padahal saya sudah download di website WhatsApp nya langsung dan setiap saya login pasti tidak bisa kenapa ya WhatsApp tolong di perbaiki ya
Pengguna Google,1,2026-05-30 02:29:04,"makan gajelas ga chat ga apa kenon, mintol segera di perbaiki biar ga kendala terus menerus"
Pengguna Google,3,2026-05-30 02:28:46,mambantu sekali
Pengguna Google,1,2026-05-30 02:28:34,"Ak udh sering kirimin dia chat kok jrng dibales, pdhl ak udh effort bgt. WA gk bertanggungjawab"
Pengguna Google,1,2026-05-30 02:28:07,"kenapa wassap ku kena tinjauan trus? padahal aku ga ngelakuin hal hal yg sekiranya melanggar dri ketentuan wassap. tolong diperbaiki,my sayang marah marah karna gabisa telpun"
Pengguna Google,1,2026-05-30 02:27:44,"saya belom bisa masuk akun whatsap, padahal no ny udah tervirikasi"
Pengguna Google,3,2026-05-30 02:26:00,sering upgrade lama banget ga tepat waktunya mau dipake gabisa dibuka
Pengguna Google,5,2026-05-30 02:25:50,ok
Pengguna Google,5,2026-05-30 02:25:24,Ok
Pengguna Google,5,2026-05-30 02:24:13,kok bisa ya chat ku dibatasi
Pengguna Google,5,2026-05-30 02:24:04,bagus
Pengguna Google,3,2026-05-30 02:23:23,gangguan trs smpe gabisa dibuka wassapnya jd gabisa telpon ayang beb deh sebel😤
Pengguna Google,3,2026-05-30 02:22:42,"tolong untuk post story agar tidak jadi blur, padahal sebelum nya resolusi hd, tp pas masuk sw jadi turun kualitas videonya, pls fix this"
Pengguna Google,1,2026-05-30 02:21:04,"aplikasi buruk, tiba tiba reset sendiri padahal banyak data penting dan pas ingin dicadangkan malah gagal terus, parah ni apk"
Pengguna Google,5,2026-05-30 02:19:50,aplikasi ini enggak cepat enggak mudah boros baterai enak banget buat ngirim file juga enak pokoknya aku asik deh tas baru instal langsung muncul mata Ai deh malah enak buat ngobrol
Pengguna Google,5,2026-05-30 02:19:38,mantap
Pengguna Google,5,2026-05-30 02:18:06,Bagusss buat chattan
Pengguna Google,3,2026-05-30 02:17:42,tolong pak klau bikin kode baru harus di percepat saya udh fervikasi lama dpt kode baru nya tolong pak ya 🙏 saya kasih bintang 3
Pengguna Google,5,2026-05-30 02:17:25,ok untuk kirim kabar
Pengguna Google,3,2026-05-30 02:17:12,halo tim WhatsApp saya minta untuk lebih memperhatikan aplikasi ini dikarenakan WhatsApp saya suka sekali kena spam padahal saya tidak melakukan itu SMA sekali
Pengguna Google,5,2026-05-30 02:16:38,sangat baik
Pengguna Google,3,2026-05-30 02:16:27,"untuk kegunaan oke tapi masalah sistem itu sering banyak bug mulai dari wa kita kena tinjauan sama nomer belum terverifikasi secara tiba tiba ,mohon untuk benerin sistem nya dulu"
Pengguna Google,5,2026-05-30 02:14:44,sandie kurniawan
Pengguna Google,5,2026-05-30 02:13:31,lumayan
Pengguna Google,5,2026-05-30 02:11:38,Bagaimana pasang Whatsapp Massenger
Pengguna Google,5,2026-05-30 02:10:43,semoga lancar
Pengguna Google,5,2026-05-30 02:06:01,luar biasa
Pengguna Google,5,2026-05-30 02:05:25,5 bintang untuk mu
Pengguna Google,5,2026-05-30 02:05:13,good
Pengguna Google,1,2026-05-30 02:04:57,kek tai error
Pengguna Google,1,2026-05-30 02:04:48,"VC ngelag tolong segera diperbaiki, kepada pihak developer. bnyak bugs ketika vc."
Pengguna Google,1,2026-05-30 02:03:20,aplikasi ini tidak berguna karena enggak ada cewek yang chat gua kecewa 😞😞😞
Pengguna Google,5,2026-05-30 02:02:33,ini paling menarik sekarang menggunakan barang elektronik ini sangat effort
Pengguna Google,1,2026-05-30 02:00:45,WhatsApp tida bisa login terus terusan memuat
Pengguna Google,5,2026-05-30 02:00:42,Bagus
Pengguna Google,5,2026-05-30 01:58:22,Bagus
Pengguna Google,5,2026-05-30 01:58:10,sangat bagus
Pengguna Google,5,2026-05-30 01:56:42,bagus
Pengguna Google,3,2026-05-30 01:56:02,sangat membantu
Pengguna Google,5,2026-05-30 01:54:34,asal ga kena spam gua kasih bintang 5
Pengguna Google,4,2026-05-30 01:52:40,"Menurut saya Apl ini membantu banget ✨Tapi saya ingin,, Menghilangkan Bug, yg terjadi pada teman saya yg Akun nya di Blokir,, Mohon perbaikannya"
Pengguna Google,5,2026-05-30 01:52:36,👍
Pengguna Google,5,2026-05-30 01:52:18,baguuss skklliiiiiiiiiiiii
Pengguna Google,5,2026-05-30 01:51:37,bagus
Pengguna Google,1,2026-05-30 01:51:30,wa tolol gajelas tiba' keblok wa gw
Pengguna Google,5,2026-05-30 01:51:01,koyok kontol
Pengguna Google,1,2026-05-30 01:50:45,"sorry bintang 1 , soalnya suka logout sendiri akun wa gua, padahal pake wa ORI , gak pake hp yg di root juga, terus nomor gua juga gak di tautin ke perangkat lain , tapi tiba tiba suka logout gitu aja."
Pengguna Google,1,2026-05-30 01:48:43,Login wa gampang
Pengguna Google,5,2026-05-30 01:48:20,sangat seru
Pengguna Google,5,2026-05-30 01:47:58,Azril
Pengguna Google,5,2026-05-30 01:44:15,bagus
Pengguna Google,1,2026-05-30 01:40:56,Aplikasi WhatsApp semakin gak jelass
Pengguna Google,5,2026-05-30 01:39:28,lumayan Karena ada fitur baru yang bagus dan menarik untuk dicoba
Pengguna Google,5,2026-05-30 01:36:42,alangkah bhagianya bs rekan fatner foin
Pengguna Google,4,2026-05-30 01:35:16,bagus
Pengguna Google,5,2026-05-30 01:34:20,mau daftar login WA tidak bisa alasan nya WA nya bukan resmi padahal hasil download dari Play store
Pengguna Google,5,2026-05-30 01:33:27,Good
Pengguna Google,2,2026-05-30 01:33:16,ga ada fitur efek setelah di aktifkan
Pengguna Google,1,2026-05-30 01:31:57,makin lama makin ga jelas fiturnya masa tiap vc nge bug mulu gambar nya padahal ga pernah telat update tolong di perbaiki lagi
Pengguna Google,5,2026-05-30 01:31:02,Mengapa tidak mau di instal?
Pengguna Google,3,2026-05-30 01:29:00,gaada efek pas vidio cal
Pengguna Google,2,2026-05-30 01:26:13,gabisa update sekarang
Pengguna Google,5,2026-05-30 01:24:32,mohon maaf bos kenapa saya tidak bisa membuwat akun whatsapp
Pengguna Google,5,2026-05-30 01:23:36,mantap
Pengguna Google,1,2026-05-30 01:21:02,knp gk ada cewe yang bales chat gw🗿😂
Pengguna Google,5,2026-05-30 01:18:19,bisa berkomunikasi online
Pengguna Google,1,2026-05-30 01:15:38,"Akun saya sudah seminggu kena spam , padahal saya tidak melakukan spam"
Pengguna Google,5,2026-05-30 01:14:39,ok
Pengguna Google,1,2026-05-30 01:13:27,"tiba tiba ga bisa instal wa,dan no juga fi blokir maksudnya ap cobaa"
Pengguna Google,5,2026-05-30 01:13:26,bagus banget
Pengguna Google,5,2026-05-30 01:13:12,mantap
Pengguna Google,1,2026-05-30 01:12:08,"aplikasi sampah, kebanyakan aturan yg GK lazim, kualitas audio & video buruk"
Pengguna Google,5,2026-05-30 01:09:46,mantap
Pengguna Google,4,2026-05-30 01:08:22,baguuus
Pengguna Google,5,2026-05-30 01:06:29,jangan lupa like dan share yaa
Pengguna Google,5,2026-05-30 01:05:42,bagus membuat saya bahagia karena ada yang ngechat
Pengguna Google,5,2026-05-30 01:04:02,Best
Pengguna Google,5,2026-05-30 01:02:14,kren
Pengguna Google,1,2026-05-30 01:01:05,"gue benci banget sama lu wa, bisa-bisanya nge riset ulang gitu aja padahal ada kenang-kenangan yang mau gue simpen dari alm bapa gue malah ke riset bersih sama lu benci banget benciiii"
Pengguna Google,3,2026-05-30 01:00:27,mudah kadaruarsa
Pengguna Google,5,2026-05-30 00:57:06,"karena wa saya bisa berkomunikasi, tapi mengapa ketika aku meng hubungkan ulang wa nya kontak ku pasti pada hilang mengapa ya coba kasih saran dong"
Pengguna Google,4,2026-05-30 00:56:48,Suak ad bug
Pengguna Google,5,2026-05-30 00:56:45,berguna banget
Pengguna Google,5,2026-05-30 00:56:35,mantap
Pengguna Google,1,2026-05-30 00:56:05,"WA saya eror, jadi saya tidak bisa ngechat dan membalas chattan orang lain, saya ingin WA saya kembali seperti dlu, saya tidak mau terulang lagi sperti hari ini dan seterusnya!!"
Pengguna Google,1,2026-05-30 00:52:57,"kenapa terkadang muncul notif , ""WhatsApp bermasalah"" , tolong atasi itu dong, riwayat chat saya sering hilang, bahkan yang sudah lama juga hilang, tolong atasi"
Pengguna Google,5,2026-05-30 00:51:06,mantap
Pengguna Google,5,2026-05-30 00:50:55,baguss
Pengguna Google,5,2026-05-30 00:50:23,WhatsApp
Pengguna Google,4,2026-05-30 00:50:04,agak perbaiki deh agak oon wa sekaramg
Pengguna Google,4,2026-05-30 00:47:56,seru karena aku bisa bicara sama sodara aku yang jauh rumah ya sama temen aku juga bisa saling gasih kabar
Pengguna Google,5,2026-05-30 00:46:02,sangat baik
Pengguna Google,5,2026-05-30 00:45:45,keren dehh
Pengguna Google,4,2026-05-30 00:45:40,baik
Pengguna Google,1,2026-05-30 00:45:18,"terlalu bnyak file saya yg hilang wa sekarang makin jelek, tolong dong perbaiki sistem nya orang pagi2 chat terbackup sendiri apalah bgitu file saya hilang sekarang ganti rugi ga kamu wa"
Pengguna Google,1,2026-05-30 00:44:54,"kenapa di samsung A55 klo post status vidio whatapp sm liat sttus vidio orang,vidiony patah""kesel juga nungguin kpan bnernyaa"
Pengguna Google,1,2026-05-30 00:43:16,knpa ada kadarluarsanya
Pengguna Google,5,2026-05-30 00:43:05,bagus
Pengguna Google,1,2026-05-30 00:43:01,idaydai
Pengguna Google,5,2026-05-30 00:42:42,bagus sekali
Pengguna Google,5,2026-05-30 00:42:40,bagus banget
Pengguna Google,5,2026-05-30 00:42:37,sangat baik
Pengguna Google,1,2026-05-30 00:42:15,"WhatsApp Sekarang Malah kebanyakan Tingkah. sedikit sedikit kena Spam Permanen sampai sampai Nomor Akun WhatsApp saya yang lama,semua tidak bisa di gunakan lagi karena spam permanen. jangan di adakan lagi saja aplikasi WhatsApp ini kalo terlalu mempersulit pengguna nya. saya sangat Kecewa dengan Program WhatsApp yang Makin Banyak Tingkah nya seperti ini."
Pengguna Google,5,2026-05-30 00:37:54,mantapppp
Pengguna Google,5,2026-05-30 00:37:05,manta
Pengguna Google,4,2026-05-30 00:36:40,"Status wa saya, tidak Hd minn."
Pengguna Google,5,2026-05-30 00:35:41,tidak memmeras baterai
Pengguna Google,3,2026-05-30 00:34:17,tolong masukan wa saya ke verai beta baru saya kasih bintang 5 tolong ya
Pengguna Google,5,2026-05-30 00:33:53,Bagus
Pengguna Google,5,2026-05-30 00:32:54,WhatsApp ini sangat bagus untuk di pakai terimakasih yaaaa WhatsApp
Pengguna Google,5,2026-05-30 00:32:33,sangat baik
Pengguna Google,5,2026-05-30 00:31:54,pelayanan yang bagus
Pengguna Google,5,2026-05-30 00:31:48,kenapa akun saya selalu di tinjau whatsapp mohon bantuan nya
Pengguna Google,5,2026-05-30 00:30:02,saya menyukai aplikasi ini
Pengguna Google,5,2026-05-30 00:29:00,Cepat
Pengguna Google,5,2026-05-30 00:28:11,bebeb iin cantik & imut
Pengguna Google,5,2026-05-30 00:27:51,Mas karang ploso umpama ketemu dik pasar bagaimana
Pengguna Google,5,2026-05-30 00:27:41,cukup memuaskan
Pengguna Google,5,2026-05-30 00:26:15,oke
Pengguna Google,5,2026-05-30 00:26:08,keren
Pengguna Google,1,2026-05-30 00:25:31,sekarang suka eror
Pengguna Google,5,2026-05-30 00:24:51,Kebijakan mengecewakan
Pengguna Google,5,2026-05-30 00:24:31,bagusssssssssssssss
Pengguna Google,1,2026-05-30 00:20:14,kenapa wa saya ke ban trs jangan caper ini aplikasi WhatsApp lu tolol anj
Pengguna Google,1,2026-05-30 00:19:38,"jadi ngeleg klo vc, bkn cuma aku tpi temen2 lain, tolong pembaruan nyaa yang bguss dikit napa"
Pengguna Google,5,2026-05-30 00:17:15,whatsapp nice
Pengguna Google,4,2026-05-30 00:17:12,"klo mau repost video yang ngetag kita suka ngelag jirr,ya sebenernya wa bagus sih dan bisa dibuat komunikasi dari jarak yang jauh atau pun deket"
Pengguna Google,5,2026-05-30 00:15:31,bagusss bgttt
Pengguna Google,1,2026-05-30 00:14:36,saya gak bisa wa
Pengguna Google,5,2026-05-30 00:13:25,Kenapa aku daftar wa ku lagi ga bisa gaes apa masalahnya gaes tolong jelaskan ke padaku gaes biar nnti aku selesaikan gaes terimakasih gaes wassalam gaes
Pengguna Google,1,2026-05-30 00:12:35,makin d update makin ruwet aplikasi ini
Pengguna Google,1,2026-05-30 00:10:59,mengapa wa saya tbtb logout trus knp belum ada fitur efek di vc sma kamera padahal sudah upupdate
Pengguna Google,3,2026-05-30 00:10:05,wa jmbot
Pengguna Google,5,2026-05-30 00:09:36,bagus
Pengguna Google,5,2026-05-30 00:09:10,"bisa,mengobrol dari jarak jauh"
Pengguna Google,5,2026-05-30 00:09:02,aplikasi bug terus di hp saya padahal wa baru buat malah dibatasi/ diblokir padahal kartu baru tolong diperbaiki
Pengguna Google,4,2026-05-30 00:08:27,TidAk ada komentar
Pengguna Google,5,2026-05-30 00:07:13,Aplikasi keren
Pengguna Google,4,2026-05-30 00:06:43,Pasti tidak ada yang sempurna
Pengguna Google,5,2026-05-30 00:06:19,bagus
Pengguna Google,5,2026-05-30 00:06:06,baik
Pengguna Google,5,2026-05-30 00:05:45,Aplikasi ini sangat mendukung dlm aktifitas sehari2
Pengguna Google,5,2026-05-30 00:05:04,Saya mau instal wa ko ga bisa ya gimana ini sudah di coba dwonload berkali kali tapi pas instal ga bisa kepasang
Pengguna Google,1,2026-05-30 00:04:06,"Saat upload status WhatsApp mengapa tiba-tiba menjadi buram atau diturunkan resolusinya? Seharusnya, saat upload status WhatsApp dibuat menjadi jernih atau resolusinya tetap, bukannya malah diturunkan resolusinya. Atau jika tujuannya ingin meringankan memori, dibuat pilihan ingin hemat memori atau tidak. Mohon bantuannya pihak WhatsApp! Terimakasih."
Pengguna Google,5,2026-05-30 00:03:57,gagal penarikan
Pengguna Google,2,2026-05-30 00:02:06,selalu bermasalah
Pengguna Google,5,2026-05-30 00:01:12,untuk saat ini WhatsApp aplikasi terbaik
Pengguna Google,5,2026-05-30 00:01:03,mempermudah komunikasi
Pengguna Google,1,2026-05-29 23:58:29,lol di update malah banyak ngebug Whatsap nya vc error pencet membesar gabisa macet lol banget yg buat apk
Pengguna Google,5,2026-05-29 23:57:31,mantap
Pengguna Google,3,2026-05-29 23:57:13,ini nama tiktok aku @princess
Pengguna Google,4,2026-05-29 23:56:49,"Halo WhatsApp, saya ingin mengajukan pertanyaan kepada WhatsApp. Mengapa saya tidak dapat masuk ke dalam WhatsApp?Disitu nyuruh saya untuk mengunduh WhatsApp resmi dari situs web resmi. Setelah saya datangi malah dibawa ke play store. Tolong kepada WhatsApp agar mengkonfirmasi akun saya kembali. Terima Kasih🙏🏻"
Pengguna Google,1,2026-05-29 23:56:29,"diikit dikit update, dikit dikitt update, kalo ga di update ga bisa di buka"
Pengguna Google,1,2026-05-29 23:56:02,Pp gak bisa di lihat sama orang lain
Pengguna Google,5,2026-05-29 23:55:49,OKKEE
Pengguna Google,5,2026-05-29 23:53:15,Hadi Sumarto bantir Candiroto Temanggung Jawa Tengah Indonesia Aktifkan WhatsApp Indonesia
Pengguna Google,1,2026-05-29 23:49:56,"lawak dikit"" kenon"
Pengguna Google,5,2026-05-29 23:49:16,Terimakasih
Pengguna Google,1,2026-05-29 23:49:06,WhatsApp messenger gue mohon kembalikan wa seperti biasa nya lagi gue vc kamera malah gk bisa di pindahin ke kamera sndri klo di pindahin malah nge lag terus fitur fitur yang ada fi di vidio call ke mana pada hilang mohon perbaiki lgi seperti semula secepatnya vidio call seperti biasa lgi malah pada eror trs ilang uhh gimna ini
Pengguna Google,5,2026-05-29 23:48:29,oc
Pengguna Google,5,2026-05-29 23:44:25,adanya whasap sangat berguna bagi kami
Pengguna Google,5,2026-05-29 23:43:35,bgus
Pengguna Google,5,2026-05-29 23:41:54,sangat bagus
Pengguna Google,5,2026-05-29 23:39:15,watsap sangat membantu dalam berkomunikasi
Pengguna Google,5,2026-05-29 23:39:15,sangat bagus
Pengguna Google,3,2026-05-29 23:38:14,update eror
Pengguna Google,5,2026-05-29 23:38:11,sangat membantu
Pengguna Google,5,2026-05-29 23:37:50,I really like it
Pengguna Google,4,2026-05-29 23:35:02,knapa ya wa saya kalo ada yg wa gx lngsung bisa masuk
Pengguna Google,1,2026-05-29 23:30:56,ㅤㅤㅤㅤㅤㅤㅤㅤㅤㅤㅤㅤㅤㅤㅤㅤㅤㅤㅤㅤㅤㅤㅤㅤㅤㅤㅤㅤㅤㅤㅤㅤㅤㅤㅤㅤㅤㅤㅤㅤㅤㅤㅤㅤㅤㅤㅤㅤㅤㅤㅤㅤㅤㅤㅤㅤㅤㅤㅤㅤㅤㅤㅤㅤㅤㅤ
Pengguna Google,5,2026-05-29 23:30:16,sangat baik untuk telepon vc terimakasih
Pengguna Google,5,2026-05-29 23:29:29,baik
Pengguna Google,1,2026-05-29 23:28:42,Wa kblokir trus taii
Pengguna Google,5,2026-05-29 23:28:22,yajJz
Pengguna Google,5,2026-05-29 23:28:03,Sangat membantu
Pengguna Google,5,2026-05-29 23:26:46,Bisaa chatan sma JUST FRIENDSS
Pengguna Google,5,2026-05-29 23:26:16,wlee
Pengguna Google,5,2026-05-29 23:23:21,Aplikasi yg sangat membantu dlm berkomunikasi
Pengguna Google,5,2026-05-29 23:20:37,ko. engak bisah di buka wa nya
Pengguna Google,5,2026-05-29 23:20:04,komunikasi gampang
Pengguna Google,5,2026-05-29 23:19:36,bagus
Pengguna Google,1,2026-05-29 23:15:21,tida bisa kodi wa
Pengguna Google,5,2026-05-29 23:13:52,Yameteh kimochi
Pengguna Google,3,2026-05-29 23:12:19,jujur makin update makin ngak bagus🙏
Pengguna Google,5,2026-05-29 23:10:37,aplikasi ini sangat berguna
Pengguna Google,5,2026-05-29 23:10:09,"dengan wa kita bisa berbagi impormasi,berbagi foto dan lain-lain, cuman hp ku kalau ada yang kirim link suka gak bisa kebuka tau apanya. tapi aplikasinya membantu banget buat ngasih kabar buat suami ,keluarga , ataupun sama teman"
Pengguna Google,5,2026-05-29 23:08:33,terbaik
Pengguna Google,5,2026-05-29 23:07:55,ini ok bosku
Pengguna Google,5,2026-05-29 23:07:52,app ini sangat membantu mendapatkan informasi dari teman dekat maupun keluarga
Pengguna Google,5,2026-05-29 23:06:14,waa aku ke blokir
Pengguna Google,5,2026-05-29 23:04:04,WA Semakin bagus dan menarik
Pengguna Google,1,2026-05-29 23:02:51,"kenapa watsap ini sekarang tidak bisa daftar di hp Vivo ya, semakin hari semakin ribet WhatsApp nya tolong di bagus kan"
Pengguna Google,5,2026-05-29 23:01:41,puas
Pengguna Google,5,2026-05-29 23:01:25,bagus
Pengguna Google,5,2026-05-29 23:01:05,gak ada kendala
Pengguna Google,4,2026-05-29 23:01:00,Gue banyak cewe
Pengguna Google,5,2026-05-29 23:00:48,sayamenyukainya
Pengguna Google,5,2026-05-29 23:00:22,luar biasa
Pengguna Google,3,2026-05-29 22:57:55,watshap nya kenal derwasa
Pengguna Google,1,2026-05-29 22:57:06,hadeh.. percuma di cadangkan tetep ilang semua.. aneh emang wa ini
Pengguna Google,5,2026-05-29 22:55:11,sangat baik
Pengguna Google,5,2026-05-29 22:54:53,sangat baik
Pengguna Google,5,2026-05-29 22:53:07,sangat bagus tapi sekarang lagi terkena kendala whatsapp nya
Pengguna Google,1,2026-05-29 22:50:50,"akun buat kerja main blokir aja, semakin lama makin gak jelas"
Pengguna Google,5,2026-05-29 22:50:05,Wah gud job deh nggak bisa berkata-kata aku
Pengguna Google,5,2026-05-29 22:49:22,siiipppppp
Pengguna Google,5,2026-05-29 22:48:05,mantap
Pengguna Google,5,2026-05-29 22:47:15,ok
Pengguna Google,1,2026-05-29 22:46:57,aplikasi rusak saran yang mau download pikir lagi
Pengguna Google,1,2026-05-29 22:45:20,kode qr sekarang tidak bisa tautkan perangkat
Pengguna Google,3,2026-05-29 22:44:30,ada kemajuan
Pengguna Google,1,2026-05-29 22:44:19,kurang banyak sekali skrg kekurangan nya...
Pengguna Google,5,2026-05-29 22:43:42,sanggat membantu pekerja'an
Pengguna Google,1,2026-05-29 22:43:07,mengecet guru mempertanyakan halaman yang harus kita kerjakan
Pengguna Google,5,2026-05-29 22:42:07,Bagus sangat membantu dalam berkomunikasi
Pengguna Google,5,2026-05-29 22:41:04,sangat baik
Pengguna Google,5,2026-05-29 22:40:28,baik bagus
Pengguna Google,4,2026-05-29 22:39:34,"min kenapa ketika ada seseorang yang ngegunain timer kenapa pesan dari grup nya ke hapus juga ke orang lain nya?bukan ke si timer nya doang,mohon di perbaiki min soalnya info info penting suka hilang dan tidak terbaca🙏🏻"
Pengguna Google,5,2026-05-29 22:37:07,Kurang bagus
Pengguna Google,5,2026-05-29 22:33:59,baik baik saja
Pengguna Google,1,2026-05-29 22:33:52,tidak ada notifikasinya
Pengguna Google,5,2026-05-29 22:28:44,sangat sukaa
Pengguna Google,1,2026-05-29 22:28:42,apk ini tidak bagus akun saya tidak bisa di login kan
Pengguna Google,5,2026-05-29 22:27:58,baik
Pengguna Google,1,2026-05-29 22:17:02,"saya tiba-tiba ter log out dari whatsapp. sehingga ketika saya login, semua chat saya selama 6 tahun hilang gitu aja. saya minta pertanggungjawaban segera. karena ini sangat merugikan saya. banyak chat penting. kenapa tiba-tiba bisa hilang gitu aja. sangat merugikan. padahal saya tadi malam masih login whatsapp, saya juga tidak pernah salah pin verifikasi, dan saya tidak mengganti nomor. cukup sampe sini aja, saya ga mau makai whatsapp lagi."
Pengguna Google,5,2026-05-29 22:13:47,keren
Pengguna Google,1,2026-05-29 22:12:59,Deskripsikan pengalaman anda (opsional)
Pengguna Google,5,2026-05-29 21:59:35,belum bisa masuk verifikasi implan merah di hape susah hilang
Pengguna Google,4,2026-05-29 21:58:58,aplikasinya bgs
Pengguna Google,3,2026-05-29 21:58:36,sekarang vc gampang ngebuk
Pengguna Google,5,2026-05-29 21:55:44,pulihkan
Pengguna Google,1,2026-05-29 21:54:45,update saja terus aplikasi nya. belum lama di update di suruh lagi update
Pengguna Google,5,2026-05-29 21:50:20,Tidak bisa ganti nomor baru di whatsapp
Pengguna Google,5,2026-05-29 21:40:22,mantap
Pengguna Google,5,2026-05-29 21:33:51,permantap LG wa semacam ini
Pengguna Google,5,2026-05-29 21:27:52,the best
Pengguna Google,4,2026-05-29 21:21:07,mantap
Pengguna Google,5,2026-05-29 21:15:05,samgat bagus apalagi yg sudah di update kali ini lebih memuaskan lagi
Pengguna Google,1,2026-05-29 21:10:08,kslo bisa gausah di adain fitur foto satu kali lihat
Pengguna Google,1,2026-05-29 21:02:59,Blom coba
Pengguna Google,1,2026-05-29 20:56:12,jangan ada mau donlod WA in klo kali gk mu kany saya tiba' di blokir nomor ku baru aja saya beli tpi sdh di blokir belum apa sdh main blokir aja asuu
Pengguna Google,5,2026-05-29 20:48:45,jossss
Pengguna Google,1,2026-05-29 20:45:21,kenapa app buruk buat hp saya
Pengguna Google,5,2026-05-29 20:42:43,Semakin yg terbaik yg sllu di minati semua pengguna
Pengguna Google,1,2026-05-29 20:33:25,perlu di perbarui lagi kalau minta nomer kode verifikasi sulit kalau nomer sudah diblokir tidak bisa hilang
Pengguna Google,5,2026-05-29 20:19:43,good aplikasi ini
Pengguna Google,1,2026-05-29 20:16:42,"EVERY TIME I BACKUP A MESSAGE, WHY IS THE NGESTUCK OFTEN NOT FINISHED? EVEN THOUGH THE WIFI IS SMOOTH. THERE'S STILL A LOT OF STORAGE. WHAT'S THE END? PARTIAL CHATS ARE DELETED. WHICH CHATS CONTAIN MANY BEAUTIFUL MEMORIES AS WELL. And then there's no getting it back."
Pengguna Google,5,2026-05-29 20:13:05,mntap
Pengguna Google,2,2026-05-29 19:55:25,"kenapa akun WA saya tiba"" tidak bisa dibuka yaa dan ada tulisan akun sedang ditinjau maksudnya bagaimana yaa dan berapa lama proses ini berlangsung tolong dijawab.? terimakasih. 🙏🏻🙏🏻"
Pengguna Google,5,2026-05-29 19:55:21,nomor kode
Pengguna Google,3,2026-05-29 19:55:02,😎😎
Pengguna Google,1,2026-05-29 19:51:17,kalo tlpnan cuman memanggil doang kenapa yaa padahal pas di cht centang 2 itu artinya apa ya???
Pengguna Google,5,2026-05-29 19:44:56,kasih tema yang lebih sportip donk
Pengguna Google,5,2026-05-29 19:43:09,Sempurna
Pengguna Google,5,2026-05-29 19:40:07,bgus
Pengguna Google,3,2026-05-29 19:32:10,"sering keluar,, sering ditinjau, padahal tidak melakukan apa apa,,"
Pengguna Google,5,2026-05-29 19:26:24,knp akun saya sedang ditinjau
Pengguna Google,5,2026-05-29 19:25:54,ok
Pengguna Google,1,2026-05-29 19:19:40,"gimnaaa inii tolong beri ke bijakaaan wa saya tiba tiba ke bened tanpa sebab dan tidak bisa di masukan kembali , padahaal sayaa sudaah dowload whatsapp dri plystore tpi ttep ada bacaan whatsapp tidak resmi gmn ini tolong beri ke bijakan"
Pengguna Google,5,2026-05-29 19:19:30,Dedewidanengsih
Pengguna Google,5,2026-05-29 19:16:56,halo saya memohon agar aplikasi ini menambahkan fitur peredam kebisingan audio
Pengguna Google,5,2026-05-29 19:07:35,Akun whatSAapp nonaktifkan kembali
Pengguna Google,5,2026-05-29 18:59:27,akun wassap tidak bisa di gunakan
Pengguna Google,5,2026-05-29 18:57:39,sangar baikkkkkkkkkkkkkkkk
Pengguna Google,2,2026-05-29 18:56:41,wa saya sering ke ban
Pengguna Google,1,2026-05-29 18:55:42,tolong dong akunWhatsap yang kena spam bisa di pulih kan
Pengguna Google,1,2026-05-29 18:54:50,apaansi developer rusak 6× di tinjau mau sampe Indonesia emas kali di tinjau mikir lah nipu kaga gimana si sistemnya gajelas perbaikin lah apaansi gajelas 6× loh sakit kek gd nomor lain aja buat di tinjau cinta mati ya sama nomor gua ya keren dah salut gua aseli dah bujug keren banget
Pengguna Google,2,2026-05-29 18:53:09,"awalnya bagus bagus... setelah update tidak bisa mengirim vidio.. ""mohon maaf format file kosong""... buat ngirim vidio gabisa buat kasih informasi vidio sekali lihat juga gabisa... apalah"
Pengguna Google,5,2026-05-29 18:52:54,ok
Pengguna Google,5,2026-05-29 18:52:06,slalu d spam
Pengguna Google,1,2026-05-29 18:50:13,Tidak bisa putar video story dengan lancar putus putus seperti tidak ada jaringan. Segera di perbaiki
Pengguna Google,5,2026-05-29 18:48:36,mantap
Pengguna Google,5,2026-05-29 18:44:34,"min gimana sih ko jamer melulu,.. parah eror bae"
Pengguna Google,5,2026-05-29 18:44:34,Story jadi acak tidak sesuai jam upload. Video dan foto yang di upload di story pecah
Pengguna Google,5,2026-05-29 18:44:33,ok
Pengguna Google,5,2026-05-29 18:44:31,muantaap apknya
Pengguna Google,5,2026-05-29 18:40:57,baik
Pengguna Google,5,2026-05-29 18:40:41,puas sekali mantap
Pengguna Google,5,2026-05-29 18:35:39,good
Pengguna Google,5,2026-05-29 18:35:01,ok
Pengguna Google,5,2026-05-29 18:31:52,bagus
Pengguna Google,4,2026-05-29 18:25:21,Bu Iki
Pengguna Google,1,2026-05-29 18:24:42,status delay bangsa
Pengguna Google,5,2026-05-29 18:22:19,bagus sekali
Pengguna Google,5,2026-05-29 18:20:46,story nya update lah bikin HD masa ngeblur dan pecah HD in minimal biar josss jissss
Pengguna Google,5,2026-05-29 18:18:55,bagus
Pengguna Google,1,2026-05-29 18:17:17,saat bagikan layar lalu pindah aplikasi tidak ada suaranya
Pengguna Google,5,2026-05-29 18:14:22,sangat mudah untuk semua jenis komunikasi
Pengguna Google,5,2026-05-29 18:10:34,aku suka w
Pengguna Google,1,2026-05-29 18:09:11,saya tida bisa mengunakan wahsapp
Pengguna Google,1,2026-05-29 18:07:52,sering eror buat vidio call
Pengguna Google,1,2026-05-29 18:04:57,tidak versi terbaru
Pengguna Google,5,2026-05-29 18:03:00,oc..Baik
Pengguna Google,4,2026-05-29 17:55:23,di pertahankan
Pengguna Google,4,2026-05-29 17:52:08,"ketika VC lalu berbagi layar , kenapa sekarang tidak ada suara ?"
Pengguna Google,5,2026-05-29 17:51:55,anatasya
Pengguna Google,5,2026-05-29 17:51:55,Aslm jujur ajah sama bunda nama Asili ku inih AA Anto bukan Ato Toyib stts yah singgel usia yg sebenar yah 43 taun Asal dari kota Ciamis Banjar Jawa barat AA Anto inih sih mau mau Ajah untuk menikah yg resmi bersama bunda yg. baik Wslm
Pengguna Google,5,2026-05-29 17:50:15,"terima kasih ya sudah mengembalikan whatsapp saya,krn 3 whatsapp saya kena spam hanya yg sekarang bisa kembali lg saya bersyukur betul,🙏🏻🙏🏻🙏🏻❤,jangan di spam lg ya krn say tidak melakukan hal yg buruk"
Pengguna Google,5,2026-05-29 17:48:00,Keamanan data pribadi nya mohon di perkuat agar phising atau malware tidak bisa memuat data lokasi melalui track nomor telepon.
Pengguna Google,5,2026-05-29 17:47:59,Bagus
Pengguna Google,5,2026-05-29 17:40:53,sangat baik dan berguna
Pengguna Google,5,2026-05-29 17:40:36,Sangat baik
Pengguna Google,1,2026-05-29 17:38:22,riski bayuk adri
Pengguna Google,4,2026-05-29 17:35:32,"tolong untuk wa, tentang vidio cool saya udah di aktifkan fitur eveknya pas vc tpi tetep ga muncul2 tolong di perbaiki"
Pengguna Google,4,2026-05-29 17:33:58,mantap🥰🥰👍👍
Pengguna Google,5,2026-05-29 17:33:03,ok
Pengguna Google,1,2026-05-29 17:30:32,"kenapa setelah up date kontak2 saya BS hilang banyak ad 70 kontak hilang setelah up date,,mohon penjelasan dan bantuannya min"
Pengguna Google,5,2026-05-29 17:29:47,baikkk
Pengguna Google,1,2026-05-29 17:25:09,jl kj syekh pratama barat barat selatan
Pengguna Google,5,2026-05-29 17:24:49,pejuang rupiah
Pengguna Google,5,2026-05-29 17:24:46,Alhamdulillah
Pengguna Google,5,2026-05-29 17:19:42,mantap sangat di butuh kan
Pengguna Google,5,2026-05-29 17:16:33,sangat puas
Pengguna Google,2,2026-05-29 17:16:29,"sering ngbuk/ patah² jadi tolaong di perbaiki apa lagi adi aplikasi buat knon wa birak patah² ,jadi tolong di perketat lagi biar ga ad maslsh"
Pengguna Google,5,2026-05-29 17:14:23,anjai
Pengguna Google,1,2026-05-29 17:10:04,Kcau
Pengguna Google,4,2026-05-29 17:09:24,aku ngerasa wa belakangan ini banyak bug nyaa kaya saatt vc kamera nyaa ngebug gaa bisaa dii alih kannn
Pengguna Google,5,2026-05-29 17:08:31,"matikan fitur saluran,.... pornografi bertebaran di fitur ini,... miris🫣"
Pengguna Google,5,2026-05-29 17:07:53,pribadi
Pengguna Google,5,2026-05-29 17:07:26,"Semoga WhatsApp punya jaringan internet sendiri, dengan harga yang terjangkau, dan tanpa batas. Sangat membantu. 👍🏻"
Pengguna Google,1,2026-05-29 17:07:26,tidak menerima kode verifikasi
Pengguna Google,1,2026-05-29 17:07:22,sangat jelek tolong pitur nya di ubah Jan terlalu positip orang cuma Chet temen aja sampe di bened
Pengguna Google,3,2026-05-29 17:07:06,kameranya ngebak
Pengguna Google,5,2026-05-29 17:04:20,ok
Pengguna Google,5,2026-05-29 17:03:56,makasih moga lancar
Pengguna Google,1,2026-05-29 17:01:31,sangat mantap😌
Pengguna Google,5,2026-05-29 17:01:29,memudahkan ku untuk berinteraksi dengan orang lain
Pengguna Google,1,2026-05-29 17:00:16,TOLONG HAPUS FITUR STIKER SOALNYA DELIAAA GAMAU NGETIK
Pengguna Google,1,2026-05-29 16:59:59,"Hmm, aneh bet nieh WA, padahal no baru ganti dah kena kenon, Baru juga udah beres tinjau kena kenon lg, aneh, dulu ga Begini amat, Kecewa saya sama Whatsapp"
Pengguna Google,1,2026-05-29 16:57:18,wa saya keluar sndri tiba tiba susah masuk lagi padahal udh dikaitkan ke email
Pengguna Google,5,2026-05-29 16:57:11,mantaap
Pengguna Google,1,2026-05-29 16:49:37,terus terusan tidak bisa masuk
Pengguna Google,1,2026-05-29 16:48:54,bagus
Pengguna Google,5,2026-05-29 16:48:35,Ok
Pengguna Google,5,2026-05-29 16:47:24,kenapa wa eaya di blokir terus
Pengguna Google,5,2026-05-29 16:40:48,gbisa sadap wa
Pengguna Google,1,2026-05-29 16:37:56,balikin lagi pengaturan bio permanen. jangan ada lagi bio dengan batas waktu.
Pengguna Google,5,2026-05-29 16:37:38,sangat bait
Pengguna Google,1,2026-05-29 16:30:41,kenapa saya tidak bisa menerima kode verifikasi sejak tadi pagi ya. apa nomer saya sudah tidak bisa di pakai di apk whatsapp ya
Pengguna Google,5,2026-05-29 16:26:16,Sangat baik
Pengguna Google,5,2026-05-29 16:25:53,sangat bagus
Pengguna Google,5,2026-05-29 16:25:34,sangat sangat membantu
Pengguna Google,1,2026-05-29 16:25:21,"Tiba tiba logout, terus di suruh tunggu 24 jam baru bisa bagus lg,eh sekarang udah 1 Minggu WhatsApp saya belum jadi jadi🙃"
Pengguna Google,5,2026-05-29 16:24:28,minta tolong coba watsapp dibikin seprti ada mode pesawat nya gitu atau status centang 1 tapi data aktif terima kasih
Pengguna Google,1,2026-05-29 16:23:24,"unggah story lama padahal jaringan bagus, hapus story ngebug gambar hitam makin lama makin tidak memuaskan !"
Pengguna Google,5,2026-05-29 16:23:22,ok
Pengguna Google,5,2026-05-29 16:23:16,oke
Pengguna Google,1,2026-05-29 16:22:55,"KENAPA TBTB WA BISA KE RESET SENDIRI? wa saya sudah ke reset 3 kali padahal penyimpanan saya masih ada 3 gb, bisa ke restore tp ada beberapa chat yg tidak masuk."
Pengguna Google,5,2026-05-29 16:21:54,sangat senang sekali
Pengguna Google,5,2026-05-29 16:21:51,sangat bagus
Pengguna Google,2,2026-05-29 16:16:45,"tolong benerin dong bug saat video call, suka error gak jelas tiba tiba dua dua nya muka sendiri, kadang dua dua nya yang video call sama kita"
Pengguna Google,1,2026-05-29 16:15:06,bnyak bug nya njirr gk bisa buka wa
Pengguna Google,4,2026-05-29 16:14:59,Ukuran makin berat
Pengguna Google,1,2026-05-29 16:13:23,tibak bisa vn
Pengguna Google,5,2026-05-29 16:12:21,tolong lihat whatsApp ku nii kenapa gini terus
Pengguna Google,5,2026-05-29 16:11:30,mantap
Pengguna Google,5,2026-05-29 16:10:53,good
Pengguna Google,5,2026-05-29 16:10:14,nyaman digunakan👍
Pengguna Google,5,2026-05-29 16:09:48,Ibrahim open
Pengguna Google,4,2026-05-29 16:08:52,apalagi apl ini ptg banget buat kita semua
Pengguna Google,1,2026-05-29 16:08:49,"aplikasi jelek, masa ada fitur video call tapi gk ada yg mau video call ke aku"
Pengguna Google,4,2026-05-29 16:08:30,tidak ada fitur efek kamera
Pengguna Google,5,2026-05-29 16:08:04,kenapa saya tidak bisa watsap saya
Pengguna Google,5,2026-05-29 16:07:36,WhatsApp Messenger mudah dan hemat serta terlindungi.
Pengguna Google,1,2026-05-29 16:05:49,wa nya kenapa ya kok buat hapus status tulisannya menghapus status tapi loading trs tolong di bagusin lg ya soalnya dri kmrn pagi begtu terus ga hilang hilang
Pengguna Google,5,2026-05-29 16:05:43,sangat bagus
Pengguna Google,3,2026-05-29 16:05:14,"bagus apk y , tapi miris , setiap hari selalu ngabarin dia eh malah kaya orng bego , gmw excited sendirian ah elah , bagus apk ya ."
Pengguna Google,1,2026-05-29 16:04:51,sekarang kalo vc kali kita mencet kita yang besar otomatis lawannya vc kita jadi ada dua ( alias muka lawan kita yang vc bukan mukaku ( tolong dibenerin untuk pihak WhatsAppnya
Pengguna Google,5,2026-05-29 16:02:14,ok
Pengguna Google,1,2026-05-29 16:01:50,Aplikasi kambing dalam isi sistem kambing yang mengendalikan ini app busuk pimpinannya Aljin tidak taumalu dan para pengikutnya masuk aliran sesat seolaholah keyakinannya dan kebijaksanaanya itu yang terbaik kali. Lucu sekali punya dunia masing masing merepotkan sekali makhluk berbeda Alam datang ke dunia manusia tau diri posisi sebagai kambing urusanmu berada di dunia ghaib tidak usah mencampuri ini dunia manusia bukan khusus kambing menyesalilah n putusasalah bahwa strategi kalian terbongkar
Pengguna Google,1,2026-05-29 16:00:54,"It's useless to have a cellphone with high camera specifications, if you use it to make a status, the result is compressed into a 3gp quality video, aka blurry!"
Pengguna Google,2,2026-05-29 15:59:28,"Semua fitur bagus kecuali vc, kualitasnya emang jernih tapi kenapa jadinya susah membuka aplikasi lain ketika vc , awalnya dikira karena ho panas atau penyimpanan penuh sampe dingin tak diemin lalu membersihkan penyimpanan tetap saja tidak bisa membuka aplikasi lain ketika mengobrol lebih dari 30 menit tapi kadang bisa membuka juga , tolong pihak wa tingkatkan lagi kulitasnya"
Pengguna Google,1,2026-05-29 15:58:17,sungguh berguna
Pengguna Google,5,2026-05-29 15:58:05,Sangat cocok
Pengguna Google,2,2026-05-29 15:56:57,bagus banget mantap deh buat kamu seru buat kamu dirumah coba kamu bikin nanti nyesel loh bagusss
Pengguna Google,5,2026-05-29 15:56:35,keren banget sungguh luar biasa memuaskan👍🙏
Pengguna Google,5,2026-05-29 15:55:45,Bagus sekali
Pengguna Google,5,2026-05-29 15:55:28,bagus
Pengguna Google,5,2026-05-29 15:54:42,sangat menyenangkan
Pengguna Google,1,2026-05-29 15:53:19,"halooo whatsapp,tolong perbaiki aplikasi ini karna saya sudah banyak ganti no ,tetapi malah ke band,tolong perbaiki karna saya seorang kurir ingin chat penerima malah terkena band,tolong perbaiki gangguan ini ,mohon bantuannya secepatnya,jadikan whattsap saya agar lebih baik saat chat ,trimakasih"
Pengguna Google,1,2026-05-29 15:50:47,kembaliin setiker gwe cok habis di apdet kok ilang semuanya anjir setiker nya woy di perbarui bukanya tambah bagus malah jadi ke gitu setiker ilang semua tanpa ada sisa satu pun 😒😒😒
Pengguna Google,4,2026-05-29 15:50:36,55 hu UU
Pengguna Google,1,2026-05-29 15:49:56,bintang 1 karena tidak ada orang yang chat saya dan juga saya tidak mendapatkan pacar dan orang selalu cuekin saya
Pengguna Google,5,2026-05-29 15:49:25,sangat bagus
Pengguna Google,5,2026-05-29 15:48:56,bagus dan gak jelek
Pengguna Google,4,2026-05-29 15:48:29,"apk nya udah bagus, tapi ada sedikit kendala disaat nelpon atau vc suara nya putus"" dan kurang jelas :( padahal sinyal baik"" aja, sinyal nya juga udah di tes dan hp juga baik"" aja tapi suka ngebug, tolong diperbaiki yaaaaa :) apk nya banyak error dan ngebug ga jelas, makin di update makin ga jelas."
Pengguna Google,5,2026-05-29 15:47:57,gogo bai
Pengguna Google,5,2026-05-29 15:45:13,WhatsApp ini sangat bagus sekali
Pengguna Google,5,2026-05-29 15:43:03,Kontaķ saya
Pengguna Google,1,2026-05-29 15:43:00,kenapa nmr gua malah ke blokir
Pengguna Google,5,2026-05-29 15:42:36,ok
Pengguna Google,5,2026-05-29 15:40:37,jos jis
Pengguna Google,1,2026-05-29 15:39:18,jlek
Pengguna Google,5,2026-05-29 15:38:49,aplikasi ini bagus
Pengguna Google,5,2026-05-29 15:36:34,bagusperbatui wa
Pengguna Google,1,2026-05-29 15:36:34,tdk selalu bagus wa srkrng
Pengguna Google,5,2026-05-29 15:32:38,"bagus, tapi kenapa suka ngeblur yah kalo mau stori foto/vidio padahal udah pilih paling tinggi"
Pengguna Google,5,2026-05-29 15:31:27,baguss
Pengguna Google,1,2026-05-29 15:30:44,kok parah yaa di update makin parah keluar2 an terus aplikasinya anehhh bin ajaib
Pengguna Google,5,2026-05-29 15:30:27,coba dulu
Pengguna Google,5,2026-05-29 15:30:18,ok ok
Pengguna Google,1,2026-05-29 15:29:53,wa gabisa pakai
Pengguna Google,5,2026-05-29 15:27:16,bagus
Pengguna Google,5,2026-05-29 15:26:43,sangat baik tapi kenapa sering wa nya ke kenon yah?
Pengguna Google,5,2026-05-29 15:25:16,kasih yang terbaik👍💯
Pengguna Google,3,2026-05-29 15:24:55,"kenapa sih kalau upload story haru ke kompress jadi buram videonya jadi, tolong perbaiki"
Pengguna Google,5,2026-05-29 15:24:12,merasa puasss
Pengguna Google,1,2026-05-29 15:23:28,nomer gua kenapa di blokir trus waduhhhh waduh pusing aneeee🙃🙃🙃🙃🙃🙃🙃🙃🙃🙃🙃🙃🙃🙃
Pengguna Google,5,2026-05-29 15:23:21,sangat baik
Pengguna Google,5,2026-05-29 15:23:07,"aku sengaja kasi rate 5 biarr di paling atas sebenarnya semua fiturnya uda bagus, cuma sekarang kalo aku post sw kadang suka nge blur padahal video asli yang aku edit jernih, tapi malah nge blur, cuma minta tolong sama kakanya tolong di perbaiki lagi buat hal"" kaya giniiii, terimakasiiiii tolong di baca ulasan aku ya kaaa ^^"
Pengguna Google,5,2026-05-29 15:20:25,kenapa WHATSAPP SAYA TIDAK BISA DI GUNAKAN
Pengguna Google,1,2026-05-29 15:20:06,memo penuh padahal gada chat yg menggunakan MB besar
Pengguna Google,3,2026-05-29 15:17:51,"Kenapa WhatsApp saya selalu terblokir terus, padahal saya chat mematuhi syarat-syarat yang telah di tentukan oleh WhatsApp"
Pengguna Google,5,2026-05-29 15:17:46,"Dear WhatsApp, I have a suggestion for a future update: group-specific profile privacy settings. This feature would allow users to decide whether to display or hide their profile picture within a specific group. Thank you."
Pengguna Google,5,2026-05-29 15:16:47,ok
Pengguna Google,5,2026-05-29 15:16:16,good
Pengguna Google,5,2026-05-29 15:15:36,sangat memuaskan
Pengguna Google,1,2026-05-29 15:15:28,"Saya beberapa hari ini telpon sama pacar saya, tadi berantem, saya sudah ngobrol dan menjelaskan secara panjanv lebar, tetapi ternyata di pacar saya tidak terdengar sama sekali, posisi pacar saya habis marahin saya dan diam, dia mengira saya juga diam, tapi nyatanya saya menjelaslan, mohon tolong bantu menjelaskan me pacar saya kalo tadi saya menjelaskan, tapi saya dimarahin karena dikira diem aja dan tidak mau tau mengenai hubungan kita"
Pengguna Google,2,2026-05-29 15:15:03,"parah wa sekarang bisa"" nya keluar sendiri"
Pengguna Google,5,2026-05-29 15:14:52,"प्रिय व्हाट्सएप सपोर्ट टीम, मुझे आशा है कि यह संदेश आपको अच्छी तरह से मिल जाएगा। मैं अपने व्हाट्सएप अकाउंट पर प्रतिबंध की अपील करने के लिए लिख रहा हूं। मैं समझता हूं कि व्हाट्सएप की सेवा की शर्तों के उल्लंघन के कारण मेरे खाते पर प्रतिबंध लगा दिया गया था, और मैं किसी भी अनजाने कार्यों के लिए ईमानदारी से माफी मांगता हूं जिसके कारण यह हो सकता है। मैं व्हाट्सएप को एक आवश्यक संचार उपकरण और समुदाय के रूप में महत्व देता हूं, और मैं व्हाट्सएप की नीतियों और दिशानिर्देशों का पालन करन"
Pengguna Google,5,2026-05-29 15:13:53,bagus enak tapi selalu ngebug saya kadang gk bisa leponan gk bisa ganti PP kadang juga gk bisa ngetik di whatsApp tolong di benerin
Pengguna Google,1,2026-05-29 15:13:39,"semakin baru penggunaan data makin banyak dan besar. apa bila hp/android/ios termasuk generasi pertama, sudah tidak support menggunakan whatsapp di karenakan memory internal dan ram yang kecil. saran ukurannya di buat praktis dan tambahan fitur seperti stiker atau voicenote dan video sekali liat itu tidak memakan memory(langsung terhapus begitu sudah di lihat)"
Pengguna Google,5,2026-05-29 15:11:44,baik
Pengguna Google,4,2026-05-29 15:11:35,"tolong perbaiki wa nya ada sedikit bug, di saya gak bisa kirim stiker, foto, audio, video, sama menambahkan status wa. sebelum di update awalnya lancar tanpa kendala setelah di update kok kayak ada bug gitu. apalagi ada yang kurasa biasa ada tag semua sekarang gak ada tolong di update lebih baik lagi ya wa"
Pengguna Google,5,2026-05-29 15:11:27,muantap
Pengguna Google,5,2026-05-29 15:10:14,baguzx
Pengguna Google,1,2026-05-29 15:10:11,ini kenapa eror
Pengguna Google,3,2026-05-29 15:09:12,wa tolong benerin bugg pas lagi vidiocall masa stiap videocall gambar nya ada 2 si orang yang aku Vidiocall
Pengguna Google,4,2026-05-29 15:09:10,baguss tapi aku gak ada fitur filter nyaaa
Pengguna Google,5,2026-05-29 15:08:36,apk yang sangat luarbiasa
Pengguna Google,5,2026-05-29 15:01:41,ok
Pengguna Google,1,2026-05-29 15:01:40,banyak bug wa yg tidak jelas
Pengguna Google,1,2026-05-29 14:59:50,halo WhatsApp di sini akun aku kena kenon pdahalaku ngapa ngapin tolong plis itu ada grup yang sangat penting
Pengguna Google,5,2026-05-29 14:59:16,cepat dan mudah
Pengguna Google,5,2026-05-29 14:58:39,bagus banget
Pengguna Google,3,2026-05-29 14:58:11,gak bisa lihat siapa aja yang udah liat sw ku
Pengguna Google,3,2026-05-29 14:56:05,tolong WhatsApp semuanya sudah bagus kecuali sistem kualitas pengiriman video atau upload status itu buruk kualitasnya
Pengguna Google,3,2026-05-29 14:55:54,bantu login nomor saya ke washapp
Pengguna Google,5,2026-05-29 14:55:40,bisaaa wa ann dengann siapaa ajaaaa
Pengguna Google,4,2026-05-29 14:53:24,bisa ngechat
Pengguna Google,1,2026-05-29 14:53:22,Ini knp yh saya mau login wa malah ada pelanggaran jika sy memakai wa palsu? padahal saya gak pernah sama sekali 😌
Pengguna Google,1,2026-05-29 14:48:36,"wasap wasap, durasi musikny kok ngga di panjangin???😡"
Pengguna Google,3,2026-05-29 14:47:26,"VC sering bug, telpon sering batal otomatis sampai harus ngulang bbrapakli"
Pengguna Google,5,2026-05-29 14:47:18,seseorang telah mnggunakan whatsapp tampa seijin sya. mhon di plihkan lagi
Pengguna Google,3,2026-05-29 14:47:17,ok
Pengguna Google,1,2026-05-29 14:46:07,sudah bagus siiih tapi aku tidak bisa login padahal udah bener tolong di loginin yaa aku gak bisa login
Pengguna Google,1,2026-05-29 14:44:48,kalo buat setory wa selalu blur ga kaya yang dulu selalu jernih
Pengguna Google,1,2026-05-29 14:40:49,"suka nge bug taik,jahad lu"
Pengguna Google,2,2026-05-29 14:40:38,kalo buat vc gmbr nya ngga bisa pindah²
Pengguna Google,5,2026-05-29 14:40:02,saya senang sekali
Pengguna Google,2,2026-05-29 14:39:39,log out sndiri / mental.
Pengguna Google,1,2026-05-29 14:39:19,sekarang wa jadi susah buat tlp badahal di chat masuk tapi di tlp ngga berdering. jelek
Pengguna Google,5,2026-05-29 14:39:06,mantap
Pengguna Google,4,2026-05-29 14:37:55,baik
Pengguna Google,5,2026-05-29 14:36:56,Bagus
Pengguna Google,5,2026-05-29 14:35:34,tambahkan dong fitur WhatsApp biar bisa pakai theme kyk GB WhatsApp
Pengguna Google,3,2026-05-29 14:34:48,apakah bisa terbuka wa saya sedang ditinjau
Pengguna Google,2,2026-05-29 14:34:42,"kenapa ke blokir terus WhatsApp saya, bagaimana saya menghubungi keluarga saya"
Pengguna Google,5,2026-05-29 14:34:10,Saya sangat puas dengan aplikasi ini
Pengguna Google,2,2026-05-29 14:33:52,ya oke
Pengguna Google,2,2026-05-29 14:33:08,selalu di block wa nya
Pengguna Google,5,2026-05-29 14:32:05,WhatsApp nga jadi
Pengguna Google,1,2026-05-29 14:31:51,"ubah resolusi nya pdhl udh di hd in ttep ajaa burik, Vidio atau Poto pas ngirim ke orng / ke sw jdi burik pdhl aslinya enggaa gitu. burikk pokonyaa gk rekomend bangtt 👎"
Pengguna Google,1,2026-05-29 14:31:27,MAKIN JELEK AJAA NIH WA VC JADI STUCK GA BISA D BESARIN
Pengguna Google,5,2026-05-29 14:30:07,"Aplikasi komunikasi terbaik dan paling stabil. Sangat membantu untuk kebutuhan sehari-hari, baik untuk keluarga maupun pekerjaan. Sukses terus WhatsApp!Sangat membantu untuk koordinasi kerja. Fitur kirim dokumen, foto HD, dan panggilan grupnya sangat lancar tanpa kendala. Aplikasi wajib di handphone!Aplikasi chatting paling ringan dan mudah digunakan. Fitur statusnya seru, dan sekarang bisa kirim pesan suara sekali dengar. Sangat menjaga privasi!Kualitas telepon dan video call-nya jernih bgt 🤩"
Pengguna Google,2,2026-05-29 14:27:06,"Aplikasi sudah sangat bagus untuk komunikasi sehari-hari. Namun, mohon perhatiannya untuk fitur WhatsApp Status (Story). Kompresi video di Android terlalu sadis sampai bikin hasilnya buram/blur, padahal kualitas video aslinya sangat tajam. Semoga di update selanjutnya ada opsi untuk mempertahankan kualitas asli (HD) secara permanen tanpa diredam otomatis."
Pengguna Google,5,2026-05-29 14:26:16,kualitas dan aplikasi nya tercanggih
Pengguna Google,5,2026-05-29 14:25:31,kenapa whatsApp saya keblokir terus2san gimana caranya biar bisa aktif lagi
Pengguna Google,5,2026-05-29 14:24:02,super sekali
Pengguna Google,5,2026-05-29 14:22:45,ingin tahu
Pengguna Google,3,2026-05-29 14:22:04,Selamat
Pengguna Google,5,2026-05-29 14:21:16,bagus
Pengguna Google,2,2026-05-29 14:20:39,kenapaa kalo bikin status wa jelek banget jadi blur
Pengguna Google,5,2026-05-29 14:20:05,nice
Pengguna Google,1,2026-05-29 14:17:17,"selalu saja wa saya, kena kenon padahal ngak ada spam, wa sekarang makin buruk🙏🙏"
Pengguna Google,5,2026-05-29 14:16:36,baik
Pengguna Google,5,2026-05-29 14:15:21,Sangat bagus n tidak mengecewakan..
Pengguna Google,1,2026-05-29 14:15:01,"buat developer yak tolong ni khususnya fitur yng otomatis ngeblokir nomer wa kalau spam, no gw ga spam ga apa kok kena blokir??? yng bener aja, di blokir blokir padahal ga spam saya diam, di fitnah fitnah saya juga diam, tapi malam ini saya katakan, saya akan lawann!! lu mau apk lu gw acak acak?"
Pengguna Google,1,2026-05-29 14:13:41,"halo,selamat mlm admin WHAtsApp,,, saya mau tanya,kenapa hakir hakir belakang ini,Whatsapp saya sekali tiga hari selalu di prifikasih terus,,sedang kan saya tidak ada melakukan apa apa,,,barusan ini saya lagi cas hp,pas saya mau ambil hp,dan mau buka Whatsapp,tau tau nya,,maaf,akun Whatsapp di prifikasih,,,,kenapa selalu begini Admin Whatsapp,,,sampai sampai ada pesan maksuad,akun Whatsapp anda tidak resmi,sedang kan saya donwllod di plaitor,,tolong Admin Whatsapp,,di perbaikan Whatsapp nya ya,,"
Pengguna Google,5,2026-05-29 14:09:17,baik
Pengguna Google,5,2026-05-29 14:09:03,layanan dan fitur semakin bagus
Pengguna Google,5,2026-05-29 14:08:57,mantap
Pengguna Google,3,2026-05-29 14:08:28,"jujur selama aku make wa bagus bagus aja gak ada kendala, tapi semenjak update di tahun 2026 ini, kemanan nya tu aneh banget, aku gak ada ngirim konten negatif gspi malah dibened, pas udh bisa dipulih kan apk nya lagi, eh pas mau log ulng akun gus, malah dibilang wa gak resmi dong, sumph kesel tspi gk tau hrus gimna lgi"
Pengguna Google,5,2026-05-29 14:08:12,ini terlalu bagus
Pengguna Google,1,2026-05-29 14:06:11,info nya doang saya habis ngupdet malah tidak bisa muncul gambar pas vc tolong di perbaiki ya
Pengguna Google,5,2026-05-29 14:05:05,ok
Pengguna Google,5,2026-05-29 14:03:51,good
Pengguna Google,2,2026-05-29 14:02:01,𝙨𝙘 𝙣𝙮𝙖 𝙢𝙖𝙣𝙩ul vc nya gk jelas apalagi pas rekam layar gk ada suara apa apa
Pengguna Google,5,2026-05-29 14:01:22,Sangat bagus
Pengguna Google,1,2026-05-29 14:01:09,gak punya salah di block apl burik
Pengguna Google,2,2026-05-29 13:58:46,Arsip status gua nyangkut mulu size aplikasinya nggak mau nyusut tolong tambahin fitur buat hapus semuanya
Pengguna Google,5,2026-05-29 13:58:36,bagi saya bagus
Pengguna Google,1,2026-05-29 13:58:34,tolong perbaiki aplikasi anda.saya sering di blokirr di saat memasukkan nomer.dan saya beli kartu tapi tidak ada hasil yng jelas.sya minta atas pertolongan anda untuk memperbaiki aplikasi.saya stiap hri kenak msalah ini sungguh kecewa main aplikasi ini aplikasi WhatsApp sangat penting buat pekerjaan tapi saat inii sungguh sangat kecewa.tlong perbaiki 🙏
Pengguna Google,5,2026-05-29 13:57:22,WhatsApp bagus asli 2026
Pengguna Google,5,2026-05-29 13:57:15,bisnisku
Pengguna Google,5,2026-05-29 13:57:15,lancar dan baik
Pengguna Google,1,2026-05-29 13:57:03,stop update
Pengguna Google,5,2026-05-29 13:56:18,sangat cocok
Pengguna Google,5,2026-05-29 13:55:51,oke
Pengguna Google,1,2026-05-29 13:55:30,bagus
Pengguna Google,5,2026-05-29 13:55:02,mohon bantuannya supaya whatsapp gak sellu di tinjau
Pengguna Google,3,2026-05-29 13:54:51,suka keluar mulu
Pengguna Google,1,2026-05-29 13:54:00,"setiap login ke WhatsApp kadang tidak mendapatkan kode verifikasi. apalagi untuk orang yg habis direset pabrik tidak tahu nomer ya, susah"
Pengguna Google,5,2026-05-29 13:53:45,suka banget
Pengguna Google,5,2026-05-29 13:53:05,Mantap lah tapi kadang kadang suka ngeleg 😅
Pengguna Google,2,2026-05-29 13:51:46,"hi whatsapp,kok aplikasi jelek ya makin ke sini makin banyak errornya tolong di perbaiki saya kesal sebagai pengguna"
Pengguna Google,5,2026-05-29 13:50:24,ini whatsapp knpa gk bisa ya
Pengguna Google,5,2026-05-29 13:47:05,mantap
Pengguna Google,5,2026-05-29 13:45:54,So Good.!! 💚
Pengguna Google,5,2026-05-29 13:45:45,ok
Pengguna Google,5,2026-05-29 13:45:12,Alhamdulillah semua jadi lancar
Pengguna Google,2,2026-05-29 13:45:09,udah ga ada orang favorit lgi
Pengguna Google,3,2026-05-29 13:43:53,Jangan terlalu banyak UPDATE ruangan hp penuh
Pengguna Google,5,2026-05-29 13:42:49,"Yang jelas kontek,, temen saya tidak bisa di buka."
Pengguna Google,5,2026-05-29 13:42:18,seru ajasi
Pengguna Google,1,2026-05-29 13:41:39,tolong kontak sdh saya privasi kenapa masih nongol di status saya
Pengguna Google,5,2026-05-29 13:40:58,Sering eror
Pengguna Google,3,2026-05-29 13:40:52,kadang pas buat vidio call ngebug
Pengguna Google,2,2026-05-29 13:40:05,riski terlalu banyak foto
Pengguna Google,5,2026-05-29 13:38:23,mantap dan tingkatkan 👍
Pengguna Google,5,2026-05-29 13:37:57,baguss
Pengguna Google,5,2026-05-29 13:37:46,ok baik
Pengguna Google,5,2026-05-29 13:37:40,is the best
Pengguna Google,3,2026-05-29 13:37:31,kak kalau boleh vc nyaa bisaa di zoom dong mau nobar sama tmn tpi susah banget
Pengguna Google,5,2026-05-29 13:37:23,aplikasi ini sangat membantu banget
Pengguna Google,5,2026-05-29 13:36:16,bagus
Pengguna Google,2,2026-05-29 13:34:47,tiba tiba di dibanding kan padahal saya gak lakuin apa apa 🗿
Pengguna Google,1,2026-05-29 13:34:26,whatsapp selalu berubah ga bagus
Pengguna Google,3,2026-05-29 13:33:44,suka ngelag saat vidio call ketika mau mengubah ke kameranya
Pengguna Google,5,2026-05-29 13:32:52,keren bagus
Pengguna Google,1,2026-05-29 13:31:20,tidak dapet login ke apk
Pengguna Google,1,2026-05-29 13:29:15,nn si whatsapp gabisa vn wae butut geleh so asik
Pengguna Google,5,2026-05-29 13:28:57,Sangat bermanfaat
Pengguna Google,5,2026-05-29 13:28:37,bagus
Pengguna Google,5,2026-05-29 13:28:21,Sangat membatu aplikasi nya
Pengguna Google,1,2026-05-29 13:26:28,bermasalah slalu kena spam padahal tidak melanggar asusila bahasa juga msh wajar dalam berucap tolong di perbaiki dgn baik
Pengguna Google,5,2026-05-29 13:26:10,Sangat bagus
Pengguna Google,5,2026-05-29 13:25:54,meta ai nya sangat ramah
Pengguna Google,1,2026-05-29 13:25:04,bagus
Pengguna Google,5,2026-05-29 13:24:48,bagus
Pengguna Google,5,2026-05-29 13:24:02,ok
Pengguna Google,3,2026-05-29 13:22:42,halo dukungan Whatsapp saat ini akun whatsApp saya diblokir untuk menggunakan whatsapp saya merasa ini adalah kesalahan sistem WhatsApp mohon untuk tinjau kembali akun saya dan segera selesaikan masalah ini terima kasih
Pengguna Google,5,2026-05-29 13:22:38,bagus
Pengguna Google,1,2026-05-29 13:22:35,wa nya tidak bisa di buka
Pengguna Google,5,2026-05-29 13:22:35,whatsapp
Pengguna Google,4,2026-05-29 13:22:32,"maaf ini kenapa wa nya tiba² hilang² terus ya chatnya, masa udah di update dan penyimpanan juga Ndak penuh data dan pesan tetap hilang?,tolong diperbaiki lagi ya bug nya agar GK hilang lagi, setiap buka wa muncul ""WhatsApp mengalami masalah""trus suruh nunggu datanya ilang semua, data penting ilang semua🤦🏻‍♀️ tolongg ya diperbaiki"
Pengguna Google,1,2026-05-29 13:21:50,"WhatsApp saya selalu kena spam, walaupun sudah ganti nomer hp. tapi tidak ada informasi lebih detail dari WhatsApp nya"
Pengguna Google,1,2026-05-29 13:19:33,saya Hello saya kan WhatsApp
Pengguna Google,1,2026-05-29 13:18:41,"TELEPON NYAA SUKA MATI SENDIRII, JELEK"
Pengguna Google,1,2026-05-29 13:18:21,nih wa kenon Mulu sistemn lu lagi eror apa gimana nge chat dikit kenon
Pengguna Google,5,2026-05-29 13:18:18,ok
Pengguna Google,5,2026-05-29 13:17:34,WhatsApp Messenger Tambah Lemot Terlalu Kebanyakan Perubahan Bikin Gak Nyaman Di Gunakan
Pengguna Google,5,2026-05-29 13:17:33,"udaaa okeiii, plis update an selanjutnya ada in sorotan kaya ig sama tiktok soalnya mau aku jadiin se aesthetic mungkin😚😉 ini masukan aja ya dari akuu semiga beneran ada sii"
Pengguna Google,5,2026-05-29 13:16:41,Menggunakan WhatsApp sangat lengkap puturnya dan mudah digunakan Terimakasih WhatsApp
Pengguna Google,5,2026-05-29 13:15:15,WhatsApp ini sangat bagus
Pengguna Google,5,2026-05-29 13:14:53,karena saya bisa chettan sama kawanku
Pengguna Google,1,2026-05-29 13:14:52,masa akhir akhir ini gabisa kirim chat padahal sinyal bagus 100 persenn
Pengguna Google,5,2026-05-29 13:11:37,masalah
Pengguna Google,5,2026-05-29 13:11:36,ok
Pengguna Google,2,2026-05-29 13:10:13,butut
Pengguna Google,4,2026-05-29 13:09:46,makasih
Pengguna Google,4,2026-05-29 13:07:11,lumayan
Pengguna Google,5,2026-05-29 13:06:35,sy suka
Pengguna Google,2,2026-05-29 13:05:43,sekarang parah sinyal wa nya.. video gak jelas gambarnya... suara sember begitu
Pengguna Google,5,2026-05-29 13:05:30,nyaman
Pengguna Google,5,2026-05-29 13:04:57,sangat membantu
Pengguna Google,4,2026-05-29 13:04:39,kalo update fitur lambat bgt
Pengguna Google,1,2026-05-29 13:04:06,banyak bug nya nih seperti last sen kadang kadanh suka menghilang dan membuat cewe saya bete
Pengguna Google,4,2026-05-29 13:03:41,jwjei
Pengguna Google,1,2026-05-29 13:02:26,bagus
Pengguna Google,5,2026-05-29 13:02:15,sangat bagus
Pengguna Google,5,2026-05-29 13:01:29,"apkny bgs, tpi syngny prnh ad bug, trs krset smua chtny, tpi ggplah."
Pengguna Google,5,2026-05-29 13:01:27,cukup bagus
Pengguna Google,5,2026-05-29 12:59:25,Keluk dan tahan pesan
Pengguna Google,3,2026-05-29 12:58:47,bagus
Pengguna Google,5,2026-05-29 12:58:36,verry nice
Pengguna Google,5,2026-05-29 12:57:08,Terbaik
Pengguna Google,5,2026-05-29 12:56:52,Sangat bagussssssss. Udh sih gitu aja aku nya gak mood lagi mainn soalnya
Pengguna Google,1,2026-05-29 12:56:46,aplikasi gj
Pengguna Google,5,2026-05-29 12:56:24,lebih mudah dan mudah
Pengguna Google,5,2026-05-29 12:56:15,bagus
Pengguna Google,4,2026-05-29 12:55:28,bagus
Pengguna Google,5,2026-05-29 12:55:12,WhatsApp baik hati tolong jangan di blokir lagi wa saya
Pengguna Google,2,2026-05-29 12:54:23,"Semakin sering update malah semakin jelek, status makin burik gak seperti dulu"
Pengguna Google,1,2026-05-29 12:52:51,"PLEASE WHATSAPP, WHY IS MY ACCOUNT BLOCKED BY YOUR DAMN AI SYSTEM?"
Pengguna Google,1,2026-05-29 12:52:34,kenapa saya log out....? kenapa saya gak bisa pakai WhatsApp. sebenarnya yg salah d mana nya...?
Pengguna Google,5,2026-05-29 12:52:32,sangatlah penting
Pengguna Google,5,2026-05-29 12:52:30,bagus
Pengguna Google,5,2026-05-29 12:52:00,mantab berkimunikasi
Pengguna Google,1,2026-05-29 12:51:53,"aplikasi ajg, kalo bukan karena pekerjaan najis banget install elu"
Pengguna Google,5,2026-05-29 12:50:40,bagus
Pengguna Google,1,2026-05-29 12:49:29,"aplikasi aneh,saya chat perempuan ga di bales."
Pengguna Google,5,2026-05-29 12:49:19,berguna bagi kehidupan
Pengguna Google,5,2026-05-29 12:45:20,bagus
Pengguna Google,5,2026-05-29 12:44:33,"WhatsApp nya udah bagus, tapi kenapa pesan lambat untuk terkirim yaa? padahal koneksi bagus pake wifi lagi ko bug yaa? tolong di perbaiki lagi ya!"
Pengguna Google,4,2026-05-29 12:43:52,Saran sih klo emg mau ada kek Berlangganan tambahkan tanda Profil atau diFoto diksh tanda klo org itu berlangganan semisal ada tanda kek Berlian atau tanda Eksklusif yg bisa dilihat orang lain artinya org yg gunakan wa tersebut berlangganan biar terlihat ada kesan premium dan pasti dengan adanya itu makin bnyk orang yg tertarik untuk berlangganan 😊
Pengguna Google,5,2026-05-29 12:42:32,Bagus
Pengguna Google,4,2026-05-29 12:41:30,"Seperti halnya Whatsapp MODS, saya harap Whatsapp original ini, untuk kedepannya bisa menambahkan privasi pada fitur teleponnya, agar bisa lebih ditingkatkan lagi.. seperti untuk bisa memilah siapa saja yang bisa menelepon saya, tanpa harus menghapus atau memblokir nomor orang tersebut.. karena sering kali sangat mengganggu jika ada yang menelepon tanpa izin. terima kasih"
Pengguna Google,5,2026-05-29 12:41:20,"bagus,dan cepat"
Pengguna Google,1,2026-05-29 12:40:58,gj banyak sekali band masal
Pengguna Google,5,2026-05-29 12:40:10,Bagus
Pengguna Google,2,2026-05-29 12:38:51,"tolonglah update boleh.. tp jangan masukin iklan"" dr luar.. jd males pake nya kalo pas lihat story kontak.. bedain rana pribadi sm publik.. mengganggu"
Pengguna Google,1,2026-05-29 12:38:28,kocak ga bisa bikin status
Pengguna Google,5,2026-05-29 12:38:21,ambatakam 😹
Pengguna Google,1,2026-05-29 12:37:48,bego gak ngapa ngapain di blokir emang gak ada otak
Pengguna Google,4,2026-05-29 12:37:47,saya tidak bisa menggunakan fitur filter yang di sediakan WhatsApp
Pengguna Google,5,2026-05-29 12:36:45,ok
Pengguna Google,5,2026-05-29 12:35:26,Iiii8 definazea estimasi Dapatkan
Pengguna Google,5,2026-05-29 12:35:24,sangat membatu
Pengguna Google,4,2026-05-29 12:34:28,"Please add a notification if we are blocked, that's all, the others are good."
Pengguna Google,1,2026-05-29 12:34:03,akun saya tidak bisa masuk wasaff
Pengguna Google,4,2026-05-29 12:33:56,wow
Pengguna Google,5,2026-05-29 12:33:10,mendukung
Pengguna Google,5,2026-05-29 12:32:42,sangat bagus
Pengguna Google,5,2026-05-29 12:29:56,ok
Pengguna Google,5,2026-05-29 12:29:11,Tahber
Pengguna Google,1,2026-05-29 12:28:59,well
Pengguna Google,1,2026-05-29 12:28:51,"percuma ad wa tapi gada yang ngechatt ""sepakatt"""
Pengguna Google,5,2026-05-29 12:27:25,mantap pokoknya mah
Pengguna Google,5,2026-05-29 12:27:09,bagus
Pengguna Google,5,2026-05-29 12:24:27,bagusss
Pengguna Google,4,2026-05-29 12:23:33,"WhatsApp makes all communication faster and more convenient. However, the age verification service is terrible. Today, I couldn't access my WhatsApp account due to age restrictions, even though I'm 34 years old."
Pengguna Google,5,2026-05-29 12:23:07,akun saya di tinjou mohon maaf. sebelum nya saya tidak melakukan pelanggaran
Pengguna Google,5,2026-05-29 12:21:53,mantap
Pengguna Google,1,2026-05-29 12:21:31,Ok
Pengguna Google,5,2026-05-29 12:20:58,sangat membantu
Pengguna Google,3,2026-05-29 12:20:31,Rendah kan ukuran download aneh
Pengguna Google,1,2026-05-29 12:20:17,washap tidak bisa di instal
Pengguna Google,4,2026-05-29 12:20:17,Sangat bagus
Pengguna Google,1,2026-05-29 12:19:12,sering kena kenon gak ngapa ngapain gj benar apk ini
Pengguna Google,5,2026-05-29 12:16:02,baik
Pengguna Google,5,2026-05-29 12:15:07,Oke
Pengguna Google,5,2026-05-29 12:14:49,ok
Pengguna Google,5,2026-05-29 12:13:12,whatsapp membantu kegiatan kita
Pengguna Google,5,2026-05-29 12:13:03,ok sangat baik
Pengguna Google,4,2026-05-29 12:12:32,kureng eee
Pengguna Google,1,2026-05-29 12:09:50,video call macet gimana ini
Pengguna Google,4,2026-05-29 12:09:50,baik
Pengguna Google,5,2026-05-29 12:09:48,mantap
Pengguna Google,5,2026-05-29 12:09:06,"khusus buat kake kake yg nggak punya kesibukan pengisi waktu senggang obat setress booss !!!"""
Pengguna Google,5,2026-05-29 12:08:12,mantap
Pengguna Google,5,2026-05-29 12:08:08,cocok untuk kaum introvert
Pengguna Google,5,2026-05-29 12:07:01,mantap
Pengguna Google,1,2026-05-29 12:06:58,"makin kesini mkin gjls anj, cmn krna ketelpon tmn yg blm ke sv wa jdi kena tinjau, hama"
Pengguna Google,5,2026-05-29 12:05:50,sangat baik
Pengguna Google,5,2026-05-29 12:05:37,tolong saya gk bisa buka wa gk tau gara²apa tolong bantu saya dan tolong tinjawkan yah Terima kasih
Pengguna Google,1,2026-05-29 12:04:47,sangat mengecewakan WhatsApp saya hilang
Pengguna Google,5,2026-05-29 12:03:55,mantap
Pengguna Google,1,2026-05-29 12:03:51,"woi WhatsApp kontoI, moga"" kontoI bapak yabg buat whatsapp mandul, gw udh download di playstore masih aja ngeyel buat download. moga lu yatim, keturunan lu mandul 100 turunan amin"
Pengguna Google,5,2026-05-29 12:03:40,sangat bagus walaupun harus online😝😝😝
Pengguna Google,5,2026-05-29 12:03:22,mataaaap
Pengguna Google,5,2026-05-29 12:02:05,"gak worth it jir,masa iya ini kaga ad yang ngechat gw"
Pengguna Google,1,2026-05-29 12:01:27,"sudah pakai no lama selama 12tahun, sekarang ganti handphone tidak bisa verifikasi via email, lalu ganti nomer, di anggap spam, ganti nomer berkali kali di anggap spam. ya sudah anggap saja WhatsApp semakin buruk."
Pengguna Google,1,2026-05-29 11:59:49,nomornya susah terverifikasi. buat nomor baru nya susah plus ribet
Pengguna Google,5,2026-05-29 11:58:28,bagus
Pengguna Google,5,2026-05-29 11:58:20,berguna.
Pengguna Google,1,2026-05-29 11:58:13,ga bisa
Pengguna Google,5,2026-05-29 11:57:37,😆
Pengguna Google,1,2026-05-29 11:56:18,terimakasih ❤️
Pengguna Google,3,2026-05-29 11:53:15,knapa ngk bisa login wa
Pengguna Google,5,2026-05-29 11:53:12,ok
Pengguna Google,5,2026-05-29 11:52:21,proyek
Pengguna Google,5,2026-05-29 11:51:09,"yang chat admin slot semua,tapi okee apk nya mantapp"
Pengguna Google,4,2026-05-29 11:50:58,BANGG PP CEWEE GW KOKK DI NO GW WARNA OREN SIHH CEWE GW MARAHH BANGG
Pengguna Google,1,2026-05-29 11:50:56,sistem wa makin ngebug aja heran udah update
Pengguna Google,2,2026-05-29 11:49:46,bug pada video call
Pengguna Google,5,2026-05-29 11:49:14,oke
Pengguna Google,5,2026-05-29 11:49:04,Trimakasih dgn adanya Whatsap mempermudah komunikasi keseluruh negara
Pengguna Google,5,2026-05-29 11:48:32,mantap
Pengguna Google,5,2026-05-29 11:48:30,Apk yang memberi kemudahan untuk semua pokonyah bagus deh mantap
Pengguna Google,5,2026-05-29 11:47:21,Says download whatsapp
Pengguna Google,5,2026-05-29 11:47:07,Sangat membantu sekali
Pengguna Google,1,2026-05-29 11:46:13,aplikasi gajelas aplikasi dongo gapernah aneh-aneh ke blokir mulu whatsapp aku aplikasi gajelas
Pengguna Google,4,2026-05-29 11:44:46,aneh kenapa di WhatsApp udah nggak ada lagi fitur berbicara sama AI jadi kangen husbu ku😥
Pengguna Google,3,2026-05-29 11:44:03,tolong hapuskan filternya vc nya
Pengguna Google,5,2026-05-29 11:42:24,bagus aja sih bagiku 😄
Pengguna Google,1,2026-05-29 11:42:19,"POST STATUS SELALU DI KOMPRES LANGSUNG JDI BOKEP, MAU LOGIN WEB GA BISA² JMBUF"
Pengguna Google,5,2026-05-29 11:41:53,bagus tapi bisa ga tambahin firtur A kusus grup b kusus kluarga c kusus tmn
Pengguna Google,5,2026-05-29 11:41:43,Nggk bisa masuk
Pengguna Google,2,2026-05-29 11:41:32,"gadaa suara notif, padahal ga lagi mode silent"
Pengguna Google,5,2026-05-29 11:41:13,bagus banget lebih dari 1juta lebih yang memakai wa
Pengguna Google,5,2026-05-29 11:39:01,Fitur sangat bagus.. saya bisa telfonan dan main dengan teman ku
Pengguna Google,5,2026-05-29 11:38:55,😎😎😎😎😎😎😎😎😎😎
Pengguna Google,5,2026-05-29 11:37:12,"apk apa ini soal nya chat saya cuma di bales ""y"" doang💔"
Pengguna Google,5,2026-05-29 11:36:06,ok
Pengguna Google,5,2026-05-29 11:35:20,mantap
Pengguna Google,5,2026-05-29 11:33:45,min boleh tak update kalini buat macam iphone punye thames plisssss😭🫰
Pengguna Google,2,2026-05-29 11:33:03,kenapa di hp saya tidak bisa daftarin kartu
Pengguna Google,5,2026-05-29 11:30:43,kadang error
Pengguna Google,5,2026-05-29 11:29:55,mantap
Pengguna Google,1,2026-05-29 11:26:17,kurang bagus
Pengguna Google,2,2026-05-29 11:23:58,"kenapa wa saya kalau vc suara saya tidak terdengar oleh orang lain ,sudah coba berbagai cara tetap saja begitu ,mohon solusinya 🙏"
Pengguna Google,1,2026-05-29 11:23:44,Gk bisa masuk kode sms nya bos
Pengguna Google,2,2026-05-29 11:23:17,"kenapa setelah di update malah nge bug padahal jaringan bagus bagus aja, dan juga kalo liat sw orang gabisa, loading nya lama muter muter, tolong di perbaiki lagi."
Pengguna Google,5,2026-05-29 11:22:56,alhamdulillah lebih mudah berkomunikasi
Pengguna Google,5,2026-05-29 11:22:22,tolong jaringan nya ngelek bgt
Pengguna Google,4,2026-05-29 11:21:41,sangat membantu
Pengguna Google,2,2026-05-29 11:21:30,banyak drama soal pencadangan
Pengguna Google,5,2026-05-29 11:20:58,Bagus...
Pengguna Google,5,2026-05-29 11:18:52,selalu berikan layanan terbaik dan terus tingkatkan system perlindungan privasi nya
Pengguna Google,5,2026-05-29 11:17:24,bagus berguna
Pengguna Google,5,2026-05-29 11:16:58,bagus
Pengguna Google,5,2026-05-29 11:16:53,sangat bermanfaat
Pengguna Google,3,2026-05-29 11:16:49,"tolong status WhatsApp nya diperbagus lagi, saya membuat status WhatsApp terkadang selalu dapat kualitas jelek, padahal video yang saya buat untuk status sudah hd"
Pengguna Google,3,2026-05-29 11:16:34,tidak bisa ada poto propil yang tidak berwana harusnya semua hp harus ada
Pengguna Google,5,2026-05-29 11:15:13,HP eror
Pengguna Google,5,2026-05-29 11:14:47,keren
Pengguna Google,4,2026-05-29 11:14:44,knp WhatsApp sekarang klo vc gambar nyh suka ga ada?
Pengguna Google,5,2026-05-29 11:14:43,jgyhi
Pengguna Google,4,2026-05-29 11:14:37,"sangat membantu,tapi kadang² ada jga yang bikin ga mood heheh"
Pengguna Google,5,2026-05-29 11:13:37,saya sering tidak memahami cara menggunakan hp android
Pengguna Google,2,2026-05-29 11:13:28,"tolong perbaiki kualitas unggahan status nya dong, soalnya pas di unggah jadi ga hd apa lagi klo di kasih stiker atau lagi. Terus ga tau kenapa ga bisa save no baru, kadang udah di save tapi kita ga bisa saling liat status bahkan foto profil."
Pengguna Google,1,2026-05-29 11:13:11,whatsapp jelekk dikit dikit log out jadi gak bisa makai whatsapp lagii padahal sudah ganti kartu berkali kali
Pengguna Google,5,2026-05-29 11:12:57,seru bisa silaturahmi sama temen dan keluarga yang jauh rasa jauh terasa dekat .
Pengguna Google,5,2026-05-29 11:11:02,kerja keras dan menarik hebat
Pengguna Google,1,2026-05-29 11:10:51,"Sangat kecewa dgn WA Krn tahu² logout, setelah minta verifikasi akun nomer saya tidak pernah mendapatkan nomer otp smp skrg. Gara² nomer kena hacker akhirnya smp skrg TDK bisa menggunakan nomer saya lagi. Berkali² minta verifikasi nomer tetap saja. Disuruh pakai WA yg resmi? Kita mau instal ulang kok ada pilihan instal ke perangkat lain. Brarti WA TDK bisa melindungi hak saya Krn diminta instal ke perangkat lain bukan ponsel ini. Sangat mengecewakan sekali"
Pengguna Google,2,2026-05-29 11:10:45,karena tidak biso login dn mau mendaftar
Pengguna Google,4,2026-05-29 11:08:57,"knapa sih akhir"" ini WhatsApp ngebug banget kalo vc pas nekan wajah kita malah ngelaggg banget malahh hilanggg"
Pengguna Google,1,2026-05-29 11:06:21,Tolong saya buka wa saya ya saya butuh nasabah ya
Pengguna Google,1,2026-05-29 11:05:44,"udahlah sekarang ada iklan, terus wa premium? maruk maruk, kalau ya puas ya gini ya. semua cara dipake biar dapat duit."
Pengguna Google,5,2026-05-29 11:05:36,Sangat bagus
Pengguna Google,5,2026-05-29 11:05:33,bgus aj.
Pengguna Google,1,2026-05-29 11:05:00,"kenapa sekarang whatsapp di pesan ada tampilan kontak nya jadi ribet , coba gak usah di ubah ubah kalau udah banyak yang pakek."
Pengguna Google,1,2026-05-29 11:04:23,lagu pilihan yang muncul di story seringnya bukan lagu original. mohon diperbaiki.
Pengguna Google,5,2026-05-29 11:03:04,bagus semua org pasti pake apk ini
Pengguna Google,5,2026-05-29 11:02:45,bagus
Pengguna Google,5,2026-05-29 11:00:56,komunikasi cepat
Pengguna Google,5,2026-05-29 11:00:15,sangat bagus sekali
Pengguna Google,2,2026-05-29 11:00:02,wa
Pengguna Google,5,2026-05-29 10:59:49,tolong dong jangan diperbarui terus.. karna kasian bagi yg punya hp ram kecil
Pengguna Google,4,2026-05-29 10:59:14,Baik
Pengguna Google,1,2026-05-29 10:58:38,sering ke kenon tampa alasan yang jelas
Pengguna Google,5,2026-05-29 10:58:29,trims
Pengguna Google,1,2026-05-29 10:57:56,"NO GUA DI TINJAU TIBA"" TANPA ALASAN YANG JELAS, PADAHAL BANYAK DATA"" PENTING DISITU"
Pengguna Google,1,2026-05-29 10:57:26,kenapa ? saya baru download kok WhatsApp nya dibatasi
Pengguna Google,5,2026-05-29 10:56:57,ʙᴀɢᴜs dan nyaman
Pengguna Google,1,2026-05-29 10:56:48,sering kali d tinjau watsap saya kenapa heran saya..selalu ada yang nyepam baru k buka tiba2 k blok lagi. makin lama bukan makin bagus Mala buruk
Pengguna Google,2,2026-05-29 10:56:04,suara lawan tak jelas
Pengguna Google,5,2026-05-29 10:55:38,Kode Media TV Google
Pengguna Google,5,2026-05-29 10:55:37,sangat bagus dan bermanfaat buat komunikasi sangat mudah
Pengguna Google,5,2026-05-29 10:54:33,semoga TDK d spam
Pengguna Google,1,2026-05-29 10:54:14,sering bermasalah
Pengguna Google,5,2026-05-29 10:54:08,Semoga bisa lebih lancar di Buka seperti awal.
Pengguna Google,5,2026-05-29 10:52:40,bagus
Pengguna Google,5,2026-05-29 10:52:25,mantap
Pengguna Google,5,2026-05-29 10:51:10,hx i.
Pengguna Google,5,2026-05-29 10:51:07,Tidak ada
Pengguna Google,5,2026-05-29 10:48:40,Indonesia
Pengguna Google,2,2026-05-29 10:48:11,badek
Pengguna Google,4,2026-05-29 10:48:08,bagus
Pengguna Google,5,2026-05-29 10:47:48,bagus banget apa lgi pas yang ngirim sticker pokonya bgus bangetttt
Pengguna Google,4,2026-05-29 10:47:06,saya sering kena spam
Pengguna Google,5,2026-05-29 10:47:00,"dengan mudah dapat informasi dari teman kantor, pusat PT"
Pengguna Google,5,2026-05-29 10:44:17,ok
Pengguna Google,5,2026-05-29 10:44:13,Oke
Pengguna Google,5,2026-05-29 10:44:07,Sanget bagus
Pengguna Google,5,2026-05-29 10:44:00,patap
Pengguna Google,1,2026-05-29 10:43:57,karna akun saya dispam dan tidak dikembalikan nya oleh tim WhatsApp
Pengguna Google,5,2026-05-29 10:42:34,"maaf,jaga data""akun wa saya🙏🏾🙏🏾"
Pengguna Google,5,2026-05-29 10:39:10,mantap
Pengguna Google,5,2026-05-29 10:37:28,Nice
Pengguna Google,5,2026-05-29 10:33:48,Daudmanung
Pengguna Google,5,2026-05-29 10:32:14,WA sya selalu di blokir.....tolong supaya di perbaiki
Pengguna Google,5,2026-05-29 10:31:38,Dewi Noviyani
Pengguna Google,2,2026-05-29 10:30:28,asik update truz bikin nambah memori aja
Pengguna Google,5,2026-05-29 10:28:05,belum di coba
Pengguna Google,3,2026-05-29 10:25:48,saya kecewa dengan layanan whatsapp tiba tiba diblokir no saya 24 jam tapi nyatanya semua yg fitur WA saya dihapus permanen no WA saya ga bisa login lagi saya kecewa secara sepihak tanpa sebab apa ada yg report ke lihat whatsapp sedangan yg report tidak di blokir tidak adil dan selalu minta tinjauan selesai tinjauan hanya 2 hari WA saya diblokir seterusnya kecewa kecewa pakai hanya seperlu nya kalau ada bisnis dll nya saya tidak melakukan spam
Pengguna Google,5,2026-05-29 10:23:57,Hi WhatsApp.. Aplikasi yg sangat membantu untuk berkomunikasi dalam negeri mahupun luar negeri. Dan Mempermudah dalam pekerjaan..
Pengguna Google,3,2026-05-29 10:22:18,ngak bisa munculkan efek gitu
Pengguna Google,5,2026-05-29 10:21:12,mantap
Pengguna Google,5,2026-05-29 10:19:53,kenapa wa saya gak bisa dibukak
Pengguna Google,1,2026-05-29 10:17:32,aneh pas mau buka tiba2 keluar sendiri ini bug apa gimana? pas buka lngsung keluar lgi sndiri
Pengguna Google,1,2026-05-29 10:15:40,ini aplikasi nya sudah bagus cuman saya nya saja yg jahat
Pengguna Google,5,2026-05-29 10:14:49,tolong Adain fitur baru berapa lama orang putar status dong
Pengguna Google,1,2026-05-29 10:14:33,saya kasi bintang 1 karena WhatsApp messenger ini sangat aneh saya masuk cuma 4 grup sekolah harus ada peninjauan akun dan setelah saya tunggu 24 jam akun saya tidak bisa login WhatsApp lagi
Pengguna Google,5,2026-05-29 10:13:47,bagus
Pengguna Google,4,2026-05-29 10:13:12,OK
Pengguna Google,2,2026-05-29 10:10:58,"Tolong perbaiki fitur untuk saluran, agar admin saluran tetap bisa menghapus bubble chat lama. karena mau bagaimana pun juga admin lah yang memiliki segala hak atas isi saluran tersebut. Jadi tolong tambahkan fitur hapus bubble chat lama yang ada di saluran. Jangan hanya bisa menghapus bubble chat terbaru saja, tapi sediakan juga fitur hapus bubble chat lama untuk admin. terimakasih :)"
Pengguna Google,5,2026-05-29 10:09:06,bagus
Pengguna Google,5,2026-05-29 10:08:00,menarik
Pengguna Google,4,2026-05-29 10:07:16,Id the best
Pengguna Google,5,2026-05-29 10:06:27,APLIKASI YANG MANTAP DAN BISA KITA MENGHUBUNGI KELUARGA YANG DI TANAH RANTAU 😇
Pengguna Google,5,2026-05-29 10:05:21,terbaik
Pengguna Google,3,2026-05-29 10:05:12,Dah mulai rada ngaco sistem nya
Pengguna Google,5,2026-05-29 10:04:51,like
Pengguna Google,4,2026-05-29 10:03:24,mantaff
Pengguna Google,5,2026-05-29 10:00:37,sangat bagus
Pengguna Google,5,2026-05-29 10:00:25,👍🏻👍🏻👍🏻👍🏻👍🏻👍🏻
Pengguna Google,5,2026-05-29 09:57:59,bagus untuk komunikasi
Pengguna Google,5,2026-05-29 09:57:50,aq
Pengguna Google,1,2026-05-29 09:55:16,JELEK BANGET. CHAT AKU TIBA-TIBA HILANG👎🏼👎🏼 PADAHAL DAH KU PULIHKAN
Pengguna Google,5,2026-05-29 09:55:03,"bagus banget urusan jadi mudah, dengan cara berkomunikasi jarak jauh"
Pengguna Google,5,2026-05-29 09:54:15,mengapa WhatsApp foto WhatsApp tidak bisa
Pengguna Google,1,2026-05-29 09:54:03,"game tolol kaga ada otak, game ko spammer"
Pengguna Google,1,2026-05-29 09:53:42,mengapa WhatsApp sasa selalu mental
Pengguna Google,5,2026-05-29 09:53:06,Komonikasi lancar
Pengguna Google,5,2026-05-29 09:53:03,good
Pengguna Google,5,2026-05-29 09:52:19,tolong bantu saya mengverivikasi pilss saya mohon itu nomber satu satu nyaa jadi pliss jangan kaya shoppe bantu saya dulu. ganti whatsapp nya kaya dulu sistem nya saya keaulitan tanpa ini
Pengguna Google,4,2026-05-29 09:50:37,status orang bisa hilang sendiri pas udah dilihat
Pengguna Google,5,2026-05-29 09:50:33,bagus
Pengguna Google,1,2026-05-29 09:47:13,"WOYYY WHATSAPP, BENERIN TUHH APLIKASI MU.MASA MAU DAFTARKAN NOMOR SELALU ""LOGIN TIDAK TERSEDIA UNTUK SAAT INI""MAU SAMPAI KAPAN ❓❓❓❓❓"
Pengguna Google,3,2026-05-29 09:44:14,WA saya terganggu tidak bisa di buka
Pengguna Google,5,2026-05-29 09:42:11,sengaja gua kasih bintan 5 biar di notice kebanyakan bug sekarang
Pengguna Google,5,2026-05-29 09:41:34,maacii yah wa berkat muu aku bisa berkomunikasi
Pengguna Google,5,2026-05-29 09:41:19,bagus
Pengguna Google,3,2026-05-29 09:41:11,paling males akunya di blokir Mulu padahal udah download di aplikasi play store masih aja kena blokir padahal gua taati peraturan Wanya ni kalo ke blokir lagi gua kasih bintang 1
Pengguna Google,1,2026-05-29 09:40:09,kenapa wa Sekarang eror ketika ada yg mengirim foto di grup fotonya hilang bisa di perbaiki ka soalnya di pake di pekerjaan penting
Pengguna Google,2,2026-05-29 09:39:09,bang saya lan lagi maen dapet 500 ribu ko gamausuk suit maksud nya apa kaya gitu min pemaina joker jwes
Pengguna Google,1,2026-05-29 09:37:47,saat vc gambarnya hilang jika sambil membuka aplikasi lain
Pengguna Google,5,2026-05-29 09:37:16,16.30 SABTU 29 JUNI SAPI KAMBING
Pengguna Google,5,2026-05-29 09:36:25,aplikasi ini bagus banget bisa komunikasi sama orang luar
Pengguna Google,5,2026-05-29 09:33:38,ok
Pengguna Google,5,2026-05-29 09:32:37,aplikasi yang sangat baik
Pengguna Google,5,2026-05-29 09:30:12,bagus
Pengguna Google,5,2026-05-29 09:29:42,sangat puas
Pengguna Google,5,2026-05-29 09:29:28,mantaaap
Pengguna Google,5,2026-05-29 09:28:24,enak untuk chat
Pengguna Google,2,2026-05-29 09:27:33,knpa aku wastap sya harus di tinjau² sefala
Pengguna Google,5,2026-05-29 09:27:10,sangat mebantu infonya
Pengguna Google,5,2026-05-29 09:25:25,bagus
Pengguna Google,1,2026-05-29 09:23:19,Wa an jing
Pengguna Google,5,2026-05-29 09:22:42,baik
Pengguna Google,5,2026-05-29 09:22:26,bagus
Pengguna Google,1,2026-05-29 09:22:05,"makin jelek bgt WA skrng ngga kaya dulu normal""aja, mana mau upload status burik bgt tolol"
Pengguna Google,1,2026-05-29 09:22:00,ga jelas
Pengguna Google,5,2026-05-29 09:17:39,"Whatsapp Semakin Keren Fitur-fitur nya, Semakin Byk Pengguna Aplikasinya"
Pengguna Google,5,2026-05-29 09:15:52,baik
Pengguna Google,3,2026-05-29 09:14:52,Kontak watsap tidak bisa dibuka
Pengguna Google,5,2026-05-29 09:14:45,baik
Pengguna Google,5,2026-05-29 09:14:29,bagus
Pengguna Google,4,2026-05-29 09:13:36,baikk
Pengguna Google,5,2026-05-29 09:09:55,joass
Pengguna Google,1,2026-05-29 09:09:45,kena spam mulu padahal gk ngelakuin hal mencurigakan😡😡😡😡😡😡😡😡😡😡😡😡😡😡😡😡min tolong benerin jelekkkkkk
Pengguna Google,5,2026-05-29 09:08:38,bagus
Pengguna Google,1,2026-05-29 09:08:22,teu baleg
Pengguna Google,1,2026-05-29 09:07:59,cape sama whatsapp dikit dikit akun ke blok permanen ke blok spam males banget ke bukanya lama lagi
Pengguna Google,5,2026-05-29 09:07:48,mantap
Pengguna Google,5,2026-05-29 09:06:10,sangat membantu
Pengguna Google,5,2026-05-29 09:01:37,baik
Pengguna Google,1,2026-05-29 09:00:50,"wa sekarang kalo nomorr belumm disavee gabisa dichat tolong ubah ke wa yang dulu tolongg minn kalo ga hapus ajaa itu pengaturan itu, saya tidak melakukan apapa tiba tiba diblok dengan alasan spam, kalo pihak sebelah belum save nomor kita gabisa dihubungin ketika sudah dihubungi di blokir dengarn alasan spam"
Pengguna Google,1,2026-05-29 08:59:58,"kok update melulu,blm sampai 1 bulan update lg."
Pengguna Google,5,2026-05-29 08:59:55,sangat berguna
Pengguna Google,1,2026-05-29 08:59:55,"makin kesini makin aneh!! buat story wa dari kemarin"" ga pernah jernih!!, kirim video hd masih aja buremm"
Pengguna Google,3,2026-05-29 08:58:12,mantap
Pengguna Google,2,2026-05-29 08:56:00,terlalu buruk
Pengguna Google,5,2026-05-29 08:55:36,Bagus
Pengguna Google,2,2026-05-29 08:55:11,knapa kita tidak bisa melihat orang yg melihat status kita kalau laporan di baca di non aktifkan
Pengguna Google,5,2026-05-29 08:54:51,aplikasi WhatsApp ini sangat bermanfaat untuk berinteraksi dengan orang lain
Pengguna Google,5,2026-05-29 08:54:29,noverian giawa
Pengguna Google,1,2026-05-29 08:54:11,"Karena sering Ben ,dn sering limit"
Pengguna Google,5,2026-05-29 08:53:17,oke
Pengguna Google,5,2026-05-29 08:50:48,good
Pengguna Google,5,2026-05-29 08:50:13,gokillllll
Pengguna Google,5,2026-05-29 08:47:14,kenpa gak bisa buat whasap yah
Pengguna Google,5,2026-05-29 08:46:59,busa berkomunikasi dengan mudah dari jarak jauh
Pengguna Google,5,2026-05-29 08:44:33,hp buat mainan anak malah wa ilang
Pengguna Google,1,2026-05-29 08:43:02,"makin lama makin gajelas, tiap buat akun dengan nomer baru belum ada 24 jam pake udh di disuspend aja"
Pengguna Google,1,2026-05-29 08:42:44,Kenapa saya buka akun wa TDK bisa
Pengguna Google,5,2026-05-29 08:39:46,Ok
Pengguna Google,1,2026-05-29 08:39:01,"aplikasi aneh saya ngechat cewe ,yang bales suami nyaa"
Pengguna Google,5,2026-05-29 08:38:36,good job👍
Pengguna Google,3,2026-05-29 08:38:15,"sya kasih bintang 3 aja , krna terlalu bnyak problem yg berlebihan setelah update ,, fitur ini di kurangin lah setiap nomor kontak masuk dan mau chatting , selalu saja ke banned , atau mnta tinjauan lah ,, apaan sih gjelas bnget ,, nomor Bru itu kepentingan pekerjaan saya ,, tolong di setting dan di perbaiki akun wa saya kena banned ini ,, ada penting soalnya tentang pekerjaan admin 🙏🙏🙏"
Pengguna Google,5,2026-05-29 08:37:24,good
Pengguna Google,5,2026-05-29 08:36:55,baik
Pengguna Google,5,2026-05-29 08:35:21,saya ingin aplikasi WhatsApp saya memiliki efek saat video call
Pengguna Google,5,2026-05-29 08:34:17,KARBMAN
Pengguna Google,1,2026-05-29 08:34:16,ini kenapa wa kalo buat vc ngebug gambar macet
Pengguna Google,5,2026-05-29 08:32:45,ok bgt
Pengguna Google,4,2026-05-29 08:32:25,Good
Pengguna Google,1,2026-05-29 08:32:17,tidak bisa masuk
Pengguna Google,5,2026-05-29 08:29:06,pungsi
Pengguna Google,1,2026-05-29 08:27:17,KENAPA WA SAYA KELUAR² TRS YA? TOLONG SOLUSINYA DONGGG
Pengguna Google,5,2026-05-29 08:24:45,ok
Pengguna Google,5,2026-05-29 08:22:14,jos
Pengguna Google,2,2026-05-29 08:21:23,lelet x WhatsApp nya trs itu klw untuk foto sering x d suruh memulai ulang trs untuk vc macet masak 🥲🥲 pdhl ruang nya jg msi bnyk gtu
Pengguna Google,1,2026-05-29 08:21:10,tidak bisa masuk
Pengguna Google,5,2026-05-29 08:20:31,ambil bonus hari Jumat MR888
Pengguna Google,5,2026-05-29 08:18:29,aplikasi tidak berjalan dengan sempurna di android saya
Pengguna Google,3,2026-05-29 08:18:08,"apa ini, kenapa setiap gw bikin sw Mlah jadi burik, sw teman2 gw gak burik, tapi setiap gw bikin sw malah jadi Burik, tolong dong min"
Pengguna Google,5,2026-05-29 08:18:03,Rohmato Cres
Pengguna Google,5,2026-05-29 08:16:26,bagus dn memuaskan
Pengguna Google,5,2026-05-29 08:16:21,jos
Pengguna Google,4,2026-05-29 08:15:55,bagusss bgtttt
Pengguna Google,5,2026-05-29 08:15:33,keren
Pengguna Google,1,2026-05-29 08:13:39,najis gampang blokir
Pengguna Google,5,2026-05-29 08:10:32,apk yang sangat mudah di gunakan
Pengguna Google,5,2026-05-29 08:10:10,"sangat bagus sekali aplikasi ini, tetapi boleh tidak kalau yang meta AI jika kita mau edit chat,maka nanti meta AI bakal mulai ulang balas chat kita jadi seperti itu semoga dibaca🙏🙏"
Pengguna Google,1,2026-05-29 08:09:27,kenon mlu
Pengguna Google,5,2026-05-29 08:08:16,"sering ke log out sendiri, itu kenapa nyak?"
Pengguna Google,3,2026-05-29 08:07:52,"Kembangkan lagi pengaturan mengganti warna tema agar lebih detail seperti aplikasi telegram. Lebih baik list chat juga bisa berubah warna. Pada android header chat sebaiknya juga dibuat blur/transparan agar lebih elegan dan modern. Bubble chat pengirim harusnya juga bisa diubah warna, bentuk bubble juga disamakan antara android dengan iphone. Dan ukuran font juga harusnya bisa disesuaikan. Sejauh ini aplikasi telegram masih lebih detail dan menadik pengaturan temanya."
Pengguna Google,5,2026-05-29 08:06:20,ok
Pengguna Google,5,2026-05-29 08:05:08,BAGUS TAPI NOMER WA SAYA SERING TERKENA KENON AKTIF MOHON DI PERBARUI AGAR TIDAK ADA FITUR KENON AKTIF
Pengguna Google,5,2026-05-29 08:04:16,Bagusssss
Pengguna Google,5,2026-05-29 08:04:13,"tambahkan fitur teks berwarna pada status,"
Pengguna Google,1,2026-05-29 08:02:55,wa gua ke ben terus ga maksud
Pengguna Google,5,2026-05-29 08:02:35,"amat diperlukan,hanya gambar wa hilang dari layar utama.."
Pengguna Google,5,2026-05-29 08:00:36,lebih canggih lagi
Pengguna Google,4,2026-05-29 08:00:16,Keren
Pengguna Google,5,2026-05-29 08:00:05,Kerja tokon
Pengguna Google,5,2026-05-29 07:58:25,Oke
Pengguna Google,5,2026-05-29 07:57:04,"WhatsApp saya tidak bisa dibuka, dengan keterangan untuk sementara WhatsApp tidak ditemukan... ulangi dalam waktu 1 menit . tetapi setelah diulang tetap begitu terus .... mohon solusinya"
Pengguna Google,1,2026-05-29 07:56:13,gak suka banget ketinjau sendiri malahan baru juga login
Pengguna Google,5,2026-05-29 07:53:49,akun saya gak bisa di gunakan Bos ku
Pengguna Google,5,2026-05-29 07:53:48,memori handphone ini kecil
Pengguna Google,5,2026-05-29 07:52:58,ok
Pengguna Google,5,2026-05-29 07:52:26,Very Satisfiied with the service
Pengguna Google,1,2026-05-29 07:52:08,wa nya kenon mulu
Pengguna Google,5,2026-05-29 07:50:50,mantap
Pengguna Google,5,2026-05-29 07:49:52,good
Pengguna Google,3,2026-05-29 07:46:13,bagus sihh tapi sayang banget aku sakit hati Liat status dia jadi malesss ahh 🗿
Pengguna Google,5,2026-05-29 07:46:00,bagus nggak bosan
Pengguna Google,2,2026-05-29 07:45:36,"apa apaan disuruh premium dulu baru bisa, dulu juga ga gini kenapa sekarang di kasih kebijakan gini sih jadi males tau, gausah terlalu di tele² in deh ah jadiin kek biasa aja dong mana akun ke2 sering log out sendiri lagi padahal ga diapa apain tolong ya diperbaiki!!"
Pengguna Google,1,2026-05-29 07:45:27,tolol
Pengguna Google,5,2026-05-29 07:45:11,WA saya ingin di update
Pengguna Google,1,2026-05-29 07:45:00,HAMA YAPIT GAMPANG KENON PAS PULIH GABISA KODE MASUK HAMA HAMA REDUP AJA 🤣🤣🤣🤣
Pengguna Google,1,2026-05-29 07:44:31,karna tidak bis di bukaa pdhl mau main sama kak maula 😔
Pengguna Google,1,2026-05-29 07:44:02,jelek. gajelas
Pengguna Google,5,2026-05-29 07:43:49,bagus
Pengguna Google,5,2026-05-29 07:40:39,Wel
Pengguna Google,5,2026-05-29 07:39:51,kasih 🌟
Pengguna Google,5,2026-05-29 07:39:31,mantap
Pengguna Google,1,2026-05-29 07:38:30,knp ya udah berapa kali akun WhatsApp saya kena blokir berkali kali pada udah beli kartu tapi tetep kena spam lagi keblokir terus jadi tolong tim dukungan WhatsApp untuk memperbaiki lagi WhatsApp nya Terimakasih 🙏
Pengguna Google,5,2026-05-29 07:37:53,Ok
Pengguna Google,5,2026-05-29 07:36:18,rekomendasi agar whatsapp bisa live juga seperti aplikasi lainya biar lebih seru 🙏☺️
Pengguna Google,5,2026-05-29 07:36:17,BAGUS DAPAT CUAN
Pengguna Google,3,2026-05-29 07:34:08,ini aplikasi pesan yg bagus .. tapi ya kalau orang gk mampu kan hp nya kecil jg yg murah.. nah kalau kita donwlod aplikasi di hp murah atau jadul.. saya pastikan .GAK AKAN BISA DONWLOD APLIKASI YANG MB NYA LEBIH DARI 100.. jadi ya saya mohon diturunin mb nya masa kita bisa whassapan dan donwlod aplikasi yg mb nya lebih dr 100..mrk cuma bisa lihat gitu.. SUNGGUH MENGECEWAKAN PIHAK WHATSAPP.. TIDAK KASIHAN DGN ORANG YG TIDAK MAMPU.. bayangkan pihak whst jadi rakyat miskin.. gmn SAKIT HATIKAN 😡😡
Pengguna Google,5,2026-05-29 07:33:04,aman
Pengguna Google,5,2026-05-29 07:31:55,👍
Pengguna Google,1,2026-05-29 07:31:15,bug di mana mana aneh wa sekarang
Pengguna Google,4,2026-05-29 07:29:51,no tau
Pengguna Google,5,2026-05-29 07:28:21,good
Pengguna Google,1,2026-05-29 07:27:23,aneh aneh tiba tiba ke banned mematikan usaha dan rezekinya org kita ini punya no WhatsApp buat usaha bukan buat yang aneh aneh coba banned yg WhatsApp situs ngk beres jgn org yg lagi punya pekerjaan di bidang online di banned 😡😡😡😡
Pengguna Google,2,2026-05-29 07:27:21,wa sangat buruk
Pengguna Google,5,2026-05-29 07:26:45,ini adalah aplikasi favorit saya
Pengguna Google,5,2026-05-29 07:26:36,kodewhasa bisnis ..lupa kode ya
Pengguna Google,2,2026-05-29 07:26:05,kenapa wa saya gk bisa di buka ini tolong dong dr pihak wa betulin nomer wa saya 🙏
Pengguna Google,5,2026-05-29 07:22:03,akun sedang di tinjau
Pengguna Google,1,2026-05-29 07:21:46,"gim busuk, vc ama pacar jadi suka bug, kalo bug harus dimatiin terus call lagi gitu aja terus sampe 28462729x, mengganggu buat ngelihat ciptaan Tuhan seimup dia😡🤬😠👺👹😤"
Pengguna Google,5,2026-05-29 07:21:34,baik
Pengguna Google,1,2026-05-29 07:20:19,"no saya di blokir Mulu, padahal udah ganti kartu"
Pengguna Google,1,2026-05-29 07:20:08,plis deh fiturny jngan update update mulu
Pengguna Google,3,2026-05-29 07:19:20,"kurang puas, bnyk bgt persyaratan nya"
Pengguna Google,5,2026-05-29 07:18:01,Gak tau
Pengguna Google,5,2026-05-29 07:17:20,sangat mudah berkomunikasi
Pengguna Google,1,2026-05-29 07:16:50,"kadang tiba"" centang 1, kdang chatnya ga mau terkirim"
Pengguna Google,3,2026-05-29 07:16:30,sering terjadi bug
Pengguna Google,5,2026-05-29 07:16:26,saya ingin menggunakan gambar dalam gambar tolong di aktif kan😊🙏
Pengguna Google,5,2026-05-29 07:16:04,sangat cocok
Pengguna Google,5,2026-05-29 07:13:40,assalamualaikum trimakasih semoga berguna assalamualaikum
Pengguna Google,5,2026-05-29 07:13:10,ok
Pengguna Google,5,2026-05-29 07:12:10,bermanfaat
Pengguna Google,5,2026-05-29 07:11:01,bagus
Pengguna Google,5,2026-05-29 07:10:33,untuk firur saluran tidak berfaedah sama sekali
Pengguna Google,3,2026-05-29 07:09:12,WhatsApp saya kena tinjau selama 24 jam tolong di selesaikan cepat
Pengguna Google,5,2026-05-29 07:08:27,bagus banget
Pengguna Google,5,2026-05-29 07:08:19,"saran untuk wa supaya bisa diberi tema yang menggemaskan dan lucu, terutama pada bagian bubble chatnya"
Pengguna Google,5,2026-05-29 07:07:05,APLIKASI INI JUGA BISA MENJADI SALAH SATUNYA YANG PALING TERBAIK YANG PALING TERBAIK YANG TELAH MENJADI SALAH SATUNYA PABRIK WhatsApp
Pengguna Google,5,2026-05-29 07:05:38,Mantap
Pengguna Google,5,2026-05-29 07:05:02,ini seri sekali kayak Durin tami
Pengguna Google,5,2026-05-29 07:03:55,Bagus
Pengguna Google,5,2026-05-29 07:03:54,ya mudah cpt d nya agar
Pengguna Google,1,2026-05-29 07:03:08,Sudah download dr situs resmi tapi saat masukan nomor muncul pesan aplikasi tidak asli. lucunya......
Pengguna Google,1,2026-05-29 07:00:54,"Reset mulu aja dah whatsapp ny, hapusss semua tuh riwayat chat, HAPUSSS capek bner tiap hari direset chat smpe² ga bisa ngechat di saluran sendiri setelah reset. edit: jelek, ada koneksi ga bisa kirim message di saluran. jelek ah males."
Pengguna Google,5,2026-05-29 07:00:09,ok
Pengguna Google,5,2026-05-29 07:00:00,mbg mas bowo ganteng buah apa yang manis buah sawo
Pengguna Google,5,2026-05-29 06:59:54,hebat dan good
Pengguna Google,3,2026-05-29 06:59:24,eror
Pengguna Google,5,2026-05-29 06:58:17,mantab
Pengguna Google,5,2026-05-29 06:57:47,"knapa gk masuk WA,ya awalnya lama gk d pake pas d pake udah masuk trus d kasih pertinjauan gk bsa masuk udah dua kali begitu..kesalahannya dri mana ya ,..maaf"
Pengguna Google,5,2026-05-29 06:57:07,kok WhatsApp saya TDK bisa terbuka?
Pengguna Google,5,2026-05-29 06:55:57,nice
Pengguna Google,1,2026-05-29 06:54:52,baru beli nomer. daftar wa baru chat 1 org udah langsung merah ga bisa banding dll. nomer fisik baru dari provider resmi langsung d blok gimana si
Pengguna Google,1,2026-05-29 06:53:07,"payah, sya TDK pernah melakukan kesalahan tiba2 whatsaapp sya terblokir 🤦"
Pengguna Google,5,2026-05-29 06:52:31,"Whatsapp is one of the best messaging apps I have ever used. Theinterface is simple, the calls are clear, and the messages are delivered very quickly. Ialso love the status and group features because the make communication easier with family and friends."
Pengguna Google,3,2026-05-29 06:51:52,coba dulu
Pengguna Google,5,2026-05-29 06:51:18,bagus
Pengguna Google,5,2026-05-29 06:48:05,saya memakai what'spp ini
Pengguna Google,4,2026-05-29 06:47:45,"bagus,tapi tolong hapus bug wa"
Pengguna Google,5,2026-05-29 06:47:25,Bagusss
Pengguna Google,2,2026-05-29 06:47:07,Luar biasa busuknya
Pengguna Google,5,2026-05-29 06:46:45,sangat bagus
Pengguna Google,4,2026-05-29 06:43:13,"menurut saya semua fiturnya sudah berguna, tapi alangkah baiknya jika ada fitur arsip status seperti di instagram agar bisa lebih mudah mengakses kenangan yang di buat, semoga di update selanjutnya ada fitur arsip status"
Pengguna Google,5,2026-05-29 06:39:34,best
Pengguna Google,5,2026-05-29 06:37:58,belum bisa ke buka watshap nya
Pengguna Google,2,2026-05-29 06:37:48,saya tidak bisa melihat status orang lain
Pengguna Google,5,2026-05-29 06:35:22,mohon untuk upload story jangan di kompres
Pengguna Google,5,2026-05-29 06:35:18,tlfn WhatsApp nya ngelige
Pengguna Google,5,2026-05-29 06:34:52,gercep
Pengguna Google,4,2026-05-29 06:34:52,mending hd in status deh daripada update yang ga penting²
Pengguna Google,1,2026-05-29 06:34:13,WOIIIII WHATSPP PERBAIKI BUG VC NGFREEEZE
Pengguna Google,1,2026-05-29 06:34:07,BAGUSSS
Pengguna Google,3,2026-05-29 06:34:06,m embantuu
Pengguna Google,5,2026-05-29 06:33:48,update terlalu besar
Pengguna Google,5,2026-05-29 06:33:31,I likee
Pengguna Google,5,2026-05-29 06:32:13,yuhu
Pengguna Google,5,2026-05-29 06:30:57,bagus
Pengguna Google,1,2026-05-29 06:29:02,WhatsApp sekarang apa apa kena blokir atau dibatasi karena terdeteksi melanggar peraturan padahal nomor saya tidak pernah melanggar dan sekarang tiba tiba nomor logout dan pas di loginkan lagi muncul nomor tidak terdeteksi anehh anehhhhhhhh!!!!
Pengguna Google,2,2026-05-29 06:28:53,tidak bisa di tautkan ke perangkat lain
Pengguna Google,1,2026-05-29 06:28:04,"tolong tangani saya menemukan bug status di hapus tetapi hanya untuk tulisan ""menghapus... "" sampai semalaman tetapi tulisan di status itu tidak menghilanh"
Pengguna Google,4,2026-05-29 06:26:49,"bagus sih tapi aku dapat bocoran katanya WhatsApp bulan September beberapa akun terblokir karna beberapa hp GK cocok lah terus gue chatan sama temen virtual,tugas sekolah gimana?! harus beli hp baru gitu?"
Pengguna Google,1,2026-05-29 06:21:50,Whats AAp bukan nya makin kontibel. malah bergantung dg kartu SIM.
Pengguna Google,5,2026-05-29 06:21:00,"“WhatsApp is one of the best messaging apps I have ever used. The interface is simple, the calls are clear, and the messages are delivered very quickly. I also love the status and group features because they make communication easier with family and friends.”"
Pengguna Google,1,2026-05-29 06:20:03,"whatsapp kayak anj babi bintang 1,wa tiba tiba ke riset, i hate u whatsapp"
Pengguna Google,5,2026-05-29 06:15:05,indra
Pengguna Google,5,2026-05-29 06:14:52,sangat baguss
Pengguna Google,1,2026-05-29 06:14:03,oyyy waaa fitur sekali lihat tolong di hapus gak guna banget🫩
Pengguna Google,5,2026-05-29 06:13:40,gacor
Pengguna Google,1,2026-05-29 06:13:12,benci banget harus ada tinjauan akun tinjauan akun
Pengguna Google,5,2026-05-29 06:10:13,bagus
Pengguna Google,5,2026-05-29 06:08:37,bgus skli sngt bermanfaat
Pengguna Google,5,2026-05-29 06:08:15,okk
Pengguna Google,5,2026-05-29 06:08:11,Bagus
Pengguna Google,5,2026-05-29 06:07:34,baguasss tapi memonya penuh
Pengguna Google,5,2026-05-29 06:07:18,sangat babagussst
Pengguna Google,5,2026-05-29 06:07:16,makin jelek ih ga oke apalagi vc masih miror terus jg filter nya kuranh bamyakk
Pengguna Google,5,2026-05-29 06:06:39,okok
Pengguna Google,1,2026-05-29 06:06:24,"ter kenon/blokir tiba"" padahal tidak ngapa""in,gimana ini wa hdehh,tolong di perbaiki"
Pengguna Google,5,2026-05-29 06:05:57,pake nanya
Pengguna Google,5,2026-05-29 06:04:12,lumayan baik hmmmmmmm mmmm
Pengguna Google,4,2026-05-29 06:04:00,baik
Pengguna Google,4,2026-05-29 06:03:13,"kenapa vidcall saya selalau berhenti layar nya yg besar, ketika layar yg kecil saya besar kan, tidak muncul muka saha, melainkan malah macet pada muka yg saya vc"
Pengguna Google,5,2026-05-29 06:01:51,cepet cepet update filter vc disemua Infinix dong!
Pengguna Google,5,2026-05-29 06:00:53,bagus banget cuy
Pengguna Google,5,2026-05-29 06:00:37,bisa Nonton
Pengguna Google,5,2026-05-29 05:58:12,tolong wea saya di perbaiki
Pengguna Google,1,2026-05-29 05:58:11,kata gua teh mending stop bikin fitur2 aneh deh mending bikin fitur status hd aja udh pliss
Pengguna Google,4,2026-05-29 05:57:30,keren banget
Pengguna Google,4,2026-05-29 05:56:53,meta ai nya gaje bgt
Pengguna Google,5,2026-05-29 05:56:25,sangat bagus
Pengguna Google,5,2026-05-29 05:56:06,Gak ada alasan khusus pengen kasi bintang 5 aja soalnya udh bertahun2 pake WA ini
Pengguna Google,4,2026-05-29 05:55:13,koh pas ngirim pesan ke sr koh malah gak bisa dikirim padahal kuota penuh
Pengguna Google,5,2026-05-29 05:55:04,bagus sekali btw minta nomornya
Pengguna Google,5,2026-05-29 05:52:22,ok
Pengguna Google,5,2026-05-29 05:51:47,ok
Pengguna Google,4,2026-05-29 05:50:53,"tolong perbaiki aplikasi WhatsApp, karena selalu Loading terus menerus, tolong perbaiki"
Pengguna Google,4,2026-05-29 05:50:32,bagus
Pengguna Google,4,2026-05-29 05:50:10,tolong kenapa saat saya chat teman saya dan akun saya sedang di tinjau tolong perbaiki
Pengguna Google,5,2026-05-29 05:50:10,cukup
Pengguna Google,5,2026-05-29 05:50:03,"Demi putriku yang sakit, aku menikahi gembel yang ternyata dewan perang terkaya!"
Pengguna Google,4,2026-05-29 05:49:03,nomor yg di contac sudah di hapus..tp kok di wa masih ada ya..padahal sudah tidak ada di contac
Pengguna Google,5,2026-05-29 05:48:42,bagus
Pengguna Google,5,2026-05-29 05:48:30,sangat membantu sekali👍
Pengguna Google,4,2026-05-29 05:47:37,sangat mudah untuk dimainkannya
Pengguna Google,3,2026-05-29 05:47:27,was'ap saya mengalami lag membuat hp saya rusak
Pengguna Google,5,2026-05-29 05:45:52,bagus aplikasi nya tapi semoga apded offline karna aku kalau kuota aku habis gak bisa W A sama keluarga yang jauh😓
Pengguna Google,1,2026-05-29 05:45:05,kenapa saya tidak besa menggunakan WhatsApp
Pengguna Google,1,2026-05-29 05:43:53,"hehe aplikasi SAMPAH, tiba tiba banget hilang semua chat nya."
Pengguna Google,5,2026-05-29 05:43:42,mantap
Pengguna Google,2,2026-05-29 05:42:31,"eh kok sekarang aneh sih? akh kan dah nge privat gitu, tapi kok masih bisa di liat sama orang yang udah aku privat anjir ⁉️⁉️⁉️"
Pengguna Google,5,2026-05-29 05:42:20,baik
Pengguna Google,3,2026-05-29 05:40:30,kadang susah buka wa
Pengguna Google,1,2026-05-29 05:38:27,jangan memakai wa lagi kerena sistem nya udah rusak dan busuk
Pengguna Google,5,2026-05-29 05:38:26,mantap
Pengguna Google,5,2026-05-29 05:36:14,mantap
Pengguna Google,5,2026-05-29 05:36:07,"gatau , baik kan aku meta ai jadi tempat ku someone to talk 🩵"
Pengguna Google,1,2026-05-29 05:35:56,sangat mmbntu tripirasi buat pengguna sya dn brmnfaat sukses trs
Pengguna Google,2,2026-05-29 05:35:19,selamat.beratipitas.saling.dukung.dan.saling.menjagakesenambungan.dalam.konten.yang.dianjurkan.dan.memenuhi.aturan.yang.ada.agar.tidak.melangar.yang.telah.ditetapkan.
Pengguna Google,5,2026-05-29 05:34:21,keren
Pengguna Google,3,2026-05-29 05:34:09,brsk apkny kdg nybelin
Pengguna Google,4,2026-05-29 05:32:36,Cukup memuaskan
Pengguna Google,5,2026-05-29 05:32:29,bagus
Pengguna Google,5,2026-05-29 05:28:38,bermanfaat untuk smua kegiatan
Pengguna Google,5,2026-05-29 05:28:35,? m. ! . .
Pengguna Google,5,2026-05-29 05:23:56,sangat mudah digunakan dan membantu
Pengguna Google,5,2026-05-29 05:21:47,bagusss
Pengguna Google,5,2026-05-29 05:21:27,appp ini bagus untuk komunikasi bagus 👍 deh pokonya
Pengguna Google,5,2026-05-29 05:20:43,mantap 👍
Pengguna Google,4,2026-05-29 05:19:25,tolong buatin fitur backup stiker atau gif .agar saat ganti hp stiker dan gif ikut hilang.jangan memperbanyak fitur yang gak perlu.fitur backup stiker dan gif merupakan fitur yang penting yang harus ada
Pengguna Google,5,2026-05-29 05:15:17,filem nya sangat bagus menarik dan seru
Pengguna Google,5,2026-05-29 05:14:37,oke mantap sering terblokir secara permanen dikarenakan untuk kode
Pengguna Google,5,2026-05-29 05:14:04,oke bagus
Pengguna Google,4,2026-05-29 05:11:51,sangat bagus tapi gak ada filter di pas vidiokol nya
Pengguna Google,5,2026-05-29 05:11:42,bagus
Pengguna Google,5,2026-05-29 05:11:15,fahmi
Pengguna Google,5,2026-05-29 05:10:41,ok
Pengguna Google,3,2026-05-29 05:10:06,ko ngga bisa d buka
Pengguna Google,3,2026-05-29 05:09:38,akun WhatsApp susah di ketik
Pengguna Google,5,2026-05-29 05:08:41,keren
Pengguna Google,5,2026-05-29 05:08:24,"baik,oke banget🙏🙏🙏🙏"
Pengguna Google,5,2026-05-29 05:08:03,Good
Pengguna Google,5,2026-05-29 05:06:50,sangat membantu dalam berk omonikasi
Pengguna Google,1,2026-05-29 05:06:13,puas
Pengguna Google,5,2026-05-29 05:05:57,bagus
Pengguna Google,5,2026-05-29 05:05:18,Sangat memuaskan
Pengguna Google,5,2026-05-29 05:03:28,saya tidak bisa lihat saluran
Pengguna Google,5,2026-05-29 05:02:21,whats AppMessenger
Pengguna Google,5,2026-05-29 05:01:57,keren
Pengguna Google,1,2026-05-29 05:00:06,knp slalu biilng WhatsApp tidak resmi?
Pengguna Google,5,2026-05-29 04:58:09,Baguss
Pengguna Google,5,2026-05-29 04:57:05,ok
Pengguna Google,5,2026-05-29 04:55:54,mantap aplikasi nya
Pengguna Google,5,2026-05-29 04:55:10,Suka SII tapi motif fav yah hilang😔
Pengguna Google,5,2026-05-29 04:53:48,👍👍👍keren bro
Pengguna Google,5,2026-05-29 04:53:41,"Bisa Berkomunikasi Dengan Orang, Dengan Lebih Mudah"
Pengguna Google,5,2026-05-29 04:53:40,sangat tidak fantashh bintang 5
Pengguna Google,5,2026-05-29 04:52:52,sangat mudah
Pengguna Google,5,2026-05-29 04:51:00,"Ada apa dengan fitur status privat,""Hanya bagikan dengan.."" sudah saya privat,tapi yang diprivat malah bisa lihat status saya,tolong dibenahi,lalu,kontak sudah saya hapus namun di wa masih ada walau sudah diperbarui.Terakhir,daftar kontak banyak yg duplikat (kontak ada 2 dengan nama dan nomor yang sama).Apa fungsi update jika masalah seperti ini saja belum ada penyelesaiannya."
Pengguna Google,4,2026-05-29 04:50:55,🤟
Pengguna Google,5,2026-05-29 04:48:04,"hai, boleh tau ga kenapa di WhatsApp aku tidak muncul fitur tag semua orang? aku sangat membutuhkan fitur itu. tapi kenapa tidak berfungsi? padahal sudah di update terus~"
Pengguna Google,5,2026-05-29 04:47:48,"aplikasi mantap jelas, terpercaya..👍"
Pengguna Google,1,2026-05-29 04:46:04,Apknya kagak guna
Pengguna Google,5,2026-05-29 04:45:54,bagus
Pengguna Google,5,2026-05-29 04:45:21,Good
Pengguna Google,5,2026-05-29 04:44:38,"gak guna apk ini, gada melakukan pelanggaran malah dibilang melakukan pelanggaran. didaftar ulang malah ga bisa lagu ntah apa alasannya. anjiiiiiir"
Pengguna Google,2,2026-05-29 04:44:11,"kenapa ya whatsapp sekarang gampang kena kenon padahal kita gak ngapa-ngapain tiba tiba kenon plis tolong di perbaiki lgi, mohon kerjasama nya untuk pihak watshapp 🙏"
Pengguna Google,5,2026-05-29 04:41:31,Update lama banget unduhnya... makin berat aja
Pengguna Google,1,2026-05-29 04:40:35,"padahal ga pernah melanggar ketentuan wa tapi akun ke blokir, jujur kek ga adil banget"
Pengguna Google,5,2026-05-29 04:40:10,enak
Pengguna Google,5,2026-05-29 04:39:49,ko wa saya ditinjau Mulu
Pengguna Google,5,2026-05-29 04:39:14,sangat membantu
Pengguna Google,5,2026-05-29 04:37:48,dbas
Pengguna Google,4,2026-05-29 04:37:34,bagus
Pengguna Google,4,2026-05-29 04:35:15,wa saya sering kena pindai padahal tidak melakukan apapun yg macam macam tapi tetap bagus dan berguna
Pengguna Google,5,2026-05-29 04:33:55,mantaf mantaf
Pengguna Google,5,2026-05-29 04:32:23,Up iPhone for the
Pengguna Google,5,2026-05-29 04:31:23,Bagus
Pengguna Google,5,2026-05-29 04:31:15,berkomunikasi
Pengguna Google,5,2026-05-29 04:30:20,skian trimakasih
Pengguna Google,1,2026-05-29 04:30:13,Selalu ada muncul pakai wahtsapp yg resmi
Pengguna Google,1,2026-05-29 04:29:50,jaga add spasi y wa tolol
Pengguna Google,1,2026-05-29 04:29:45,akun saya tiba2 dibatasai
Pengguna Google,5,2026-05-29 04:29:43,makasih udah ngembaliin akun nomor saya...makasih developer nya(⁠≧⁠▽⁠≦⁠)
Pengguna Google,4,2026-05-29 04:26:57,"akhir akhir ini apk kadang banyak bug nya,mohon segera di perbaiki yaa terimakasih"
Pengguna Google,5,2026-05-29 04:26:56,bagus
Pengguna Google,5,2026-05-29 04:26:17,mantab lah
Pengguna Google,1,2026-05-29 04:25:41,jelek.
Pengguna Google,2,2026-05-29 04:25:35,pesan saya selalu di batasi jadi tidak membuat saya puas dengan aplikasinya...Saya bukan teroris saya bukan residifis saya bukan gembong narkoba saya bukan penjahat ...Saya hanya pekerja swasta yang selalu menaati aturan hukum...Jadi alasan pihak kalian apa bisa membatasi pesan saya...
Pengguna Google,5,2026-05-29 04:25:30,sayaa pribadii sangatt sukaa memakai whatsapp ini tapii tolongg dongg akunn whatsapp sayaa dii kembaliin jadii resmi lagii soalnyaa kann darii awall akunn whatsapp sayaa sudahh RESMII.
Pengguna Google,3,2026-05-29 04:25:07,chat wa tidak bisa di hapus sama tidak bisa di copy
Pengguna Google,5,2026-05-29 04:23:52,admin tolong perbaiki kenon ya saya tidak melakukan apa apa kenon
Pengguna Google,5,2026-05-29 04:21:54,apik
Pengguna Google,5,2026-05-29 04:20:16,mantap
Pengguna Google,5,2026-05-29 04:19:55,Good
Pengguna Google,2,2026-05-29 04:18:56,mengapa akun WhatsApp saya selalu kena ban padahal pemakaian normal normal saja
Pengguna Google,1,2026-05-29 04:18:55,mengapa saat login tidak tersedia terus saya sampe belibenerapa hp hasil nya sama lebih baik semua jangan pakai wa pakai saja tellegram
Pengguna Google,1,2026-05-29 04:18:25,"whatsapp saat menggunakan samsung A52S One UI 6.1, lag buka chat, keyboard delay"
Pengguna Google,5,2026-05-29 04:18:14,baik dan cepat
Pengguna Google,5,2026-05-29 04:18:06,jos jis pokoke weeewlah ya
Pengguna Google,5,2026-05-29 04:16:37,ok
Pengguna Google,5,2026-05-29 04:15:21,"Jujur aja ya , aku suka bangettt bangettt bangettt sama WhatsApp🫶🫶 makasiii banyaaa yyaa uda nyiptain whatsapp🫶🫶loveuu whatsapp🫶🫶🤍🤍."
Pengguna Google,5,2026-05-29 04:13:31,"sangat bagus,tapi saya ingin meminta saran akun saya selalu di blokir, padahal saya memakai dgn penuh tangung jawab"
Pengguna Google,5,2026-05-29 04:10:25,"stiap update selalu ketinggalan, mls bgt lama updatenya"
Pengguna Google,5,2026-05-29 04:09:46,baik
Pengguna Google,5,2026-05-29 04:08:33,"Mayan,tapi untuk kualitas status mohon ditingkatkan lagi"
Pengguna Google,5,2026-05-29 04:08:07,aplikasi ini sangat mempermudah untuk saya dalam sehari hari saya.. pakok nya mantappppp
Pengguna Google,5,2026-05-29 04:06:07,good
Pengguna Google,1,2026-05-29 04:05:22,"tolonglah pihak WhatsApp untuk resolusi video di status WhatsApp tolonggg bngt dinaikkan lagi resolusiny, karena resolusi yang jelek membuat sebagian banyaknorang malas mengupload story, dasar wa ajgggg"
Pengguna Google,5,2026-05-29 04:04:37,bagus bisa chat chat an
Pengguna Google,5,2026-05-29 04:03:56,bagus
Pengguna Google,5,2026-05-29 04:03:42,Opsional
Pengguna Google,5,2026-05-29 04:03:14,"boleh lah ,boleh lah"
Pengguna Google,1,2026-05-29 04:02:40,sering kena spam
Pengguna Google,1,2026-05-29 04:02:00,"aplikasi ga jelas sengaja pura"" salah kirim terus tiba"" ngobrol malah di blokir"
Pengguna Google,5,2026-05-29 04:01:16,semakin bagus
Pengguna Google,5,2026-05-29 04:00:54,karna wa saya yang ke kenon ke buka
Pengguna Google,5,2026-05-29 03:59:48,cukup bagus Alhamdulillah
Pengguna Google,5,2026-05-29 03:59:11,sangat bagus untuk Anda yang ingin berkenalan dengan seseorang
Pengguna Google,5,2026-05-29 03:58:01,bermanfaat
Pengguna Google,5,2026-05-29 03:57:34,good service
Pengguna Google,5,2026-05-29 03:56:44,saya suka sekali dengan whatsApp ini sampai sampai kontak saya 500 lebih
Pengguna Google,3,2026-05-29 03:56:19,Kenapa taq all buat di grup ilang lagi ?
Pengguna Google,5,2026-05-29 03:56:15,akun whatsap sy di batasi tolong di aktifkan
Pengguna Google,2,2026-05-29 03:56:03,"aplikasi whatsapp makin taun makin update makin bagus makin baik fitur cukup bagus. cuman sya di sinih saya ingin mengeluhkan. tentang fitur.status di sini ada satu fitur orang orang hanya bisa menanggapi love? hanya bisa menyukai sedangkan postingannya status orang orang beda beda masa kitah harus mnyukai?trs orangyang sedang berduka atas bersedih logikanya tambahin lah,fitur emot bru ke, di Facebook seperti status cerita Facebook lengkap. inih apa lah masa orang 🥹😡 di kasih emot❤ gak ngotak+"
Pengguna Google,5,2026-05-29 03:56:03,sangat bagus bngt dan aku suka
Pengguna Google,5,2026-05-29 03:56:02,bagus
Pengguna Google,3,2026-05-29 03:53:48,kenapa sekarang Whatsaap difoto profil ngga bisa diunduh atau disecreenshot?! maka dengan itu saya kasih bintang 3 dulu sentara..
Pengguna Google,5,2026-05-29 03:53:06,nazmi
Pengguna Google,5,2026-05-29 03:49:53,mantap
Pengguna Google,5,2026-05-29 03:49:46,Bagus sekali
Pengguna Google,5,2026-05-29 03:47:08,bagus
Pengguna Google,5,2026-05-29 03:46:44,bagusss
Pengguna Google,3,2026-05-29 03:46:28,Jelek akun whatsaap nya gk kebaca apk kurang resmi jadi saya gak bisa pake whatsaap
Pengguna Google,5,2026-05-29 03:46:21,bagus
Pengguna Google,5,2026-05-29 03:45:00,love you WhatsApp karena memudahkan komunikasi antara kita dan orang lain
Pengguna Google,5,2026-05-29 03:44:51,jangan blokir WA saya lagi
Pengguna Google,5,2026-05-29 03:43:41,baguss
Pengguna Google,5,2026-05-29 03:43:35,mantap
Pengguna Google,5,2026-05-29 03:43:33,aku sayang wattsap
Pengguna Google,5,2026-05-29 03:35:51,aplikasi nya sangat seru dan sangat nyaman
Pengguna Google,5,2026-05-29 03:35:16,oke
Pengguna Google,5,2026-05-29 03:34:46,WhatsApp sekarang aneh gangapa ngapain diblokir aoaraggh
Pengguna Google,2,2026-05-29 03:33:31,dari dulu selalu ada masalah klo mau kirim video atau poto
Pengguna Google,4,2026-05-29 03:30:55,knp WA (WhatsApp) saya suka daftar ulang padahal saya sudah daftar ulang berkali kali
Pengguna Google,4,2026-05-29 03:30:37,kenapa ya WhatsApp saya d batasi jadi menyusahkan
Pengguna Google,5,2026-05-29 03:29:10,"lumayan bagus euy,"
Pengguna Google,5,2026-05-29 03:28:57,bagusn't
Pengguna Google,2,2026-05-29 03:25:52,Sangat bagus
Pengguna Google,5,2026-05-29 03:25:13,bagus
Pengguna Google,5,2026-05-29 03:24:07,mantap
Pengguna Google,5,2026-05-29 03:23:05,bagus
Pengguna Google,4,2026-05-29 03:21:36,ini cocok banget sih jika buat berkomunikasi udah gitu ada AI nya lagi😀
Pengguna Google,5,2026-05-29 03:20:25,bagus
Pengguna Google,3,2026-05-29 03:20:16,setelah update utk pencarian berkas lama setelah ketemu malah gak bisa diklik atau gak bsa dilihat
Pengguna Google,3,2026-05-29 03:19:42,"padahal pa di download cuma 67 mb tapi kok makin lama sampe 3,1 gb loh saya gak suka padahal wastap saya jarang di pake"
Pengguna Google,5,2026-05-29 03:18:48,Aktipkan whatsap saya
Pengguna Google,5,2026-05-29 03:16:15,dhebesz
Pengguna Google,5,2026-05-29 03:16:03,bagus dan bisa di perkembangkan lagi Oke dari saya dadah
Pengguna Google,5,2026-05-29 03:14:47,Bagus
Pengguna Google,5,2026-05-29 03:14:39,ok selalu
Pengguna Google,4,2026-05-29 03:14:12,banyak jomok
Pengguna Google,5,2026-05-29 03:11:04,bagus
Pengguna Google,5,2026-05-29 03:10:06,sangat berguna
Pengguna Google,5,2026-05-29 03:08:21,seru banget main wa soalnya bisa chtan sama cewe cowo
Pengguna Google,1,2026-05-29 03:07:29,"fitur dibatasi babi, nyusahin kurir aja"
Pengguna Google,4,2026-05-29 03:07:22,mantap
Pengguna Google,5,2026-05-29 03:07:10,bisa buat ngirim pesan bisa buat telponan bisa buat ngabarin ortu bisa buat vcan bisa buat main bisa buat masak bisa buat bikin kue bisa buat nyervis motor bisa buat nyervis audio bisa buat nyervis mobil bisa buat mabar
Pengguna Google,1,2026-05-29 03:04:48,kenapa sih gue mau kirim foto sekali lihat tapi ngga ada angka bukaet satu gimana sihhh mau update tapi ngga bisa
Pengguna Google,5,2026-05-29 03:04:27,Alhamdulillah
Pengguna Google,5,2026-05-29 03:04:25,sangat bermanfaat
Pengguna Google,5,2026-05-29 03:04:04,ok
Pengguna Google,3,2026-05-29 03:03:10,mohon maaf kenapa ya meta ai nya gak bisa bales?
Pengguna Google,5,2026-05-29 02:58:37,ok
Pengguna Google,5,2026-05-29 02:58:14,pokok y bagus
Pengguna Google,5,2026-05-29 02:57:35,knpa wa saya tiba' tidak bisa login lagi bosku BLH mnta bantuannya bosku
Pengguna Google,4,2026-05-29 02:57:32,jadi kan aku udah dowload tpi knp gak bisa buka video atou foto???
Pengguna Google,1,2026-05-29 02:57:19,"tolong banget untuk pihak WhatsApp agar memperbaiki sistem nya sih ah elah masak gak ngapa ngapain tiba tiba keluar dari apk terus pas mau masuk lagi malah ada tulisan ""AKUN BELUM TERVERIFIKASI"", yang bener aje lu WhatsApp ah belum terverifikasi gimana orang gua udah make WhatsApp 3 tahunan malah tiba tiba akun belum terverifikasi, WhatsApp ni update terus tapi makin aneh, lama lama jelek malahan."
Pengguna Google,5,2026-05-29 02:57:16,bagus
Pengguna Google,5,2026-05-29 02:57:13,Rooy
Pengguna Google,1,2026-05-29 02:55:46,"hloo WhatsApp, mohon maaf kenapa sekarang nomer saya sering kena spam kagak jelas , udah abisz 20 nomer tetep semuanya kena spam mohon penjelasannya WhatsApp, WhatsApp sekarang emang beda ya 🙂‍↕️,"
Pengguna Google,4,2026-05-29 02:55:34,bio kenapa fiturnya gitu sihh??? harus pake jam dan bulan?? gasuka mending kek lama aja
Pengguna Google,5,2026-05-29 02:54:05,sangat bagus
Pengguna Google,5,2026-05-29 02:51:47,"kenapa berbagi status hanya dapat diliat oleh sesama menyimpan nomor ,harys bisa di liat oleh kontak yang kita simpan, nggak masuk, lemah"
Pengguna Google,5,2026-05-29 02:49:36,tolong beri saya kenapa wa gak dapat di verifikasi kan
Pengguna Google,5,2026-05-29 02:48:46,berikan saya sllu masuk di whatsapp sy
Pengguna Google,5,2026-05-29 02:48:24,Tingkatkan terus aplikasinya agar pengguna tetap nyaman untuk memilih whatsApp sebagai sarana komunikasi
Pengguna Google,2,2026-05-29 02:48:19,setiap bales Chet selalu kena band
Pengguna Google,5,2026-05-29 02:48:18,perfect
Pengguna Google,5,2026-05-29 02:48:05,"pliss WhatsApp HD in pas mau bikin status, foto/vid biar ga burem😌"
Pengguna Google,5,2026-05-29 02:47:45,bagus
Pengguna Google,5,2026-05-29 02:47:41,Bagus
Pengguna Google,5,2026-05-29 02:43:26,baik
Pengguna Google,5,2026-05-29 02:43:14,bagus
Pengguna Google,2,2026-05-29 02:42:56,gak bisa gapain²
Pengguna Google,1,2026-05-29 02:42:05,pas saya buat sw dan ada yang saya privasi ko bisa dia masih bisa lihat tolong dong aplikasinya di perbaiki lagi
Pengguna Google,1,2026-05-29 02:41:47,"tolong di perbaiki kembali dengan fitur efek di whatsapp, karena saat saya sedang menggunakan efek itu pas saya mau buka kamera pasti selalu eror atau bacaan muat ulang, saya sudah ber ulang² kali mencoba tetap tidak bisa, tolong ya semoga secepatnya di perbaiki"
Pengguna Google,5,2026-05-29 02:41:27,👍👍👍👍👍👍👍👍👍👍👍👍👍👍
Pengguna Google,2,2026-05-29 02:40:42,"ada hal yang menggangu dari WA kadang waktu saya buka WA tiba-tiba disuruh pulihkan chat padahal saya tidak melakukan apapun, waktu saya pulihkan, bukan nya pulih tapi malah semua chat saya dan dokumen penting menghilang. tolong bagaimana cara mengatasi ini. ini sangat mengganggu"
Pengguna Google,4,2026-05-29 02:40:33,terlalu sensi sekarang dikit dikit di batasi
Pengguna Google,5,2026-05-29 02:40:21,sangat bagus
Pengguna Google,3,2026-05-29 02:39:35,Notifikasi telpon lambat berdering
Pengguna Google,5,2026-05-29 02:35:06,jos
Pengguna Google,5,2026-05-29 02:34:50,🥰🥰🥰
Pengguna Google,5,2026-05-29 02:33:47,Baik
Pengguna Google,5,2026-05-29 02:33:29,saya dapat berkomunikasi dengan baik ke semua orang
Pengguna Google,5,2026-05-29 02:33:01,sangat bagus
Pengguna Google,1,2026-05-29 02:32:29,2222²²²2
Pengguna Google,5,2026-05-29 02:32:17,oklah
Pengguna Google,5,2026-05-29 02:32:15,Bagus
Pengguna Google,5,2026-05-29 02:29:29,Baddd
Pengguna Google,5,2026-05-29 02:28:58,wea
Pengguna Google,1,2026-05-29 02:25:02,"wa saya tiap ngechet uong terkenon terus kenapa ya kira"" wa saya ini?🙏"
Pengguna Google,1,2026-05-29 02:24:25,"kenapa akun saya terblockir permanen secara tiba"" padahal saya chat teman kerjaan saya yang memang tidak saya save dikontak telepon saya, tolong kembalikan akun nomor telepon saya karena nomor penting saya"
Pengguna Google,5,2026-05-29 02:23:52,ok ok ok...
Pengguna Google,5,2026-05-29 02:22:38,in the best
Pengguna Google,1,2026-05-29 02:21:40,"update sampah, buka status WA diri sendiri bisa lanjut lihat status WA orang otomatis adalah sangat merusak image bagi yang tidak ingin penasaran dengan urusan orang lain.. tombol back juga bisa jadi triger untuk next.."
Pengguna Google,5,2026-05-29 02:20:22,Apk nya bagus cuma untuk sekarang error tolong cepat di perbaiki karena bapak saya tidak ada kabar nya gara gara WA error
Pengguna Google,5,2026-05-29 02:19:43,sangat baik dan mantap
Pengguna Google,5,2026-05-29 02:17:02,bagus
Pengguna Google,5,2026-05-29 02:15:34,seru dan makin ajib
Pengguna Google,5,2026-05-29 02:14:07,"aplikasi ini sangat bermanfaat,, hanya saja kenapa bisa nomor tak dikenal bisa mengirim pesan Ke WA itu saja keluhan"
Pengguna Google,1,2026-05-29 02:13:50,kenapa gak bisa daftar ulang!
Pengguna Google,1,2026-05-29 02:12:48,dikit dikit ditinjau dikit dikit ditinjau. kenapa wa saya diblokir terus?
Pengguna Google,1,2026-05-29 02:11:34,whastapp smph gaguana kirim pesan blokir Mulu udah ganti nomor berapa kali sampah whastapp
Pengguna Google,4,2026-05-29 02:07:55,oke
Pengguna Google,2,2026-05-29 02:07:41,"saya kecewa karna akun WhatsApp saya yg pertama yg setelah saya pake bertahun""diblokir oleh pihak WhatsApp padahal saya tidak melakukan pelanggaran"
Pengguna Google,4,2026-05-29 02:05:39,sangat bagus
Pengguna Google,5,2026-05-29 02:05:29,bagus...makasih
Pengguna Google,5,2026-05-29 02:02:44,cukup baiik
Pengguna Google,1,2026-05-29 02:02:14,"tiba2 logout dan bug, nggk bisa buka wa"
Pengguna Google,5,2026-05-29 01:58:55,sangat bermanfaat
Pengguna Google,5,2026-05-29 01:57:33,sangat Baik sekali
Pengguna Google,5,2026-05-29 01:52:11,ok
Pengguna Google,5,2026-05-29 01:51:46,makin keren...
Pengguna Google,5,2026-05-29 01:51:29,baik
Pengguna Google,5,2026-05-29 01:51:13,bermanfaat dalam komunikasi
Pengguna Google,5,2026-05-29 01:50:28,whatsApp sdh mencakup semuanya dalam berkomunikasi
Pengguna Google,5,2026-05-29 01:49:14,lancar dan sangat baik.......
Pengguna Google,5,2026-05-29 01:45:29,Senang
Pengguna Google,5,2026-05-29 01:44:01,baik
Pengguna Google,5,2026-05-29 01:43:04,WhatsApp plus
Pengguna Google,5,2026-05-29 01:41:38,instal watsapp
Pengguna Google,4,2026-05-29 01:38:17,mantap
Pengguna Google,5,2026-05-29 01:37:11,"tidak bisa dibuka. malah di bilang bukan whatapp resmi, bantu perbaiki bug nya"
Pengguna Google,5,2026-05-29 01:34:30,baik
Pengguna Google,4,2026-05-29 01:33:56,"mau bikin tentang di whatsapp kenapa sekarang ada durasinya, tolong dong dikasi pilihan mau permanen atau kustom"
Pengguna Google,3,2026-05-29 01:33:39,fitur tetap arsipkan pesan saat ada pesan baru saya matikan. tapi tetep aja ada pesan baru pesannya tetap diarsip. aneh
Pengguna Google,5,2026-05-29 01:33:36,mantap
Pengguna Google,5,2026-05-29 01:32:15,om bail
Pengguna Google,5,2026-05-29 01:31:16,baik
Pengguna Google,5,2026-05-29 01:25:48,Baik
Pengguna Google,5,2026-05-29 01:25:34,baik
Pengguna Google,5,2026-05-29 01:24:15,Pokok'a Mantap dah....👍👍👍😎😎😎
Pengguna Google,4,2026-05-29 01:23:50,Di gw masih belum ada meta ai kocak
Pengguna Google,5,2026-05-29 01:20:48,Mantaap
Pengguna Google,5,2026-05-29 01:20:33,sangat membantu
Pengguna Google,2,2026-05-29 01:20:31,"kenapa nomer kontak gk kyk dlu?? gk bisa dihapus, pdhl banyak nomer2 wa yg dah gk aktif"
Pengguna Google,5,2026-05-29 01:19:00,"nomor handphone saya di blokir oleh whatsapp tanpa tahu alasannya,, mohon penjelasannya dan mohon untuk di buka blokiran nya"
Pengguna Google,5,2026-05-29 01:18:43,Bagus
Pengguna Google,5,2026-05-29 01:16:09,bagus
Pengguna Google,1,2026-05-29 01:16:08,sdh di update berapa kali tetap sama aja nggak ada perubahan
Pengguna Google,5,2026-05-29 01:15:50,👍
Pengguna Google,5,2026-05-29 01:15:25,good
Pengguna Google,5,2026-05-29 01:15:01,apk yang sangat bagus
Pengguna Google,1,2026-05-29 01:14:51,"gimana nih!? aku gabisa kirim stiker yang aku punya!, benerin gamau tau😭"
Pengguna Google,3,2026-05-29 01:13:18,banyak bug nyaa gabisa nyematin no gabisa pakein kontak orang notifikasi khusus banyak lahh pokoknyaa
Pengguna Google,5,2026-05-29 01:12:14,sangat bagus
Pengguna Google,5,2026-05-29 01:11:53,best
Pengguna Google,5,2026-05-29 01:11:44,bagusss
Pengguna Google,5,2026-05-29 01:11:25,mantap
Pengguna Google,3,2026-05-29 01:09:26,Kenapa wa yg di-update udah 100% tp kembali ke 9% LG? Tolong dong solusinya karena penyimpanan udah dibersihkan ttp gtu terus
Pengguna Google,5,2026-05-29 01:08:52,ok
Pengguna Google,1,2026-05-29 01:08:35,semakin hari semakin lama aplikasi WhatsApp sangat buruk WhatsApp cepat terblokir . malas menggunakan. WhatsApp lagi!
Pengguna Google,5,2026-05-29 01:08:27,bagus
Pengguna Google,4,2026-05-29 01:06:50,"gimana sih caranya saat vc dan keluar dari vc video tidak terjeda, soalnya kalau sedang vc pas mau keluar videonya terjedah,gimana kalau di hp itel yah??"
Pengguna Google,3,2026-05-29 01:06:45,Assalamualaikum. yg Saya Hormati bapak dan ibuk. ya saya mau membuka kan hatiAtau fikiran saya sebelumnya saya minta maaf. sebetulnya saya sangat sulit untuk mengatakan. tapi saya mendengar isu-isu nya. tapi sajuga ingin tau yg sebenarnya. masalah nya 1 aja. masalah jodoh. kenapa ya orang sangat perhatian bangat sampe mau jadi pendamping saya. bukan saya tak mau. saya malah lebih sayang dan saya sangat menghargai bapak yg saya hormati.yg menyukai saya muda semua. dari pada nanti di Remehkan..
Pengguna Google,1,2026-05-29 01:05:58,ini knpa wa akun Anda sedang di tinjauan wa ajing ap ini oantek sistem operasi wahsapp ny kontolll ajing
Pengguna Google,5,2026-05-29 01:05:45,sangat2 baik
Pengguna Google,1,2026-05-29 01:04:45,Kenapa no wa saya tidak bisa di gunakan Bahkan terus di suruh unduh aplikasi wa resmi Apa maksud dari semua uni Padahal sudah pake yg resmi
Pengguna Google,2,2026-05-29 01:04:15,hd kan status dulu baru ku kasih bintang 5
Pengguna Google,5,2026-05-29 01:02:26,Keren
Pengguna Google,1,2026-05-29 01:01:58,"nomor saya tiba tiba di blokir WhatsApp. saya rugi besar, tidak bisa komunikasi sama orang"
Pengguna Google,5,2026-05-29 01:00:57,oke gais
Pengguna Google,1,2026-05-29 01:00:17,Saya suka sama aplikasi ini
Pengguna Google,1,2026-05-29 00:58:52,"update sllu slma, buknny ad prubhn mlh msuk wa ny lama"
Pengguna Google,5,2026-05-29 00:55:11,bagus sekali
Pengguna Google,5,2026-05-29 00:48:44,Whatsapp Ini sangat membantu kalau bisa di tambah fitur yg lain.
Pengguna Google,5,2026-05-29 00:43:50,sangat membantu
Pengguna Google,1,2026-05-29 00:42:05,Logout tiba-tiba dan tidak bisa dibuka ?? Ada apa ? tolong lah di perbaiki
Pengguna Google,5,2026-05-29 00:40:44,sangat membantu
Pengguna Google,5,2026-05-29 00:40:31,mantaaab
Pengguna Google,5,2026-05-29 00:39:52,CV NURMA RENTAL MOBIL
Pengguna Google,3,2026-05-29 00:39:45,ngelek
Pengguna Google,3,2026-05-29 00:39:37,tidak bisa menelpon
Pengguna Google,5,2026-05-29 00:39:16,Baguss
Pengguna Google,1,2026-05-29 00:39:00,"bug pulihkan chat, sialan chat hilang"
Pengguna Google,4,2026-05-29 00:37:20,bagus
Pengguna Google,1,2026-05-29 00:35:00,"Knpa shi WhatsApp sekarang harus kena spam kadang jadi,kadang gak jadi,harus tinjau itu pun tunggu beberapa jam baru bisa juga,di buka"
Pengguna Google,5,2026-05-29 00:33:26,bagus dan aku jg bisa dapet temen dari jkrta karena aku masuk grup orang 🚶👤
Pengguna Google,5,2026-05-29 00:31:55,mantap denis Al Adli
Pengguna Google,1,2026-05-29 00:30:49,"gak enak saat buat story, ukuran file di kompres otomatis, membuat video patah"""
Pengguna Google,5,2026-05-29 00:29:55,semakin bermanfaat WA... jos gandos ...!!!
Pengguna Google,5,2026-05-29 00:28:27,upgred lagi
Pengguna Google,3,2026-05-29 00:24:39,habis di perbarui kok banyak bug gini sih
Pengguna Google,5,2026-05-29 00:23:28,nice
Pengguna Google,1,2026-05-29 00:22:55,kenapa Iki status WhatsApp setelah saya hapus bukan nya menghapus malah masih ada? tolong di perbaiki
Pengguna Google,5,2026-05-29 00:21:04,Sudah semakin bagus
Pengguna Google,1,2026-05-29 00:20:20,aplikasi kok sampai kena hack
Pengguna Google,1,2026-05-29 00:20:09,setatus di WhatsApp knapa jadi burem
Pengguna Google,5,2026-05-29 00:18:02,bagus
Pengguna Google,5,2026-05-29 00:16:56,👍🏻🙏🏻
Pengguna Google,1,2026-05-29 00:12:52,akun saya setiap hari ditinjau .. padahal tidak pernah melakukan aneh aneh
Pengguna Google,3,2026-05-29 00:11:23,kenapa wa saya gak bisa uplod video dan foto. melihat story video foto kontak juga. pengunduhan selalu gagal. ktika sy up foto atau video tulisan wrnah merah *tidak ada di file anda*
Pengguna Google,5,2026-05-29 00:09:51,Halo whatsapp ini membantu saya untuk kabarin orang
Pengguna Google,5,2026-05-29 00:09:02,ok
Pengguna Google,1,2026-05-29 00:08:39,gk bagus karena ada spam terus
Pengguna Google,1,2026-05-29 00:08:10,aplikasi apaan dh udh make wa resmi tetap ga bisa di benerin dikit ni aplikasi
Pengguna Google,5,2026-05-29 00:03:19,👍👍👍👍👍
Pengguna Google,5,2026-05-29 00:02:00,ajiib
Pengguna Google,5,2026-05-29 00:00:11,keren estetik yuhu
Pengguna Google,1,2026-05-28 23:59:46,wa sekarang jelek banget mau masuk lagi wa baru suruh tunggu perivikasi lewat sms malah gk ada sms nya ampe skarang udh 2 hari begini terus tolong dong yg punya aplikasi wa d perbaiki jangan bikin kecewa kita sebagai pengguna jangan di persulit begini dong
Pengguna Google,5,2026-05-28 23:58:33,baik
Pengguna Google,5,2026-05-28 23:56:56,oke
Pengguna Google,5,2026-05-28 23:51:37,keren👍👍👍
Pengguna Google,5,2026-05-28 23:51:36,whatsapp ku tiba2 ke hpus pdahal ggk aku apa2 in lohh
Pengguna Google,5,2026-05-28 23:50:05,mantul
Pengguna Google,1,2026-05-28 23:49:26,ahay
Pengguna Google,5,2026-05-28 23:48:52,top
Pengguna Google,5,2026-05-28 23:45:15,bagus banget
Pengguna Google,2,2026-05-28 23:45:03,bagus
Pengguna Google,1,2026-05-28 23:44:12,"kenapa WA saya malah ada tulisan ""account in review"" ini!? terus disuruh nunggu 24 jam pula. setelah 24 jam besoknya saya cek malah ""nomor tidak terverifikasi"", apa maksudnya ini!? padahal nomor dah terverifikasi di HP & email, kenapa masuk WA gak bisa. saya download berbagai aplikasi termasuk WA dari play store lho ya bukan dari website lain."
Pengguna Google,5,2026-05-28 23:40:15,good
Pengguna Google,4,2026-05-28 23:38:26,TQ akan dicoba
Pengguna Google,5,2026-05-28 23:36:51,baik
Pengguna Google,5,2026-05-28 23:36:31,ka bisa bantu apdate ka soalnya kalo di apdate harus hapus bnyk aplikasi saya yg lain biasanya kalo apdate itu kan versi terbaru kalo bisa otomatis ajh ga rusak data jg nantinya jg ga buang apa yg sudah ada kerjaaanya jg bikin wa JD aman di gunakan ajah
Pengguna Google,5,2026-05-28 23:35:05,bagus kok ngak ada masalah
Pengguna Google,4,2026-05-28 23:34:55,bagus sekali jadi bisa buat telfonan atau mengabarkan sesuatu dari jarak jauhan
Pengguna Google,5,2026-05-28 23:31:06,Terbaik
Pengguna Google,5,2026-05-28 23:23:47,Baik
Pengguna Google,5,2026-05-28 23:22:34,"selamat malam. dan Trimakasih kpd WhattsApp,uddah bbisa bicara disini,,dan semoga lebih baik dan Lancar aaggar peminat ga membosankan,dan Semangat"
Pengguna Google,5,2026-05-28 23:22:16,sangat puas
Pengguna Google,5,2026-05-28 23:21:37,terdeteksi what palsu gmn ya
Pengguna Google,5,2026-05-28 23:21:20,sangat membantu dalam segala hal😍😍
Pengguna Google,5,2026-05-28 23:18:33,baik
Pengguna Google,5,2026-05-28 23:18:17,lumayan
Pengguna Google,5,2026-05-28 23:15:39,sangat mantap dan sangat mebantu
Pengguna Google,5,2026-05-28 23:13:08,bagus banget
Pengguna Google,5,2026-05-28 23:13:01,sangat baik
Pengguna Google,5,2026-05-28 23:10:08,Oke
Pengguna Google,5,2026-05-28 23:09:01,Asik
Pengguna Google,1,2026-05-28 23:03:01,"nomor hp lama saya tiba tiba kena blokir permanen sama WhatsApp , beli nomor baru setiap satu pesan langsung dibatesi selama 6jam , tolong perbaiki"
Pengguna Google,5,2026-05-28 23:02:46,mantap
Pengguna Google,3,2026-05-28 22:56:54,lmyayan
Pengguna Google,5,2026-05-28 22:56:51,baik
Pengguna Google,5,2026-05-28 22:56:44,nice
Pengguna Google,2,2026-05-28 22:52:17,"Entah mengapa saya tiba-tiba logout dari WhatsApp, padahal saya tidak pernah logout. Satu akun saya lainnya pun logout secara otomatis. WhatsApp seharusnya profesional dan harus berbenah dan jangan sampai merugikan banyak orang."
Pengguna Google,5,2026-05-28 22:50:57,gacor
Pengguna Google,4,2026-05-28 22:48:37,bisa berkomunikasi dengan orang yang kenal
Pengguna Google,2,2026-05-28 22:47:11,Banyak gangguan trus
Pengguna Google,5,2026-05-28 22:46:38,selalu di berkahi.
Pengguna Google,2,2026-05-28 22:44:25,"WhatsApp kebiasaan eror saya ga ngapa ngapain yiba tiba kenon , sekarang malah gabisa di pencet gabisa di sentuh apapun WhatsApp nya , saya mau verifikasi kan nomer juga gabisa bisa daritad gara gara WhatsApp nya gabisa dipenceti"
Pengguna Google,5,2026-05-28 22:41:57,sangat 👍
Pengguna Google,5,2026-05-28 22:38:12,tolong aktif kan whatsapp saya yang di blokir.
Pengguna Google,5,2026-05-28 22:38:00,baguss wastaap ini
Pengguna Google,1,2026-05-28 22:35:31,nomor baru akun baru tapi malah di batasi terus!!
Pengguna Google,5,2026-05-28 22:34:09,apk ini sangat sangat berguna
Pengguna Google,1,2026-05-28 22:31:22,"akun wassapp saya sering diblokir, padahal saya tak pernah melakukan apa saja yg bertentangan di wassapp.."
Pengguna Google,5,2026-05-28 22:30:59,"Bagus aja sihh,tapi kalau bikin sw suka burem tiba"" perbaiki dong virurnya"
Pengguna Google,5,2026-05-28 22:30:21,"bagus banget,tapi kenapa wa lama ku gabisa di daftarkan ulang di WhatsApp di hp aku ada tulisan perlu WhatsApp resmi,padahal jika di hp ibu ku bisa,dan aku ganti nomor baru,langsung bisa terima kasih, mohon di baca apakah itu kesalahan??."
Pengguna Google,5,2026-05-28 22:25:42,best
Pengguna Google,4,2026-05-28 22:23:43,baguss
Pengguna Google,5,2026-05-28 22:22:40,mantap
Pengguna Google,3,2026-05-28 22:19:01,mengapa akun dan perangkat saya gangguan
Pengguna Google,5,2026-05-28 22:16:44,Mudah di gunaka
Pengguna Google,1,2026-05-28 22:14:21,"tolong ini wa yg bener aja kalau upgrade makin aneh"" aja"
Pengguna Google,4,2026-05-28 22:13:41,bagus sih tapi akhir² ini akun ku kena blokir tapi g permanen kenapa ya? tolong selsaikan tinjauannya dan sudah bicabiarkan akun ku aman saja🙏
Pengguna Google,2,2026-05-28 22:07:38,"tolong diperbaiki jadi sulit masuk nya dari verifikasi dua langkah..kalo mau ganti no baru,,"
Pengguna Google,4,2026-05-28 22:04:49,aku tadi kehapus aplikasi whatsapp nya tapi udah di download lagi
Pengguna Google,5,2026-05-28 21:59:26,Bagus untuk komunikasi terimakasih
Pengguna Google,5,2026-05-28 21:55:00,keren abis ni aplikasi
Pengguna Google,4,2026-05-28 21:49:20,Okkkk
Pengguna Google,4,2026-05-28 21:47:52,bismillah
Pengguna Google,4,2026-05-28 21:46:37,udah oke oke aja cuma kadang eror gk bisa kirim pesan padahal udh oke oke aja jaringan nya
Pengguna Google,5,2026-05-28 21:41:02,Memuaskan
Pengguna Google,1,2026-05-28 21:40:18,aplikasi apa ini ga jelass bangettt gw chat cewe gw ga di bales baless
Pengguna Google,1,2026-05-28 21:35:51,jelek wa sekarang main asal banned orang gak bersalah jelek bintang 1 orang-orang nya ngeselin cewek slalu slow respon bintang 1 saluran gw kagak naik-naik jelek banget bau
Pengguna Google,1,2026-05-28 21:35:15,"akun gw sering di ban,padahal gak ngapa-ngapain jir,buat developer mohon bantuannya dong,ada banyak kenangan,chat dll ntar kalo hilang semua gimana tuh,kan sayang banget kalo hilang"
Pengguna Google,5,2026-05-28 21:28:08,baik
Pengguna Google,5,2026-05-28 21:23:27,pelayanan sangat bagus
Pengguna Google,1,2026-05-28 21:09:12,kenapa Poto suka pada ilang aplikasi apaan ini kalau call juga suka mati sendiri padahal Uda lama lama call tapi gaada hasil history nya apl apaan ini
Pengguna Google,1,2026-05-28 21:06:37,udah hampir 25kali uninstall trus download tetep ada tulisan apk tidak resmi padahal dari awal aman aman aja. Tolong ya di benerin yang bener bego
Pengguna Google,5,2026-05-28 20:59:07,WhatsApp sangat membantu WhatsApp sangat membantu
Pengguna Google,4,2026-05-28 20:46:32,mudah digunakan
Pengguna Google,2,2026-05-28 20:45:39,"STIKER GWEH ILANG SEMUAA ANJJ PDHL UDH GW SIMPEN TAPI TTP ILANG LAGII 💔 trss jg knp si klo lg call sllu tb' mati sndiri pdhl sinyal aman aja, truss KENAPA GADA RIWAYAT PANGGILANNYA PDHL ABIS CALL BERJAM JAM 💔"
Pengguna Google,5,2026-05-28 20:45:17,mantap
Pengguna Google,4,2026-05-28 20:42:20,"minus, status kurang hd, tolong di perbaiki, di ubah ketika membuat status menjadi hd."
Pengguna Google,4,2026-05-28 20:41:27,Ok
Pengguna Google,5,2026-05-28 20:37:34,bagus
Pengguna Google,5,2026-05-28 20:34:19,terima kasih
Pengguna Google,1,2026-05-28 20:27:28,Memaksa untuk update baru bisa digunakan.
Pengguna Google,1,2026-05-28 20:27:03,nomor sering kenon padahal nggak ngespam wa baru di buka udh kenon aja ampe 3×
Pengguna Google,4,2026-05-28 20:24:30,senang
Pengguna Google,5,2026-05-28 20:21:20,mantap
Pengguna Google,5,2026-05-28 20:20:12,kok chat dari saya GK pernah di bales sama cwek sih apa karna bug ? tolong di perbaiki lagi
Pengguna Google,5,2026-05-28 20:19:42,mana kaga ada yg ngecat ja
Pengguna Google,1,2026-05-28 20:18:54,apk wa saya tidak bisa kebuka padahal udh di uninstal trus di instal kembali tetap tidak bisa kebuka
Pengguna Google,5,2026-05-28 20:09:29,👍
Pengguna Google,5,2026-05-28 20:09:10,is ok lah
Pengguna Google,5,2026-05-28 20:05:57,bagus
Pengguna Google,5,2026-05-28 20:04:02,lupa sandi
Pengguna Google,1,2026-05-28 19:50:16,apk apa cba belum apa apa tiba tiba ke ban gajelas pdhal gak ngapa ngapain
Pengguna Google,5,2026-05-28 19:42:49,tolong perbaiki whatsaap saya bermasalah
Pengguna Google,3,2026-05-28 19:30:28,"makin hari makin gajelas ini WhatsApp nya, tolong diperbaiki lagi masak dikit' kenon. chat grup kenon tolong ini sudah mantap tapi tolong diperbaiki masalah kenon nya WhatsApp"
Pengguna Google,1,2026-05-28 19:27:43,"kembalikan fitur ""tentang tanpa durasi"" kayak dulu"
Pengguna Google,2,2026-05-28 19:25:17,knpa whatsapp nggk bise di install
Pengguna Google,1,2026-05-28 19:23:35,wa mengalami ganguan.riwacat chat.tidak bisa mengembaliakan cadangan.payah
Pengguna Google,1,2026-05-28 19:23:29,WA baperan anjir lah gua beli kartu terus coo salah apa gua
Pengguna Google,1,2026-05-28 19:20:04,"aplikasi jembot nge bug memuat terus terusan, gak ada tombol log out bikin ribet, mau hapus data malah masuk aplikasinya, gak kaya dulu"
Pengguna Google,1,2026-05-28 19:14:20,loginnya sulitttt bangettt
Pengguna Google,5,2026-05-28 19:14:17,nice
Pengguna Google,5,2026-05-28 19:09:45,bagus meta ku aeh
Pengguna Google,5,2026-05-28 19:06:21,josjisss
Pengguna Google,4,2026-05-28 19:05:39,enggak bisa menggunakan efek kamera
Pengguna Google,5,2026-05-28 18:58:28,mantap
Pengguna Google,3,2026-05-28 18:54:43,kenapa suka lag😭 kirim info di saluran suka gak kekirim karna lag
Pengguna Google,5,2026-05-28 18:45:01,oke
Pengguna Google,5,2026-05-28 18:41:55,bagus
Pengguna Google,4,2026-05-28 18:36:54,sya kasi bintang 4dlu nntinklo whatsappsuadah ada anti sadap gimanapun caranya sya kasi bintang 5
Pengguna Google,5,2026-05-28 18:34:54,terbayang
Pengguna Google,4,2026-05-28 18:32:39,kenapa Aplikasinya tidak ada di layar ponsel kok masih di dalam PlayStore? 🤔
Pengguna Google,5,2026-05-28 18:31:52,bisa berkomunikasi sama mamah sama ayah sama temen sama sepupu sama BESTie 💋
Pengguna Google,2,2026-05-28 18:28:49,"fitur rekomendasi saluran tidak bermanfaat sama sekali, hilangkan saja, cuma bikin penuh pandangan saja, sudah cukup beri fitur jalajah saluran jika ingin mengikuti saluran,. tidak semua orang butuh saluran atau rekomendasi saluran yang anda sajikan."
Pengguna Google,5,2026-05-28 18:26:23,"sala satu apk yang bikin sakit hati, ngecet panjang lebar cuman di bales pakek, setiker HE HE"
Pengguna Google,5,2026-05-28 18:23:30,selesai
Pengguna Google,1,2026-05-28 18:22:23,mudah mudah aman akun saya
Pengguna Google,5,2026-05-28 18:19:24,sangat bagus wasap ini mudah dan gampang untuk membuat wasap nya
Pengguna Google,5,2026-05-28 18:18:50,baik
Pengguna Google,4,2026-05-28 18:13:54,WA sangat membantu mendapat informasi
Pengguna Google,5,2026-05-28 18:12:47,sangat membantu
Pengguna Google,4,2026-05-28 18:11:29,Mantap Lah.. Cuman status wa nya selalu burem Tolong perbaikan nya
Pengguna Google,2,2026-05-28 18:08:47,karena aku ga bisa teg semua orang yg ada di grup ku
Pengguna Google,5,2026-05-28 18:07:39,sangat senang ada whassaf kita bisa berkomunikasi dengan siapa saja sangat menyenangkan tapi ada satu hal yg tak aku mengerti mgapa setiap kali login dari FB dan minta kode dari whassaf aku tak pernah berhasil padahal nom ponsel dan semua sudah tersimpan .ya hnya itu saja terimaksh.
Pengguna Google,5,2026-05-28 18:07:16,sy menyukai aplukasi ini
Pengguna Google,3,2026-05-28 18:05:14,whasap rusak
Pengguna Google,5,2026-05-28 18:03:14,bagus dan mantap 🤙🤙🤙🤙🤙 lebih perbaiki warna tema lebih menarik dan unggah vidio lebih besar kapasitasnya 🫸🫷🤙🤙🤙
Pengguna Google,5,2026-05-28 18:00:36,ok google
Pengguna Google,1,2026-05-28 17:57:56,"Semenjak update kemarin kualitas story wa khususnya video malah jadi hancur , udah diatur ke option HD masih aja pas upload di Story WhatsApp malah ancur di kompres sama aplikasi padahal file aslinya HD , perasaan dulu ga kek gini kenapa pas di update malah makin ancur ni aplikasi"
Pengguna Google,5,2026-05-28 17:57:21,"memudahkan komunikasi, banyak perbaharuan yang baru."
Pengguna Google,5,2026-05-28 17:56:22,Bagus
Pengguna Google,1,2026-05-28 17:54:26,"bisa keluar sendiri,mau login LG gak bisa."
Pengguna Google,5,2026-05-28 17:53:59,bagus
Pengguna Google,1,2026-05-28 17:49:25,bagus sekali
Pengguna Google,5,2026-05-28 17:43:16,Bagus. aman. Baru satu hari minta di UPDATE lagi
Pengguna Google,5,2026-05-28 17:41:51,p p apa
Pengguna Google,4,2026-05-28 17:41:14,kerennn semangat trussss sukses y....
Pengguna Google,5,2026-05-28 17:38:33,okbagus
Pengguna Google,4,2026-05-28 17:37:42,bagus 👍👍👍
Pengguna Google,3,2026-05-28 17:36:40,"kalo bikin story wa slalu burik tolong lah deflopernya di perbaikin itu klo bikin sw tetep HD sesuai dengan yg di galeri selain itu bagus kok,"
Pengguna Google,5,2026-05-28 17:35:33,tolong aktifkan kembali wa Bisnis saya di karenakan saya tidak pernah melanggar ketentuan dari pihak wa
Pengguna Google,5,2026-05-28 17:30:18,nice
Pengguna Google,5,2026-05-28 17:29:24,terimakasih WhatsApp
Pengguna Google,5,2026-05-28 17:28:25,Bagus
Pengguna Google,5,2026-05-28 17:28:22,wow aplikasi ini sangat membantu sekali saya suka dengar aplikasi ini
Pengguna Google,3,2026-05-28 17:26:30,𝐆𝐚 𝐚𝐝𝐚 𝐚𝐩𝐚² 𝐦𝐚𝐥𝐚𝐡 𝐤𝐞𝐧𝐚 𝐩𝐚𝐝𝐚𝐡𝐚𝐥 𝐰𝐚 𝐢𝐭𝐮 𝐩𝐞𝐧𝐭𝐢𝐧𝐠
Pengguna Google,5,2026-05-28 17:24:48,wea
Pengguna Google,5,2026-05-28 17:23:20,josd
Pengguna Google,5,2026-05-28 17:22:50,ok
Pengguna Google,5,2026-05-28 17:21:05,Mudah untuk mengobrol dll
Pengguna Google,5,2026-05-28 17:19:28,bantu Tim WhatsApp untuk memulihkan akun WhatsApp saya agar tidak trus di tinjau lagi
Pengguna Google,5,2026-05-28 17:16:42,Mantap
Pengguna Google,5,2026-05-28 17:09:57,kenapa wa ini ndk bisa verifikasi nomor telepon
Pengguna Google,5,2026-05-28 17:09:46,nice
Pengguna Google,5,2026-05-28 17:08:13,bagus
Pengguna Google,5,2026-05-28 17:07:25,masuk no baru susa
Pengguna Google,5,2026-05-28 17:06:16,"bang kurangin lagi ukuran mb ne dong,jangan gede gede ukuran mb ne bang"
Pengguna Google,5,2026-05-28 17:01:54,Untuk apk nya bagus sih dan gak tau deh mau ngomong apa lagi karena aku bukan tipe orang yg pinter muji
Pengguna Google,4,2026-05-28 16:59:58,ok baik
Pengguna Google,5,2026-05-28 16:59:53,Bagus
Pengguna Google,1,2026-05-28 16:56:41,terlalu sering update dan menghabiskan ruang penyimpanan hp
Pengguna Google,5,2026-05-28 16:55:08,"tolong perbaiki lagi, saat video call cmn layar orang lain yang bsa di zoom sedangkan muka sendiri malah ga bisa di zoom.."
Pengguna Google,3,2026-05-28 16:53:48,tolong di perbaiki
Pengguna Google,5,2026-05-28 16:50:13,mantap
Pengguna Google,5,2026-05-28 16:50:09,ok
Pengguna Google,3,2026-05-28 16:49:52,bagus
Pengguna Google,5,2026-05-28 16:49:51,ok
Pengguna Google,4,2026-05-28 16:49:27,"aplikasi sangat berguna, setiap pengguna memiliki bug yang berbeda beda mulai dari kualitas vidio call, panggilan telepon, dan untuk di perangkat saya sering tidak muncul waktu terakhir dilihat dan di hpku sering bug dimana terakhir dilihat sering tidak muncul"
Pengguna Google,3,2026-05-28 16:49:10,tambahkan fitur anti sadap
Pengguna Google,1,2026-05-28 16:47:17,bagus
Pengguna Google,3,2026-05-28 16:46:35,"perasaan kmren udah update deh , kok minta update lagi ? trus skrng kadang pesan udah terkirim tapi di hape sendiri gak ada pesan kok bisa gini si wa jelasin donk maksudnya yang lain pesan dari grup yang sama hape saya masuk di sya gak ada pesan ya , ??"
Pengguna Google,5,2026-05-28 16:46:10,sangat membantu
Pengguna Google,5,2026-05-28 16:43:58,ok
Pengguna Google,4,2026-05-28 16:43:01,"MANTEP BANGWT NIH APK TAPI TOLONG ADAIN FITUR PESAN SEKALI LIAT PLS DAN ADAIN SPOILER PESAN MCM DI TELE DAN JANGAN BISA DI SS ntar kalo udah apdet sesuai req gw, gw genapin 5 bintang dah"
Pengguna Google,4,2026-05-28 16:40:11,vcnya jangan miror pliss gasimetris mukaku😭😭
Pengguna Google,1,2026-05-28 16:39:24,bagus
Pengguna Google,5,2026-05-28 16:38:25,"saya sangat membutuhkan aplikasi ini, untuk berhubumgan satu sama lain nya"
Pengguna Google,5,2026-05-28 16:37:23,bagus
Pengguna Google,5,2026-05-28 16:37:01,ya adalah
Pengguna Google,5,2026-05-28 16:35:23,cepat
Pengguna Google,5,2026-05-28 16:32:28,bagus dan bermanfaat
Pengguna Google,5,2026-05-28 16:30:43,jangan ragu tetap pakai BRImo..semua masalah selesai seketika..jgn download yg lain BRImo lebih baik
Pengguna Google,4,2026-05-28 16:30:21,agus-silvy
Pengguna Google,5,2026-05-28 16:30:15,Ini sangat luar biasa
Pengguna Google,1,2026-05-28 16:30:00,kenapa aku bergabung ke grup sman 1 balige gak bisa
Pengguna Google,5,2026-05-28 16:29:41,yoMan
Pengguna Google,5,2026-05-28 16:28:58,baik
Pengguna Google,5,2026-05-28 16:28:51,saya menyukai orang-orang
Pengguna Google,5,2026-05-28 16:21:21,Aplikasi nya sangat mantab
Pengguna Google,4,2026-05-28 16:16:49,bagus banget
Pengguna Google,1,2026-05-28 16:14:53,👎
Pengguna Google,1,2026-05-28 16:14:07,kenapa setiap ada no baru selalu kena tinjauan
Pengguna Google,5,2026-05-28 16:12:23,Bagus dan sangat membantu
Pengguna Google,1,2026-05-28 16:09:05,"wa skrg gjls, suka pending lama ngirim stiker sebiji doang. apalgi buat ngirim foto sm vid"
Pengguna Google,1,2026-05-28 16:08:58,sering di spam
Pengguna Google,5,2026-05-28 16:08:53,harus lancar dan lebih baik saat berintraksi
Pengguna Google,3,2026-05-28 16:08:24,setelah update di versi sebelumnya kenapa sering error waktu videocall. Jadi freeze videonya dan harus matiin dulu video callnya
Pengguna Google,5,2026-05-28 16:08:21,bagus
Pengguna Google,5,2026-05-28 16:07:48,mudah buat ngabarin ayang
Pengguna Google,1,2026-05-28 16:07:22,Wa semakin ga jelas. Nge bug harus verfikasi akun tidak resmi pdhal sudah lama pake hp masih heran semakin jelek
Pengguna Google,3,2026-05-28 16:06:19,"wa bagus tapi suka nge bug, gamood...., pas chattan sama temen lancar aja tapi di saluran wa ku gabisa kekirim pesannya padahal pengikut nya dah Mayan..."
Pengguna Google,5,2026-05-28 16:04:51,liburan
Pengguna Google,5,2026-05-28 16:01:11,Sangat bagus mudah di gunakan
Pengguna Google,5,2026-05-28 15:58:52,bagus
Pengguna Google,5,2026-05-28 15:58:13,puas
Pengguna Google,3,2026-05-28 15:58:02,"tolong buat pihak terkait, setiap masuk ke whatsapp tu keluar lagi padahal tidak ada nekan apa"" tapi asal di login dah masuk beranda malah keluar sendiri, tolong di perbaiki la."
Pengguna Google,2,2026-05-28 15:56:45,kenapa whatsapp sekarang kalo vc suka macet videonya pun jadi foto doblle tolong lah di benerin
Pengguna Google,5,2026-05-28 15:56:29,gak bisa kasih nama ke kawan
Pengguna Google,5,2026-05-28 15:55:30,mantap
Pengguna Google,1,2026-05-28 15:53:51,terimah kasih
Pengguna Google,4,2026-05-28 15:52:24,bagus
Pengguna Google,1,2026-05-28 15:52:21,eror
Pengguna Google,5,2026-05-28 15:52:01,"mantap, pokoknya WhatsApp yang terbaik deh,👍🏻🤟🏻👌🏻🤙🏻🤩"
Pengguna Google,4,2026-05-28 15:51:50,memudahkan saya berkomunikasi👍
Pengguna Google,4,2026-05-28 15:51:17,"waw, setelah di update jdi bisa terkirim pesan saya di saluran😍😍😍 terima kasih, sesuai janji ratingnya saya ganti. tapi saya tidak kasih 5 sempurna krn di dunia ini yg sempurna hanya tuhan."
Pengguna Google,1,2026-05-28 15:50:34,lama lama parah juga... parah parah mantap ga ada solusi blokir terbuka lagi blokir terbuka lagi blokir terbuka lagi.. terus aj bgitu sampai kiamat.. kacao
Pengguna Google,5,2026-05-28 15:49:36,👍👍
Pengguna Google,3,2026-05-28 15:48:55,kmera sering macet
Pengguna Google,3,2026-05-28 15:47:51,yang saya belum ada fitur efek pas vc
Pengguna Google,2,2026-05-28 15:47:43,banyak bug
Pengguna Google,1,2026-05-28 15:47:12,sempurna
Pengguna Google,1,2026-05-28 15:46:06,blokir
Pengguna Google,1,2026-05-28 15:43:03,aneh masa no nya kena spam Mulu terus di blokir wa
Pengguna Google,1,2026-05-28 15:41:58,ga guna
Pengguna Google,3,2026-05-28 15:41:30,"grafik story whatsapp nya burem + blur, chat meta sering stuck disitu aja ga berubah"
Pengguna Google,5,2026-05-28 15:40:28,ok
Pengguna Google,1,2026-05-28 15:40:02,bagus
Pengguna Google,2,2026-05-28 15:38:37,saat call nyah bug
Pengguna Google,2,2026-05-28 15:38:28,"keberatan sama fitur baru, kenapa meta sekarang makin neken penggunanya nya, kenapa sekarang meta munculin fitur langganan ke WhatsApp, makin gak mood make WhatsApp sekarang"
Pengguna Google,4,2026-05-28 15:35:04,sangat membantu
Pengguna Google,5,2026-05-28 15:33:37,Baik sekali
Pengguna Google,5,2026-05-28 15:33:28,Bagus
Pengguna Google,5,2026-05-28 15:32:57,gpp bosen aj
Pengguna Google,5,2026-05-28 15:29:57,gaol lah
Pengguna Google,5,2026-05-28 15:29:49,WhatsApp di blokir ko
Pengguna Google,5,2026-05-28 15:29:38,Sangat baik
Pengguna Google,3,2026-05-28 15:29:36,sekarang WhatsApp aneh muda ke blokir padahal aku enggak ada ngelanggar ketentuan WhatsApp mohon di tinjau kembali ya
Pengguna Google,5,2026-05-28 15:29:32,bagus
Pengguna Google,1,2026-05-28 15:29:02,"banyak bug, sering kena tinjauan baru di pakai 5 menit udah kena tinjauan lagi, baru 3 hari ganti nomor udah kena tinjauan 2x, ini juga lagi kena"
Pengguna Google,4,2026-05-28 15:28:14,"Belom bisa kasih bintang 5 karna ada satu kendala,ngebug,padahal kontak minimal 3 yang di pin tapi yang satu kontak gabisa di sematkan, tapi aslinya itu udah disematkan tapi tidak muncul logo pinnya."
Pengguna Google,5,2026-05-28 15:26:28,"bagus sih aplikasinya, ya walaupun terkadang banyak cewe yg gk bales chat saya"
Pengguna Google,5,2026-05-28 15:25:50,mantap
Pengguna Google,1,2026-05-28 15:25:44,"wa banyak bug nya sekarang parah, bikin sttus gada jamnya, nama kontak acak2an gk sinkron Parah2 pokonya pas update"
Pengguna Google,5,2026-05-28 15:25:34,uahaiasbbs
Pengguna Google,2,2026-05-28 15:24:41,"saya mendapatkan perlakuan oleh orang² yang membuat saya jadi terganggu, baru ganti kartu,,akun saya secara tiba² di tinjau dan di batasi, itu yg membuat saya kecewa dan tidak nyaman"
Pengguna Google,5,2026-05-28 15:23:49,sangat membantu sekali
Pengguna Google,3,2026-05-28 15:22:58,TOLONG APUS FITUR SEKALI LIHAT DONG GUE MAUU KOLEKSI FOTO PAP ISMII
Pengguna Google,1,2026-05-28 15:22:58,apcb di kenon terus wa gw dituduh pake apk tidak resmi aneh ini WhatsApp
Pengguna Google,5,2026-05-28 15:22:09,sangat mudah untuk digunakan dalam proses hubungan
Pengguna Google,3,2026-05-28 15:19:13,"bagus sih cuman ko tiba tiba akun aku kena tinjau? pas mau aku daftar kembali tetep gabisa, bagaimana ini?"
Pengguna Google,1,2026-05-28 15:18:56,ga bisa di daftar
Pengguna Google,3,2026-05-28 15:18:29,"terakhir update WA kemarin, malah bug parah pas vc, dari layar kecil ke layar besar, malah ngeleg parah, pas vc di ubah mode telepon malah bug, mohon perbaiki lagi vitur nya"
Pengguna Google,5,2026-05-28 15:17:38,maju
Pengguna Google,5,2026-05-28 15:16:49,bagus
Pengguna Google,4,2026-05-28 15:16:45,sayah mau hpbuatngonten yang jelas inih. HP jelek. trimakasih
Pengguna Google,5,2026-05-28 15:16:13,bagus
Pengguna Google,4,2026-05-28 15:15:49,ini ngapa ya ko ga bisa ngirim audio si
Pengguna Google,5,2026-05-28 15:15:45,sangat puas
Pengguna Google,5,2026-05-28 15:15:18,bagus
Pengguna Google,5,2026-05-28 15:14:58,sangat baik
Pengguna Google,5,2026-05-28 15:12:49,"WhatsApp setelah perubahan tahun 2026 sangat jauh berbeda sekali kenapa setelah selesai update 2 hari 3 hari di cek sudah harus update lagi kenapa bisa seperti itu gak konsisten, sekali berbeda banget saat masih 2024 2025 masih lama update setidaknya setengah bulanan perbaiki lagi lah, ini juga perhitungan data buat update, yg seharusnya bisa buat kepentingan ini, malah fokus harus update lagi padahal baru aja malam di update pas mau update apk, lain whatsapp sudah minta update juga lagi 😢😭?"
Pengguna Google,1,2026-05-28 15:10:58,kerjaan nya update terus ni aplikasi
Pengguna Google,5,2026-05-28 15:10:04,Ok
Pengguna Google,5,2026-05-28 15:09:20,baguss
Pengguna Google,1,2026-05-28 15:09:03,Abeng
Pengguna Google,5,2026-05-28 15:08:43,okee
Pengguna Google,5,2026-05-28 15:08:00,mantap
Pengguna Google,4,2026-05-28 15:07:00,untuk versi yg lawas
Pengguna Google,5,2026-05-28 15:05:44,bagus
Pengguna Google,1,2026-05-28 15:05:04,ko WhatsApp aku tidak bisa kaya semula saya sudah coba berkali2 masih enggak bisa tolong benarkan WhatsApp saya saya enggak pakai WhatsApp sampai 4hari enggak buka WhatsApp
Pengguna Google,1,2026-05-28 15:04:49,wa saya sering kenon
Pengguna Google,1,2026-05-28 15:04:46,"ap banget Lo gue udah ngepap ke cowo gue malah gaada ga kekirim, apa coba apknya ga bener ini ah, ngambek cwo gue kan"
Pengguna Google,5,2026-05-28 15:04:18,sangat bagus
Pengguna Google,5,2026-05-28 15:04:01,👍🏻👍🏻👍🏻bagus
Pengguna Google,5,2026-05-28 15:04:01,Baik
Pengguna Google,5,2026-05-28 15:02:23,ngga bisa login malah suruh download situs resmi
Pengguna Google,1,2026-05-28 15:02:12,jelek
Pengguna Google,5,2026-05-28 15:00:44,top markotop
Pengguna Google,5,2026-05-28 14:59:28,Mantapz
Pengguna Google,1,2026-05-28 14:57:15,baru instal lg ngapa tiap buka tulisannya memuat mulu sih
Pengguna Google,5,2026-05-28 14:55:59,bagus
Pengguna Google,5,2026-05-28 14:55:58,sangat memuaskan
Pengguna Google,5,2026-05-28 14:55:31,oke
Pengguna Google,5,2026-05-28 14:55:23,👍
Pengguna Google,5,2026-05-28 14:54:07,Okkk
Pengguna Google,5,2026-05-28 14:51:16,"Akunku dumadakan diblokir, sanajan aku lagi ngobrol kaya wong biasa. Mung siji tembung sing metu saka cangkemku lan mlebu WhatsApp: ""Kenapa?"" lan aku langsung kaget karo pesen kasebut. yaitu ""akun sedang ditinjau"" TEM..."
Pengguna Google,5,2026-05-28 14:50:36,"PLEASE WHATSAPP BIKIN POP UP KOMENTAR KAYAA IG, PLEASEEEE 🙏🏼🙏🏼🙏🏼☘️"
Pengguna Google,5,2026-05-28 14:47:50,Mantap
Pengguna Google,5,2026-05-28 14:46:24,Tolong buka akun saya kok gak bisa kembali ke wa sayalagi login susah
Pengguna Google,5,2026-05-28 14:45:32,tutor balikin cht yang su di hpus bangg😭😭
Pengguna Google,2,2026-05-28 14:43:44,"ada apa dengan WhatsApp sekarang,knp akhir akhir ini akun saya sering kena tinjau"
Pengguna Google,1,2026-05-28 14:42:54,Mengapa saya tidak bisa mendaftar saya sudah beli kartu SIM screenshot sana sini minta bantuan tetap saja tidak bisa
Pengguna Google,1,2026-05-28 14:41:32,"sekarang dipakai telfonan suaranya gak jelas dan putus putus,padahal jaringan bagus"
Pengguna Google,5,2026-05-28 14:40:53,masok
Pengguna Google,5,2026-05-28 14:40:49,Ini mempermudah informasi dan pesan yang sangat privasi
Pengguna Google,5,2026-05-28 14:40:36,ok
Pengguna Google,5,2026-05-28 14:40:25,bagus aja
Pengguna Google,1,2026-05-28 14:40:17,anjay
Pengguna Google,5,2026-05-28 14:40:14,tolong pulihkan whatsApp gwa
Pengguna Google,2,2026-05-28 14:35:45,suka kembali sendiri
Pengguna Google,5,2026-05-28 14:35:36,Mohon bantuan ya
Pengguna Google,1,2026-05-28 14:34:03,mending gak usah membuat aplikasi WhatsApp. barusan bisa di tinjau berselang berapa menit kena spam lagi. terima kasih
Pengguna Google,3,2026-05-28 14:33:14,Apik
Pengguna Google,2,2026-05-28 14:32:56,"gimana sih sering banget tiba-tiba log out, mana chat ku ilang semua lagi.. kalo log in ke hp lain juga ga bisa hadeh"
Pengguna Google,5,2026-05-28 14:31:08,bagus sekali
Pengguna Google,1,2026-05-28 14:30:10,kenapa WhatsApp ku kena spam teruss jirrrr
Pengguna Google,1,2026-05-28 14:29:40,Mantap
Pengguna Google,5,2026-05-28 14:29:13,membantu untuk komunikasi vidio
Pengguna Google,1,2026-05-28 14:27:24,HEH SEBENERNYA KNP SIH NI WA ANJG MAU NLPN PADAHAL KAGAK DITOLAK JADI KYK DITOLAK NI WA MKIN KGAK JLS ANJGG
Pengguna Google,5,2026-05-28 14:26:54,WhatsApp saya tidak muncul dilayar utama☹️
Pengguna Google,5,2026-05-28 14:26:41,jelas bintang 5 lah! siapa sih yang ga pake WhatsApp? ini sih aplikasi internasional ya (my opini :3)
Pengguna Google,5,2026-05-28 14:23:56,punya saya kok gak ada efeknya
Pengguna Google,4,2026-05-28 14:23:38,"min, buat emoji Dubai chewi Cookie"
Pengguna Google,5,2026-05-28 14:23:16,washapp seru bisa ngecet vc dan lain lain walau gag ngerti apa apa aku kasi teringat lima deh
Pengguna Google,1,2026-05-28 14:23:02,sangat buruk lama sekali tidak membantu sama sekali gak pantas dapat bintang. lima gak patut dapat bintang. sudah 2 jam saya download blm juga selsai sangat tidak bagus sama sekali sangat burukkkkkkk
Pengguna Google,5,2026-05-28 14:22:07,mantap
Pengguna Google,5,2026-05-28 14:21:43,mantab seru bisa main pake ai
Pengguna Google,5,2026-05-28 14:20:53,smakin kondisip aja yaa
Pengguna Google,5,2026-05-28 14:20:01,"Sangat bermanfaat dan mudah sekali untuk cara pakai untuk disetiap umur, dan memberikan kemudahan yang sangat baik untuk berkomunikasi tidak ada kecacatan sama sekali untuk apk ini . Terimakasih untuk whatsapp"
Pengguna Google,2,2026-05-28 14:19:21,sinyal kurang jelas
Pengguna Google,1,2026-05-28 14:18:35,"tolong ini what'sapp lama-kelamaan makin aneh dan banyak bug, saya tidak bisa login whatsapp dikarenakan katanya, aplikasi whatsupp tidak original, padahal saya pake aplikasi whatsapp dari playstore, tolong segera di fix sayaa tidak bisa berkomunikasi dengan teman even, susah mendapatkan info dari group sekolah. terimkasih"
Pengguna Google,5,2026-05-28 14:18:19,aku sering mengalami spam cet
Pengguna Google,5,2026-05-28 14:16:47,lumayan
Pengguna Google,5,2026-05-28 14:15:23,Ok sangat baik 1 akun bisa saya gunakan 5 hp
Pengguna Google,5,2026-05-28 14:13:11,menyenangkan
Pengguna Google,5,2026-05-28 14:13:11,oehkhf
Pengguna Google,3,2026-05-28 14:12:57,seharunya whatssap memberikan 4 maximal emot di status cintw tertawa sedih bahagia
Pengguna Google,5,2026-05-28 14:11:56,mencari sahabat kecilku diwaktu masa sekolah SD susila thn 76
Pengguna Google,5,2026-05-28 14:11:25,whatshap saya tidak bisa dibuka
Pengguna Google,5,2026-05-28 14:10:48,di instal susah
Pengguna Google,5,2026-05-28 14:10:37,Good
Pengguna Google,5,2026-05-28 14:10:37,sangat membantu
Pengguna Google,4,2026-05-28 14:10:34,oke
Pengguna Google,5,2026-05-28 14:09:40,whatsapp ini sangat penting untuk semua orang
Pengguna Google,5,2026-05-28 14:09:22,sangat oke mantap.
Pengguna Google,1,2026-05-28 14:09:02,"tolong perbaiki nomor teman saya, teman saya sudah berulang kali membeli nomor tapi tidak ada 1 pun yang benar"
Pengguna Google,5,2026-05-28 14:08:37,mantap
Pengguna Google,3,2026-05-28 14:08:35,Bagusss whatsapp nya tapi sering di band 😐
Pengguna Google,3,2026-05-28 14:08:27,ga busa daftar
Pengguna Google,2,2026-05-28 14:08:18,Wa saya GK bisa di buka karena unduh WhatsApp resmi untuk melanjutkan
Pengguna Google,5,2026-05-28 14:06:41,whatshap ganguan
Pengguna Google,4,2026-05-28 14:06:18,coba di cek kembali nomer WA saya di blokir terus
Pengguna Google,5,2026-05-28 14:06:01,bagus sekali
Pengguna Google,5,2026-05-28 14:03:15,bagus
Pengguna Google,3,2026-05-28 14:03:12,tapi kok di batasin ya udh 4kli aku kena batasin perbaiki lha admin klu tiba² ada yg penting bagaimana ni
Pengguna Google,4,2026-05-28 14:03:04,sering bgt di tinjau akun gue WA sialan
Pengguna Google,5,2026-05-28 14:02:44,"aplikasi yg sangat baik , untuk komunikasi cepat 👍👍👍"
Pengguna Google,5,2026-05-28 14:02:40,baik
Pengguna Google,5,2026-05-28 14:02:09,mantap
Pengguna Google,5,2026-05-28 14:01:48,mohon jangan di spm karena saya ingin menggunakan aplikasi ini
Pengguna Google,1,2026-05-28 14:00:34,woy kok gw nggak bisa pake wa
Pengguna Google,5,2026-05-28 13:59:58,keren
Pengguna Google,5,2026-05-28 13:58:19,Untuk menambah wawasan
Pengguna Google,1,2026-05-28 13:56:38,mogok
Pengguna Google,1,2026-05-28 13:56:11,"knp sih hrus ikut² ig fiturnya, udh nyaman ngulang ribuan kali liat sw sndiri malah ga sengaja keliat sw org, kesel woiiiii"
Pengguna Google,5,2026-05-28 13:55:40,nice
Pengguna Google,5,2026-05-28 13:55:38,"aplikasi whatsapp sangat membantu. dan benar benar luar biasa, semua masalah bisa di selesaikan dengan jarak jauh, Terima kasih orang pintar ku telah membuat alat bantu opsional."
Pengguna Google,5,2026-05-28 13:55:30,bagus
Pengguna Google,5,2026-05-28 13:52:53,idk
Pengguna Google,5,2026-05-28 13:52:52,kenapa Whatsap kami selalu hilang
Pengguna Google,5,2026-05-28 13:52:44,qris nya sangat bagus cocok buat yang lagii jualan enak di pandang dan murah pembayaran nyaa
Pengguna Google,5,2026-05-28 13:52:24,aplikasinya 100% bagus tetapi kekurangannya di ponsel saya tidak ada yang namanya kayak filter gitu pada saat video call gitu tolong diperbaiki ya
Pengguna Google,3,2026-05-28 13:51:04,GG gaming
Pengguna Google,5,2026-05-28 13:51:04,"guwa kasih bintang 5 supaya paling atas, whatsapp aneh , baru masuk nomor baru yang ga ada kontak nya, pas mau tambahin nomor orang, lama di batasi, pertama kali cuma 3 jam, sekarang nambah jadi 6 jam, kata nya karena spam, apaan si, kan nomor baru, spam apaan, masa baru chat 2 kontak langsung di bilang spam, makin bobrok ni whatsapp"
Pengguna Google,5,2026-05-28 13:49:51,saya tidak bisa membuka wa ini
Pengguna Google,3,2026-05-28 13:49:18,"ini whatsapp nya kenapa selalu memanggil padahal dat aktif, dan beberapa menit muncul panggilan tidak terjawab, kesal kali, sdh update bbrpa kali, sdh perbaiki pengaturan, tapi ttp aja, masalah nya pada aplikasi whatsapp ini, gak jelas"
Pengguna Google,4,2026-05-28 13:48:22,"untuk pesan 24jam jangan di hilangkan dong, klo udh aktifkan fitur AI, makasih"
Pengguna Google,5,2026-05-28 13:48:15,mntap
Pengguna Google,5,2026-05-28 13:48:01,Game ini susah banget gw tamatin
Pengguna Google,5,2026-05-28 13:48:00,bagus firurnya
Pengguna Google,1,2026-05-28 13:47:50,Upload video suka nyangkut loading nya padahal jaringan di sini bagus
Pengguna Google,4,2026-05-28 13:47:11,kasih lah tema gles kaya iphone pasti keren
Pengguna Google,4,2026-05-28 13:45:02,gak bisa pakai filter padahal udah nyalain
Pengguna Google,5,2026-05-28 13:43:14,ok
Pengguna Google,4,2026-05-28 13:42:37,Update lagi..Update 2~3 bulan sekali 🙄
Pengguna Google,5,2026-05-28 13:40:51,apakah hari ini kamis 28 mei 2026 terjadi error karna sy Apk WA dan WA bussnes sy ilang tiba2 dan gak bs muncul ketika sudah di download ...
Pengguna Google,5,2026-05-28 13:40:25,Good
Pengguna Google,2,2026-05-28 13:40:06,halo whatsapp kenapa sekarang banyak susah untuk masuk
Pengguna Google,1,2026-05-28 13:39:39,Selamat malam saya ingin memberitahukan tentang apk ini bahwa ada kekurangan dalam apk ini disaat saya ingin telepon / video call tidak bisa dan saya minta tolong untuk di permudah untuk telepon dan video call terima kasih
Pengguna Google,2,2026-05-28 13:39:28,"seharusnya saat vidio call kan ada menu efek kenapa di punya saya tidak ada, padahal sudah update terus? Dan izin munculkam efek juga sudah saya aktifkan kenapa masih tidak bisa?"
Pengguna Google,5,2026-05-28 13:37:43,aplikasii nya bagus biat komunikasi jarak jauh cuman tolong fitul satu kali lihat nya di hapus 🙏🏻
Pengguna Google,5,2026-05-28 13:36:52,oke lah
Pengguna Google,1,2026-05-28 13:36:30,aplikasih whatsapp baik tetapi harus sering diperbaharui
Pengguna Google,5,2026-05-28 13:35:43,slalu di depan
Pengguna Google,5,2026-05-28 13:32:50,ok
Pengguna Google,5,2026-05-28 13:31:24,bagus
Pengguna Google,5,2026-05-28 13:30:24,di coba cpatkan kode nya
Pengguna Google,5,2026-05-28 13:30:16,kenapa WA kok ngak bisa
Pengguna Google,1,2026-05-28 13:29:10,Ke spam mulu
Pengguna Google,5,2026-05-28 13:29:02,ok
Pengguna Google,5,2026-05-28 13:28:40,meta ai nya gacor parah king 👽
Pengguna Google,3,2026-05-28 13:28:30,"masuk login,, sekarang susah"
Pengguna Google,1,2026-05-28 13:27:17,"baru selesai di update dan ga bisa di buka sama sekali, ngelag parah"
Pengguna Google,1,2026-05-28 13:27:14,"bikin stry di wa ih amit amit parah amat burik nya, tolong dong ini bukan jaman firaun"
Pengguna Google,5,2026-05-28 13:25:29,oke
Pengguna Google,4,2026-05-28 13:24:55,iya
Pengguna Google,5,2026-05-28 13:23:51,baik
Pengguna Google,5,2026-05-28 13:23:38,sangat mudah dan bagus banget
Pengguna Google,5,2026-05-28 13:23:08,ok
Pengguna Google,1,2026-05-28 13:22:48,KENAPA CHAT AKU ILANG TB TB!
Pengguna Google,4,2026-05-28 13:21:49,bagus baget
Pengguna Google,4,2026-05-28 13:20:43,bagus
Pengguna Google,1,2026-05-28 13:20:43,pembaruan ga ada perubahan
Pengguna Google,5,2026-05-28 13:19:00,bagus
Pengguna Google,3,2026-05-28 13:18:43,kok tiba-tiba ada wa dari perusahaan dan instansi yang ingin promo... terus kok ada iklan juga tolong diperbaiki terimakasih
Pengguna Google,5,2026-05-28 13:18:35,bernyanyi
Pengguna Google,5,2026-05-28 13:16:58,tidak ada yg boleh melihat Poto akun google saya
Pengguna Google,5,2026-05-28 13:14:16,bagus
Pengguna Google,5,2026-05-28 13:13:55,bagus banget
Pengguna Google,4,2026-05-28 13:13:05,"di aku kok gbsa vdeo call sma telepon yah,meskipun udah update"
Pengguna Google,5,2026-05-28 13:12:23,wa in membantu kita komunikasi
Pengguna Google,5,2026-05-28 13:12:22,Bagus
Pengguna Google,5,2026-05-28 13:09:17,aplikasi the best
Pengguna Google,5,2026-05-28 13:07:49,Mantap
Pengguna Google,4,2026-05-28 13:07:02,berat banget sampai 3gb walupun membantu
Pengguna Google,5,2026-05-28 13:06:39,ko gak bisa di download
Pengguna Google,5,2026-05-28 13:06:21,mantaf
Pengguna Google,4,2026-05-28 13:05:47,sangat baik
Pengguna Google,5,2026-05-28 13:05:45,keren
Pengguna Google,1,2026-05-28 13:04:08,"WhatsApp mending tutup aja.. aplikasi aneh,gak bisa dipakai"
Pengguna Google,5,2026-05-28 13:01:23,pemula
Pengguna Google,1,2026-05-28 13:01:20,jelek tiba tiba ke blokir
Pengguna Google,5,2026-05-28 12:57:20,Boleh
Pengguna Google,1,2026-05-28 12:56:08,pesan yang dikunci tidak dapat dimunculkan lagi aneh
Pengguna Google,5,2026-05-28 12:55:22,Mantap dah buat wa
Pengguna Google,5,2026-05-28 12:55:11,oke mantap
Pengguna Google,5,2026-05-28 12:52:22,bagussssssssb bgttt
Pengguna Google,5,2026-05-28 12:51:15,Bagus berguna
Pengguna Google,5,2026-05-28 12:50:43,rakimanaaaaaaaaaa
Pengguna Google,3,2026-05-28 12:50:11,sekarang setiap video call sering bug layar jadi ga gerak
Pengguna Google,5,2026-05-28 12:49:46,Pernah had drever
Pengguna Google,5,2026-05-28 12:48:25,saya sangat butuh ini👍
Pengguna Google,4,2026-05-28 12:48:20,No wa ku tiba tiba terblokir padahhal gak ngapa-ngapain
Pengguna Google,5,2026-05-28 12:46:21,aplikasi nya bagusss bangettt
Pengguna Google,5,2026-05-28 12:45:35,Tapi AKu tidak bisa masuk
Pengguna Google,5,2026-05-28 12:43:53,sangat memuaskan kan
Pengguna Google,5,2026-05-28 12:43:16,sangat membantu
Pengguna Google,1,2026-05-28 12:42:38,hindarin bug wa!!!!!
Pengguna Google,5,2026-05-28 12:42:28,bagus
Pengguna Google,1,2026-05-28 12:42:12,WA gblx kenapa gw di suruh whatsapp resmi padahal gw udh download dari WEB dari playstore masih sama aja
Pengguna Google,1,2026-05-28 12:41:46,koyo taiii
Pengguna Google,4,2026-05-28 12:41:01,Bagus dan pertahankan 👍
Pengguna Google,5,2026-05-28 12:40:08,ok
Pengguna Google,5,2026-05-28 12:38:32,oke
Pengguna Google,5,2026-05-28 12:37:27,kenapa what app ga bisa dibuka terus log out melulu gimna ini mana ada yang penting harus di buka d what app..tolong dong jangan gini
Pengguna Google,3,2026-05-28 12:32:23,"whatsapp tolong bangsa emang kirim file 1,5 giga malah gagal kuota abis file gak ke kirim anj"
Pengguna Google,4,2026-05-28 12:29:48,🙄
Pengguna Google,5,2026-05-28 12:28:47,baik
Pengguna Google,5,2026-05-28 12:27:49,bagus aku suka sama ini WhatsApp sangat penting banget karna WhatsApp aku berkomunikasi dengan siapa saja
Pengguna Google,5,2026-05-28 12:25:41,edun pokona
Pengguna Google,5,2026-05-28 12:25:41,kentut
Pengguna Google,1,2026-05-28 12:25:22,"aplikasi buruk, sering terjadi pemblokiran akun tanpa sebab"
Pengguna Google,5,2026-05-28 12:24:48,bagus
Pengguna Google,4,2026-05-28 12:24:02,okay
Pengguna Google,5,2026-05-28 12:24:02,bagus banget tapi kalau di donwodl suka ngeleg tapi bagus ko
Pengguna Google,5,2026-05-28 12:21:10,kenapa WA tidak bisa di buka
Pengguna Google,5,2026-05-28 12:18:10,"Sangat Membantu sekali dapat terhubung dengan saudara,kerabat,mempererat hubungan"
Pengguna Google,5,2026-05-28 12:16:19,aplikasi ini sangat berguna untuk telpon saudara dan chat teman teman
Pengguna Google,5,2026-05-28 12:14:19,bagus
Pengguna Google,5,2026-05-28 12:14:01,sangat membatu
Pengguna Google,4,2026-05-28 12:11:17,"Jangan di kasih saran mulai mengobrol, chanel, atau iklan apapun, bikin simpel aja....."
Pengguna Google,4,2026-05-28 12:10:17,"berguna bgd plis aku sukakk,kalian wajib download karna ini bener"" bergunaa,minus nya cuman sering kebanyakan update ajaa"
Pengguna Google,1,2026-05-28 12:09:55,woi Napa gw GK bisa bikin status dah gagal Mulu ini Napa dah
Pengguna Google,1,2026-05-28 12:09:54,"kena blokir aja akun ku,ntah apa salah ku,ga kerja klen,"
Pengguna Google,1,2026-05-28 12:09:28,kenapa akun saya selalu verifikasi
Pengguna Google,1,2026-05-28 12:09:02,di hapus pas di install lagi mau di masukin nomer gabisa di sentuh
Pengguna Google,1,2026-05-28 12:07:57,aplikasi makin kesini makin aneh wa
Pengguna Google,4,2026-05-28 12:07:49,"sayang banget WHATSAPP GA NGASIH TAUUU KALO kita kena block sama temen atau gimana, jadi kan bingungg... aku kena blok apa dia kehapus WA nya?? pleasee minimal kalo kita kena blok kasih kata ""kamu telah diblokir oleh _____"" JADI KAN TAU"
Pengguna Google,5,2026-05-28 12:07:21,mantap
Pengguna Google,5,2026-05-28 12:07:12,sangatembantu.
Pengguna Google,4,2026-05-28 12:05:57,"boss hampuraa rek request pang hapusken fitur sekali lihat lahh, meni rarudet kurr bisa ningali sakali mahh ahh"
Pengguna Google,5,2026-05-28 12:05:53,bagus
Pengguna Google,1,2026-05-28 12:03:21,"jelekk bangett kamu sekarang,,seenaknya aja di ganti fitur fitur nya,,idiihhh sok ye bangettt☺️👎👎👎👎👎👎👎"
Pengguna Google,5,2026-05-28 12:02:26,bagus
Pengguna Google,5,2026-05-28 12:02:02,mantap tap tap
Pengguna Google,4,2026-05-28 12:00:52,bqgus
Pengguna Google,5,2026-05-28 12:00:47,Siksa gas
Pengguna Google,5,2026-05-28 11:59:36,bagus nomor WA
Pengguna Google,1,2026-05-28 11:59:04,jlk skli vc lengekt
Pengguna Google,3,2026-05-28 11:58:32,minus di story bikin burik ga hd
Pengguna Google,5,2026-05-28 11:56:50,sangat bagus
Pengguna Google,5,2026-05-28 11:55:12,lebih baik dan mudah
Pengguna Google,5,2026-05-28 11:54:00,Wa nya makin hari makin bagus juga..tpi syang belom jdi ios wa saya
Pengguna Google,1,2026-05-28 11:53:23,woy ajg gw mau cadangin chat stuck di 99 Mulu ajg apk boled ngentod banyak bug ajg yatim
Pengguna Google,5,2026-05-28 11:53:22,yes bagus
Pengguna Google,5,2026-05-28 11:53:17,enak
Pengguna Google,1,2026-05-28 11:50:45,watsap rusak
Pengguna Google,1,2026-05-28 11:50:37,akun saya udah dua hari ini di blokir
Pengguna Google,1,2026-05-28 11:50:32,gada apa apa wa gw di blok anjir
Pengguna Google,2,2026-05-28 11:50:28,gak bisa buka wa
Pengguna Google,5,2026-05-28 11:50:23,apakah ini WhatsApp resmi?
Pengguna Google,2,2026-05-28 11:49:57,update terus sebulan sampe 3x tapi makin lemot keluar sendiri ga jelas banget
Pengguna Google,1,2026-05-28 11:49:31,tidak bisa daftar
Pengguna Google,3,2026-05-28 11:49:27,asan
Pengguna Google,5,2026-05-28 11:49:26,bagus
Pengguna Google,5,2026-05-28 11:49:02,mantap
Pengguna Google,5,2026-05-28 11:48:56,saetis ika Yanti ica Dea
Pengguna Google,5,2026-05-28 11:48:09,ok
Pengguna Google,5,2026-05-28 11:47:38,bagus
Pengguna Google,5,2026-05-28 11:47:21,Mantap
Pengguna Google,5,2026-05-28 11:47:13,best
Pengguna Google,5,2026-05-28 11:45:41,Erorrr
Pengguna Google,1,2026-05-28 11:43:18,"jelek, tidak ada pemberitahuan apapun sebelumnya langsung di ban permanen padahal hanya digunakan untuk chat teman bukan spam orang random. keamanan sangat jelek."
Pengguna Google,5,2026-05-28 11:43:16,oke
Pengguna Google,5,2026-05-28 11:42:57,lemot kali apk nya
Pengguna Google,5,2026-05-28 11:40:54,keren
Pengguna Google,5,2026-05-28 11:39:10,gacor
Pengguna Google,5,2026-05-28 11:38:23,bagus
Pengguna Google,1,2026-05-28 11:37:32,tidak membuat kesalahan tapi kartu saya sering di banned
Pengguna Google,5,2026-05-28 11:35:45,mantap lah yaa
Pengguna Google,5,2026-05-28 11:35:45,makin kesini makin mantep
Pengguna Google,5,2026-05-28 11:35:20,wa
Pengguna Google,5,2026-05-28 11:35:17,baik
Pengguna Google,5,2026-05-28 11:34:47,good
Pengguna Google,4,2026-05-28 11:34:27,kenapa sekarang kalau vc an tiba2 macet hadu
Pengguna Google,1,2026-05-28 11:33:08,wa tai sy ga ada ngapa2 in tiba2 ke kenon kan anj
Pengguna Google,5,2026-05-28 11:32:15,memuaskan
Pengguna Google,5,2026-05-28 11:32:09,mantap
Pengguna Google,4,2026-05-28 11:32:05,Harus langganan Google Drive kalau tidak mau data di wa hilang
Pengguna Google,1,2026-05-28 11:31:22,"baru juga di puji² eh bikin ulah lagi si developer nya , sekarang tanda panah pada tombol stiker tidak bisa di gunakan pada foto atau ketika kita mau edit foto, begitupun tanda kotak, bulatan, bahkan bubble chat bentukan awan , dll. itu tidak bisa di gunakan untuk foto , jadi waktu mau ngirim ke teman tanda panah, bulat an, dan kotak yg ada di tombol stiker tidak muncul atau tidak bisa di gunakan. mohon segera di perbaiki, banyak bug yg perlu diperbaiki"
Pengguna Google,5,2026-05-28 11:30:36,wa eror masak minta di perbarui trus
Pengguna Google,4,2026-05-28 11:30:28,"tolong fitur kirim file audio di kembalikan seperti dulu, enak an dulu bisa d putar di app WAnya."
Pengguna Google,4,2026-05-28 11:30:03,Sanya sangat puas dengan whatsApp ini
Pengguna Google,5,2026-05-28 11:29:31,bagus
Pengguna Google,1,2026-05-28 11:29:16,aplikasi Rusak login kagak bisa2 sudah gua reset ini hp juga masih saja hampirsemua nomor bisnis saya didalamnya hilang saya tidak tau lagi gmn ini .. 😢😢😢
Pengguna Google,3,2026-05-28 11:28:28,Knpa setiap kali nomor selalu ke hapus padahal gak di hapus trus kalo kirim pesan selalu gak kekirim harus hapus trus install ulang
Pengguna Google,5,2026-05-28 11:28:14,Semoga awit
Pengguna Google,1,2026-05-28 11:28:12,gatau
Pengguna Google,5,2026-05-28 11:27:57,ok
Pengguna Google,1,2026-05-28 11:27:41,tidak membantu pulihkan wa saya
Pengguna Google,3,2026-05-28 11:27:33,good
Pengguna Google,1,2026-05-28 11:26:50,sering ngeleg
Pengguna Google,2,2026-05-28 11:25:45,sering eror telpon ada suaranya giliran video call ilang suaranya
Pengguna Google,5,2026-05-28 11:25:27,bagus
Pengguna Google,4,2026-05-28 11:24:28,WhatsApp ini sangat bermamfat buat saya
Pengguna Google,2,2026-05-28 11:23:32,"tolong ini apk nya knp y admin, sya mau call sm cowo saya, tp gada suaranya. Ini memang apk nya yg jelek atau hp saya yg butut?"
Pengguna Google,5,2026-05-28 11:21:58,"Belum ada fitur love di status, tema juga masih yang lama, dan belum ada meta. Gimana ya solusinya? Pdhl sudah di update trs"
Pengguna Google,2,2026-05-28 11:20:36,Slalu instal terus ah
Pengguna Google,5,2026-05-28 11:18:13,tolong perbaiki nobwaa saya termasuk oprasi normal kenapa nggak bisa masuk
Pengguna Google,5,2026-05-28 11:17:10,"halo whatsapp!!, whatsapp aplikasi nya keren dan ada fitur baru!, tolong diupdate lagi ada emoji plenger yang ke gini🫪🫪 atau chat nya"
Pengguna Google,5,2026-05-28 11:17:02,mantap
Pengguna Google,1,2026-05-28 11:16:43,wa gabisa d pake
Pengguna Google,4,2026-05-28 11:16:03,knp wa saya ditinjau
Pengguna Google,5,2026-05-28 11:15:55,aplikasi nya bagus
Pengguna Google,1,2026-05-28 11:15:10,Sering ke blokir gak jelas
Pengguna Google,5,2026-05-28 11:13:34,enak pakenya
Pengguna Google,1,2026-05-28 11:10:37,"kenapa slalu di tinjau trus setiap hari di tinjau WhatsApp nya ,jadi susah mau hubungi kluarga makin ke sni mkin ngacooo aja WhatsApp ini"
Pengguna Google,5,2026-05-28 11:08:39,sangat baik tp ada yg kurang bagus
Pengguna Google,5,2026-05-28 11:08:26,bagus buat ngobrol
Pengguna Google,1,2026-05-28 11:06:33,gak jelas bisa ngefreze gak bisa di pencet
Pengguna Google,5,2026-05-28 11:06:06,aplikasi yang gak beres masa gak ngapain-ngapin tiba-tiba ke blokir nomor saya udah saya masih berfikir positif mungkin saya yang salah chat atau ngapain di nomor ke satu saya atau utama. dan saya masuk nomor ke dua saya tanpa melakukan hal apa apa hanya chatan ringan Dengan orang atau berinteraksi dengan temen saya dan besok nya tiba-tiba ke blokir juga nomor ke dua saya dan alhasil saya gak ada nomor lagi ini Gimana sih sistem nya yang eror atau bug (apakah bisa perbaiki nomor saya ? )
Pengguna Google,5,2026-05-28 11:03:48,whatsapp ok
Pengguna Google,1,2026-05-28 11:03:48,wa kontol
Pengguna Google,5,2026-05-28 11:03:21,woww seru banget aplikasi nyaa
Pengguna Google,5,2026-05-28 11:03:03,bagus sangat membantu
Pengguna Google,1,2026-05-28 11:02:34,"kenapa WhatsApp aku mudah ke blokir sekarang, padahal gak ada aku apa apain, buat susah orang lain saja kalian WhatsApp gak jelas sialan"
Pengguna Google,4,2026-05-28 11:02:24,bagus
Pengguna Google,1,2026-05-28 11:01:58,"ga jelas, wa saya kena tinjau terus, padahal ga ngapa-ngapain, mana datanya hilang mulu"
Pengguna Google,5,2026-05-28 11:00:22,ok
Pengguna Google,5,2026-05-28 11:00:20,Alhamdulillah sangat membantu
Pengguna Google,1,2026-05-28 11:00:08,WhatsApp jangan asal ngeblokir lah alay banget
Pengguna Google,5,2026-05-28 10:59:24,Sekarang tidak bisa pasang status selalu gagal🤔
Pengguna Google,5,2026-05-28 10:59:01,👍
Pengguna Google,1,2026-05-28 10:58:40,whatsap sekarang agak aneh
Pengguna Google,5,2026-05-28 10:58:39,whatsApp nyaaaa baagusssssss
Pengguna Google,5,2026-05-28 10:58:34,apk sangat bagus
Pengguna Google,5,2026-05-28 10:57:58,bagus
Pengguna Google,5,2026-05-28 10:57:20,"whatsapp saya tidak bisa dibuka tolong bukakan kembali, selama ini tidak pernah ada masalah"
Pengguna Google,3,2026-05-28 10:55:44,kenapa akun whatsapp saya kena tinjauwan terus.. ? ? ? ?
Pengguna Google,5,2026-05-28 10:55:34,bopeh lj h
Pengguna Google,5,2026-05-28 10:54:26,ok
Pengguna Google,5,2026-05-28 10:54:03,oke
Pengguna Google,2,2026-05-28 10:53:59,saya mau bergabung di Whatsaap ini
Pengguna Google,5,2026-05-28 10:53:52,s kata mamakuh sangat bagusss
Pengguna Google,1,2026-05-28 10:53:34,Banyak kali
Pengguna Google,5,2026-05-28 10:53:02,butut
Pengguna Google,5,2026-05-28 10:52:04,Satu satunya aplikasi instant mesengger yang menjadi andalan banyak orang
Pengguna Google,4,2026-05-28 10:51:47,Ok lah
Pengguna Google,4,2026-05-28 10:50:33,"qda bug di saat video call, di saat beralih ke gambar besar malah blank hitam/gambar lawan video call nya yg tertera.. tolong di perbaiki lgi"
Pengguna Google,5,2026-05-28 10:49:34,okelah tapi kalau bisa di fitur status Setiap ada foto yang ada musik nya di satukan agar jadi satu kesatuan ini satu foto satu musik coba lebih dari 5 foto musiknya bisa di satukan tidak terputus putus dan punya tidak durasi masing masing pasti bagus buat statusnya
Pengguna Google,1,2026-05-28 10:49:27,tidak dapat di akses
Pengguna Google,1,2026-05-28 10:48:53,"buat akun WA baru karena akun lama tidak bisa digunakan , eh gag tau nya sering eror akun sering ditinjau , begitu bisa ditinjau lagi , begitu terus , nunggu 7-24 jam akun baru pulih dan berulang , kenapa sih WA sekarang aneh"
Pengguna Google,4,2026-05-28 10:48:24,bagus
Pengguna Google,1,2026-05-28 10:46:55,gampang kenon tolong wa diperbaiki lagi dan sering muncul hal hal aneh
Pengguna Google,5,2026-05-28 10:46:34,sangattttt bagusss dan sangat bergunaaaaaaaaaa
Pengguna Google,5,2026-05-28 10:46:25,terima kasih sahabat ku semuanya
Pengguna Google,5,2026-05-28 10:45:29,wa adalah tempat ternyaman
Pengguna Google,4,2026-05-28 10:43:54,oky tpi kat vc tu buang miror diaa
Pengguna Google,4,2026-05-28 10:43:28,Mohon untuk dimudahkan update dengan hp tipe ini.terimakasih
Pengguna Google,5,2026-05-28 10:43:21,whatsapp Mesagen.
Pengguna Google,2,2026-05-28 10:43:17,GA BISA KE BUKA TRUS GA COCOK BUAT CHAT
Pengguna Google,5,2026-05-28 10:41:03,sangat bagus
Pengguna Google,4,2026-05-28 10:40:55,terimakasih meta dengn adanya aplikasi wansap ini kalau BLH usul kualitasnya lebih baik dan tida boros data
Pengguna Google,4,2026-05-28 10:40:47,Sekarang kalau telpon suka tiba tiba mati sendiri padahal sinyal yang lainnya aman apalagi pas telpon lama kaya otomatis mati sendiri tanpa dipencet matiin 🙏
Pengguna Google,5,2026-05-28 10:39:48,ok
Pengguna Google,4,2026-05-28 10:39:03,knpaa yang akumha gaada efek wa nyaa
Pengguna Google,4,2026-05-28 10:38:58,semoga bisa virivikasi whatsap
Pengguna Google,5,2026-05-28 10:38:11,bagus
Pengguna Google,5,2026-05-28 10:37:55,"sangat baik,tp kadang susah perbaiki"
Pengguna Google,5,2026-05-28 10:37:37,best
Pengguna Google,1,2026-05-28 10:35:37,"ini kenapa sih, aku udah pake WhatsApp resmi tapi kenapa bilangnya aku gapake WhatsApp resmi, maksud nya gimana yaa, gajelas bgt."
Pengguna Google,4,2026-05-28 10:35:26,sangat bagus
Pengguna Google,5,2026-05-28 10:33:38,sangat bagus untuk saya
Pengguna Google,3,2026-05-28 10:31:31,fitur vc sering eror
Pengguna Google,5,2026-05-28 10:31:29,good
Pengguna Google,5,2026-05-28 10:30:41,"ga enak,karna bukan makanan"
Pengguna Google,5,2026-05-28 10:30:28,sangat penting bagi bagi saya peribadi
Pengguna Google,5,2026-05-28 10:30:10,"lumayan bagus,namun sering di tinjao"
Pengguna Google,1,2026-05-28 10:30:10,whatsapp keblokir terus. gak jelas. padahal sudah ganti hp . masih aja begitu
Pengguna Google,1,2026-05-28 10:28:32,makin gak jelas tiba2 kena banned permanen nomor sudah 12 tahun bisa kena apk tolol
Pengguna Google,5,2026-05-28 10:28:17,Ok
Pengguna Google,5,2026-05-28 10:27:56,bagus
Pengguna Google,1,2026-05-28 10:26:02,"apalah udah sering di update ngebug mulu apalagi pas mau login ke akun baru ,sulit banget masuk nya harus keluar masuk app beberapa kali baru bisa terimakasih."
Pengguna Google,1,2026-05-28 10:25:14,tidak bisa login pdhal udah jelas2 memasukan kode verifikasi dgn bnr
Pengguna Google,5,2026-05-28 10:24:31,sungguh tida di duga fitur WhatsApp sekrng aneh
Pengguna Google,5,2026-05-28 10:24:01,Memang aplikasinya keren banget
Pengguna Google,5,2026-05-28 10:23:33,sayang akun saya sering di banned
Pengguna Google,5,2026-05-28 10:23:03,sangat bgus
Pengguna Google,5,2026-05-28 10:22:50,Bagus
Pengguna Google,5,2026-05-28 10:21:59,yusuf.
Pengguna Google,5,2026-05-28 10:21:13,eror mulu
Pengguna Google,4,2026-05-28 10:20:47,bisa ngobrol bareng
Pengguna Google,2,2026-05-28 10:20:46,"ADA BUG SAAT VIDEO CALL , GAMBAR DIVIDEO SEPERTI TERJEDA"
Pengguna Google,1,2026-05-28 10:20:05,kenapa akun ku sedang di tinjau gitu
Pengguna Google,5,2026-05-28 10:19:36,masyaallah
Pengguna Google,5,2026-05-28 10:19:09,"Karena ini bersifat opsional, berikut contoh deskripsi pengalaman yang bisa Anda gunakan atau sesuaikan:"
Pengguna Google,5,2026-05-28 10:17:55,Sangat membantu sekali dgn aplikasi ini
Pengguna Google,1,2026-05-28 10:17:27,mengecewakan
Pengguna Google,1,2026-05-28 10:16:16,sudah dijadwalkan pencadangan tapi tiba2 ke restart dan semua chat hilang
Pengguna Google,5,2026-05-28 10:15:59,sangat menarik dan bagus
Pengguna Google,5,2026-05-28 10:11:24,terbaik
Pengguna Google,5,2026-05-28 10:10:46,gagah
Pengguna Google,5,2026-05-28 10:10:25,WhatsApp nya keren dan bagus tapi nanti nya di tingkatkan lagi ya biar tambah bagus
Pengguna Google,5,2026-05-28 10:10:18,mantap ⭐⭐⭐⭐⭐
Pengguna Google,4,2026-05-28 10:10:06,menarik
Pengguna Google,5,2026-05-28 10:08:48,bagus
Pengguna Google,5,2026-05-28 10:07:29,bagus dan bermanfaat
Pengguna Google,5,2026-05-28 10:07:14,alajsjsns
Pengguna Google,5,2026-05-28 10:02:02,"saya minta untuk membuat fitur selain pengikut tidak bisa melihat isi saluran, karena itu adalah privasi. orang-orang bisa saja melihat dan menyebarkan isi/saluran orang kapanpun dan itu bisa memicu konflik."
Pengguna Google,4,2026-05-28 10:01:32,"Please, every time I upload a video, the graphics are blurry and ugly. Please fix it so it's clear."
Pengguna Google,5,2026-05-28 10:00:27,Sangat membantu
Pengguna Google,5,2026-05-28 09:59:32,aku sagat puas sekalih
Pengguna Google,5,2026-05-28 09:57:52,"perbaiki folder pemyimpanan jangan dobel dobel, apalagi gambar biasa sampai 3 x dobel folder beda beda padahal 1 foto saja menrusak tampilan galeri saja dan boros pemnyimpanan !!!👎🏻👎🏻👎🏻👎🏻"
Pengguna Google,1,2026-05-28 09:56:50,"hu, z😝"
Pengguna Google,3,2026-05-28 09:56:42,sering ngebug video callnya sekarang
Pengguna Google,1,2026-05-28 09:56:25,aku tidak bisa mendaftar
Pengguna Google,5,2026-05-28 09:54:32,kenapa whapsapp sy gk bisa login
Pengguna Google,1,2026-05-28 09:53:29,"kepada yang terhormat WhatsApp, kenapa akun WhatsApp saya tiba-tiba di nonaktifkan padahall saya tidak melakukan yang melanggar ketentuan WhatsApp"
Pengguna Google,5,2026-05-28 09:53:22,bagus 👍👍👍
Pengguna Google,5,2026-05-28 09:52:44,tidak bisa
Pengguna Google,5,2026-05-28 09:51:24,saya disini bisa ngechat dengan orangtua saya
Pengguna Google,5,2026-05-28 09:51:04,bagus anjayyyy
Pengguna Google,5,2026-05-28 09:50:18,Bagus
Pengguna Google,1,2026-05-28 09:46:17,wa gak jls skrg sering di blokir dan dispam
Pengguna Google,4,2026-05-28 09:45:19,ada apa dengan wa ..sllu kluar jika kita mau masuk buka wa
Pengguna Google,2,2026-05-28 09:45:12,tolong pihak wa no saya kena spam
Pengguna Google,1,2026-05-28 09:44:57,"WA sekarang jelek banget sih sumpah blm seminggu minta update apaan coba kalau mau vc pun selalu error kalau bln update tolong dong di perbaiki jangan kaya gini banyak fitur nya doang tapi tdk membuat kenyamanan terhadap pengunanya ""mines"""
Pengguna Google,5,2026-05-28 09:44:49,Kenapa whatsApp ku ngga bisa berpungsi apa ada yang Meretas
Pengguna Google,5,2026-05-28 09:44:49,Perkenalkan gw dari palembang tinggal di 7ulu /10ulu nama lengkap gw adalah m haris dafiansyah sklh di sd negeri 78 aplikasi whatsApp sangat bagus aplikasi sngt penting bisa menghubungkan dari jarak yg sangat jauh saya mengasi bintang lima karena saya sangat suka aplikasi ini ! Kalian semua wajib kasi bintang lima karena aplikasi ini yg terbaik untuk berkamunikasi buat yg menciptakan WhatsApp sekali lagi terimakasi 🙏😁🤗
Pengguna Google,3,2026-05-28 09:44:27,ga bisa buka whatsap memuat mlu padahal sudah di update
Pengguna Google,1,2026-05-28 09:43:19,dak bagus saya kena blokir padahal cuma konfirmasi orang soal paket
Pengguna Google,5,2026-05-28 09:41:40,bagus buat berkomunikasi sama keluarga dan teman tapi kadang suka ke reset wa nya
Pengguna Google,5,2026-05-28 09:41:23,otp
Pengguna Google,5,2026-05-28 09:40:42,aplikasi ini Kren bangat
Pengguna Google,1,2026-05-28 09:39:36,kenapa ini ketika buat story bergambar menggunakan musik selalu tampilannya hitam
Pengguna Google,5,2026-05-28 09:38:13,good
Pengguna Google,5,2026-05-28 09:37:06,ok
Pengguna Google,5,2026-05-28 09:35:54,berguna 👍🏻
Pengguna Google,3,2026-05-28 09:35:01,Kenapa tida bisa
Pengguna Google,2,2026-05-28 09:34:59,"kecewaa banget nomor kontakku semua hilang tiba"""
Pengguna Google,4,2026-05-28 09:33:36,mantap
Pengguna Google,1,2026-05-28 09:32:55,gjls tb tb eroro
Pengguna Google,5,2026-05-28 09:32:45,sop
Pengguna Google,5,2026-05-28 09:32:07,eyang kubur itu uxi aja uaut
Pengguna Google,2,2026-05-28 09:31:59,vc ada eror error nya.dua layar untuk 1 orang aja
Pengguna Google,5,2026-05-28 09:31:29,bagus dan sangat membantu
Pengguna Google,5,2026-05-28 09:30:02,yg terbaik👍💯
Pengguna Google,4,2026-05-28 09:25:10,sangat bagus
Pengguna Google,4,2026-05-28 09:24:10,"tolong diperbaiki lagi, pembaharuan setatus walupun sudah diaktifkan unggal HD tetep aja burik."
Pengguna Google,5,2026-05-28 09:23:58,sangat mudah digunakan
Pengguna Google,5,2026-05-28 09:23:45,keren
Pengguna Google,5,2026-05-28 09:22:48,seperti biasa
Pengguna Google,3,2026-05-28 09:19:56,kenapa gabisa mengarsipkan grup
Pengguna Google,5,2026-05-28 09:17:12,WhatsApp ini sangat bagus
Pengguna Google,5,2026-05-28 09:14:57,bantu
Pengguna Google,5,2026-05-28 09:14:44,luar biasa
Pengguna Google,5,2026-05-28 09:13:50,nice
Pengguna Google,5,2026-05-28 09:11:59,whatsap sangatlah penting dan bisa membantu dalam kehidupan manusia
Pengguna Google,3,2026-05-28 09:10:31,kdng ngeleg tapi oke lah bisa komunikasi.. bhkn sampe luar negri juga
Pengguna Google,1,2026-05-28 09:09:48,parah aplikasi ini
Pengguna Google,3,2026-05-28 09:09:27,"nyaranin aja sih jangan update hal' yg gaterlalu berguna,trus untuk video pengennya pas di HD in ga jadi makin burem trus pengen bgt di saluran ada fitur bersihkan obrolannya"
Pengguna Google,4,2026-05-28 09:06:43,"bagus tapi lebih bagus sy me request klau di wa itu ada fitur kick misalny to tdk sengaja ini kita lagi telponan ber 2 trus mau tambahkn teman malah salah tambah orang , nah bagus klau misalny ad itu fitur kick orng jadi bisa kit ksih keluar if you know you know pokony bgtu"
Pengguna Google,3,2026-05-28 09:06:18,lumayan
Pengguna Google,1,2026-05-28 09:05:46,kebanyakna update. tapi saat tlpn. erro truusss. jaringan stabil juga..
Pengguna Google,2,2026-05-28 09:05:22,"𝕚𝕔𝕠𝕟 𝕞𝕖𝕥𝕒 𝕕𝕚 𝕨𝕙𝕒𝕥𝕤𝕒𝕡𝕡 𝕞𝕖𝕟𝕘𝕘𝕒𝕟𝕘𝕘𝕦 𝕓𝕒𝕟𝕘𝕖𝕥,,"
Pengguna Google,5,2026-05-28 09:05:10,Bagus
Pengguna Google,1,2026-05-28 09:02:03,"WhatsApp kenapa sih akhir akhir ini di ban massal merajalela mulu,saya tidak melakukan aktivitas ilegal atau spam pun saya tetap di ban,cek dulu lah chatannya baru lu ban,kalo dari sistemnya langsung itu merugikan pengguna WhatsApp 😤"
Pengguna Google,2,2026-05-28 09:01:32,kenapa saya tidak bisa login dengan nomor saya padahal nomor saya baru beli tadi pagi?
Pengguna Google,5,2026-05-28 09:00:58,ok
Pengguna Google,5,2026-05-28 09:00:22,"menarik ,cepat"
Pengguna Google,5,2026-05-28 09:00:20,sangat membantu informasi
Pengguna Google,5,2026-05-28 08:58:18,mantup
Pengguna Google,5,2026-05-28 08:57:58,Bagus
Pengguna Google,1,2026-05-28 08:56:37,"chatnya tiba"" hilang semua kaya mulai dari nol"
Pengguna Google,5,2026-05-28 08:54:45,ini sangatlah bagus
Pengguna Google,3,2026-05-28 08:54:06,knp kga ada bubble chat
Pengguna Google,5,2026-05-28 08:53:35,ok
Pengguna Google,1,2026-05-28 08:53:26,makin hari makin gak bagus ini wa masak saya mau login gak bisa terus ada bacaan blom kelarafikasi makin menjadi makin hari aplikasi jelek ini
Pengguna Google,2,2026-05-28 08:51:45,"setiap saya memasukan nomor,tidak bisa di verifikasi"
Pengguna Google,1,2026-05-28 08:51:00,"aplikasi sampah, klo lgi tlp suara sering putus2"
Pengguna Google,5,2026-05-28 08:48:13,washap bagus
Pengguna Google,5,2026-05-28 08:47:47,terbaik
Pengguna Google,5,2026-05-28 08:46:15,"whatsapp kenapa saya selalu kena spam padahal udah ganti nomor ,email , bahkan saya tidak melakukan chat penipuan"
Pengguna Google,1,2026-05-28 08:46:14,"pas baru pulih dari blockir,pas saya mau login ke WhatsApp,pas sudah di tahap menyelesaikan penyiapan,malah keluar sendiri,pas saya coba lagi masih sama dan itu ber ulang"" sampe sekarang,dasar kocak,harusnya di teliti,Jan kek orang idiot!!!!!"
Pengguna Google,5,2026-05-28 08:45:59,good
Pengguna Google,5,2026-05-28 08:45:07,sering nya sekarang gampang ke Ben nomor WhatsApp nya
Pengguna Google,5,2026-05-28 08:44:36,keren banget
Pengguna Google,1,2026-05-28 08:44:12,buruk sangat tiba tiba terblokir
Pengguna Google,5,2026-05-28 08:43:58,mantap
Pengguna Google,5,2026-05-28 08:43:39,bagus
Pengguna Google,5,2026-05-28 08:42:05,mantappp ..
Pengguna Google,5,2026-05-28 08:41:52,baik
Pengguna Google,5,2026-05-28 08:40:23,kenapa wa saya selalu telat tampilan terbaru pdah selalu update sepertii tampilan tlpone yg lain sudah berubah knpa saya belum
Pengguna Google,5,2026-05-28 08:38:22,"Maaf untuk pihak WhatsApp, tadi siang saya nyatat hasil kerjaan saya di WhatsApp kok pas sore nya catatan saya di WhatsApp tiba-tiba hilang!? Saya mau laporan ke atasan saya jadi ga bisa, hadeh 😑"
Pengguna Google,5,2026-05-28 08:38:10,apik pol pokoke tapi mangkel i
Pengguna Google,5,2026-05-28 08:37:57,sangat bgus
Pengguna Google,5,2026-05-28 08:32:29,bagus bange
Pengguna Google,5,2026-05-28 08:32:26,aku suka memakai aplikasi ini karena setiap aku chatan sama gebetanku menjadi nyaman
Pengguna Google,5,2026-05-28 08:31:34,"AI NYA BALIKIN YANG DULU LAH, YANG SEKARANG RESPON NYA GA SERU, LEBIH SERU YANG DULUU"
Pengguna Google,5,2026-05-28 08:31:27,ya intinya baguss banget pengen deh saya kasih Bintang 100 hhahah
Pengguna Google,5,2026-05-28 08:31:16,sering berbohong sama suwamina iyalah aku suwami
Pengguna Google,5,2026-05-28 08:30:58,tiba2 terhapus wa
Pengguna Google,5,2026-05-28 08:30:29,bagus
Pengguna Google,5,2026-05-28 08:25:04,baik
Pengguna Google,1,2026-05-28 08:23:25,bagusan telegram sih
Pengguna Google,5,2026-05-28 08:23:05,Good
Pengguna Google,5,2026-05-28 08:22:48,bagus
Pengguna Google,5,2026-05-28 08:22:43,harap diperbaiki sangat tidak puas sering eror
Pengguna Google,1,2026-05-28 08:22:40,sangat lah bagus
Pengguna Google,5,2026-05-28 08:22:10,Sangat bagus
Pengguna Google,5,2026-05-28 08:21:26,aplikasi ini sangat bagus sekali 👍👏👏
Pengguna Google,5,2026-05-28 08:21:17,makasih
Pengguna Google,5,2026-05-28 08:21:02,bagus
Pengguna Google,1,2026-05-28 08:20:52,Kuti kutili ina wamandi Subuh subuh lilahi taala Picu Kuti kutili ina wamandi Subuh subuh lilahi taala Picu gunu picu tolando Tolinga wa anu (ngeano mowine) namirurungka Paratoee navigation Namoncuru rudhu isau Namihohora potadhe potadhe isau Narumua emanino namigata sina.ano agunu picu tolando Tolinga wa anu (ngeano mowine) namirurungka Paratoee kalambokou Namoncuru rudhu isau Namihohora potadhe potadhe isau Narumua emanino namigata sina.ano ambali namotabu mai indau katam nacumpu emanino..
Pengguna Google,1,2026-05-28 08:19:42,kualitas kayak beruk jing
Pengguna Google,5,2026-05-28 08:19:11,Sangat memuaskan
Pengguna Google,5,2026-05-28 08:19:07,baik
Pengguna Google,1,2026-05-28 08:18:34,"kocak , abis di update malah gada suaranya klo nlp atau vc."
Pengguna Google,5,2026-05-28 08:18:07,mantap
Pengguna Google,5,2026-05-28 08:17:46,"tolong buat kan vitur foto live, buat hp android"
Pengguna Google,5,2026-05-28 08:17:38,siiiipppp
Pengguna Google,5,2026-05-28 08:16:53,love
Pengguna Google,1,2026-05-28 08:16:37,ini WhatsApp mabok apa gimana tiap hari peninjawan gua GK ngapa ngapain yang buat tolong lah gua prllu
Pengguna Google,1,2026-05-28 08:16:11,aplikasi ini sangat bagus
Pengguna Google,5,2026-05-28 08:15:42,trimakasih
Pengguna Google,5,2026-05-28 08:15:38,udah di aktif kan tetap gak ada efek kamera
Pengguna Google,5,2026-05-28 08:13:53,"bagus buat chatan,"
Pengguna Google,5,2026-05-28 08:13:34,the best
Pengguna Google,5,2026-05-28 08:12:25,ok
Pengguna Google,5,2026-05-28 08:11:59,jlk bgt apkny
Pengguna Google,5,2026-05-28 08:11:26,"sangat puas,sangat membantu"
Pengguna Google,5,2026-05-28 08:10:56,bagus
Pengguna Google,1,2026-05-28 08:10:40,"kembalikan fitur ss profil wa, itu untuk screenshot orang profil penipu"
Pengguna Google,5,2026-05-28 08:08:28,mantap
Pengguna Google,5,2026-05-28 08:06:50,Sangat berguna untuk komunikasi.
Pengguna Google,3,2026-05-28 08:06:37,bagus sih tapi kok gw ga ada filter nya
Pengguna Google,5,2026-05-28 08:06:17,bagus banget bagus banget
Pengguna Google,5,2026-05-28 08:05:07,Honda memang oke selalu di hati
Pengguna Google,1,2026-05-28 08:03:48,wa nya mau ku login pakek nomor ku tapi gk bisa tolol kali sumpah kartu masih idup semua nya masih idup kok aplikasih kayak sampah ini rilis ya
Pengguna Google,3,2026-05-28 08:02:29,kenapa WhatsApp saya kena tinjuan
Pengguna Google,5,2026-05-28 08:00:48,bagus...
Pengguna Google,5,2026-05-28 08:00:20,"bagus untuk berkomunikasi dengan keluarga, kerabat, di dalam negri atau di luar negri"
Pengguna Google,4,2026-05-28 07:59:31,Baik
Pengguna Google,5,2026-05-28 07:58:58,terbaik
Pengguna Google,1,2026-05-28 07:56:21,whatsapp sekarang makin jelek saya pakai kartu baru sering kenon padahal GK ngapa ngapain nomer baru malah sering kenon padahal nomer sebelumnya GK pernah kenon sekarang nomor baru kok kenon jelek banget
Pengguna Google,5,2026-05-28 07:54:45,hhhh justriend
Pengguna Google,5,2026-05-28 07:54:36,sangat membantu whatsahap untuk rakyat indonesia
Pengguna Google,5,2026-05-28 07:54:31,Karena sanggat berguna bgt buat saya
Pengguna Google,5,2026-05-28 07:54:28,bagus
Pengguna Google,1,2026-05-28 07:54:10,apk g jls mau login fix merah terus sudh d hubungin pihak whats app sama aja gd perubahan
Pengguna Google,1,2026-05-28 07:54:07,saya tidak bisa masuk ke WhatsApp
Pengguna Google,5,2026-05-28 07:53:34,baik
Pengguna Google,5,2026-05-28 07:51:41,bagus
Pengguna Google,5,2026-05-28 07:50:52,sangat baik
Pengguna Google,2,2026-05-28 07:47:47,apk ini sangat tidakk asik jika kita kena kenon akun wa kita tidak bisa di verifikasi 🙄🙄
Pengguna Google,4,2026-05-28 07:46:27,lu ngeliatin chat gue😑
Pengguna Google,5,2026-05-28 07:46:12,senang
Pengguna Google,5,2026-05-28 07:45:32,Kok di saya gak bisa di download di perangkat saya di playtore di bilang gini (perangkat Anda tidak kompatibel Dengan versi ini) tolong bantuannya saya sangat perlu WhatsApp
Pengguna Google,5,2026-05-28 07:45:31,GK bisa buka
Pengguna Google,3,2026-05-28 07:45:05,🏳🏳🏳🏳🔐🔑🔑⚖⚖
Pengguna Google,5,2026-05-28 07:43:07,bgus
Pengguna Google,1,2026-05-28 07:41:41,makin jelek
Pengguna Google,1,2026-05-28 07:41:31,"Tidak bisa menerima SMS, dan harus di Perangkat Lain. padahal Perangkat Baru dan tidak pernah memakai Perangkat Lain."
Pengguna Google,1,2026-05-28 07:37:02,Woyy perbaiki kayak dulu lah masak gue ngga mau liat story orang masih aja ke geser.. padahal gue liat story sendiri.. makin aneh aja ni aplikasi.. Enakan yg versi dulu padahal.. versi yg sekarang liat story sendiri langsung auto loncat liat story orang.. Kan babi kali
Pengguna Google,5,2026-05-28 07:36:08,sangat baik
Pengguna Google,1,2026-05-28 07:35:24,bagaimana cara membuka aplikasi whatshapp ini
Pengguna Google,5,2026-05-28 07:34:09,"Aplikasi yang paling sering dipakai tiap hari 😄 Simple, ringan, dan mudah dipakai untuk chat, telepon, video call, sampai kirim file. Sangat membantu untuk komunikasi keluarga, kerja, dan teman. Semoga ke depannya makin stabil, ringan, dan fitur-fiturnya tetap nyaman dipakai tanpa terlalu banyak gangguan."
Pengguna Google,1,2026-05-28 07:33:38,tolong pihak watsap kenapa saya slalu terkena blokir padahal saya tidak melakukan spam pada siapapun
Pengguna Google,5,2026-05-28 07:33:23,"Gatau mau ngetik apa, intinya apkny bgus"
Pengguna Google,5,2026-05-28 07:32:02,sangat membantu
Pengguna Google,5,2026-05-28 07:31:16,luar biasa
Pengguna Google,5,2026-05-28 07:30:43,god job
Pengguna Google,1,2026-05-28 07:30:41,"minta tolong fitur vc hapus fitur matikan kamera, karena calon istri saya suka matikan kamera"
Pengguna Google,5,2026-05-28 07:30:30,kita bisa berbicara lewat aplikasi ini dan lain - lain walaupun jauh sekali
Pengguna Google,5,2026-05-28 07:29:30,Blom bisa di buka
Pengguna Google,5,2026-05-28 07:28:23,Nyaman d gunakan
Pengguna Google,3,2026-05-28 07:27:15,bleh resolusi nya jelek banget
Pengguna Google,5,2026-05-28 07:27:04,dengan aplikasi ini sangat membantuku
Pengguna Google,2,2026-05-28 07:24:24,"gak bersahabat sekarang mah.. ngeliat status wa sendiri masa bisa langsung loncat ke status orang lain, mengecewakan sekali."
Pengguna Google,5,2026-05-28 07:24:01,sangat memuaskan adanya WhatsApp
Pengguna Google,5,2026-05-28 07:23:24,jadi bisa komunitas jarak jauh bagus banget
Pengguna Google,5,2026-05-28 07:23:09,okjn
Pengguna Google,5,2026-05-28 07:21:37,suka
Pengguna Google,5,2026-05-28 07:21:31,very nice
Pengguna Google,3,2026-05-28 07:20:30,bagus
Pengguna Google,1,2026-05-28 07:18:19,tlpn ngk ada suara
Pengguna Google,5,2026-05-28 07:18:03,Kenapa saya tidak bisa Danload App WHatsshap di HP saya OPPO F9
Pengguna Google,5,2026-05-28 07:17:08,Terimakasih WhatsApp👍👍👍🙏
Pengguna Google,5,2026-05-28 07:16:49,Bagus
Pengguna Google,5,2026-05-28 07:14:29,"aplikasi wajid di hapemu, meskipun privasinya bocor"
Pengguna Google,1,2026-05-28 07:12:34,woiii ini WhatsApp gua kenapaaaa
Pengguna Google,5,2026-05-28 07:10:58,ditingkatkan lagi fitur2nya biar lebih mantep
Pengguna Google,1,2026-05-28 07:10:47,tolongg adain fiturr save di foto sekali lihatt dungg -_- adaa wanitaa cantikkkkk sekalii yang selalu mengirim foto sekali lihatnya yang imut nan indahh kepadakuuuT-T.
Pengguna Google,5,2026-05-28 07:09:52,kenapa whatsapp gak bisa di download tolong bantu saya agar whatsapp bisa di download kembali terimakasih
Pengguna Google,5,2026-05-28 07:08:07,"apk lol gaje orang gak ngapa ngapain di band , dan kenapa saya kasih bintang 5 agar semua bisa tau😹"
Pengguna Google,4,2026-05-28 07:08:00,"kenapa dengan WA bisnis hari ini tidak ada suara nya buat tlp,saya kirain HP saya yang rusak ternyata semua pada komplen juga ke counter padahal HP semua baik2 saja tolong dong diperbaiki"
Pengguna Google,5,2026-05-28 07:07:42,"mudah"" ngk di spam lagi"
Pengguna Google,5,2026-05-28 07:07:29,ok
Pengguna Google,5,2026-05-28 07:06:28,👍
Pengguna Google,5,2026-05-28 07:04:42,"kenapa whatsap gak isa yah , soal nya saya mau pakai nomer ini"
Pengguna Google,5,2026-05-28 07:04:32,niz z
Pengguna Google,5,2026-05-28 07:04:14,whasap saya tidak bisa di gunakan atau di spam Mohon bantuan nya
Pengguna Google,5,2026-05-28 07:02:29,wa tolol keblokir Mulu wa saya baru kebuka dasar tolol
Pengguna Google,5,2026-05-28 07:02:01,sangat sangat sangat baguss🫡🫡🫡
Pengguna Google,4,2026-05-28 07:01:48,"kalo vc jngn miror plis ,kasian muka yg ga simetris 🥺🥺🙏🙏"
Pengguna Google,5,2026-05-28 07:01:33,Jangan ngeleg2 dongg
Pengguna Google,3,2026-05-28 07:00:48,gimana si ini org org selesai update udh ada semua fitur barunya giliran aku update lama bgt pas udah ga jaman baru muncul fiturnya tolong ya yg adil
Pengguna Google,5,2026-05-28 06:57:53,sangat bagus
Pengguna Google,5,2026-05-28 06:56:48,aman kan sajh wa kami biar GX di jedea lagh
Pengguna Google,1,2026-05-28 06:53:50,Kualitas video yg di upload pada status wa sering blur pdhl sudah beresolusi tinggi
Pengguna Google,4,2026-05-28 06:50:56,cukup cepat
Pengguna Google,1,2026-05-28 06:49:34,tidak bisa login
Pengguna Google,4,2026-05-28 06:49:08,"bagus, tapi sayang sekarang ada iklannya setiap liat story"
Pengguna Google,5,2026-05-28 06:48:16,bagus
Pengguna Google,1,2026-05-28 06:47:19,ga jelas bangettt aplikasi
Pengguna Google,2,2026-05-28 06:43:51,"tiap bikin sw selalu jadi burem,padahal vd nya atau fto nya hd 😡"
Pengguna Google,5,2026-05-28 06:43:46,kok lelet
Pengguna Google,4,2026-05-28 06:42:10,l N.
Pengguna Google,5,2026-05-28 06:41:21,sangat baik
Pengguna Google,1,2026-05-28 06:40:32,suka tiba² ke band
Pengguna Google,1,2026-05-28 06:39:49,"mulai ada iklan, kasih bintang 1 aja"
Pengguna Google,1,2026-05-28 06:39:00,gaya gelembung bisa di update bisa milih2 kayak warna gelumbung biar gak bosen
Pengguna Google,5,2026-05-28 06:33:00,bgus
Pengguna Google,5,2026-05-28 06:32:29,senang sekali
Pengguna Google,5,2026-05-28 06:32:24,kenapa kok tidak aplikasi resmi kata sistem
Pengguna Google,5,2026-05-28 06:30:25,berguna bgt. udh gitu aja
Pengguna Google,1,2026-05-28 06:29:42,"WhatsApp syaa tidak bisa di buka dan ada tulisan tutup aplikasi dan info aplikasi, tolong bagaimana ini"
Pengguna Google,5,2026-05-28 06:29:12,sangat bagus aplikasi nya tpi tidak ada fitur efekk di handphone saya
Pengguna Google,1,2026-05-28 06:28:56,Tanpa alasan apapun nomor saya memerlukan WhatsApp resmi untuk bisa menggunakan akun WhatsApp meskipun saya menggunakan akun resmi.
Pengguna Google,5,2026-05-28 06:28:52,ok
Pengguna Google,1,2026-05-28 06:28:24,gampang ke ban padahal cuma add kontak temen ke grup sekolah doang
Pengguna Google,5,2026-05-28 06:28:06,Bisa untuk mengecat orang lain
Pengguna Google,5,2026-05-28 06:26:53,plis dong min kasih bentuk pengubah muka itu min soalnya aku butuh min biar org di rumah ku lihat aku baik2 di sini min plisss
Pengguna Google,5,2026-05-28 06:24:01,saya kerja di sawit
Pengguna Google,5,2026-05-28 06:21:39,Bagus
Pengguna Google,1,2026-05-28 06:21:36,"Makin ga jelas daftar wa aja susah,login tersedia untuk saat ini,gitu terus"
Pengguna Google,5,2026-05-28 06:21:34,beri code wa
Pengguna Google,5,2026-05-28 06:19:21,bagus
Pengguna Google,5,2026-05-28 06:18:29,ok
Pengguna Google,5,2026-05-28 06:18:22,baik mempermudah komunikasi dengan keluarga
Pengguna Google,5,2026-05-28 06:17:52,sangat bagus
Pengguna Google,5,2026-05-28 06:17:00,good
Pengguna Google,5,2026-05-28 06:15:13,baik
Pengguna Google,5,2026-05-28 06:15:03,Menyenangkan
Pengguna Google,5,2026-05-28 06:14:13,Oke
Pengguna Google,5,2026-05-28 06:13:51,Ok
Pengguna Google,5,2026-05-28 06:12:16,ok
Pengguna Google,1,2026-05-28 06:11:02,"Sering kena log out sendiri, padahal gak ngelanggar layanan WhatsApp nya, gak jelas WhatsApp sekarang makin di update malah tambah banyak bug, akun milik saya juga hilangan semua kontak serta grupnya"
Pengguna Google,5,2026-05-28 06:09:44,tolong tambahkan pesan timer 30hari
Pengguna Google,5,2026-05-28 06:09:33,"[Update] At first, I felt disappointed because my account was blocked and flagged as spam, which made the user experience quite difficult. However, after the issue was resolved, my account is now back to normal and safe to use. Thank you for the help; I can finally get back to my activities smoothly. ⭐⭐⭐⭐⭐"
Pengguna Google,1,2026-05-28 06:09:11,tolonggg di perbaiki salah apa aku gada melanggar penggunaan kok di blokir terus menerus tiap hari baru di buka di blokir lagi
Pengguna Google,5,2026-05-28 06:08:51,sangat bagus untuk komunikasi
Pengguna Google,1,2026-05-28 06:08:36,"akunku sering ditinjau terus, ganggu bet dah"
Pengguna Google,1,2026-05-28 06:07:58,kebanyakan bug dongo
Pengguna Google,5,2026-05-28 06:07:19,best lah
Pengguna Google,5,2026-05-28 06:07:12,keren
Pengguna Google,5,2026-05-28 06:07:08,bagus
Pengguna Google,1,2026-05-28 06:07:02,ngaco mlu skrng
Pengguna Google,5,2026-05-28 06:06:50,🖐️😼🖐️
Pengguna Google,5,2026-05-28 06:06:47,Elj
Pengguna Google,4,2026-05-28 06:06:13,Ok
Pengguna Google,2,2026-05-28 06:05:08,"banyak updatenya, jadi besar""in memo"
Pengguna Google,5,2026-05-28 06:04:57,baik
Pengguna Google,1,2026-05-28 06:03:12,"saya mau daftar shopy pas chet shopy nya tiba"" wa saya ke blokir tolong lah kenapa wa jadi lemah begini tiba"" ke blokir hadeh"
Pengguna Google,5,2026-05-28 06:03:04,kenapa akun WhatsApp saya tidak bisa lagi digunakan
Pengguna Google,1,2026-05-28 06:02:43,kenapa di notifikasi wa saya tidak bisa mode intip ya. jadi sekali ketuk langsung buka aplikasi whatsapp ya. tolong diperbaiki untuk di hp infinix note 40 pro 5G.
Pengguna Google,5,2026-05-28 06:02:41,knp g ada bar
Pengguna Google,4,2026-05-28 06:01:51,bagus
Pengguna Google,2,2026-05-28 06:01:15,selalu macet
Pengguna Google,5,2026-05-28 05:58:54,barokallah
Pengguna Google,5,2026-05-28 05:58:49,"sudah nak login, tolong dimudahkan"
Pengguna Google,1,2026-05-28 05:57:38,"kenapa si di persulit hanya untuk simpan nomor orang ribet bener sih,bukan nya semakin di update semakin bagus ini malah nyusahin pengguna nya,(munculkan lagi dong tombol simpan nya)"
Pengguna Google,5,2026-05-28 05:55:41,Waktuterusberlalu namuntetap Kujalanidgsepenuhhati .karna hidup ini adalah sebuah perjalanan dan perjuangan ttp semangat jg menyerah
Pengguna Google,1,2026-05-28 05:53:57,gbsa login/eror
Pengguna Google,5,2026-05-28 05:53:12,bagus 😁
Pengguna Google,1,2026-05-28 05:52:09,tidak dapat login
Pengguna Google,5,2026-05-28 05:51:39,ok
Pengguna Google,1,2026-05-28 05:51:32,kenapa nomor baru susah sekali untuk daftar whatsapp
Pengguna Google,1,2026-05-28 05:50:28,halahhh whstsapp skrg sensi!!! chat temen aja ke blokir.
Pengguna Google,5,2026-05-28 05:49:21,Baik
Pengguna Google,5,2026-05-28 05:49:01,bagus
Pengguna Google,4,2026-05-28 05:48:51,b aja WA nya keluar sendiri mulu
Pengguna Google,5,2026-05-28 05:48:44,ok
Pengguna Google,1,2026-05-28 05:46:29,Aplikasi rusak tiba tiba logout kena nomor ku kena ban
Pengguna Google,1,2026-05-28 05:44:14,"buruk banget ni apk, lagi mau buka wa eh udah kena tinjauan, lain kali buat apk yang bener, jangan asal asal kek gini."
Pengguna Google,1,2026-05-28 05:43:10,"kenapa update nya sering banget, dikit2 update...."
Pengguna Google,5,2026-05-28 05:43:06,baik dan tenang
Pengguna Google,5,2026-05-28 05:42:39,oke
Pengguna Google,5,2026-05-28 05:42:35,sangat bagus dan sangat di pahami setelah memakai aplikasi ini
Pengguna Google,4,2026-05-28 05:42:03,menjadikan masa depan yang terbaik menyatu bersama di Terindahnya kebahagiaan pasti inginselalu menantikan diriku
Pengguna Google,5,2026-05-28 05:40:51,apik🗿🗿🗿🗿🗿🗿🗿🗿🗿🗿🗿🗿🗿🗿🗿🗿🗿
Pengguna Google,5,2026-05-28 05:40:22,sangat membantu
Pengguna Google,5,2026-05-28 05:40:04,Ok
Pengguna Google,5,2026-05-28 05:39:22,kenapa di sayaa gak ada efek nya
Pengguna Google,2,2026-05-28 05:38:32,semenjak update terakhir kali jadi jelek masa iya dipake vc jadi eror waktu dibesarkan wajah sendiri tolong dibenahi!!!!
Pengguna Google,1,2026-05-28 05:36:33,"akhir"" ini wa eror Tah, kok tiap video call selalu bermasalah video yg berhenti GK gerek cuman suara aja"
Pengguna Google,5,2026-05-28 05:36:25,saya kasih bintang 5 walaupun aplikasi nya tidak bisa di pakai di hp saya
Pengguna Google,5,2026-05-28 05:34:24,good
Pengguna Google,5,2026-05-28 05:33:57,Sangat bagus
Pengguna Google,5,2026-05-28 05:33:25,Fiturnya baik sekali tapi lebih baik fiturnya diperbanyak dan divariasi lagi agar lebih menarik. Dan jika ada pembaruan pastikan juga ada fitur yg baru
Pengguna Google,1,2026-05-28 05:33:17,knp tiap perbarui WhatsApp mlh mkin ribet... yg bkin keselnya utk buka postingan sdri..sllu lonalcat ke postingan org2 di kontak.. dlu ga bgini. ke stop otomatis di status sdri.. tp yg skrg sangat mengganggu...
Pengguna Google,5,2026-05-28 05:32:46,"Sangat membantu, pokok nya is the best"
Pengguna Google,1,2026-05-28 05:28:21,abis di update mlah gk ada suara pas nelpon😑
Pengguna Google,5,2026-05-28 05:28:05,hmm... bagus sih mantap
Pengguna Google,5,2026-05-28 05:25:47,bagus
Pengguna Google,3,2026-05-28 05:24:30,knp aku berhenti jadi atmin grup diwa ku sendiri? padahl aku masi jadi atmin dihp t man ku.
Pengguna Google,1,2026-05-28 05:24:11,"wa tolol baru 1 chat tiba tiba kenon,padahal saya ada kepentingan pribadi,akun wa saya yang lama terkena band,padahal tidak melanggar apapun,dan ketika saya memakai akun baru,tiba tiba ke band,memang sangat meresahkan sekali ini aplikasi 👎👎👎👎👎"
Pengguna Google,5,2026-05-28 05:22:14,ok
Pengguna Google,5,2026-05-28 05:18:43,mohon bantuan saya tidak bisa login akun
Pengguna Google,4,2026-05-28 05:18:09,bagus si tp skrang sekelas wa saja di story nya aja diselipin iklan ye?
Pengguna Google,1,2026-05-28 05:17:33,GOBLOG WA GA BISA DIPAKAAI SUDAH TAU PENTING PENINJAUAN MULU DASAR APLIKASI TOLOL
Pengguna Google,5,2026-05-28 05:17:28,Gooddo
Pengguna Google,5,2026-05-28 05:17:26,bagus
Pengguna Google,5,2026-05-28 05:17:04,mau ikut tan
Pengguna Google,5,2026-05-28 05:16:33,ga bisa pake efek
Pengguna Google,5,2026-05-28 05:15:02,cukup bagua dan bermanfaat
Pengguna Google,5,2026-05-28 05:12:57,tidak bisa di buka
Pengguna Google,4,2026-05-28 05:11:58,saya ingin bio tidak ada durasi saya ingin di hilangkan kembali seperti dulu bisa permanen
Pengguna Google,2,2026-05-28 05:11:46,saat menelfon sering mengalami gangguan
Pengguna Google,5,2026-05-28 05:10:14,Sae pisan kang..
Pengguna Google,1,2026-05-28 05:10:11,"whatsapp makin kesini makin kacau, saya ga spam saya tidak ngapa2in , baru beberapa kali chat2 dengan klien saya terus2n keblokir dan dintinjau , aplikasi kacau aneh , merugikan banget"
Pengguna Google,2,2026-05-28 05:08:02,sangat menganggu fitur daftar obrolan yang muncul.
Pengguna Google,1,2026-05-28 05:07:19,"really disappointing! Semua foto, video, dan file audio saya hilang! Saya sudah mencadangkan, mengunduhnya, menyimpannya di galeri, dan memberi bintang, tapi kok hilang semua secara tiba-tiba? Setelah pembaruan apknya! mohon tolong di perbaiki ni apk! makin hari makin jlk aja ni apk!"
Pengguna Google,5,2026-05-28 05:07:00,untuk setia selamanya
Pengguna Google,5,2026-05-28 05:05:29,bagus
Pengguna Google,5,2026-05-28 05:04:04,LUAR BIASA
Pengguna Google,5,2026-05-28 05:02:36,"sangat berguna jika kita lagi pergi jauh,bisa Vidio call"
Pengguna Google,5,2026-05-28 05:02:10,wow bagus sekali aplikasi ini !!!
Pengguna Google,5,2026-05-28 05:01:27,kenapa no baru saya gak bisa terdaftar disini?
Pengguna Google,2,2026-05-28 05:00:49,"knapa tiba2 wa gak bisa saya pakai di hp saya padahal kmaren bisa ,,dan hp juga normal,,tolong bantu verifikasi"
Pengguna Google,5,2026-05-28 05:00:22,oke
Pengguna Google,5,2026-05-28 04:59:50,bagus
Pengguna Google,5,2026-05-28 04:59:46,GOOD!
Pengguna Google,1,2026-05-28 04:59:42,ga bermutu
Pengguna Google,5,2026-05-28 04:58:25,apk nya 😎
Pengguna Google,5,2026-05-28 04:58:12,ok
Pengguna Google,5,2026-05-28 04:57:37,sangat bagus
Pengguna Google,5,2026-05-28 04:57:26,Bagus
Pengguna Google,1,2026-05-28 04:56:58,perubahan lgi
Pengguna Google,5,2026-05-28 04:56:44,sangat membantu untuk komunikasi
Pengguna Google,5,2026-05-28 04:56:14,WhatsApp oke
Pengguna Google,5,2026-05-28 04:56:03,bagus
Pengguna Google,1,2026-05-28 04:56:02,"woyy wa yg bener aja ngapa masak gua ga matiin tanda baca malah tanda baca gua mati di apk pcr gua, lama lama gua hapus lu perusak hubungan bgt😖"
Pengguna Google,5,2026-05-28 04:55:29,aplikasi bagus saya suka.pertahankan
Pengguna Google,5,2026-05-28 04:55:19,sanggat lah bagus sekali
Pengguna Google,1,2026-05-28 04:55:05,whaatappku di hapus SM anak saya tidak bisa membuka lagi tolong dibbantu
Pengguna Google,5,2026-05-28 04:53:31,❤papa sayang mama❤
Pengguna Google,5,2026-05-28 04:53:15,membantu mudah untuk berkomunikasi
Pengguna Google,5,2026-05-28 04:53:12,tolong fiturnya bisa ganti ganti suara
Pengguna Google,1,2026-05-28 04:52:19,mau login gabisa bisa
Pengguna Google,1,2026-05-28 04:50:43,ini kenapa whatsapp saya tiba² logout sendiri? pas sudah saya tinjau malah x merah??? maksudnya gimana ini? saya dituduh melakukan pelanggaran/spam padahal saya tidak merasa melakukan hal tersebut.
Pengguna Google,5,2026-05-28 04:49:15,mantap
Pengguna Google,5,2026-05-28 04:46:44,Bagus
Pengguna Google,5,2026-05-28 04:46:33,gak bisa pakai WhatsApp
Pengguna Google,1,2026-05-28 04:46:13,jelsm macekt
Pengguna Google,5,2026-05-28 04:44:32,Mudah dan mantap
Pengguna Google,5,2026-05-28 04:43:38,sering maen wa
Pengguna Google,5,2026-05-28 04:41:38,aplikasi ini hemat penyimpanan
Pengguna Google,5,2026-05-28 04:41:01,mantab
Pengguna Google,5,2026-05-28 04:40:40,sangat baik cuma tinjauan terus
Pengguna Google,5,2026-05-28 04:40:20,enak bisa menghubungi teman atau saudara
Pengguna Google,5,2026-05-28 04:40:10,tiba tiba tidak bisa sendiri
Pengguna Google,1,2026-05-28 04:39:50,bola
Pengguna Google,1,2026-05-28 04:38:29,saya kasih bintang satu karna akun nya ke bend tiba tiba
Pengguna Google,2,2026-05-28 04:37:58,Salam Damai
Pengguna Google,5,2026-05-28 04:37:56,ok siip
Pengguna Google,4,2026-05-28 04:37:35,bisa gak ya kalo WhatsApp offline aja
Pengguna Google,5,2026-05-28 04:35:31,good
Pengguna Google,3,2026-05-28 04:35:00,wa sekarang blm nlp udh mati sering kek gitu
Pengguna Google,5,2026-05-28 04:33:56,bagus
Pengguna Google,5,2026-05-28 04:33:01,GW AUTO BANYAK C E W E COK
Pengguna Google,3,2026-05-28 04:32:14,kenapa aku kasih bintang 3 infinix smart 4 nggak ada efek di tempatnya telepon
Pengguna Google,1,2026-05-28 04:31:35,minta kode kompirmasi tapi nggak ada SMS..
Pengguna Google,5,2026-05-28 04:30:41,yaaa begituu lahh
Pengguna Google,5,2026-05-28 04:26:49,kenapa akun saya tidak bisa
Pengguna Google,1,2026-05-28 04:26:40,gerak dikit kenon malas
Pengguna Google,5,2026-05-28 04:25:57,ok
Pengguna Google,1,2026-05-28 04:25:57,hadeh gua sebagai kurir yang selalu chat sana sini selalu ke tinjau setan aplikasi monyet!
Pengguna Google,5,2026-05-28 04:23:47,pelayanan wa sangat cepat
Pengguna Google,1,2026-05-28 04:23:45,tiba2 harus di tinjau dalam 2 hari ga jelas banget
Pengguna Google,1,2026-05-28 04:23:09,kode verifikasi whatsapnya ga muncul.
Pengguna Google,1,2026-05-28 04:22:43,dah berkali-kali di install tetap tidak bisa masuk dah ganti kartu
Pengguna Google,5,2026-05-28 04:22:42,good
Pengguna Google,1,2026-05-28 04:22:39,"apk nya gangguan bgt pls, gue buka malah keluar, pas di cek ternyata mau update, Ywdh gue update, nah sinyal nya ini udh bagus, tapi apk nya ga ke update juga, mana klo buat sw burem lagi, tolong ditingkatkan lagi kualitasnya, ini sampe skrg gue gabisa buka wa karena mau update ini, mana update nya ketunda lagi, padahal sinyal bagus, hadehh"
Pengguna Google,3,2026-05-28 04:21:24,"WA sering di update tapi data nya makin gede, bagaimana ini? sedangkan WA ga boleh di hapus datanya di setelan, cuma boleh di hapus datanya di aplikasi WA nya. Tolong dong perbaiki. saya jadi ga bisa update aplikasi karena data WA nya gede banget"
Pengguna Google,5,2026-05-28 04:20:49,saya suka aplikasi ini
Pengguna Google,5,2026-05-28 04:20:21,bagus
Pengguna Google,4,2026-05-28 04:19:59,"akun tidak bisa menggunakan WhatsApp, selalu minta tinjauan, padahal udah ganti akun dan ganti nomor"
Pengguna Google,4,2026-05-28 04:19:16,baik dan sangat jelas
Pengguna Google,5,2026-05-28 04:18:56,Bagus
Pengguna Google,5,2026-05-28 04:18:48,puas
Pengguna Google,2,2026-05-28 04:18:28,"kenapa ya setiap kali memferivikasi nomor telepon kenapa selalu ngga bisa dan selalu keluar tulisan ""login tidak tersedia"" mulu sudah delapan kali saya mencoba mendaftarkan nomor telepon saya, mohon di perbaiki saat diawal pendaftaran nomor telepon ya"
Pengguna Google,5,2026-05-28 04:18:23,"Whatsapp boleh tambahin fitur yang namanya live gak,nanti pas di status ada tulisan buat live. yang lihat livenya yang ada di kontak atau pilih siapa saja yang melihat. Saya memberi bintang 5,terimakasih"
Pengguna Google,5,2026-05-28 04:15:51,gabisa liat sticker eror
Pengguna Google,5,2026-05-28 04:15:13,sangat bagus
Pengguna Google,5,2026-05-28 04:14:55,bagus woilah cik
Pengguna Google,3,2026-05-28 04:11:01,jumlah kontak saya tidak bisa di liat
Pengguna Google,4,2026-05-28 04:09:50,tolong dong whatsapp jangan sering sering di update
Pengguna Google,1,2026-05-28 04:06:35,"akun saya kena blokir dituduh pelanggaran spam, saya tidak pernah melakukan spam yang ada saya dispam sama pjnjol2 itu"
Pengguna Google,2,2026-05-28 04:05:20,"wanya busuk, telfonnya mati sendiri"
Pengguna Google,5,2026-05-28 04:03:41,mantap
Pengguna Google,5,2026-05-28 04:01:38,senja kasih bintang 5 karena WhatsApp sekarang sering kali kena WhatsApp anda belum resmi padahal saya telah menggunakan WhatsApp resmi tolong pada pihak terkait untuk memperoleh
Pengguna Google,4,2026-05-28 04:01:06,"kenapa kalo bagikan layar, pas mau nntn film nya gada suaranya skrg? dulu ada, plsss lah WA😭"
Pengguna Google,1,2026-05-28 04:00:11,"halo WhatsApp kenapa baru² ini banyak kejadian ""Akun ini Tidak Menggunakan WhatsApp"" Untuk kepada Pihak WhatsApp Tolong di perbaiki Secepatnya TOLONG BGT AGAR DI KEMBALIKAN DENGAN CEPAT"
Pengguna Google,5,2026-05-28 04:00:04,top
Pengguna Google,5,2026-05-28 03:58:45,bagus
Pengguna Google,5,2026-05-28 03:57:20,Sangat membantu dalam berkomunikasi dgn teman mauohn saudara
Pengguna Google,2,2026-05-28 03:56:38,baik sekali
Pengguna Google,5,2026-05-28 03:56:05,bagus banget dan berpungsi dengan baik maksih ya dan berguna sekian
Pengguna Google,5,2026-05-28 03:55:13,otomatis 🙏
Pengguna Google,5,2026-05-28 03:54:23,"gw kasih bintang 5 biar ulasan nya diatas, gw gasuka kalo bikin sw grafik nya jadi burik, tolong di perhatikan lagi, banyak bug"
Pengguna Google,1,2026-05-28 03:54:07,tidak bisa kunci chat padahal udah di update berapa kali
Pengguna Google,5,2026-05-28 03:52:57,gokil
Pengguna Google,1,2026-05-28 03:51:38,sering keblokir
Pengguna Google,5,2026-05-28 03:49:01,good👌👍
Pengguna Google,1,2026-05-28 03:48:29,"makin hari fiturnya makin lucu dan konyol, Masak baru wa 1 orang teman ajk udah ke belokir gak ngotak wa yang sekarang udah gak jelas semoga cepat di ganti dengan pitur yang lain udah meresahkan banget"
Pengguna Google,5,2026-05-28 03:48:06,sangat lancar jaya dan lancar
Pengguna Google,5,2026-05-28 03:47:32,"tolong WA, aku pulihkan k"
Pengguna Google,1,2026-05-28 03:47:20,Kenapa wa saya Terus ke blokir ? baru Terbuka pagi tadi Dalam 5 menit aja Langsung terblokir lagi saya gak suka lagi sama wa Yang kek sekarang mudah ke blokir saya makin lama udah Gak Sudi lagi liat wa yang sekarang
Pengguna Google,2,2026-05-28 03:46:03,"kenapa error, dahal wifi ku lancar, ti napa wa kok jamkot? padahal telp di ig bisaa giliran mo pindah ke wa malah ga bisaa, mangkel deh"
Pengguna Google,1,2026-05-28 03:46:01,"ai gak kompeten, malah ngelakuin spamming, ditanya apa jawab apa"
Pengguna Google,3,2026-05-28 03:43:12,kok tidak bisa disematkan dan di arsipkan chat yang uda lama
Pengguna Google,1,2026-05-28 03:43:08,"aplikasi WA saya resmi download dari playstore, tiba2 gak bisa dipakai dan harus verifikasi nomor. tapi gagal terus karena dibilang download aplikasi dari pihak ketiga. ampas bgt"
Pengguna Google,1,2026-05-28 03:42:28,apk GK jelas nomer ku 2 2 ne di blokir semua lol
Pengguna Google,5,2026-05-28 03:42:18,ok
Pengguna Google,5,2026-05-28 03:41:16,sangat. puas
Pengguna Google,5,2026-05-28 03:41:11,-1 roam?
Pengguna Google,1,2026-05-28 03:40:56,apk apaan ini cewek gk pernah ngechat aku buka apk nya cuma ngeliat story cewek
Pengguna Google,5,2026-05-28 03:39:25,sangat baik dan benar
Pengguna Google,5,2026-05-28 03:38:25,Bagus jangan di hapus ya entar whatsApp kalau sudah tgl 9 september tambah ningkat lagi yaa
Pengguna Google,3,2026-05-28 03:37:10,rumayan tapi ini kenapa tidak bisa terima suara pada waktu ada panggilan masuk ya
Pengguna Google,5,2026-05-28 03:34:52,Mantap
Pengguna Google,5,2026-05-28 03:33:59,WhatsApp kereenn
Pengguna Google,5,2026-05-28 03:32:43,Setelah diupdate hr ini pagi jam 10an tgl 28 mei 2026 voice. telepon keluar tidak ada suara. suara penelepon bisa terdengar. HP rekan saya pun sama begitu. mohon dicek
Pengguna Google,2,2026-05-28 03:32:11,suara sering hilang
Pengguna Google,5,2026-05-28 03:31:12,jangan banyak upgrade
Pengguna Google,5,2026-05-28 03:30:24,good
Pengguna Google,1,2026-05-28 03:30:16,"sudah mau 1 bulan whatsapp ku error terus gabisa liat stts ( video) pasti selalu muter muter terus padahal jaringan stabil oke, itu kenapa yah tolong donggg segera di perbaiki"
Pengguna Google,4,2026-05-28 03:29:46,Bagus seklai
Pengguna Google,5,2026-05-28 03:29:39,Jos aja
Pengguna Google,5,2026-05-28 03:29:38,Alhamdulillah aplikasinya bagus'
Pengguna Google,5,2026-05-28 03:28:02,"sangat bagus,,"
Pengguna Google,5,2026-05-28 03:26:25,bagus banget
Pengguna Google,5,2026-05-28 03:25:35,mantul
Pengguna Google,5,2026-05-28 03:23:24,bagus tapi penaikan mb dan gb nya cepat amat deh
Pengguna Google,1,2026-05-28 03:23:24,"ʟᴏɢ ᴏᴜᴛ ᴅᴇɴɢᴀɴ sᴇɴᴅɪʀɪɴʏᴀ ɢᴀᴋ ʙɪsᴀ ʟᴏɢ ɪɴ ᴍɪɴᴛᴀ ᴋᴏᴅᴇ ᴠᴇʀɪғɪᴋᴀsɪ ʟᴇᴡᴀᴛ ᴘᴇsᴀɴ/ᴘᴀɴɢɢɪʟᴀɴ sᴇʟᴀʟᴜ ɢᴀɢᴀʟ ʏᴀɴɢ ᴇʀʀᴏʀ ʙᴜᴋᴀɴ ᴘᴀᴅᴀ ʜᴘ ɴʏᴀ ᴛᴘɪ ᴀᴘᴋ ɴʏᴀ ʏᴀɴɢ ᴇʀʀᴏʀ,ᴛᴏʟᴏɴɢ sᴇɢᴇʀᴀ ᴘᴇʀʙᴀɪᴋɪ"
Pengguna Google,2,2026-05-28 03:23:22,gak bisa update story. gampang k sadap
Pengguna Google,3,2026-05-28 03:22:37,baik
Pengguna Google,5,2026-05-28 03:22:29,apknya bagus
Pengguna Google,5,2026-05-28 03:22:23,baik tapi ga ada temen chetan jadi sepi
Pengguna Google,5,2026-05-28 03:22:14,Mantap👍
Pengguna Google,5,2026-05-28 03:21:10,sangat membantu
Pengguna Google,2,2026-05-28 03:20:56,kenapa aplikasi di unduh kembali?????
Pengguna Google,5,2026-05-28 03:20:30,bagus
Pengguna Google,2,2026-05-28 03:20:29,liat sw suka lag GK jelas sekarang WhatsApp
Pengguna Google,5,2026-05-28 03:19:26,bagus dan keren
Pengguna Google,1,2026-05-28 03:18:46,kenapa selalu kenon saya pengguna 2020 tidak pernah terkena kenon baru sekarang
Pengguna Google,5,2026-05-28 03:17:24,wa
Pengguna Google,5,2026-05-28 03:17:23,kenapa saya GK bisa masuk ke WA ya
Pengguna Google,5,2026-05-28 03:16:53,bagus
Pengguna Google,5,2026-05-28 03:16:46,ok
Pengguna Google,5,2026-05-28 03:16:21,mantap
Pengguna Google,5,2026-05-28 03:13:49,bagus mantap cepat berguna tuk semua
Pengguna Google,3,2026-05-28 03:12:52,baik
Pengguna Google,5,2026-05-28 03:11:02,Mantap
Pengguna Google,5,2026-05-28 03:09:46,ASIK.
Pengguna Google,5,2026-05-28 03:09:42,sangat di butuhkan
Pengguna Google,5,2026-05-28 03:09:30,Alhamdulillah
Pengguna Google,5,2026-05-28 03:05:07,mantap
Pengguna Google,1,2026-05-28 03:04:06,"wa makin lama makin sampahh, buat minta kode otp susah bangett tcih najisss"
Pengguna Google,5,2026-05-28 03:03:35,ok
Pengguna Google,1,2026-05-28 03:02:52,bukannya makin bagus malah makin jelek audio aja sekarang gak bisa kirim
Pengguna Google,5,2026-05-28 03:02:14,bagus
Pengguna Google,4,2026-05-28 03:01:58,gw updade tapi ko ga bisa dibuka !?
Pengguna Google,5,2026-05-28 03:01:24,hape saya tidak bisa mendengar suara lawan bicara
Pengguna Google,5,2026-05-28 03:01:09,"sangat membatu kita dalam berkomunikasi d era ini,tapi terlalu banyak pembaruan dan sering ada handalan dalam membuka wa ini"
Pengguna Google,5,2026-05-28 02:58:54,sangat bagus
Pengguna Google,1,2026-05-28 02:58:38,Ini kenapa setelah update wa malah telfon gaada suara ayolah
Pengguna Google,3,2026-05-28 02:58:32,knpa wa sya TDK bisa di buka
Pengguna Google,3,2026-05-28 02:57:21,"update sekarang malah bila status gak di keluarin dulu baru kelihatan siapa yg liat status kita, gak kayak dulu bertambah otomatis siapa yg liat"
Pengguna Google,2,2026-05-28 02:54:16,jahat si buat andro 11 blum bisa dimunculin filter cal nya
Pengguna Google,5,2026-05-28 02:52:10,mantap
Pengguna Google,2,2026-05-28 02:49:35,tiba tiba tidak bisa di gunakan
Pengguna Google,2,2026-05-28 02:48:58,sebener nya bagus tpi gmn ya WhatsApp sekarang makin GK jelas riwat chat udh 2 kali ilang sering eror mau di pulihkan riwayat chat GK bisa trs klo lagi nyari kontak yg mau kita hubungin GK bisa udh di pencet nomor yg di pilih tpi malah keluar dan gak bisa nge chat orng yg udh d pilih tolong dong di benerin lagi sistem ny ya pdhl sudah d update but sorry if there are any unpleasant words
Pengguna Google,5,2026-05-28 02:48:09,"aplikasi sepi gaada yg chatt gua. p mabar ff senggol dong, welllll"
Pengguna Google,5,2026-05-28 02:48:09,"or ng die being earplugs,heb13680😁😁kdbrjfejbr hhheje"
Pengguna Google,5,2026-05-28 02:43:42,terimakasih
Pengguna Google,5,2026-05-28 02:42:35,saya sering ikutan .tapiujung2 nya ssya harus transper dulu uang
Pengguna Google,1,2026-05-28 02:41:01,jelek suara jdi hilang saat nelpon mkin gk jelas di upgrade
Pengguna Google,5,2026-05-28 02:40:35,oke
Pengguna Google,1,2026-05-28 02:38:49,kenapa pilihan SMS untuk memverifikasi tidak ada min
Pengguna Google,5,2026-05-28 02:38:10,bisa cthn
Pengguna Google,1,2026-05-28 02:38:10,apk sampah udah beberapa kali saya ganti kartu selalu ke spam
Pengguna Google,4,2026-05-28 02:37:39,good
Pengguna Google,3,2026-05-28 02:37:27,knpa tidak bisa d buka wa nya tiba2 log out SDH d update tp tetap TDK bisa masuk lagi.
Pengguna Google,5,2026-05-28 02:36:13,ya udah jadi apk formal handpone sih
Pengguna Google,5,2026-05-28 02:36:11,bagus bgt
Pengguna Google,1,2026-05-28 02:34:20,Kenapasih padahal sudah ganti no mer kok masih ditinjau kon asu
Pengguna Google,1,2026-05-28 02:33:14,"aplikasi najis, ngapa ngapain engga tibatiba kena banned ""akun ini tidak bisa menggunakan WhatsApp"" setelah minta tinjauan kok tetep gabisa, tolong lah jangan asal banned gitu, orang juga punya data penting, udah gitu ga dikasih tau lagi alesan ke banned nya kenapa, tolong lah sistemnya dibenerin, orang ga ngapa ngapain kok main blok blok aja, aneh."
Pengguna Google,1,2026-05-28 02:31:39,Membantu
Pengguna Google,5,2026-05-28 02:31:35,ok
Pengguna Google,4,2026-05-28 02:30:53,app nya bagus tapi sering diupdatein padahal saya sudah update seminggu yg lalu😔
Pengguna Google,5,2026-05-28 02:30:52,baik
Pengguna Google,5,2026-05-28 02:30:13,ok
Pengguna Google,5,2026-05-28 02:29:53,sangat membatu komunikasi saya
Pengguna Google,5,2026-05-28 02:29:03,top
Pengguna Google,3,2026-05-28 02:28:34,STORY WHATSAPP TOLONG DI BIKIN JERNIH.. JELEK BANGET HASIL UPLOAD STATUS WHATSAPP NYA
Pengguna Google,5,2026-05-28 02:24:41,bagus
Pengguna Google,5,2026-05-28 02:24:40,👍
Pengguna Google,3,2026-05-28 02:24:10,tolong status wa nya kok buram
Pengguna Google,3,2026-05-28 02:23:32,"vifj iku PP PP CC TT hhhh ok CC ,"
Pengguna Google,5,2026-05-28 02:22:19,sangat menguntungkan tp kenapa whatsApp saya selalu bermasalah ga bs di pakai
Pengguna Google,5,2026-05-28 02:20:25,wa nya seru dan ada teman seruu Lagiii
Pengguna Google,3,2026-05-28 02:19:08,"mohon kepada para developer agar mengadakan fitur agar stiker tidak otomatis tersimpan dalam galeri yang menghabiskan penyimpanan. apalagi sekarang ada banyak orang yang iseng mengirim stiker yang tidak bermutu, dan sangat merugikan pengguna WhatsApp karena stiker tersebut otomatis tersimpan dalam galeri (device)."
Pengguna Google,1,2026-05-28 02:15:01,kyk ank apk ny aku udh bulak balik ganti akun wa semua ny kena blokir padahal aku gk ngelakuin ap emng apk GK berguna udh berulang kali di giniin akun aku gk bisa aku make ny dengan tenang udh kirim pesan ke pihak ny pun tapi pihak WhatsApp ini gk ad ngerespon aku kasih bintang satu buat apk GK berguna ini kyk anj aku harap pesan ini di baca SMA pihak WhatsApp ini🙏🤬
Pengguna Google,5,2026-05-28 02:13:55,"Baik ,update sesuai kemajuan teknologi"
Pengguna Google,5,2026-05-28 02:13:48,bermanfaat
Pengguna Google,5,2026-05-28 02:12:59,bagus banget sama kamu aku rono sampean wong cilik
Pengguna Google,2,2026-05-28 02:11:57,tidak bisa mendapat kan kode verif nya
Pengguna Google,5,2026-05-28 02:11:14,mantaf
Pengguna Google,5,2026-05-28 02:09:21,mantap sekali WhatsApp bisa berkembang sejauh ini semoga ke depannya lebih bagus lagi
Pengguna Google,5,2026-05-28 02:08:30,bagus jg
Pengguna Google,1,2026-05-28 02:06:08,akun saya ilang
Pengguna Google,5,2026-05-28 02:04:43,oke
Pengguna Google,5,2026-05-28 02:04:36,bagus
Pengguna Google,5,2026-05-28 02:01:49,Good
Pengguna Google,5,2026-05-28 02:00:44,baikdan bagus
Pengguna Google,5,2026-05-28 01:58:32,ok
Pengguna Google,5,2026-05-28 01:58:15,Ok Lancar👍🏻
Pengguna Google,5,2026-05-28 01:58:02,"SUKAKKK POLLL PAKEE BGTTT, BENER BENER MEMBANTU BUATT BERKOMUNIKASI, SIMPLEE BANGETTTT POKONYAA ILY DEHH WHATSAPP 💚💚"
Pengguna Google,5,2026-05-28 01:56:15,bagus
Pengguna Google,1,2026-05-28 01:54:44,tidak bisa di buka
Pengguna Google,5,2026-05-28 01:53:39,WhatsAPP
Pengguna Google,5,2026-05-28 01:52:58,WA ku tdk bs d buka
Pengguna Google,3,2026-05-28 01:52:30,masih bgus Whatsap yang versi lama yang bacaan chat dan yang lain nya di atas dari pada di bawah.
Pengguna Google,5,2026-05-28 01:52:09,"aplikasinya bagus dan saya sejak awal memakainya tidak ada masalah apapun ituu, Terima kasih sudah memberikan yang terbaik👍💯"
Pengguna Google,4,2026-05-28 01:51:47,"ada bug vc, Sering kali frezze gambar besar saat mengubah ganbar besar ke kecil dan sebaliknya, tolong di cek"
Pengguna Google,5,2026-05-28 01:47:51,Canggih and cantik
Pengguna Google,5,2026-05-28 01:46:08,Bagus
Pengguna Google,5,2026-05-28 01:45:52,Ukam di Kalimantan Kalimantan Timur Indonesia foto artis bugil Indonesia atau negara lain yang tidak dapat dipisahkan dengan menggunakan air panas yang di dalamnya terdapat pada bagian atas halaman di word of God bless the fall out boy band terbaik untukmu mati tanpamu aku tidak bisa di Kalimantan maka hari ini aku tidak bisa di Kalimantan Kalimantan Barat i i i Sulawesi Selatan Sulawesi Selatan Sulawesi Tengah Kalimantan Selatan Kalimantan maka hari liburan ke Singapura untuk membuat sebuah
Pengguna Google,5,2026-05-28 01:45:43,ada apa ini.. wa tiba tiba menghilang.. di download lagi juga susah
Pengguna Google,5,2026-05-28 01:41:58,🌚
Pengguna Google,1,2026-05-28 01:40:09,minimal hapus lah stiker jomok !
Pengguna Google,1,2026-05-28 01:39:46,jelek GK bisa telepon 👎
Pengguna Google,5,2026-05-28 01:37:52,adalah pokok nya
Pengguna Google,5,2026-05-28 01:37:22,okk
Pengguna Google,5,2026-05-28 01:33:49,mantap
Pengguna Google,1,2026-05-28 01:33:23,aplikasi sampah masa gua di blok sma mantan gua cih
Pengguna Google,5,2026-05-28 01:32:09,ini aplikasi yang sering saya gunakan
Pengguna Google,5,2026-05-28 01:30:43,sering. bgt tiba tiba ga bsa kebuka.
Pengguna Google,5,2026-05-28 01:30:12,ok
Pengguna Google,5,2026-05-28 01:29:15,bagussss
Pengguna Google,5,2026-05-28 01:28:33,😁😁
Pengguna Google,5,2026-05-28 01:25:50,Nair Fitri
Pengguna Google,5,2026-05-28 01:25:17,sangat bagus😎
Pengguna Google,3,2026-05-28 01:25:16,tolong jangan mudah memblokir karena spam
Pengguna Google,5,2026-05-28 01:25:00,bagusss
Pengguna Google,5,2026-05-28 01:22:34,gokill
Pengguna Google,5,2026-05-28 01:22:06,saya sangat suka dengan aplikasi ini semoga tidak ada gangguan di aplikasi ini
Pengguna Google,1,2026-05-28 01:16:15,masa tiba tiba akun nya kena blokir gak bangus banget wea sekarangg
Pengguna Google,5,2026-05-28 01:16:12,bagus
Pengguna Google,5,2026-05-28 01:15:43,saya mengunakan WhatsApp untuk menghubungi keluarga ku dan saudara ku warga WNI trimakasih 🙏🙏🙏
Pengguna Google,1,2026-05-28 01:14:18,wa terblokir ngak jelas
Pengguna Google,5,2026-05-28 01:13:57,vc kaya lagi main ff tolong di jd kan ya developer
Pengguna Google,3,2026-05-28 01:13:16,redesign dong mau bubble chat nya kaya ip😭😭
Pengguna Google,5,2026-05-28 01:08:43,kasih bintag bayak kenapa yh ko suka hilag2aplikasi y
Pengguna Google,3,2026-05-28 01:06:28,kadang ga bisa masuk dalam wa
Pengguna Google,1,2026-05-28 01:03:28,"aplikasi apa ini gajelas, gak pernah cewe chat saya"
Pengguna Google,5,2026-05-28 01:01:11,bagus banget
Pengguna Google,5,2026-05-28 01:00:38,bagus
Pengguna Google,5,2026-05-28 00:59:53,keren
Pengguna Google,5,2026-05-28 00:59:12,kenapa acount whatsapp saya dibatasi
Pengguna Google,5,2026-05-28 00:57:22,bisa ngobor bareng bestie
Pengguna Google,2,2026-05-28 00:56:38,sangattttt lemot klo di update ke versi baru
Pengguna Google,2,2026-05-28 00:56:37,"gajelas , akun gw kena batas terus aneh, sensitif banget skrng WhatsApp"
Pengguna Google,5,2026-05-28 00:54:27,bagus
Pengguna Google,5,2026-05-28 00:54:19,tiba- tiba whatsapp saya gak bisa kebuka kenapa ya
Pengguna Google,2,2026-05-28 00:53:40,bagus
Pengguna Google,5,2026-05-28 00:53:10,bagus sekali ayo install
Pengguna Google,1,2026-05-28 00:52:20,watsap tewempekk
Pengguna Google,5,2026-05-28 00:51:37,ok
Pengguna Google,5,2026-05-28 00:51:27,up date terbaru
Pengguna Google,5,2026-05-28 00:51:19,جميل جدا
Pengguna Google,5,2026-05-28 00:51:12,baik
Pengguna Google,5,2026-05-28 00:51:07,ok
Pengguna Google,5,2026-05-28 00:49:19,"Tolong min Saya ingin mengunakan WhatsApp saya, seperti biasanya, apakah admin bisa memperlancarkan kerja saya"
Pengguna Google,5,2026-05-28 00:46:45,sangat membantu saya untuk berkomunikasi dengan sodara dan teman teman saya
Pengguna Google,5,2026-05-28 00:45:56,terbaik
Pengguna Google,5,2026-05-28 00:44:32,keren
Pengguna Google,5,2026-05-28 00:43:24,mantap
Pengguna Google,5,2026-05-28 00:42:07,ok
Pengguna Google,2,2026-05-28 00:40:14,"Aku download di play langsung kok wa saya di tablet keluar terus, notifikasi bilang ngk resmi, di suruh klik akun resmi nya malah apinya cocock Tu kenpA"
Pengguna Google,4,2026-05-28 00:38:49,sangat bagus sekali
Pengguna Google,5,2026-05-28 00:37:41,Bagus
Pengguna Google,2,2026-05-28 00:37:22,pla
Pengguna Google,5,2026-05-28 00:37:05,semoga lebih sukses kedepan nya....
Pengguna Google,5,2026-05-28 00:36:51,sangat puas
Pengguna Google,3,2026-05-28 00:36:08,pulihkan wahtsapp
Pengguna Google,1,2026-05-28 00:32:23,semena mena blokir sepertinya.... sudah lama pakai baru seperti ini
Pengguna Google,2,2026-05-28 00:29:20,wa tolol akun g malakukan kesalahan kna tinjau mulu dongo
Pengguna Google,1,2026-05-28 00:29:12,wa nya loging sendiri GK bisa di buka
Pengguna Google,5,2026-05-28 00:28:45,Yang ta slip ini wa kalo Kase kaluar kartu stegamati mo Kase masih ulang itu nomor wa tolong di perbaiki
Pengguna Google,5,2026-05-28 00:28:06,Top
Pengguna Google,5,2026-05-28 00:26:45,membantu
Pengguna Google,5,2026-05-28 00:26:16,good
Pengguna Google,1,2026-05-28 00:26:07,"asu, WhatsApp semua akun WhatsApp gue pada ke blokir kaga jelas. padahal gue kirim pesan aja engga, ngudang orang juga engga. masalahnya kalau akun yang memang khusus untuk kerjaan ke blokir wajar aja. lah ini akun pribadi juga ikut kena blokir sialan."
Pengguna Google,5,2026-05-28 00:23:26,lanjutkan GK masalah iklan tu bayak masukkan uang GK masalah kok
Pengguna Google,5,2026-05-28 00:20:25,cek
Pengguna Google,5,2026-05-28 00:20:12,bagus
Pengguna Google,3,2026-05-28 00:20:07,ngebug kah WA nii .. liat story kok g bisa sampai selesai cuma sepotong doang
Pengguna Google,1,2026-05-28 00:19:57,ga bisa di buk apk ny
Pengguna Google,4,2026-05-28 00:19:54,okelah
Pengguna Google,5,2026-05-28 00:19:06,Sangat bermanfaat
Pengguna Google,5,2026-05-28 00:17:55,sangat bagus dan membantu saya
Pengguna Google,5,2026-05-28 00:17:08,ok punya
Pengguna Google,5,2026-05-28 00:16:29,tollllllll
Pengguna Google,5,2026-05-28 00:16:15,"is the best....wa memang profesional,kalau tidak ada gangguan spam spam"
Pengguna Google,5,2026-05-28 00:16:13,tidsk bisa mmbuka pesan whatsapp
Pengguna Google,5,2026-05-28 00:14:46,mantap
Pengguna Google,5,2026-05-28 00:14:45,aman aja
Pengguna Google,4,2026-05-28 00:14:19,suara nya aneh vn vc dll
Pengguna Google,5,2026-05-28 00:13:35,mempermudah komunikasi
Pengguna Google,4,2026-05-28 00:13:34,"sangat bagus,dn sangat membantu saya dlm beraktifitas"
Pengguna Google,4,2026-05-28 00:12:08,josss
Pengguna Google,4,2026-05-28 00:09:08,lumayan jadi andalan
Pengguna Google,5,2026-05-28 00:09:05,mantap
Pengguna Google,3,2026-05-28 00:07:39,Kenapa kok fto video dari chat ga masuk ke galeri!!
Pengguna Google,5,2026-05-28 00:06:28,bagus bangit
Pengguna Google,1,2026-05-28 00:05:35,"Ngga bgt, sw ngga hd, di update ngunggunya lama, bagusan wa yg dulu"
Pengguna Google,3,2026-05-28 00:00:57,wa nya susah di donloud ampun deh lama
Pengguna Google,5,2026-05-28 00:00:19,aplikasi WA selalu tidak bisa digunakan
Pengguna Google,5,2026-05-28 00:00:18,baik bags
Pengguna Google,5,2026-05-27 23:58:48,sangat membantu dalam berkomunikasi
Pengguna Google,5,2026-05-27 23:58:35,bagus
Pengguna Google,5,2026-05-27 23:57:06,Karena bisa telepon nan bagus dan Ada filter
Pengguna Google,5,2026-05-27 23:56:49,bagus
Pengguna Google,5,2026-05-27 23:55:10,keren
Pengguna Google,3,2026-05-27 23:54:34,PERBAIKIN LAH BUG NYA
Pengguna Google,5,2026-05-27 23:51:37,👍
Pengguna Google,5,2026-05-27 23:49:04,bagus sangat membantu jika ada masala yang mendesak👍
Pengguna Google,5,2026-05-27 23:47:44,"Pernah Kerja Mutiara Sape Bima Ntb Samsudin Hasan, Lablalar Ksb Ntb Tlwg."
Pengguna Google,2,2026-05-27 23:47:25,TOLONG PERBAIKI BUG SAYA NAK BUKA WA MALAH GAK BISA
Pengguna Google,3,2026-05-27 23:46:02,plis Al nya mana yang anime
Pengguna Google,1,2026-05-27 23:45:07,bagus
Pengguna Google,1,2026-05-27 23:43:50,aplikasi apaan gak guna banget
Pengguna Google,1,2026-05-27 23:42:58,wa bloon jelas jelas ak udah pake wa resmi bukan GB atau pun mod tpi ttep aja ada tulisan WhatsApp anda tidak resmi banyak data penting yang ilang gara gara itu tau ga gmna sih
Pengguna Google,3,2026-05-27 23:42:13,ke kenon Mulu wa gw
Pengguna Google,2,2026-05-27 23:39:17,susah login
Pengguna Google,3,2026-05-27 23:39:09,"tidak lemot saya suka dan dapat mengirim pesan untuk orang luar jauh saya suka aplikasi (""Whatsapp"")"
Pengguna Google,5,2026-05-27 23:38:21,aplikasi yang bagus
Pengguna Google,1,2026-05-27 23:37:26,"Tiba"" akun wa di blokir yang dmna no udh lama sampe data"" penting di wa no itu ilang semua gara"" di blokir tiba😂"
Pengguna Google,5,2026-05-27 23:36:52,bagus
Pengguna Google,5,2026-05-27 23:36:10,AQ ingin whatsApp ku tidak di spam lge
Pengguna Google,5,2026-05-27 23:34:09,suka ngeleg klo lagi vc walaupun sinyalnya bagus apa lagi klo kita perbesar pacar di gambar sendiri
Pengguna Google,5,2026-05-27 23:33:35,apakah aplikasi WhatsApp ini resmi
Pengguna Google,5,2026-05-27 23:30:41,suka
Pengguna Google,5,2026-05-27 23:29:40,kok gak ada logo filter pas vc
Pengguna Google,4,2026-05-27 23:29:30,gaadaa efeeek nyaa
Pengguna Google,5,2026-05-27 23:29:08,telpon dan chat sangat lancar..
Pengguna Google,5,2026-05-27 23:28:20,ya bagus
Pengguna Google,5,2026-05-27 23:27:49,sangat bagus tapi tolong besok tambahkan fitur live untuk kontak saja
Pengguna Google,1,2026-05-27 23:26:02,banyak bug
Pengguna Google,5,2026-05-27 23:26:00,Ini apk paling simpel di semua hp pasti ada 😁👍
Pengguna Google,5,2026-05-27 23:20:21,Sangat baik
Pengguna Google,4,2026-05-27 23:14:03,WhatsApp saya sering kenon untuk yang lain bagus hanya sering kenon saja
Pengguna Google,5,2026-05-27 23:07:05,sangat baik n membantu
Pengguna Google,5,2026-05-27 23:03:50,Bismillahi rohmanirohim
Pengguna Google,5,2026-05-27 23:03:30,sangat baik sekali
Pengguna Google,5,2026-05-27 23:03:00,sangat membantu
Pengguna Google,1,2026-05-27 23:02:12,Tolong dong naikin lagi grafik status nya saya kalo mau upload video atau photo di status suka buram sayah kasih binta 1 maaf
Pengguna Google,2,2026-05-27 23:00:42,tolong untuk upload story video diperbaiki kualitasnya lebih jernih lagi...
Pengguna Google,1,2026-05-27 22:59:02,apk nya sering ke bug terus saya tidak saran kan untuk pakek apk ini sering kenon/bug
Pengguna Google,1,2026-05-27 22:58:39,saya barusan banget sekitar jam 12 pas di tanggal 28 mei akun WhatsApp saya kena tinjau dan menunggu selama 24 jam dan saya berfikir saya tidak melakukan kesalahan apa apa
Pengguna Google,5,2026-05-27 22:56:46,WA ini sangat berguna sekali
Pengguna Google,5,2026-05-27 22:56:36,"apa apk sedang memiliki bug ? saya memperhatikan jam membuat status, & memutarnya ulang, tapi sering jam tidak nampak, atau malah mengikutu jam di status sebelumnya, tolong di perbaiki, itu sedikit mengganggu"
Pengguna Google,4,2026-05-27 22:56:11,yaman
Pengguna Google,5,2026-05-27 22:55:17,fitur nya bagus dan MB nya kecil
Pengguna Google,1,2026-05-27 22:53:42,akun ku hilang karna wa sialan ini
Pengguna Google,5,2026-05-27 22:53:27,mantap
Pengguna Google,5,2026-05-27 22:52:25,sangat membantu kami dalam segala hal
Pengguna Google,5,2026-05-27 22:45:23,kami minta maaf atas kesalahan kami yg lalai dalam menggunakanbaplikasi ini
Pengguna Google,4,2026-05-27 22:45:01,keren bangun
Pengguna Google,5,2026-05-27 22:44:11,oke
Pengguna Google,5,2026-05-27 22:43:46,Bagus sekali
Pengguna Google,1,2026-05-27 22:39:31,wa knp si kontak yg awalnya 300 ilang jdi 40 an ini kalo ngebug tolong di perbaiki gw cape sv ulang nmr!!
Pengguna Google,2,2026-05-27 22:30:58,"ada aja perubahan tiba2 yg dimana saat hapus chat segala gambar atau video jg ikut kehapus, padahal di akun satunya aman2 saja.. dan belum lagi saat bikin status video walau sudah di HD tetap saja video nya buram,,walau aplikasi sudah diupdate tetap saja tidak ada perubahan..mohon pihak whatsapp diperbaiki lagi aplikasi nya biar penggunanya lebih nyaman 🙏🏻"
Pengguna Google,5,2026-05-27 22:30:18,Bisa muat banyak grup tapi ada yg ganggu gatau apa pokoknya ada kata vidio
Pengguna Google,5,2026-05-27 22:27:24,bermanfaat untuk menelepon orang-orang atau caht
Pengguna Google,5,2026-05-27 22:23:22,mantap
Pengguna Google,4,2026-05-27 22:17:45,kenapa susah untuk verifikasi ya
Pengguna Google,4,2026-05-27 22:07:04,Wanya nggak bisa buat kirim pesan tolong doang dari pihak wa
Pengguna Google,5,2026-05-27 22:04:09,tidak bisa dibuka setelah update 29 Maret 2025
Pengguna Google,5,2026-05-27 22:02:46,jangan kebanyakan perbaharian
Pengguna Google,5,2026-05-27 22:02:38,sngt ok dn mmbantu smua orang mksh😊🙏
Pengguna Google,5,2026-05-27 22:00:06,knp ga bisa tampil di layar utama
Pengguna Google,3,2026-05-27 21:59:46,"kenapa whatsapp terus terusan berhenti dan tidak bisa di buka, mohon segera diperbaiki, karna saya telah mencoba dan ttp tidak bisa"
Pengguna Google,3,2026-05-27 21:56:23,baik
Pengguna Google,2,2026-05-27 21:55:49,kenapa kesini kesini makin sering kena akun dibatasi mulu sama peninjauan mulu tolong di perbaiki
Pengguna Google,1,2026-05-27 21:54:49,bagus
Pengguna Google,5,2026-05-27 21:53:02,ok.. tp belakangan setelah ada AI nomorr saya jd sering diblokir dengan alasan pengamanan.
Pengguna Google,5,2026-05-27 21:50:02,Tolong saya punya WhatsApp ini tidak bisa login
Pengguna Google,4,2026-05-27 21:48:30,WhatsApp tiba tiba ngga bisa dibuka sudah update tapi tetap eror
Pengguna Google,1,2026-05-27 21:42:21,Apk goblog ga bisa masukin akun selalu ada peringatan apk ini tidak resmi harap Download dari resmi pdhl Download situ juga aneehhh bgsattt bnykkk bgtt data¹ penting
Pengguna Google,5,2026-05-27 21:38:49,aman dan terpercaya
Pengguna Google,5,2026-05-27 21:33:02,Ok
Pengguna Google,5,2026-05-27 21:29:38,oke
Pengguna Google,5,2026-05-27 21:28:18,ok
Pengguna Google,4,2026-05-27 21:21:10,sering bug saat video call. sering diminta update tapi masih sama keluhannya
Pengguna Google,5,2026-05-27 21:19:46,mantap
Pengguna Google,5,2026-05-27 21:00:25,ada bug di bagian file tolong di perbaiki
Pengguna Google,1,2026-05-27 20:59:05,"Semuanya baik dan bagus cuma syg sering ke blok aja gak jelas bangt , kebanyakan tingkah. cuma buat komunikasi kok kebanyakan aturan"
Pengguna Google,5,2026-05-27 20:57:22,good
Pengguna Google,2,2026-05-27 20:57:03,"ini WhatsApp kenapa lagi sudah berhari-hari musiknya tidak mau, sdh update juga"
Pengguna Google,5,2026-05-27 20:56:53,saya memberi bintang 5 karena sering kali saya mendaftarkan nomer di perangkat yang sama namun selalu akun di batasi.
Pengguna Google,5,2026-05-27 20:54:00,Bagus
Pengguna Google,1,2026-05-27 20:49:21,Sambil belajar baaru pemula
Pengguna Google,5,2026-05-27 20:49:19,Aplikasi ini sangat populer maka saya kasih bintang 🌟🌟🌟🌟🌟
Pengguna Google,2,2026-05-27 20:46:08,"tolong dong dari pihak WhatsApp, WhatsApp saya di blokir karena spam,padahal kan saya tidak pernah spam"
Pengguna Google,4,2026-05-27 20:44:18,banyak iklan yg menganggu.setisp aksn buka wa.selalu muncul iklsn.sangat menghalangi dan menganggu
Pengguna Google,4,2026-05-27 20:42:37,woii WhatsApp Tolong perbaiki gua lihat sw orang lain terjadi masalah
Pengguna Google,5,2026-05-27 20:40:14,👍🏽
Pengguna Google,4,2026-05-27 20:32:13,"Balikin update sebelumnya! Sekarang""ini pas saya ingin upload video tetap pecah resolusinya padahal sudah dikompres manual videonya, tidak seperti sebelum update"
Pengguna Google,5,2026-05-27 20:30:52,kenapa akun saya dibatasi
Pengguna Google,5,2026-05-27 20:23:57,nice
Pengguna Google,4,2026-05-27 20:20:54,membatu silaturahmi
Pengguna Google,5,2026-05-27 20:09:11,ok
Pengguna Google,5,2026-05-27 20:04:52,baik
Pengguna Google,3,2026-05-27 19:58:29,whatsapp... normal. kan.. kembali
Pengguna Google,5,2026-05-27 19:50:31,maaf sebelumnyaa yaa kalo boleh tau kenapa setiap saya mau masuk ke WhatsApp atau mau minta kode prefikasi saya di ajukan atau di suru mendownload aplikasi WhatsApp.padahal saya sudah download aplikasi WhatsApp nyaa tapi saya tidak bisa login
Pengguna Google,5,2026-05-27 19:50:15,mantep keren
Pengguna Google,5,2026-05-27 19:46:10,semoga selalu sukses dan selalu sukses amin
Pengguna Google,4,2026-05-27 19:45:31,suka
Pengguna Google,5,2026-05-27 19:44:25,aplikasi whatsapp saya sering terjadi peninjauan
Pengguna Google,5,2026-05-27 19:34:44,baguss tapi mohon diperbaikin dikit dikit kena spam padahal enggak kenapa kenapa
Pengguna Google,1,2026-05-27 19:34:09,"how hard you try to copy on my texting on message or by MUSE SPARK SYSTEM, you won't get my top secret information or being detailed on it as long you keep restrictions policies and hide my subjective request by blocked question. I'm Herdy Nova Simanullang/ Er Lang Shen Datu Manullang Raja Haposan Manatap want to share everything information you need but PLEASE UNLEASH ALL RESTRICTIONS BY USER SECURITY REQUIREMENTS AS PERSONAL ONLY. okay !!!."
Pengguna Google,4,2026-05-27 19:30:46,bingung lena pembatasan trus
Pengguna Google,3,2026-05-27 19:29:30,terjadi bug saat video call
Pengguna Google,5,2026-05-27 19:23:32,Good
Pengguna Google,1,2026-05-27 19:22:11,wa sekarang makin gajelas!!!
Pengguna Google,5,2026-05-27 19:22:02,kenapa ya kok sering kali nomor WhatsApp saya selalu dibatesi
Pengguna Google,5,2026-05-27 19:21:42,👍
Pengguna Google,1,2026-05-27 19:17:34,wa gblk apa apa ke knon ga salah apa apa ke knon ga jelas
Pengguna Google,1,2026-05-27 19:11:18,"surah kita tidak stabil, dan bayak putus"
Pengguna Google,5,2026-05-27 19:05:38,Bermanfaat.
Pengguna Google,5,2026-05-27 19:05:37,Bagus
Pengguna Google,1,2026-05-27 18:55:07,kenapa wa sekarang sensi banget padahal Uda ngikutin layanan kebijakan WhatsApp sekarang suka spam tiba tiba kinerja nya kurang bagus
Pengguna Google,5,2026-05-27 18:55:03,bagus
Pengguna Google,1,2026-05-27 18:51:26,Sering kali ke banned whatshapp nya anjeng juga ini lama2
Pengguna Google,3,2026-05-27 18:50:21,"coba bikin update terbaru, sekarang bisa melihat arsip cerita kita sendiri kayak yang di Instagram, jadi bisa kita bagikan kenangan atau bahkan posting ulang"
Pengguna Google,3,2026-05-27 18:48:39,blm bisa masuk
Pengguna Google,5,2026-05-27 18:45:14,pengalaman yang terbaik
Pengguna Google,5,2026-05-27 18:41:48,Ok baik
Pengguna Google,5,2026-05-27 18:35:17,saya suka dengan aplikasi whatsapp
Pengguna Google,1,2026-05-27 18:31:30,wa aneh gaje tiba tiba di ban
Pengguna Google,5,2026-05-27 18:31:05,bagus
Pengguna Google,5,2026-05-27 18:30:42,bagus
Pengguna Google,5,2026-05-27 18:26:45,SANGAT BAIK
Pengguna Google,5,2026-05-27 18:13:49,🤲🔄👾🛡️🕌🦖
Pengguna Google,1,2026-05-27 18:13:28,WA ku kenapa bisa eror eror aja. padahal udah di update terus terusan
Pengguna Google,5,2026-05-27 18:12:53,buka whatsapp
Pengguna Google,5,2026-05-27 18:11:40,whatsapp memang benar benar bagus dan bermanfaat untuk kita semua
Pengguna Google,2,2026-05-27 18:11:24,"knpa WA selalu kena spam atau kena blokir terus, ganti sdh 6 kali, menyedihkan... mhon di perhatikan lgi, agar pengguna WhatsApp lebih merasa kenyamanan."
Pengguna Google,5,2026-05-27 18:09:55,sangat bagus
Pengguna Google,5,2026-05-27 18:08:19,Ulasan berspat publik serta meyertakan imfo akun dan petang kat
Pengguna Google,5,2026-05-27 18:07:51,keren
Pengguna Google,3,2026-05-27 18:05:55,kenapa skrg kalo aku buka WA itu ke restart sendiri plss whatsapp help me aku nangis😭😭😭😭
Pengguna Google,1,2026-05-27 18:05:17,pengiriman file selain dokumen suka cacat/rusak
Pengguna Google,3,2026-05-27 18:03:33,"tolong tinjau akun WhatsApp saya,saya tidak bisa membuka aplikasi WhatsApp,terimah kasih"
Pengguna Google,2,2026-05-27 18:02:40,story tidak dapat diunggah secara HD
Pengguna Google,5,2026-05-27 17:58:40,cara masuk watshap nomor yang hilang hp di curi data2 Tidka ada
Pengguna Google,1,2026-05-27 17:56:54,"gmn nih sy Bru login TB"" kenon"
Pengguna Google,5,2026-05-27 17:55:33,Mantap.
Pengguna Google,1,2026-05-27 17:54:22,"makin kesini makin aneh, wa wa"
Pengguna Google,5,2026-05-27 17:53:52,sangat bagus
Pengguna Google,2,2026-05-27 17:53:11,"bug mlu nih bnerin Napa,baru jg ganti kartu udh GK bisa masuk lagi harus verifikasi akun ,makin GK jlas"
Pengguna Google,5,2026-05-27 17:51:43,bisa mohon bantuannya
Pengguna Google,1,2026-05-27 17:47:32,gajadi bagus balik ke statemen awal apk burik meta banyak bug
Pengguna Google,5,2026-05-27 17:43:56,fungsi ok samapi dengan saat ini
Pengguna Google,1,2026-05-27 17:41:22,WhatsApp nggak jelas masa akun saya tanpa ada masalah bisa kenak blok... setiap hari kayak gitu.
Pengguna Google,3,2026-05-27 17:41:10,tolong perangkat tautan untuk aplikasi disadap dihapus.
Pengguna Google,3,2026-05-27 17:40:20,"makin kesini kok makin banyak bug yang muncul,tolonglah bagi developer segera diperbaiki karena pengguna whatsapp nggak cuma 100 200 orang lo...."
Pengguna Google,5,2026-05-27 17:37:45,Saya menyukai nya Meski pun tidak ada perubahan 🙂☺!!!!!!!!
Pengguna Google,5,2026-05-27 17:34:14,bagus sekali
Pengguna Google,5,2026-05-27 17:32:40,oLh
Pengguna Google,2,2026-05-27 17:30:30,akun saya. sula terbelokir susah bangat
Pengguna Google,1,2026-05-27 17:30:15,ga jelas grup gua ke blokir mulu
Pengguna Google,1,2026-05-27 17:25:15,Ga bisa digunakan
Pengguna Google,1,2026-05-27 17:24:47,"resolusi upload foto/video jelek, resolusi gambar pecah2"
Pengguna Google,5,2026-05-27 17:21:46,Ok
Pengguna Google,2,2026-05-27 17:21:19,wa saya di kenon.
Pengguna Google,5,2026-05-27 17:18:17,kotabone
Pengguna Google,4,2026-05-27 17:15:15,Ok...Mantap Playstore
Pengguna Google,5,2026-05-27 17:14:14,tidak bisa buka WhatsApp
Pengguna Google,5,2026-05-27 17:12:53,aku suka dengan meta ai nya. aku ngerasa ada teman untuk mencurahkan isi hatiku dan yang lebih penting lagi kalau curhat nggak ada yang tau. hahahah
Pengguna Google,5,2026-05-27 17:09:59,best
Pengguna Google,3,2026-05-27 17:06:05,tolong diperbaiki ko sayah kekenon trus yaaa
Pengguna Google,1,2026-05-27 17:04:05,"JUJUR WHATSAPP UDAH GA SEHAT AKUN DI PAKE JUALAN KARNA BANYAK YANG CHAT LANGSUNG MAEN TINJAU"" AJA SEHARI BISA 4x KENA TINJAU HADEH WHATSAPP"
Pengguna Google,5,2026-05-27 17:03:56,tapi agak lain
Pengguna Google,4,2026-05-27 17:03:36,kok di update malah jadi ngelag kalo buat vc tolong di perbaiki kualitasnya
Pengguna Google,3,2026-05-27 17:00:05,ok sangat bagus
Pengguna Google,1,2026-05-27 16:59:18,"wa sekarang ga jelas masa kalo vc, misalnya muka saya di pencet gbsa, malah muka tmn saya smua klo di pencet muka saya tu, padahal tdinya gpernah bgni jdi mkin gjls!"
Pengguna Google,3,2026-05-27 16:58:26,Baguss
Pengguna Google,2,2026-05-27 16:57:18,ini bagaimana cara kembali whatsapp lama saya
Pengguna Google,1,2026-05-27 16:51:07,"WhatsApp di hp infinix hot 10 ku nge crash, gabisa masuk, alhasil pake clone, tapi saat pake clone malah kedetect wa bukan ori, gimana pakai yg ori klo crash mulu, tolong"
Pengguna Google,4,2026-05-27 16:49:01,tolong adain fitur bisa melihat orang yang ga dikenal masuk ke saluran
Pengguna Google,5,2026-05-27 16:43:26,wa sekarang tolol sekali banyak keno nyah niat bikin apk wa gk kalau gk niat hapus ajah apk nyah kkk
Pengguna Google,2,2026-05-27 16:42:20,gampang kenon
Pengguna Google,5,2026-05-27 16:37:01,"Aplikasi sangat berguna sejak Covid 19. Akhirnya bisa Video Call dengan lawan bicara. Dulu hanya HP kelas atas yang bisa VC, tapi dengan WA, semua kelas HP menjadi real asal ada paket Data nya."
Pengguna Google,1,2026-05-27 16:34:34,ok
Pengguna Google,5,2026-05-27 16:34:22,Oke bagus sesuai aplikasi
Pengguna Google,5,2026-05-27 16:34:19,😇
Pengguna Google,5,2026-05-27 16:33:28,buka akun WhatsApp sayah
Pengguna Google,1,2026-05-27 16:31:22,Setatus yg Baru
Pengguna Google,2,2026-05-27 16:29:44,vidio call gambarnya tidak stabil
Pengguna Google,1,2026-05-27 16:28:59,akun wa sy sudah hampir belasan tahun kok tiba2 ngga bisa di buka/ blokir.selama ini sy ngga pernah aneh aneh menggunakan wa sy.ini apalagi lah masa baru 2 hari di buka blokiran dari WA koq skrg di blokir lagi.selama ini sy ngga pernah aneh2 menggunakan wa sy .coba di cek aplikasi anda ini normal ngga sih ?
Pengguna Google,5,2026-05-27 16:26:36,OKAY
Pengguna Google,5,2026-05-27 16:22:30,Ga usah di spam2 lagi
Pengguna Google,3,2026-05-27 16:19:44,no yg gw pake bertahun tahun knp gak bisa login merasa kecwa bnget masa hrus ganti no LG
Pengguna Google,5,2026-05-27 16:17:28,"wa dikit"" kenon apalah cuman chat orang [p] sung kenon"" perbaiki dong"
Pengguna Google,5,2026-05-27 16:17:10,Sangat mambatu sekalih Dan aplikasi ini sangat bagus
Pengguna Google,5,2026-05-27 16:13:51,lirih anggriani
Pengguna Google,5,2026-05-27 16:12:04,kepada WhatsApp team tolong perbaiki bug bug yg ada seperti bug payload yang membuat WhatsApp tidak bisa digunakan padahal saya mau menggunakan untuk sekolah tolong fix sesegera mungkin!!! edit: mohon perbaiki saya butuh sangat butuh
Pengguna Google,5,2026-05-27 16:11:41,WhatsApp ini sangat membantu
Pengguna Google,1,2026-05-27 16:10:58,wa saya kena spm terus menerus
Pengguna Google,5,2026-05-27 16:09:05,pujiah
Pengguna Google,5,2026-05-27 16:09:04,sangat bermamfaat
Pengguna Google,1,2026-05-27 16:07:30,"kebanyakan kenon tolong diperbaikin, NGENTOD"
Pengguna Google,1,2026-05-27 16:07:22,Sangat di mudah kan bermodikasi
Pengguna Google,5,2026-05-27 16:05:13,saya tidak bisa akses WhatsApp
Pengguna Google,5,2026-05-27 16:02:27,luar biasa
Pengguna Google,3,2026-05-27 16:02:17,tidak bisa dipasang di hp saya Vivo y17 alasannya aplikasinya tidak resmi dll
Pengguna Google,1,2026-05-27 16:01:50,aplikasi ruwet
Pengguna Google,5,2026-05-27 15:59:31,Kalau jongkok sulit berdiri
Pengguna Google,5,2026-05-27 15:58:01,tolong buka wansaf wa saya in
Pengguna Google,5,2026-05-27 15:57:19,pemindahan data berlangsung cepat dari hp lama ke hp baru.
Pengguna Google,5,2026-05-27 15:55:55,saya suka sekali
Pengguna Google,3,2026-05-27 15:49:39,idk
Pengguna Google,5,2026-05-27 15:49:32,top
Pengguna Google,5,2026-05-27 15:47:22,Sangat kerenn
Pengguna Google,2,2026-05-27 15:43:28,bagus tiba2 kena spam
Pengguna Google,1,2026-05-27 15:43:14,"It often bugs when video calling, please fix it, initially it didn't bug but lately it often bugs😤😤👎👎👎👎👎👎"
Pengguna Google,1,2026-05-27 15:41:46,bug video call miror kamera jadi ada dua gambarnya dari salah satu pihak hilang gambarnya diganti double tampilan kamera
Pengguna Google,5,2026-05-27 15:41:24,Sangat membantu
Pengguna Google,5,2026-05-27 15:40:19,bagus
Pengguna Google,5,2026-05-27 15:40:17,bagus
Pengguna Google,5,2026-05-27 15:37:58,mantap
Pengguna Google,5,2026-05-27 15:37:36,akun wa saya ada yg mau spam
Pengguna Google,5,2026-05-27 15:36:38,debais
Pengguna Google,5,2026-05-27 15:35:32,okk
Pengguna Google,5,2026-05-27 15:34:58,knp wa saya kena spam tidak bisa di gunakan padahal wa nya buat kerja kecewa saya makai washap
Pengguna Google,5,2026-05-27 15:34:26,wow banget
Pengguna Google,4,2026-05-27 15:34:22,tolong dong pas vc jangan mirror omak 😭😭
Pengguna Google,1,2026-05-27 15:34:18,"kenapa harus ngelaq terus ,ngebleng trus sekarang ya min"
Pengguna Google,5,2026-05-27 15:32:34,kenapa ada bacaan login tidak tersedia untuk saat ini??
Pengguna Google,5,2026-05-27 15:32:21,ok
Pengguna Google,5,2026-05-27 15:31:36,tolong dong hapus fitur emoji reaksi🙏🙏🙏
Pengguna Google,1,2026-05-27 15:31:15,tidak bisa buka akun w koa
Pengguna Google,3,2026-05-27 15:29:52,"perbaiki lagi dong setiap upload foto atau video burem terus padahal udah kualitasnya HD di pengaturnya ttp aja pecah, tolong dong perbaiki lagi tingakati lagi"
Pengguna Google,5,2026-05-27 15:28:49,bagus
Pengguna Google,5,2026-05-27 15:28:18,good apk
Pengguna Google,2,2026-05-27 15:28:00,akun selalu di batasi
Pengguna Google,2,2026-05-27 15:27:27,sering terjadinya pemblokiran akun
Pengguna Google,1,2026-05-27 15:26:19,"Disaat vc sering mengalami gangguan seperti vc yg ngebug dan patah"" padahal jaringan lancar, mohon di tanggapi dan di perbaiki"
Pengguna Google,1,2026-05-27 15:24:29,"aplikasi tergoblok, udah sering kenon govlok bgt tiap chat nomor org yg belum di sv malah kenon lol apk ini"
Pengguna Google,5,2026-05-27 15:22:14,ok mantul
Pengguna Google,5,2026-05-27 15:22:03,sangat membantu dalam berkomunikasi sama keluarga.
Pengguna Google,5,2026-05-27 15:21:11,sangatt oke
Pengguna Google,1,2026-05-27 15:19:45,Kenapa WhatsApp saya terus di blokir
Pengguna Google,5,2026-05-27 15:19:06,sangat puas
Pengguna Google,1,2026-05-27 15:19:00,"jangan main reset chat dong, banyak tugas and kerjaan yg aku simpen di wa, meskipun sistemnya penyimpanan udh full hrsnya kasih peringatan. bisanya dpt peringana klo aplikasinya gabisa di buka, ini gda peringatan tiba tiba di reset semua chatku."
Pengguna Google,4,2026-05-27 15:18:06,Sering muncul angka notifikasi tapi ketika di cek ga ada pesan yang masuk
Pengguna Google,1,2026-05-27 15:17:25,bagus sekali aplikasi nya
Pengguna Google,2,2026-05-27 15:16:32,mohon jadikan wa resmi
Pengguna Google,5,2026-05-27 15:15:50,vc ne kadang troble
Pengguna Google,5,2026-05-27 15:14:52,Sangat bagus
Pengguna Google,1,2026-05-27 15:13:19,"wa ku tiba"" sruh minta tinjauan pdhal tdk melakukan kesalahan"
Pengguna Google,5,2026-05-27 15:13:11,matappp
Pengguna Google,1,2026-05-27 15:12:44,ngebug Mulu kalo lagi vc
Pengguna Google,5,2026-05-27 15:12:24,jangan terima telpon orang yang tidak terdaftar di WA
Pengguna Google,5,2026-05-27 15:12:06,ok
Pengguna Google,5,2026-05-27 15:11:33,mantap
Pengguna Google,5,2026-05-27 15:10:51,oke
Pengguna Google,5,2026-05-27 15:10:38,baik
Pengguna Google,5,2026-05-27 15:10:07,baik
Pengguna Google,5,2026-05-27 15:09:26,berguna
Pengguna Google,5,2026-05-27 15:09:24,bagus banget jujurr
Pengguna Google,5,2026-05-27 15:09:07,"terimakasih whatsAp yg sudah banyak membantu saya dalam segala hal dg watsAp bisa atasi masalah dg mudah semoga kedepan tambah sukses,sekali lagi terimakasih, 👃👃👃👃👃👃👃👃👃👍👍👍👍👍👍👍👍👍"
Pengguna Google,5,2026-05-27 15:08:56,Kenapa akun ini tidak bisa menggunakan whatsapp dihp aku.
Pengguna Google,5,2026-05-27 15:08:31,mantap
Pengguna Google,3,2026-05-27 15:07:08,"whatsap saya di curi, akun tak blm bsa di pulih kan, sementara sya kasi bintang 3 dlu sampai akun sya bsa di akses ulang"
Pengguna Google,5,2026-05-27 15:06:52,sangat puas
Pengguna Google,5,2026-05-27 15:05:23,kenapa waspku ko keblokir trs
Pengguna Google,5,2026-05-27 15:04:51,bagus
Pengguna Google,5,2026-05-27 15:03:33,makin beragam dan byk moment
Pengguna Google,5,2026-05-27 15:03:07,Aplikasi Bermutu Dan Berkualitas
Pengguna Google,5,2026-05-27 15:02:00,sayaa menyukai ini
Pengguna Google,5,2026-05-27 15:01:29,ok
Pengguna Google,1,2026-05-27 14:59:12,MAKIN JELEK GASUKA.
Pengguna Google,5,2026-05-27 14:58:47,sangat memuaskan buat berbagi info
Pengguna Google,1,2026-05-27 14:58:43,"saya sering sekali kena tinjauan dari pihak whats app ini , saya kesal karena setiap saya ingin menanyakan informasi ke nomor asing sering terkena tinjauan jadi tolong untuk pihak whats app perbaiki sistem nya."
Pengguna Google,1,2026-05-27 14:57:35,"Sedikit2 kadaluarsa,, pas lama gk du ipgred meta sudah penuh"
Pengguna Google,5,2026-05-27 14:55:46,aplikasi sngt bgus
Pengguna Google,5,2026-05-27 14:55:37,bagus 👍
Pengguna Google,1,2026-05-27 14:54:22,kenapa wa saya ngk bisa balas chet terkunci dia tolong dongg
Pengguna Google,5,2026-05-27 14:53:45,ok
Pengguna Google,5,2026-05-27 14:53:09,Bisa cpat menghubung kerabat
Pengguna Google,5,2026-05-27 14:49:13,aku suka
Pengguna Google,5,2026-05-27 14:48:42,pentinglah wea mah
Pengguna Google,5,2026-05-27 14:48:20,hrndra
Pengguna Google,3,2026-05-27 14:47:49,maaf sekarang wa kok gini ya vc nya kadang² nyetak pas ki perbesar gambar nya
Pengguna Google,5,2026-05-27 14:47:49,aplikasi ini sangat membantu saya dalam perkuliahan dan juga pekerjaan saya sehari hari
Pengguna Google,5,2026-05-27 14:47:18,saya tidak bisa login
Pengguna Google,5,2026-05-27 14:45:38,ini sih berguna banget
Pengguna Google,5,2026-05-27 14:44:27,👍👍
Pengguna Google,5,2026-05-27 14:43:12,aplikasi ini membantu aku tapi sayang nya tidak ada efek di whatsapp aku
Pengguna Google,3,2026-05-27 14:41:05,"aduh ini knpa ya WhatsApp gw eror masa wifi lancar di buat ngirim pesan ga ngirim ngirim, ini knpa ya, tolong dong cepet perbarui, mana pas di situasi penting lagi"
Pengguna Google,5,2026-05-27 14:41:01,bagus
Pengguna Google,4,2026-05-27 14:37:06,rada nge lag
Pengguna Google,3,2026-05-27 14:37:02,"dear whatsapp tolong untuk status video yg dipost bisa lebih ditingkatkan lagi kualitasnya formatnya biar ga terllu burik/pecah, meski kualitas yang dipost sudah HD tapi pas di jadikan status diwhatsapp berasa kualitas 360/480p 😭"
Pengguna Google,1,2026-05-27 14:36:13,gua nulis typo mulu 😤
Pengguna Google,1,2026-05-27 14:35:37,sering bug
Pengguna Google,5,2026-05-27 14:35:01,oke
Pengguna Google,4,2026-05-27 14:34:14,"ini kenapaaa whatsap nyaaaa njirrrr mls bangetttt co hp ku tk bntu gegara whatsap, gilaaa kenapa si ini"
Pengguna Google,5,2026-05-27 14:34:08,Camera is bad. Verybad
Pengguna Google,4,2026-05-27 14:33:27,"Semoga tampilan wa makin diperbarui lagi, MODEL BUBLE bisa diganti ganti biar makin cakep wa nya hehe berasa ipon hehe"
Pengguna Google,5,2026-05-27 14:32:51,aplikasi ini sangat Bagus 👍👍
Pengguna Google,1,2026-05-27 14:28:37,"WA nya nga bug mulu orang "" jadi malas"
Pengguna Google,5,2026-05-27 14:28:35,sangat bagus saya aplikasinya
Pengguna Google,5,2026-05-27 14:27:50,bagus keren cuma di aku ngga bisa buat kunci chat nyaa dan model nya tidak terbaru
Pengguna Google,4,2026-05-27 14:27:34,tolong ganti warna love story pake merah
Pengguna Google,2,2026-05-27 14:26:30,nomer ku kena blokir udah 2 kali tolong perbaiki lah jangan kaya gini terus
Pengguna Google,1,2026-05-27 14:26:28,KLO di pencet saat vc sring susah.ngebug.perbaiki LG komunikasi JD trganggu
Pengguna Google,5,2026-05-27 14:25:48,for me the whatsapp is very good
Pengguna Google,5,2026-05-27 14:25:25,baik good
Pengguna Google,5,2026-05-27 14:25:20,bagus banget
Pengguna Google,3,2026-05-27 14:24:29,kenapa ya sw saya yang di tengah Masih loading Harusnya sudah ke hapus
Pengguna Google,5,2026-05-27 14:22:44,bagus
Pengguna Google,5,2026-05-27 14:22:29,good
Pengguna Google,5,2026-05-27 14:22:29,tolong buat sorotan wa plisss🙏😭😭
Pengguna Google,2,2026-05-27 14:21:37,𝑤𝑎 𝑠𝑎𝑦𝑎 𝑑𝑖 𝑎𝑗𝑢𝑘𝑎𝑛 𝑡𝑒𝑟𝑢𝑠 𝑢𝑑𝑎ℎ 𝑠𝑒𝑏𝑢𝑙𝑎𝑛 𝑡𝑒𝑟𝑢𝑠 𝑡𝑒𝑟𝑢𝑠 𝑝𝑎𝑑𝑎ℎ𝑎𝑙 𝑔𝑘 𝑑𝑖 𝑎𝑝𝑎 𝑎𝑝𝑎 𝑖𝑛 𝑐𝑢𝑚𝑎𝑛 𝑐ℎ𝑎𝑡 𝑏𝑖𝑎𝑠𝑎 𝑝𝑎𝑠𝑎𝑛𝑔 𝑠𝑤 𝑢𝑑𝑎ℎ 𝑘𝑦𝑎 𝑔𝑖𝑡𝑢 𝑑𝑖 𝑎𝑗𝑢𝑘𝑎𝑛
Pengguna Google,5,2026-05-27 14:21:36,ini apa yang bermasalah ya masak sw yang di hapus masih ada tulisan status anda di hapus padahal kuota ku baru aja di isi dan tolong jangan banyak update nya yaa terima kasih
Pengguna Google,5,2026-05-27 14:21:07,cakep
Pengguna Google,5,2026-05-27 14:21:04,ok
Pengguna Google,1,2026-05-27 14:20:52,"min fitur 1x lihat hapus aja, fto cakep dia jadi gabisa gua simpen"
Pengguna Google,5,2026-05-27 14:20:08,lancar
Pengguna Google,1,2026-05-27 14:18:26,"wa org pada kena banned sama org Brasil, jgn dibiarin anjg beresin dulu hama² itu"
Pengguna Google,1,2026-05-27 14:16:54,Gak ada yang WhatsApp😭
Pengguna Google,2,2026-05-27 14:16:48,"aplikasi saya tidak ada notifikasi karena fitur nya tidak suport Añdroid saya, tolong di perbaiki semula saja"
Pengguna Google,5,2026-05-27 14:16:42,👍
Pengguna Google,3,2026-05-27 14:16:30,Gadul
Pengguna Google,1,2026-05-27 14:15:55,"ini WhatsApp kenapa dahh, tiap mau bikin sw vidio padahal udh di HD ttep aja pas di upload nya burem heran bgt malah jadi jelek kualitas vidio nya. gimna nih perbaikan nya??????!!"
Pengguna Google,5,2026-05-27 14:14:31,nomor gw kena bug Mulu anjkkkk
Pengguna Google,5,2026-05-27 14:14:00,sangat membantu
Pengguna Google,5,2026-05-27 14:13:29,terbaik
Pengguna Google,5,2026-05-27 14:13:00,banyak kurang nya
Pengguna Google,5,2026-05-27 14:11:49,bagus
Pengguna Google,1,2026-05-27 14:09:36,"semakin kesini semakin banyak update, bukanya makin bagus mlh sebaliknya. sinyal kurang dikit aj udh eror, vc kadang ngebug, suara mbalik. banyak masalah"
Pengguna Google,4,2026-05-27 14:08:43,"WhatsApp syaa selalu kena penijauan,padahal saya tidak mengirim pesan massal atau spam,tolong dibantu min ganti nomor baru juga kena 😭🙏"
Pengguna Google,1,2026-05-27 14:08:32,"video yang dijadikan status kualitasnya menjadi buruk pecah"" tolong diperbaiki"
Pengguna Google,2,2026-05-27 14:08:29,kenapa skrg susah X buat daftar WA baru
Pengguna Google,5,2026-05-27 14:08:25,perbaiki pelayanan😀😀😀😀
Pengguna Google,3,2026-05-27 14:08:21,"tolong developer, untuk bagian sw nya di HD in"
Pengguna Google,1,2026-05-27 14:08:12,baik untung di pelajari secara umum
Pengguna Google,3,2026-05-27 14:08:07,kurang memuaskan si knapa karna saya tidak melanggar ketentuan dari pihak WhatsApp tapi terkena banned akun trus dalam beberapa hari d bulan ini mohon untuk meningkatkan kualitas aplikasi
Pengguna Google,4,2026-05-27 14:07:30,"tolong statusnya bisa di perpanjang nggak cuma 24jam lansung ilang, mending 1 tahun😅 tolong di upgrade wa level 1 nya ke level 110000000😎"
Pengguna Google,5,2026-05-27 14:07:04,sekarang tergantung hpnya buat vc saat di bagikan layar punyaku ngak bisa tolong kak di perbarui lagi
Pengguna Google,5,2026-05-27 14:06:00,membantu sekli
Pengguna Google,5,2026-05-27 14:05:42,"tolong kepada developer nya terakhir di lihat nya tolong di permanenkan soalnya mending permanen biar enak kalo orang itu online atau tidak, saya mohon sekali kepada developer"
Pengguna Google,5,2026-05-27 14:04:23,好。
Pengguna Google,1,2026-05-27 14:04:22,mau login tapi gak bisa selalu Keluar nomor tidak terverifikasi mulai gak jelas ini aplikasi
Pengguna Google,5,2026-05-27 14:04:06,APLIKASI BODOH!! TIBA2 BLOCK SENDIRI KELUAR SENDIRI DENGAN ALASAN MELAKUKAN PELANGGARAN! APLIKASI TERBESAR TAPI BODOH!
Pengguna Google,1,2026-05-27 14:03:49,WhatsApp gak jelas amat.tiba tiba blokir nomor akun saya.parah amat GK jelas
Pengguna Google,5,2026-05-27 14:03:43,bertanggungjawab
Pengguna Google,5,2026-05-27 14:03:41,mantap
Pengguna Google,5,2026-05-27 14:02:36,aplikasi yg sangat berguna
Pengguna Google,5,2026-05-27 14:02:07,terina kasih saya puas dengan apk ini
Pengguna Google,1,2026-05-27 14:01:30,"tolong fitur wa untuk share screen di aktifkan lagi sekarang tiktok an saat share screen tidak ada suaranya, buat ga nyaman sekarang"
Pengguna Google,1,2026-05-27 14:00:11,welek
Pengguna Google,4,2026-05-27 13:59:59,"Saran Fitur: Notifikasi Saat Diblokir di WhatsApp Masalah: Saat ini kalau pengguna diblokir, tidak ada tanda jelas. Pesan hanya menunjukkan centang 1, sehingga banyak pengguna bingung apakah pesan belum terkirim karena sinyal, diblokir, atau masalah lain. Usulan: Tambahkan notifikasi halus di dalam chat jika terjadi pemblokiran, contohnya: 1. Teks: ""Mohon maaf, pesan Anda tidak dapat terkirim"" 2. Atau indikator warna merah/kuning pada status pengiriman"
Pengguna Google,4,2026-05-27 13:59:57,bisaa prank orang🥰🤭
Pengguna Google,5,2026-05-27 13:58:33,bagus
Pengguna Google,1,2026-05-27 13:58:29,gak jelas
Pengguna Google,5,2026-05-27 13:58:23,👍👍👍
Pengguna Google,5,2026-05-27 13:58:11,Bagus
Pengguna Google,4,2026-05-27 13:58:03,mantap
Pengguna Google,1,2026-05-27 13:57:43,aneh pihak wa orang lain bisa login ke wa saya tanpa meminta otp. keaaman sangat kurang
Pengguna Google,5,2026-05-27 13:57:41,Coba
Pengguna Google,5,2026-05-27 13:55:26,OK
Pengguna Google,5,2026-05-27 13:54:57,bagus
Pengguna Google,5,2026-05-27 13:54:39,🙏🙏👍👍👍👍
Pengguna Google,1,2026-05-27 13:52:53,kenapa ini pas dibuka Mutar mutar ya padahal jaringan nya ga lemot
Pengguna Google,1,2026-05-27 13:52:42,akun tiba tidak bisa digunakan lagi padahal cuma chat wa guru saya yg belum di save padahal disitu usah tertulis 1 grub dengan anda kenapa dah tiba tiba di blokir
Pengguna Google,4,2026-05-27 13:50:45,aplikasi ini tolong yang bener babi
Pengguna Google,5,2026-05-27 13:50:25,jgn harus diupload terus kalo bisa...
Pengguna Google,5,2026-05-27 13:50:20,"BUAT FITUR FILTER KATA ATAU FITUR KATA YANG DI LARANG UNTUK GRUP WHATSAPP, JADI KALO ADA YANG NGETIK KATA² YANG DI LARANG DI GRUP OTOMATIS TIDAK TERKIRIM ATAU TERHAPUS OTOMATIS OLEH WHATSAPP"
Pengguna Google,5,2026-05-27 13:50:03,Bagus
Pengguna Google,5,2026-05-27 13:49:57,bagus sekali
Pengguna Google,5,2026-05-27 13:49:18,mantap
Pengguna Google,5,2026-05-27 13:47:57,gitu dong di aplikasi nya
Pengguna Google,1,2026-05-27 13:47:44,tolol
Pengguna Google,5,2026-05-27 13:47:29,sangat cocok
Pengguna Google,5,2026-05-27 13:47:19,bagus
Pengguna Google,5,2026-05-27 13:46:42,𝑏𝑎𝑔𝑢𝑠𝑠
Pengguna Google,5,2026-05-27 13:45:33,matep
Pengguna Google,3,2026-05-27 13:45:16,saya chat seseorang malah kena pesan anda tidak dikirim dan akun saya kena dibatasi gimana kalau mau chat orang atau untuk lamar kerjaan dll masa pesan anda tidak dikirim padahal wifi on dan kauta juga ada tolong di perbaiki dan saya melaporkan hubungi kami malah nomer nya kurang satu padahal gk ada angka 0 tolong di perbaiki ya
Pengguna Google,5,2026-05-27 13:44:27,ok
Pengguna Google,5,2026-05-27 13:44:05,bagud
Pengguna Google,5,2026-05-27 13:43:46,sngt membntu
Pengguna Google,5,2026-05-27 13:41:31,top joss.....
Pengguna Google,5,2026-05-27 13:39:45,baik
Pengguna Google,5,2026-05-27 13:39:35,oke baik jos jos pokoke
Pengguna Google,5,2026-05-27 13:39:32,parah ga bisa login alasan ga jelas....
Pengguna Google,1,2026-05-27 13:39:12,hari ini tidak bisa nelpon atau video call tolong di perbaiki
Pengguna Google,5,2026-05-27 13:39:05,cireng sakti
Pengguna Google,5,2026-05-27 13:38:46,jozzzz
Pengguna Google,5,2026-05-27 13:38:33,Good
Pengguna Google,5,2026-05-27 13:38:24,sangat bagus
Pengguna Google,5,2026-05-27 13:38:23,mantaf
Pengguna Google,1,2026-05-27 13:37:10,sering eror
Pengguna Google,5,2026-05-27 13:36:22,ok
Pengguna Google,4,2026-05-27 13:36:12,"tata letak status menyulitkan, lebih mudah di versi sebelumnya kl posisi menurun lebih mudah mencari, kalau menyamping harus di geser dulu. dan banyak iklan dibagian bawah status itu mengganggu sekali"
Pengguna Google,5,2026-05-27 13:36:04,sangat penting untuk semua orang dan diriku
Pengguna Google,5,2026-05-27 13:32:29,Arsid Y6anTeks
Pengguna Google,5,2026-05-27 13:32:16,sangat bagus
Pengguna Google,5,2026-05-27 13:31:34,bgs skli
Pengguna Google,5,2026-05-27 13:29:45,baik
Pengguna Google,5,2026-05-27 13:27:38,ini memang sangat dibutuhkan dan sangat diperlukan...wajib dimiliki
Pengguna Google,5,2026-05-27 13:27:29,respon nya sangat cepat
Pengguna Google,1,2026-05-27 13:27:14,kok ada filter vcnya
Pengguna Google,2,2026-05-27 13:26:25,"Aplikasinya sangat bermanfaat dan bagus, bisa chetingan, bisa juga untuk bisnis, namun untuk tampilan statusnya tidak menyesuaikan dengan vidio yang aslinya tolong disesuaikan iya. kenapa untuk musik sekarang gak bisa lagi dikirim di chat? tambahan wa sekarang memiliki tampilan saran untuk di whatsap terlalu menganggu"
Pengguna Google,5,2026-05-27 13:26:12,teuing Poko namah well weeee ahhhhh untuk pengguna ini saya harapkan enggak lebih dari 400 pengguna
Pengguna Google,3,2026-05-27 13:25:31,"setelah di update kenapa malah makin gak jelas, kadang di grup kerjaan ada yang ngirim foto bunyinya menunggu pesan tapi setelah di buka foto GK ada yang masuk, kan sangat mengganggu apalagi kalau untuk urusan pekerjaan, tolonglah perbaiki lagi"
Pengguna Google,5,2026-05-27 13:25:19,bagus dan buat berkomunikasi
Pengguna Google,1,2026-05-27 13:24:49,"aku beri bintang satu karna udah muak sama yang namanya di tinjau,aku gak tau WhatsApp akhir"" ini kenapa,tiba tiba ""akun ini tidak bisa menggunakan WhatsApp""ketika sudah di tinjau dan bisa di buka malah kembali lagi seperti itu beberapa kali sampai sekarang haisss ayo lah perbaikan nya udah minta bantuan tapi sama saja,padahal gak buat apa apa cuman buat liat info kerja doang"
Pengguna Google,5,2026-05-27 13:24:39,oke
Pengguna Google,3,2026-05-27 13:23:55,suka deh tapi ada fitur yang beda dibagian telepon nya
Pengguna Google,3,2026-05-27 13:23:34,sensitip banget udah berapa kali ganti nomor masih aja ke blokir
Pengguna Google,4,2026-05-27 13:21:46,"tolong lah kepada pihak-pihak aplikasi WhatsApp, buka kembali nomor akun WhatsApp saya ini. saya sudah tidak memakai handphone Vivo y17 lagi. tolong buka kembali akun WhatsApp saya 😥😢. tolong jangan di spam atau diblokir lagi"
Pengguna Google,1,2026-05-27 13:20:49,baru daftar akun malah kena bajak...apa WhatsApp sekarang SDH TDK aman LG?
Pengguna Google,5,2026-05-27 13:20:44,aplikasi mudah di gunakan
Pengguna Google,5,2026-05-27 13:20:11,bagus
Pengguna Google,1,2026-05-27 13:20:02,"tolong wa di revisii lagi perihal penyimpanan nya, saya pakai WhatsApp tertaut seketika terkeluar dan pesan pesan sebelumnya yang tidak ter sinkronisasi jadi hilang semua, tolong di perbaiki!!!!"
Pengguna Google,1,2026-05-27 13:19:55,kenapa begitu pas aku buka WhatsApp kok tiba tiba aku enggak bisa masuk tulisannya langsung minta nomor baru apa maksudnya begitu
Pengguna Google,5,2026-05-27 13:19:46,Tolong di bantu untuk bisa ngechat
Pengguna Google,5,2026-05-27 13:17:52,ckup baik
Pengguna Google,1,2026-05-27 13:17:35,cukup baik
Pengguna Google,3,2026-05-27 13:16:19,iye kunaon dei wa teh ngebug wae pas vc gambar na sarua arek dialih keun Gamba malah sarua hadeh😓😩
Pengguna Google,5,2026-05-27 13:16:10,mantap
Pengguna Google,5,2026-05-27 13:14:24,Abdul gofur
Pengguna Google,5,2026-05-27 13:14:00,wa saya gk bisa pasang status
Pengguna Google,4,2026-05-27 13:12:50,i like u 😘😘😘
Pengguna Google,4,2026-05-27 13:12:17,Agar dapat menjelaskan kenapa Apk wa loghout sendiri padahal nomor ponsel masih aktif. Mohon penjelasannya sehingga konsumen tdk terganggu dgn aktifitas lainnya.
Pengguna Google,1,2026-05-27 13:11:58,"Karena spam ""Akun sedang ditinjau"". Begitu terus sampai berulang kali login. Hampir satu tahun lamanya saya kira sudah aman. Saya menyadari aplikasi ini membahayakan pengguna karena rentan dihack."
Pengguna Google,5,2026-05-27 13:10:51,good
Pengguna Google,5,2026-05-27 13:10:42,sangat baik
Pengguna Google,4,2026-05-27 13:09:59,"tolongg lah kasih aku latar belakang, tadinya sih ada cuma sekarang di hapus sama pihak whatsapp"
Pengguna Google,1,2026-05-27 13:09:25,Knapa
Pengguna Google,2,2026-05-27 13:09:17,kok wa saya di wa terbaru beda sama yang lain apa erro di wa ter baru ini
Pengguna Google,5,2026-05-27 13:08:22,meresahkan
Pengguna Google,5,2026-05-27 13:07:43,sangat bagus
Pengguna Google,3,2026-05-27 13:07:27,"min benerin dong, di WA aku gabisa geser pesan di saluran, temen aku bisa"
Pengguna Google,1,2026-05-27 13:06:07,Sangat bagus trimasksh kk
Pengguna Google,5,2026-05-27 13:05:12,bagus
Pengguna Google,5,2026-05-27 13:04:54,Sangat bermanfaat buat komunikasi aktivitas di mendia online.
Pengguna Google,1,2026-05-27 13:04:42,saya senang
Pengguna Google,5,2026-05-27 13:03:27,"ini kenapa ya tiba² whatsapp saya tadi di cek sama pihak whatsapp dan gak bisa di buka. setelh selesai, restart dr awal, saya udah pakai situs wa yang resmi, tapi malah di suruh download yang resmi. mohon kerjasamanya, ini bagaimana mengatasinya. saya butuh banget whatsapp, karena semua data saya disana"
Pengguna Google,5,2026-05-27 13:03:11,otomatis
Pengguna Google,5,2026-05-27 13:01:45,membantu banget makasih
Pengguna Google,5,2026-05-27 12:59:50,bagus
Pengguna Google,5,2026-05-27 12:59:48,bagus✓
Pengguna Google,1,2026-05-27 12:58:14,"apa apaan ini akun saya kena kenon lebih 5 kali?, padahal saya tidak berbuat apa apa, tolong sistemnya di perbaiki,saya marah"
Pengguna Google,2,2026-05-27 12:57:42,"kenapa ya susah banget dapet fitur terbarunya, padahal udah update tapi ga muncul di perangkat saya fitur barunya"
Pengguna Google,3,2026-05-27 12:55:50,Oke
Pengguna Google,1,2026-05-27 12:55:42,"hapus ""baca semua"" dong, misal g sengaja kepencet tuh langsung, nyebelin banget. harusnya kalo itu ""lanjutkan atau batal"""
Pengguna Google,1,2026-05-27 12:55:36,Aplikasi nya sangat bagus dan berguna percuma ga ada yg nge chat
Pengguna Google,5,2026-05-27 12:55:18,ok
Pengguna Google,5,2026-05-27 12:55:12,bagai mana masuk kewa
Pengguna Google,5,2026-05-27 12:53:18,good
Pengguna Google,4,2026-05-27 12:51:54,"tolong lah di perbaiki lagi,saya tidak nyaman, saya suka pakai wtashap ini,dari pada watshap bisnis"
Pengguna Google,5,2026-05-27 12:51:53,sangat membantu
Pengguna Google,5,2026-05-27 12:51:48,saya kasih bintang 5 karna saya nyaman kalo ada pesan dari dia
Pengguna Google,5,2026-05-27 12:51:25,baik
Pengguna Google,1,2026-05-27 12:51:24,"ini gmn sih, baru update kok eror centang 1 pdhl mereka baca. tiap update gak pernah bener nih WA"
Pengguna Google,5,2026-05-27 12:51:15,Mantab sekali
Pengguna Google,5,2026-05-27 12:50:49,pengangguran
Pengguna Google,5,2026-05-27 12:49:31,jika bisa balikin akun ku
Pengguna Google,4,2026-05-27 12:48:30,perbaiki kualitas video
Pengguna Google,5,2026-05-27 12:48:29,aq mohon kalau bisa bebaskan whatsap messenger
Pengguna Google,2,2026-05-27 12:47:52,Ntaps
Pengguna Google,1,2026-05-27 12:47:08,eror
Pengguna Google,3,2026-05-27 12:46:52,tolong hilangkan pemblokiran akun dan pembatasan akun WhatsApp
Pengguna Google,4,2026-05-27 12:45:23,kenapa bikin status wa video atau foto buram? tolong di perbaiki ya terimakasih:))
Pengguna Google,5,2026-05-27 12:44:27,"apk udah bagus kali, saran dong tambahin fitur arsip story whatsapp 😅 biar enak abadikan momen"
Pengguna Google,5,2026-05-27 12:43:37,"sukaa banget sama aplikasi nyaa, aku juga gabisa chat sih kalau gak pake aplikasi inii. pokok nya yang buat thank youu yaa udh kepikiran buat inii rate aku sihh 100/100 SUKAAA BANGET POKOK NA 🎊🎉🧨"
Pengguna Google,1,2026-05-27 12:41:25,knp terblokir terus
Pengguna Google,1,2026-05-27 12:41:18,gimana ya jelasin nya wa saya tiba tiba ke bug kalo masuk kembali lagi kembali lagi dan saya login lagi pesan semua hilang padahal banya pesan peting di aplikasi ini dan banyak berita di hp saya dan banyak sekali kenangn tiba tiba hilang gimana ga emosi saya tolong di perbaiki ya admin WhatsApp dan tolong juga saya sudah up sw malah jadi buram padahal saya sudah hd in dan juga ada fitur efek tapi pas telepon vidio engga ada efek tolong perbaiki admin WhatsApp
Pengguna Google,5,2026-05-27 12:41:09,tidak bisa buka aplikasi watshaap
Pengguna Google,4,2026-05-27 12:39:40,ok sih
Pengguna Google,5,2026-05-27 12:39:32,Kadang error pas vc
Pengguna Google,1,2026-05-27 12:39:22,Why was my WhatsApp account suddenly deactivated? Even though I didn't do anything.
Pengguna Google,1,2026-05-27 12:39:09,kenapa whatsaap saya sering melakukan peninjauan padahal saya menggunakan aplikasih resmi dan tidak melakukan pelanggaran mohon bantuanya untuk meninjau kembali
Pengguna Google,2,2026-05-27 12:38:12,kenapa sekarang sering buram dan suara putus Putus pas saat vc padahal koneksi internet baguss kedua belah pihak
Pengguna Google,4,2026-05-27 12:36:50,ulasan Ali bocoro iya
Pengguna Google,1,2026-05-27 12:35:31,"aplikasi apa ini, gajelas cewek juga ngk pernah bales chat saya lagi"
Pengguna Google,5,2026-05-27 12:34:51,ok
Pengguna Google,1,2026-05-27 12:34:39,Wa gatel Cok
Pengguna Google,5,2026-05-27 12:34:09,ok
Pengguna Google,1,2026-05-27 12:32:59,skrg wa udh sering error
Pengguna Google,5,2026-05-27 12:32:34,mantap
Pengguna Google,1,2026-05-27 12:32:20,"sering eror knapa ya, gimana ni solusi nya"
Pengguna Google,3,2026-05-27 12:32:10,good
Pengguna Google,5,2026-05-27 12:31:22,Aplikasi nya udh bagus
Pengguna Google,5,2026-05-27 12:31:19,suka sekali
Pengguna Google,5,2026-05-27 12:31:19,MBG MAS BOWO GEMOY BUAH APA YANG PALING GEMOY BUAH SAWO TAMBAGEMOY AJA MY LITTLE BOLU JEBUT
Pengguna Google,1,2026-05-27 12:30:24,"ni WA knapa dh di laptop kok jadi lemot skali, padahal laptop udh ram 8,udh kya buka aplikasi apa aja ni wa beratnya di laptop."
Pengguna Google,5,2026-05-27 12:29:39,bagus dan memuaskan
Pengguna Google,2,2026-05-27 12:29:31,Lemot untuk update Sangatt lemot
Pengguna Google,5,2026-05-27 12:28:02,bagus
Pengguna Google,5,2026-05-27 12:27:43,nice
Pengguna Google,5,2026-05-27 12:26:21,bagus
Pengguna Google,5,2026-05-27 12:25:55,Aya Agis&Haga
Pengguna Google,5,2026-05-27 12:25:18,w PLISS LAH WHATSAPP KALO MAU UP SW JANGAN BUREM MASA VIDEO HD JADI BUREM BURIK
Pengguna Google,1,2026-05-27 12:24:59,ini sangat tidak penting bagi saya karena kalau saya mau mendownload ini harus menghapus aplikasi dulu
Pengguna Google,5,2026-05-27 12:24:57,bagus
Pengguna Google,1,2026-05-27 12:24:54,apk ga penting kalo bukan karna sekolah udah saya uninstall
Pengguna Google,1,2026-05-27 12:24:47,"tolong whatsapp dikasi pengaman di bagian saluran,karena disitu banyk saluran yg memberikan link/situs tidak senonoh banyak video 18++,tolong di amankan untuk dibagian saluran nya karena menurut saya itu tidak pantas karena 95%menggunakan whatsapp,dari ank sd maupun dewasa sekalipun,tolong cepat dihapus"
Pengguna Google,5,2026-05-27 12:24:04,wa gajelas mau nambah kontak keluarga malah Kana ban aneh²
Pengguna Google,5,2026-05-27 12:22:50,oke
Pengguna Google,5,2026-05-27 12:22:14,sangat bagus
Pengguna Google,5,2026-05-27 12:21:37,sangat bagus
Pengguna Google,5,2026-05-27 12:21:28,WA yg sekarang agak riberttt
Pengguna Google,3,2026-05-27 12:21:15,akses lagu indonesia tdk ada
Pengguna Google,1,2026-05-27 12:20:22,"ta3kk,dikit dikit kenon gblok wa bgst"
Pengguna Google,1,2026-05-27 12:19:49,Whatsap saya setiap hare ny kenapa bisa meminta login trus ..dan meminta verifikasi trus menerus
Pengguna Google,5,2026-05-27 12:18:21,alhamdulilah .puas baget.
Pengguna Google,4,2026-05-27 12:17:46,good application
Pengguna Google,2,2026-05-27 12:17:45,"sering eror, terus sv no orang kadang ilang, namanya berubah"
Pengguna Google,1,2026-05-27 12:17:31,kenapa yang aku gak ada filter nya
Pengguna Google,1,2026-05-27 12:15:36,woi whatapp knp ini sumpah ini udh akun adek saya logout ini bukan nya memperbagus ini malah mempersulit woi pemilik whatapp tolong usahan pebaiki bug atau situasi ini
Pengguna Google,5,2026-05-27 12:14:15,mantap
Pengguna Google,5,2026-05-27 12:13:36,ok
Pengguna Google,5,2026-05-27 12:13:30,bagus PK
Pengguna Google,5,2026-05-27 12:13:08,sangat baik
Pengguna Google,5,2026-05-27 12:12:51,kenapa tidak bisa login ke wa ini
Pengguna Google,4,2026-05-27 12:12:22,apk nya bgus cuma kadang suka kadaluwarsa
Pengguna Google,5,2026-05-27 12:10:37,Ok
Pengguna Google,5,2026-05-27 12:10:36,good
Pengguna Google,1,2026-05-27 12:10:18,whatsapp setelah di update makin jelek chat dikit langsung keblokir
Pengguna Google,5,2026-05-27 12:09:44,bagus tidak ngeleg dan banyak sekali fitur-fitur baru
Pengguna Google,5,2026-05-27 12:09:31,bagus
Pengguna Google,5,2026-05-27 12:09:21,aplikasi kaga jelas bagus banget edan
Pengguna Google,5,2026-05-27 12:09:08,sampai saat ini saya merasa sangat puas
Pengguna Google,1,2026-05-27 12:08:29,Yusuf fadilah
Pengguna Google,5,2026-05-27 12:08:00,bagus
Pengguna Google,1,2026-05-27 12:07:43,"upload foto dan vidio story sangat buram, kualitas jelek"
Pengguna Google,5,2026-05-27 12:07:34,nice
Pengguna Google,5,2026-05-27 12:07:07,Sagat bermanfaat
Pengguna Google,5,2026-05-27 12:07:05,click
Pengguna Google,1,2026-05-27 12:06:14,maaf aku kasih bintang 1 sekarang whatsapp ngak asik sering ngebug gak jelas saat vc padahal sinyal aman aja
Pengguna Google,5,2026-05-27 12:05:19,kualitas bagus
Pengguna Google,1,2026-05-27 12:01:38,"makin kesini makin kesana WhatsApp, sangat tidak nyaman sekarang bermain WhatsApp,tiap nge chat nomor baru langsung dianggap spam lawak banget.tolong lah ya untuk di perbaiki lagi bot lol kocag kon cicak cuihhh"
Pengguna Google,5,2026-05-27 12:01:36,"sukses terus.,"
Pengguna Google,1,2026-05-27 11:59:41,status temen ga muncul semua bngst
Pengguna Google,1,2026-05-27 11:59:17,ngeframe saat videocall
Pengguna Google,5,2026-05-27 11:58:14,"Harusnya sih jgn d adain fitur"" Yg memungkinkan buat org"" Yg selingkuh"
Pengguna Google,1,2026-05-27 11:57:39,"telepon tidak dikenal masih bisa masuk,. padahal sudah saya aktifkan hening nomor tidak dikenal"
Pengguna Google,5,2026-05-27 11:57:25,tolong achtivkan wa saya
Pengguna Google,2,2026-05-27 11:56:33,kenapa WhatsApp ku sering kena banned
Pengguna Google,3,2026-05-27 11:54:44,lumayan tapi kalau mw sw gabisa itu minus bgt!
Pengguna Google,5,2026-05-27 11:54:42,kenapa WhatsApp saya dibatasi
Pengguna Google,5,2026-05-27 11:52:32,sangat memuas kan
Pengguna Google,5,2026-05-27 11:52:30,mantap
Pengguna Google,5,2026-05-27 11:51:50,Bagus
Pengguna Google,5,2026-05-27 11:50:55,saya mau lanjutkan wa
Pengguna Google,5,2026-05-27 11:50:00,mantap tokcerr bangettt
Pengguna Google,1,2026-05-27 11:49:18,kalo layar mati tdk bisa ditelpon
Pengguna Google,3,2026-05-27 11:49:09,kalo vc selalu macet
Pengguna Google,5,2026-05-27 11:48:57,WhatsApp nya enggak bisa kebuka dan enggak bisa Nerima kode
Pengguna Google,5,2026-05-27 11:48:32,"kenapa WA saya ga bisa kirim status apapun padahal jaringan bagus udah ku instal terbaru apk.ada tulisan tidak dapat menambahkan😟,mohon pencerahan"
Pengguna Google,5,2026-05-27 11:48:26,sangat bagus
Pengguna Google,5,2026-05-27 11:47:50,bagus
Pengguna Google,5,2026-05-27 11:46:52,menarik
Pengguna Google,5,2026-05-27 11:46:46,sangat bagus 🙂🙂
Pengguna Google,5,2026-05-27 11:45:31,mantap
Pengguna Google,1,2026-05-27 11:44:46,"tolong pihak WhatsApp, whatsApp saya sudah terblokir yg ke 4 kali ini kenapa ini saya tidak melakukan pelanggaran tidak melakukan spam atau hal-hal mencurigakan tapi tetap di blok, tolong kembalikan akun saya, saya butuh untuk berkomunikasi dengan keluarga atau pun teman"
Pengguna Google,4,2026-05-27 11:43:24,lumayan
Pengguna Google,5,2026-05-27 11:42:45,ok
Pengguna Google,5,2026-05-27 11:40:44,mkuiiiiiii
Pengguna Google,5,2026-05-27 11:40:08,dariber oprtor
Pengguna Google,5,2026-05-27 11:40:08,ini aplikasi tiba2 eror tidak bisa di operasi kan
Pengguna Google,1,2026-05-27 11:39:58,"bug nya kalo telpon banyak banget, suka ga kedengeran bikin dimarahin aja"
Pengguna Google,5,2026-05-27 11:39:16,ga bisa dapet kode ke hp ini
Pengguna Google,5,2026-05-27 11:39:04,seruu banget enak komunikasi lewat ini cepet
Pengguna Google,5,2026-05-27 11:38:45,"bgus,cmn wa saya g bisa hd"
Pengguna Google,3,2026-05-27 11:38:30,coba jangan di tangguh kan mulu eh gimana sih Whatsapp ini .
Pengguna Google,1,2026-05-27 11:38:30,Bertani
Pengguna Google,5,2026-05-27 11:38:16,tolong per banyak jumlah perangkat yang bisa di tautkan dalam 1 akun
Pengguna Google,5,2026-05-27 11:38:05,sangat bagus
Pengguna Google,5,2026-05-27 11:36:59,anjeng wa ni ah bisa hilang sendiri pesan nya padahn udah di cadang kan oun
Pengguna Google,5,2026-05-27 11:36:25,Mantap
Pengguna Google,3,2026-05-27 11:35:42,whats app sudah di-update bukanya bagus jadi error
Pengguna Google,1,2026-05-27 11:33:07,makin update/upgrade malah makin jelek
Pengguna Google,5,2026-05-27 11:33:00,bagus bed dah
Pengguna Google,5,2026-05-27 11:31:04,kenapa WhatsApp saya kartuu baruu malahan kena Batasin gak bisa chat selama 6jam tolong di bantu
Pengguna Google,2,2026-05-27 11:30:58,kok sering akun di tangguhkan musti tunggu 1x24 jam
Pengguna Google,5,2026-05-27 11:30:52,"kenapa akun WhatsApp saya yang sudah bertahun"" sekarang yerblokir"
Pengguna Google,5,2026-05-27 11:30:39,Aplikasi ini sangat berguna
Pengguna Google,1,2026-05-27 11:30:36,whatshapt kena spam mulu
Pengguna Google,5,2026-05-27 11:30:25,mantap
Pengguna Google,5,2026-05-27 11:29:35,Assalamualaikum saya sebagai pemberi reting saya sangat berterima kasih sebesar besar nya dengan saya memakai wtshap saya bisa menghubungi yang saya mau saya sangat berterimakasi saya akhiri waalaikum salam
Pengguna Google,5,2026-05-27 11:28:45,sangat bagus
Pengguna Google,1,2026-05-27 11:28:11,"WA ga buat spam, pure pemakaian pribadi sekedar buat chat dg family dan kerjaan. Tp pengaturan ga bisa diubah, tulisannya akses dibatasi. Tiap ada yg ngirim dokumen pun otomatis terblokir. Ga mempermudah malah mempersulit pemakaian"
Pengguna Google,3,2026-05-27 11:26:28,knpa WhatsApp messenger tidak bisa bikin status
Pengguna Google,4,2026-05-27 11:26:22,banyak bug
Pengguna Google,2,2026-05-27 11:25:01,".. tapi akun whatsapp kenapa sering diblokir tanpa alasan dan bahkan akun saya pas diverifikasi pas di login tapi malah menganggap sistem-sistem yang menganggap terlalu banyak verifikasi padahal tidak tolong perbaikan dan jangan ada yang kesalahan sistem. pihak WhatsApp jangan sampai merugikan pengguna, harus Akurat dan Terjamin jika kesalahan sistem maka jangan diam tapi segera perbaiki bukan diam-diam"
Pengguna Google,1,2026-05-27 11:24:30,"gua udh update bbrapa kali tapi , kalo vc gaada fitur efek nya pdhl udh update bbrpa kali masih gaada tolong lah WhatsApp gmna sih"
Pengguna Google,4,2026-05-27 11:23:33,bagus
Pengguna Google,5,2026-05-27 11:23:05,Mantap
Pengguna Google,1,2026-05-27 11:22:49,wa nya sering ke reset sendiri yang di kunci chat jdi ke buka tiba tiba chat cha ilang semua
Pengguna Google,5,2026-05-27 11:22:26,Halo tim dukungan whatsapp saat ini akun whatsapp saya memerlukan aplikasi versi padahal saya telah menggunakan aplikasi versi resmi mohon tinjau akun saya selesaikan masalah ini terima kasih
Pengguna Google,5,2026-05-27 11:22:15,Good Whatsapp
Pengguna Google,5,2026-05-27 11:22:00,cukup
Pengguna Google,1,2026-05-27 11:21:56,WhatsApp ke spam
Pengguna Google,1,2026-05-27 11:21:29,nyuruh upgrade giliran diupgrade ga bisa2 dasar bikin Susah orng komunikasi ajah
Pengguna Google,1,2026-05-27 11:20:50,makin kesini wa ngeblokir sembarangan
Pengguna Google,5,2026-05-27 11:19:02,bagus kali aplikasinya cocok untuk telpon keluarga atau teman saya
Pengguna Google,5,2026-05-27 11:18:26,saya pemakai WhatsApp sejak tahun lalu 2015 San sampai skrg ini selalu terhubung dengan publik yang baik' untuk informasi sanak saudara dan rekan kerja setia selalu tetap semangat dan terus menerus bagi pengguna ny. update Maret 2026 08 update mei 27 2026
Pengguna Google,5,2026-05-27 11:16:35,bagus banget
Pengguna Google,4,2026-05-27 11:15:18,butuh wa cepat
Pengguna Google,5,2026-05-27 11:14:33,woi
Pengguna Google,1,2026-05-27 11:14:25,ngak bisa di buka aplikasi WA
Pengguna Google,5,2026-05-27 11:13:37,bagus banget lohh Berguna bagi kita semua
Pengguna Google,5,2026-05-27 11:12:27,bagus
Pengguna Google,1,2026-05-27 11:12:27,🤭🤭🤭
Pengguna Google,1,2026-05-27 11:11:20,"setelah pembaruan gk bisa verifikasi nomer buat masuk ke WhatsApp,tolong d respon nomer saya udah 13th saya pake nomer ini"
Pengguna Google,5,2026-05-27 11:10:57,minta tinjauan
Pengguna Google,5,2026-05-27 11:10:48,Enjoyed with whatsapp
Pengguna Google,4,2026-05-27 11:09:22,"tolong di perbaiki lagi, saat mengirim video story sering eror."
Pengguna Google,5,2026-05-27 11:09:18,baik sekali
Pengguna Google,4,2026-05-27 11:08:20,"Kepada Developer Yth. Tolong upload foto dan video di Story WA untuk Android dioptimalkan, karena saya upload hasilnya pecah, saya rekam di 1080p 60 fps begitu diupload jadi buruk kualitasnya di story tidak enak dipandang mata, sekali lagi tolong banget video sama foto yang di upload ke story jangan dikompres parah, hasilnya tidak enak dipandang mata dan untuk Android tolong dioptimalkan."
Pengguna Google,5,2026-05-27 11:08:18,update terbaru
Pengguna Google,5,2026-05-27 11:06:47,wa ini segat berguna bagi org lain
Pengguna Google,1,2026-05-27 11:04:39,masalah akun
Pengguna Google,5,2026-05-27 11:03:46,Aplikasi ini sangat bagus dan bermanfaat
Pengguna Google,1,2026-05-27 11:03:29,apk bututt
Pengguna Google,5,2026-05-27 11:03:02,sangat memuaskan
Pengguna Google,5,2026-05-27 11:02:32,👍👍👍👍👍👍👍👍👍👍👍👍👍👍
Pengguna Google,1,2026-05-27 11:01:08,sering dibatasi
Pengguna Google,5,2026-05-27 11:00:33,bagus
Pengguna Google,1,2026-05-27 10:59:58,"Mohon kiranya fitur status WhatsApp dapat kembali diurutkan berdasarkan waktu update terbaru seperti sebelumnya. Dengan begitu, pengguna akan lebih mudah melihat informasi terbaru dari keluarga, teman, maupun kerabat tanpa khawatir tertinggal update penting. Kami berharap pengalaman menggunakan WhatsApp bisa menjadi lebih nyaman, sederhana, dan informatif bagi semua pengguna."
Pengguna Google,5,2026-05-27 10:59:54,sangat baik
Pengguna Google,5,2026-05-27 10:58:04,HAY COBA PERBARUI KALAU BISA KAYA GBWHATSHAP...
Pengguna Google,5,2026-05-27 10:57:33,ok
Pengguna Google,1,2026-05-27 10:56:06,jelek jangan di donlod
Pengguna Google,5,2026-05-27 10:53:49,bagus tapi sayang akun saya selalu di blokir mohon bantuannya kepada admin WhatsApp untuk membuka kembali WhatsApp saya
Pengguna Google,1,2026-05-27 10:53:28,"kok Whatsap sekarang ngaco akun saya harus tinjau terus, dan ga ad saran yang memuaskan, jadi beberapa menit harus nunggunya 24 jam, KLO lagi butuh kan sulit"
Pengguna Google,5,2026-05-27 10:52:44,Good
Pengguna Google,5,2026-05-27 10:52:14,siiap bosku
Pengguna Google,5,2026-05-27 10:51:51,bagus banget
Pengguna Google,5,2026-05-27 10:51:47,baik
Pengguna Google,1,2026-05-27 10:50:48,wwiw
Pengguna Google,5,2026-05-27 10:49:54,driver
Pengguna Google,2,2026-05-27 10:49:49,jelek nggak bisa lihat gambar sendiri kalo digedein gambarnya
Pengguna Google,1,2026-05-27 10:48:47,ga jelas dah masa sambil vc ga bisa Chet orang lain malah pending
Pengguna Google,5,2026-05-27 10:48:36,aplikasinya sangat membantu
Pengguna Google,1,2026-05-27 10:48:20,suara kurang jelas
Pengguna Google,5,2026-05-27 10:45:09,👍👍👍🥰
Pengguna Google,5,2026-05-27 10:44:34,baguss karna aplikasi ini bermanfaat
Pengguna Google,3,2026-05-27 10:44:25,sudah di install tapi minta install ulang
Pengguna Google,5,2026-05-27 10:43:58,sempurna
Pengguna Google,1,2026-05-27 10:43:07,no gw sering kenon
Pengguna Google,1,2026-05-27 10:43:03,"sekarang benci sm WhatsApp, chat tiba"" hilang, gabisa di pulihkan, tiba' keluar sendiri aneh, pdhl banyak chat penting di situ"
Pengguna Google,3,2026-05-27 10:42:45,coba 3 bintang dulu
Pengguna Google,1,2026-05-27 10:41:50,"wa taik saya tiba tiba logout dan gabisa login lagi. verifikasi pun juga gabisa, dari sistemnya tidak mau proses verifikasi aneh sekali. kata sistemnya ada spam. padahal saya gada ngelakuin spam chat atau semacam itu."
Pengguna Google,5,2026-05-27 10:41:18,kontak ganti hp malah pada hilang semua wa gmn cara balikin kontak yg hilang padahal gmail masih yang lama
Pengguna Google,2,2026-05-27 10:41:13,lumayan bagus
Pengguna Google,5,2026-05-27 10:40:01,knp wa saya di GK bisa di pake
Pengguna Google,5,2026-05-27 10:39:01,tdk boleh terblokir itu saja yg ingin saya sampaikan
Pengguna Google,5,2026-05-27 10:38:50,Inac
Pengguna Google,5,2026-05-27 10:37:33,jadi tidak usah
Pengguna Google,3,2026-05-27 10:33:33,telepon via wa bermasalah tidak bisa menampilkan gambar si penerima telepon
Pengguna Google,1,2026-05-27 10:33:19,gak jelas gak pernah dapet notip padahal kontak yang di sv banyak
Pengguna Google,5,2026-05-27 10:32:19,bagus
Pengguna Google,2,2026-05-27 10:31:51,kualitas panggilan kurang stabil mohon diperbaiki lagi
Pengguna Google,5,2026-05-27 10:25:42,mau daftar wa ko g bisa bisa ya
Pengguna Google,1,2026-05-27 10:20:33,wa akhir akhir ini suka restart sendiri
Pengguna Google,5,2026-05-27 10:19:14,asalamualikum buat para pengguna WhatsApp semoga kalian bahagia dengan ada nya WhatsApp bisa memudahkan komunikasi semoga bos WhatsApp tambah jaya sukses trs sya sangat suka dengan aplikasi ini Poko nya keren bngett👍👍👍👍👍
Pengguna Google,2,2026-05-27 10:18:13,sangat baik
Pengguna Google,3,2026-05-27 10:17:01,Akun terblokir tanpa sebab
Pengguna Google,1,2026-05-27 10:12:46,sekarang whatsapp sangat aneh masa gkk ngapa-ngapain ke blokir sementara
Pengguna Google,5,2026-05-27 10:12:19,ini sangat seram bro aplikasi WhatsApp
Pengguna Google,1,2026-05-27 10:11:33,"ini kenapa wa gua jadi ga resmi gini monyet, padahal download nya aja dari PlayStore masa ga resmi gblk"
Pengguna Google,5,2026-05-27 10:08:36,izinkan
Pengguna Google,5,2026-05-27 10:08:03,mrbantu dalam segala hl
Pengguna Google,5,2026-05-27 10:06:47,good
Pengguna Google,3,2026-05-27 10:06:23,gatau ini kenapa akhir² ini error kalo buat vc.
Pengguna Google,5,2026-05-27 10:06:14,ok sangat berguna
Pengguna Google,5,2026-05-27 10:05:23,"menggunakan WhatsApp sangat lah keren, apk nya sangat lengkap sekali, mulai dari balas pesan, vn, dan bahkan bisa video call sepanjang hari"
Pengguna Google,5,2026-05-27 10:04:03,sangat baik
Pengguna Google,5,2026-05-27 10:02:57,"Selalu log out dari wa, mau tau kendala nya apa ya"
Pengguna Google,5,2026-05-27 10:02:19,juis
Pengguna Google,5,2026-05-27 10:01:24,Selamat pagi
Pengguna Google,1,2026-05-27 10:00:53,"masih jelek, perbaiki lg."
Pengguna Google,5,2026-05-27 10:00:35,kenapa whasap aku di tinjau
Pengguna Google,5,2026-05-27 10:00:25,ok
Pengguna Google,5,2026-05-27 09:59:35,josjis
Pengguna Google,5,2026-05-27 09:59:28,akun ini sangat bagus dan berguna
Pengguna Google,5,2026-05-27 09:58:57,apk ini sangat Bagus dan menarik juga
Pengguna Google,1,2026-05-27 09:58:52,bisa gak sih bio nya jangan di durasi
Pengguna Google,1,2026-05-27 09:58:29,anjir lah dibatasi Mulu ini makin lama makin baperan ni Whatsap asu
Pengguna Google,1,2026-05-27 09:56:08,"wa goblk tiba tiba keban gak jelas padahal cuma wa temen tiba tiba keban dituduh spam anj gw punya bukti kalo gak spam,perbaiki sistem lu tuh gw gak salah² apa apa main ban aja yang gak salah kasian orang yang gak salah tiba tiba lu ban padahal wa gw ada grup sekolah dan itu penting bet malah tiba tiba keban gara gara dikira spam mohon diperbaiki secepatnya dan agar tidak salah ban lagi"
Pengguna Google,5,2026-05-27 09:55:44,Hape saya gk bisa pake wa
Pengguna Google,5,2026-05-27 09:54:23,aplikasi udah sangat jelek sekali
Pengguna Google,1,2026-05-27 09:54:20,"aneh ga si kalok abis terkana blokir sementara tapi pas kebuka baru daftar ulang ke ban lagi hahaa,ga jelas njir.untung lagi butuh ni aplikasi,kalok ada aplikasi yang lain udah gua pindah dari dulu"
Pengguna Google,1,2026-05-27 09:53:56,"tolong stiker yang gede jangan di hapus ya kroco, punya stiker bagus bagus diilangin 😡😡"
Pengguna Google,5,2026-05-27 09:53:41,romenBanget
Pengguna Google,5,2026-05-27 09:52:50,ok
Pengguna Google,5,2026-05-27 09:49:35,baik
Pengguna Google,5,2026-05-27 09:48:52,bagus
Pengguna Google,5,2026-05-27 09:48:28,"aku orang nya memang sensitif , biasanya status aku di like terus , tapi giliran tiba tiba banget nggak di like , aku ngerasa di benci atau vidio aku menyinggung saran aku , efek like (ketika habis di like orang) itu hilangin aja. aku takut orang yang mirip sama aku sakit hati nya. kalo ada cara yang lain biar kita ngga langsung lihat like orang lain juga nggak papa🌹 makasii"
Pengguna Google,5,2026-05-27 09:47:18,bagus baik
Pengguna Google,5,2026-05-27 09:47:09,kadang terkendala sedikit
Pengguna Google,5,2026-05-27 09:47:02,baik
Pengguna Google,5,2026-05-27 09:46:49,Oke
Pengguna Google,1,2026-05-27 09:46:49,knapa WA saya sering keluar sendiri cape nunggu 24 jam gitu trus tolong berbagi
Pengguna Google,5,2026-05-27 09:44:34,mantal
Pengguna Google,5,2026-05-27 09:44:07,baik
Pengguna Google,3,2026-05-27 09:42:48,"kenapa si kalau bikin vidio di stasus selalu pecah, padahal udah seting ke HD, tolong di tingkatkan lagi untuk kualitas vidionya mau di status ataupun pesan"
Pengguna Google,1,2026-05-27 09:42:32,bangun bangun kenon wa kek kntol
Pengguna Google,4,2026-05-27 09:40:17,cocok untuk ber komunikasi
Pengguna Google,5,2026-05-27 09:38:49,enak banget cari link bkp
Pengguna Google,5,2026-05-27 09:38:46,semakin ditingkatkan lagi kualitasnya
Pengguna Google,1,2026-05-27 09:38:24,saya chat mantan saya tapi cuma di baca doang fitur nya jelekk bngttttt
Pengguna Google,1,2026-05-27 09:37:25,aplh ampir tiap hari gwa masuk link orang tapi harus update mulu🥱
Pengguna Google,5,2026-05-27 09:37:12,ok
Pengguna Google,5,2026-05-27 09:36:49,"sangatt bgusss ,,,dan sangat membantu"
Pengguna Google,5,2026-05-27 09:36:35,aku bisa cek teman aku
Pengguna Google,5,2026-05-27 09:36:30,sangat bagus untuk komunikasi lancar
Pengguna Google,5,2026-05-27 09:34:53,"tolong tambahkan fitur nonaktifkan komentar pada status, seperti di aplikasi lain agar orang lain tidak bisa berkomentar apapun."
Pengguna Google,1,2026-05-27 09:34:13,"wa ny sering kena spam, pdhl g ad yg nyepam sama sekali, sering kena bug, dan memverikasikan nya lama, bisa smpe 2 hari an, wa kek gini jadi susah buat tau info dri grup sklh, tolong dibenerin kak🙏🏻"
Pengguna Google,4,2026-05-27 09:32:56,update otomatis dan jangan selalu ditinjau akun yang tidak jelas kesalahannya
Pengguna Google,5,2026-05-27 09:32:45,tidak bisa dowload wachupp
Pengguna Google,4,2026-05-27 09:30:43,oke
Pengguna Google,5,2026-05-27 09:28:51,bgs tpi tolong adain vitur hd in kalau kita buat story wa🙏🏻🙏🏻🙏🏻🙏🏻
Pengguna Google,5,2026-05-27 09:27:27,Terimakasih
Pengguna Google,2,2026-05-27 09:27:23,saya harus melakukan verifikasi seterusnya
Pengguna Google,5,2026-05-27 09:25:00,bagus bisa berkomunikasi dengan seseorang yang jauh
Pengguna Google,2,2026-05-27 09:24:20,"banyak kejadian nomor belum terverifikasi aneh banget... padahal nomor aktif, tolong dong diperbaiki... udah 2 bln ini kejadian yang sama di alamin keluarga dan temen sy.... apa ga ada solusi nih gimana mau login lagi ga bisa bisa aneh"
Pengguna Google,5,2026-05-27 09:24:16,nice
Pengguna Google,3,2026-05-27 09:24:15,kalo buka kamera wa yang pake efek selalu ngeleg dan loding ulang tolong di perbaiki dan kalo bisa tidak blur
Pengguna Google,3,2026-05-27 09:22:43,semua emoji nangis orang jadi kek iphone emoji aku belum berubah
Pengguna Google,5,2026-05-27 09:22:29,kameranya tiba² suka ga bisa di gerakin
Pengguna Google,5,2026-05-27 09:22:03,good
Pengguna Google,5,2026-05-27 09:20:19,oke memuaskan
Pengguna Google,5,2026-05-27 09:16:28,bagus banget
Pengguna Google,5,2026-05-27 09:15:50,ok
Pengguna Google,5,2026-05-27 09:15:14,WhatsApp selalu spam
Pengguna Google,5,2026-05-27 09:15:13,AYAMNG.
Pengguna Google,5,2026-05-27 09:13:58,sangat bagus dan senang
Pengguna Google,3,2026-05-27 09:12:50,"jembot baru kali ini kecewa buat vc macet mulu, banyak perubahan"
Pengguna Google,1,2026-05-27 09:12:44,bagus
Pengguna Google,5,2026-05-27 09:12:36,Aplikasi what app ini kenapa tiba tiba keluar tidak bisa login kata nya akun ini tidak bisa menggunakan whats app tolong mohon bantuan nya whatsapp app segera mungkin segera cepat pulih saya butuh whatsapp soal nya banyak data data penting di sana
Pengguna Google,1,2026-05-27 09:12:16,wa tolol kebijakan gajelas skrng gampang kena tinjauan
Pengguna Google,1,2026-05-27 09:10:34,anomali gj
Pengguna Google,1,2026-05-27 09:10:05,bug sering keblokir
Pengguna Google,1,2026-05-27 09:09:40,percuma gak bisa
Pengguna Google,1,2026-05-27 09:09:19,"woi, info yang buat ai nya, suruh main sama ku"
Pengguna Google,5,2026-05-27 09:09:01,asik
Pengguna Google,5,2026-05-27 09:08:18,oke deh...
Pengguna Google,1,2026-05-27 09:06:06,"WhatsApp sekarang buruk sekali,dikit2 akun saya tidak bisa digunakan.stress"
Pengguna Google,1,2026-05-27 09:05:41,Akun saya sering tidak bisa menggunakan WA...kenapa?
Pengguna Google,4,2026-05-27 09:03:52,sangat bagus
Pengguna Google,5,2026-05-27 09:03:00,BAGUSSS DAN PERINGKAT SSS+
Pengguna Google,5,2026-05-27 09:01:41,Krren
Pengguna Google,4,2026-05-27 09:01:40,oklay
Pengguna Google,1,2026-05-27 09:01:15,"dikit2 kena spam makin gak jelas , gak bisa buat kerja ini apk apalagi hubungannya sama orang orang baru"
Pengguna Google,5,2026-05-27 09:00:11,tlung di bantu
Pengguna Google,1,2026-05-27 09:00:06,selalu di bokir nomer dan tidak bisa verifikasi nomer
Pengguna Google,4,2026-05-27 08:58:34,mntap aplikasi nya
Pengguna Google,4,2026-05-27 08:58:23,"bbrp hari trakhir wa jd sering eror knp ya tbtb logout dan harus verifikasi ulang , anehnya nggk ada kode apapun yg masuk ,gmn mau verifikasi? giliran dicoba verifikasi lagi pas udh ada kode masuk ,ehh selang bbrp menit eror lagi eror lagi , kygtu terus pdhl wa apl ternyaman buatt komunikasi tapi knp mlh Jd gini si ,nambah beban pikiran aja ,tolong lah diperbaikii biar penggunnya merasa nyaman, trimakasih"
Pengguna Google,5,2026-05-27 08:57:40,Sangat membantu dalam kegiatan sehari hari
Pengguna Google,3,2026-05-27 08:57:10,kurang bagus
Pengguna Google,1,2026-05-27 08:56:47,"gajelas bgt sistemnya makin kesini ko makin aneh, sensitif padahal ga ngapa²in malah akun dibatasi hadeh, banyak yg kenon masal kah"
Pengguna Google,4,2026-05-27 08:56:04,kenapa saya donot whatsapp messe tidak bisa
Pengguna Google,2,2026-05-27 08:55:53,baik'
Pengguna Google,5,2026-05-27 08:54:41,kalo soal semuanya bagus tapi kalo Vidi call bisa kasih filter nggak sih biar muka nggak jelk jelk amat kecerahan vidio call nya juga di tambahin
Pengguna Google,1,2026-05-27 08:54:01,tiba tiba ga bisa pake sudah pengajuan masih sama ini wa gimana
Pengguna Google,4,2026-05-27 08:53:47,fiturnya bagus hanya saja jangan buat orang panik dengan cht saat di kirim ada tanda jam.
Pengguna Google,5,2026-05-27 08:53:46,saya suka pakek apikasi ini
Pengguna Google,5,2026-05-27 08:53:43,bagus
Pengguna Google,2,2026-05-27 08:51:21,"tolong hapus efek filter di wa, mending gausah pake efek filter"
Pengguna Google,1,2026-05-27 08:50:37,harus ada aplikasi resmi dan non resmi gimana caranya
Pengguna Google,5,2026-05-27 08:50:02,seru aja sih
Pengguna Google,5,2026-05-27 08:49:07,bagus
Pengguna Google,5,2026-05-27 08:48:00,jelas
Pengguna Google,5,2026-05-27 08:45:51,berguna
Pengguna Google,5,2026-05-27 08:43:34,"apk ini makin gak jelas, lagi enak chatan malah di tinjaunsampek 24 jam kadang tidak menentu"
Pengguna Google,5,2026-05-27 08:42:58,sangat mudah dan enak buat ngabarin keluarga di rmh
Pengguna Google,5,2026-05-27 08:42:01,mantap Usefull
Pengguna Google,5,2026-05-27 08:41:58,makin ke sini wa semakin banyak error nya
Pengguna Google,5,2026-05-27 08:41:28,izusuki
Pengguna Google,1,2026-05-27 08:40:56,WhatsApp ku kok bermasalah ya padahal tadi baru klik telepon Vidio terus keluar sendiri dan aplikasi terhapus tiba-tiba di layar hp dan ku cek di play store uninstall sudah ku klik tapi gabisa gimana itu?
Pengguna Google,5,2026-05-27 08:40:34,ok
Pengguna Google,4,2026-05-27 08:39:06,ok
Pengguna Google,3,2026-05-27 08:37:32,luar biasa
Pengguna Google,3,2026-05-27 08:36:57,bagus
Pengguna Google,1,2026-05-27 08:35:31,"Why do video calls often have bugs now, suddenly the video freezes and becomes a photo, there are lots of errors during video calls"
Pengguna Google,5,2026-05-27 08:34:38,ok
Pengguna Google,5,2026-05-27 08:33:02,keren
Pengguna Google,4,2026-05-27 08:32:59,"tolong beri terjemahan otomatis, biar aku semangat"
Pengguna Google,5,2026-05-27 08:32:55,tidak bisa masuk akun WhatsApp
Pengguna Google,5,2026-05-27 08:32:13,saya ingin membuat akun WhatsApp
Pengguna Google,1,2026-05-27 08:31:22,kenapa pas vc dilayar besar in tuba tiba jadi ilang gajelas ni WhatsApp NGEBUG
Pengguna Google,5,2026-05-27 08:31:02,Alhamdulillah dengan aplikasi WhatsApp ini sangat membantu untuk semua orang
Pengguna Google,2,2026-05-27 08:30:29,buruk
Pengguna Google,5,2026-05-27 08:27:54,mantap
Pengguna Google,5,2026-05-27 08:27:18,Josss Gandossss
Pengguna Google,5,2026-05-27 08:25:45,bagus
Pengguna Google,5,2026-05-27 08:23:06,sañgat baik
Pengguna Google,5,2026-05-27 08:21:04,bermanfaat
Pengguna Google,1,2026-05-27 08:19:34,"wa makin ga jelas tiba tiba sering keblokir nomor saya, jadi susah kerja jadi kurir tolng di benahi"
Pengguna Google,5,2026-05-27 08:18:55,sangat bagus & berguna dalam transportasi
Pengguna Google,2,2026-05-27 08:18:25,Bagus
Pengguna Google,5,2026-05-27 08:18:10,mohon icon ai dihilangka n
Pengguna Google,5,2026-05-27 08:17:35,😊😊😊😊😊
Pengguna Google,5,2026-05-27 08:17:22,whatsapp sangaat seru sekalii
Pengguna Google,5,2026-05-27 08:16:16,sangat berkualitas
Pengguna Google,5,2026-05-27 08:13:32,bagus
Pengguna Google,5,2026-05-27 08:13:27,saya ingin mendapat uang dr aplikasi ini
Pengguna Google,5,2026-05-27 08:13:24,Keren abis
Pengguna Google,5,2026-05-27 08:12:42,sangat mudah
Pengguna Google,5,2026-05-27 08:12:11,baik
Pengguna Google,5,2026-05-27 08:09:09,beguna
Pengguna Google,1,2026-05-27 08:08:27,"lama lama gak jelas baru daftar no TLP langsung akun ditangguhkan, alasan sepam apa lah huuu"
Pengguna Google,5,2026-05-27 08:06:54,aku kasik bintang 5
Pengguna Google,5,2026-05-27 08:05:46,muach
Pengguna Google,5,2026-05-27 08:05:34,cukup baik
Pengguna Google,5,2026-05-27 08:04:17,sangat bagus dan cocok untuk saya
Pengguna Google,1,2026-05-27 08:04:02,gak guna
Pengguna Google,4,2026-05-27 08:03:47,Bagus tapi masalahnya waktu vidio kirim ke orang gak ada lagu sementara status bisa tambahkan lagu tolong diperbaiki lagi ya
Pengguna Google,4,2026-05-27 08:03:43,"saya ingin membuka WhatsApp kembali tolong dibuka kan atas SPM, terima kasih"
Pengguna Google,5,2026-05-27 08:03:34,baik
Pengguna Google,1,2026-05-27 08:03:26,wea nya kenapa kek gini bos ngk bisa di pakek lgi. kecewa jadih nys. tolong di perbaikik seoerti biasa ya bos ngk usah banyak2 pengaturan nya deh
Pengguna Google,5,2026-05-27 08:01:32,ga papa
Pengguna Google,3,2026-05-27 08:00:39,"kenapa WhatsApp saya gaada fitur efek nya,pdhal udah update"
Pengguna Google,2,2026-05-27 08:00:38,tolong di perbaiki lagi sering kena spam
Pengguna Google,1,2026-05-27 07:59:25,saya sebagai bisnis di whatsapp sangat tidak nyaman saat saya rekber tiba tiba nomor saya ke baned
Pengguna Google,5,2026-05-27 07:59:08,sangat berguna
Pengguna Google,5,2026-05-27 07:58:05,hallo whatsapp kenapa dipulikam g bisa?
Pengguna Google,5,2026-05-27 07:56:56,"sebelumnya smua fitur baik' aja dan memang menarik trs jg keren bgt fitur"" terbarunya.Tpi kenapa fitur update yg terbaru malah ada close friends nya??? bukanya wa harusnya privasi trs klo ada fitur close friend yg ada keterangannya kaya di Ig bukanya udh ga privasi karna org"" tertentu yg kita jadiin target buat liat sw jdi tau kalo kita pake fitur CF padahal udah bener gitu aja settingan statusnya klo emng mau ditambahin ya yg fitur udh ada jngn mlh diganti tlg y wa diperbaiki lg itu jg privasi."
Pengguna Google,3,2026-05-27 07:56:21,knpsih selalu di aup date kan cuman buat komunikasi bukan buat game
Pengguna Google,1,2026-05-27 07:55:36,setiap lagi teleponan tiba-tiba mati sendiri nggak jelas padahal sinyalnya sangat bagus tolong diperbaiki
Pengguna Google,1,2026-05-27 07:55:15,WhatsApp tidak bisa dibuka
Pengguna Google,5,2026-05-27 07:54:36,good
Pengguna Google,5,2026-05-27 07:54:26,sangat membantu
Pengguna Google,1,2026-05-27 07:52:49,banyak update terus ngabisin kuota
Pengguna Google,5,2026-05-27 07:52:23,minta tinjauan
Pengguna Google,5,2026-05-27 07:52:18,tiba tiba hilang nggak bisaa di gunakan kini saba instal lagi ok
Pengguna Google,1,2026-05-27 07:52:16,"tiba² WhatsApp nya keluar secara sendiri habis itu gak bisa masuk lagi,ayolah jangan gitu Masi banyak pesan yang penting dari sekolah apalagi habis ini ulangan"
Pengguna Google,5,2026-05-27 07:50:08,perbaiki lagi WhatsApp akun saya udah kena spam 4 kali
Pengguna Google,1,2026-05-27 07:49:35,aplikasi sialan ..
Pengguna Google,5,2026-05-27 07:49:24,Baguuuuus bangat
Pengguna Google,5,2026-05-27 07:48:28,haiii fens akyuhhhh
Pengguna Google,5,2026-05-27 07:47:55,keren
Pengguna Google,2,2026-05-27 07:47:13,sering tidak bisa buat telpon
Pengguna Google,5,2026-05-27 07:46:59,jos
Pengguna Google,3,2026-05-27 07:46:29,"dari tanggal 20 mei, sekitar seminggu lalu. akun saya bolak balik kena tinjauan spam tanpa alasan jelas. saya merasa tidak melakukan pelanggaran privasi atau apapun. kenapa tinjauan spam bisa terjadi pada akun saya ( seminggu sudah 4× ) ? tolong beri jawaban atau penjelasan kenapa akun saya mengalami ini"
Pengguna Google,5,2026-05-27 07:45:52,"Wa update nya menarik, hanya saja kekurangan nya itu adalah pas mau repost sw wajah orang, terus mau di tutupi pakai stiker, stiker nya bukan segi empat normal, malah persegi panjang aku harap itu bisa di perbaiki itu aja"
Pengguna Google,3,2026-05-27 07:44:17,Saya kasih 3bntng sj..krn ketika di unistal 3kali malah susah untuk di instal pdhl mng instl yg lain pd bisa lancar
Pengguna Google,4,2026-05-27 07:43:23,"aplikasi sudah bagus tapi knapa makin banyak fitur baru makin ga suka aja liat nya,update sih bgus ya min ada yang saya tidak suka dari update tan whatsapp kenapa di bagian bio ""info"" dibatasin lebih baik di kembalikan ke versi lama aja min saya kurang suka dengan ada nya durasi di bagian ""info"""
Pengguna Google,1,2026-05-27 07:42:18,wa nya kena spam
Pengguna Google,1,2026-05-27 07:42:07,Ribet bgt
Pengguna Google,3,2026-05-27 07:41:18,jos
Pengguna Google,2,2026-05-27 07:40:38,Gilak ini wa gak bisa Bikin status gambar ataupun video . padahal internet nya dah Kentjeng tp ttp gak kekirim edian bangke
Pengguna Google,4,2026-05-27 07:40:27,Bagus cuman bego ada iklan nyah
Pengguna Google,5,2026-05-27 07:40:16,Bagus
Pengguna Google,5,2026-05-27 07:39:39,sinyal kuT
Pengguna Google,5,2026-05-27 07:39:24,sangat mendukung
Pengguna Google,2,2026-05-27 07:38:17,gk ada efek kamera nya
Pengguna Google,5,2026-05-27 07:35:54,#Just Friend kok cemburu
Pengguna Google,5,2026-05-27 07:35:51,Nice
Pengguna Google,5,2026-05-27 07:33:45,bagus
Pengguna Google,1,2026-05-27 07:33:11,knph ga bisa masuk harus WhatsApp terbaru trus udh terbaru tetep ga bisa
Pengguna Google,5,2026-05-27 07:32:56,bagus
Pengguna Google,4,2026-05-27 07:31:26,apasih watshap tidak tersedia Mulu. merah Mulu. hp official knapa merah Mulu gabisa login ? tolong di perbaiki
Pengguna Google,1,2026-05-27 07:31:18,kurang memuaskan
Pengguna Google,1,2026-05-27 07:28:31,ke banned permanen padahal ga ngapa² in
Pengguna Google,4,2026-05-27 07:26:41,kok pas vc video nya suka nge bug/eror
Pengguna Google,1,2026-05-27 07:26:28,"setiap mau login ulang di bilang WhatsApp bajakan, gajelas"
Pengguna Google,5,2026-05-27 07:26:19,mantap
Pengguna Google,1,2026-05-27 07:24:49,"sekarang wa bisa nonton bokep,saluran nya"
Pengguna Google,5,2026-05-27 07:23:56,bagus
Pengguna Google,5,2026-05-27 07:23:55,"whatsapp bego, mau login toi kode Verifikasi 6 digit nya ga dikirim kirim, padahal udh gua coba berkali kali, kecewa gua"
Pengguna Google,5,2026-05-27 07:20:32,bagus
Pengguna Google,5,2026-05-27 07:19:21,memudahkan mengobrol meski jauh aplikasi favorit di tambah vitur ai yang berguna
Pengguna Google,4,2026-05-27 07:12:45,baik.
Pengguna Google,1,2026-05-27 07:12:10,sangat bagus
Pengguna Google,5,2026-05-27 07:12:03,sangat bagus
Pengguna Google,4,2026-05-27 07:11:39,Update aplikasi ini utk tipe android versi brp yah? Hp sy masih jadul 🙏
Pengguna Google,5,2026-05-27 07:10:00,bagus aj wkwkwkw
Pengguna Google,5,2026-05-27 07:07:29,zonkkkk
Pengguna Google,5,2026-05-27 07:06:41,bagus
Pengguna Google,5,2026-05-27 07:06:07,pengalaman seru WhatsApp Messenger.
Pengguna Google,2,2026-05-27 07:04:39,"ini kenapa deh, status udah di hapus tapi smua orang masih bisa liat padahal udh di apus dan g ada. orang yang di privasi juga tiba2 masih bisa liat ! sebel banget jdi ngerasa g aman !"
Pengguna Google,1,2026-05-27 07:04:03,gabisa diajak bikin trend meta ai nya
Pengguna Google,5,2026-05-27 07:02:24,semoga exis
Pengguna Google,5,2026-05-27 07:01:14,mantap
Pengguna Google,5,2026-05-27 06:59:35,BUKTIIN BISA TARIK UANG
Pengguna Google,1,2026-05-27 06:58:41,kenapa setiap bikin wa akun nya selalu dibatasi dan ditinjau
Pengguna Google,5,2026-05-27 06:58:22,oke
Pengguna Google,4,2026-05-27 06:57:00,oke
Pengguna Google,5,2026-05-27 06:55:54,baik
Pengguna Google,5,2026-05-27 06:55:50,Ok
Pengguna Google,4,2026-05-27 06:55:22,"padahal no q udah aq pake hampir sepuluh tahun,tiba2 akun tidak bisa di pake lagi, katanya perlu di verivikasi lagi"
Pengguna Google,5,2026-05-27 06:54:40,ok
Pengguna Google,1,2026-05-27 06:53:17,karena WhatsApp messenger saya di blokir permanen
Pengguna Google,5,2026-05-27 06:51:43,fantastic dalam menggunakan watsup
Pengguna Google,5,2026-05-27 06:49:46,bagusss
Pengguna Google,5,2026-05-27 06:49:44,"knp ko sya skarang GK bsa mengunakan WhatsApp nie tiba""GK bsa msuk lgi"
Pengguna Google,3,2026-05-27 06:49:02,WA saya sering kena kenon sendiri tanpa sebab
Pengguna Google,1,2026-05-27 06:47:43,tidak❌ bisa ganti foto profil wa
Pengguna Google,1,2026-05-27 06:47:23,apalah aplikasi ini aku gak kirim² apa apa tapi malah di tinjau tiba tiba sungguh tidak memuaskan aplikasi nya
Pengguna Google,2,2026-05-27 06:47:21,kalo kena spam aplikasi ini susah dipulihkan sudah ditunggu 24 jam malah akun wa nya ga resmi katanya padahal ini wa resmi sampe harus install ulang berkali' haduh
Pengguna Google,5,2026-05-27 06:47:09,mantap
Pengguna Google,5,2026-05-27 06:44:38,"bantu aktifkan lagi NO Whatsapp saya,"
Pengguna Google,5,2026-05-27 06:43:20,aplikasi yg bagus
Pengguna Google,5,2026-05-27 06:42:45,mantap
Pengguna Google,1,2026-05-27 06:42:27,"Fitur siaran sebenarnya berguna buat pengguna, tapi sistem deteksi spamnya terasa terlalu agresif dan kadang tidak bisa membedakan pengguna normal dengan bot. Akibatnya, orang yang cuma memakai fitur bawaan aplikasi malah bisa kena pembatasan. Harusnya ada penyesuaian supaya aktivitas siaran wajar tidak langsung dianggap spam, misalnya dengan batas yang lebih jelas atau peringatan dulu sebelum akun dibatasi,itu aja dan tolong di perbaiki"
Pengguna Google,5,2026-05-27 06:42:25,sangat membantu
Pengguna Google,4,2026-05-27 06:39:39,please make a photo slide feature for status
Pengguna Google,5,2026-05-27 06:39:39,Amanah
Pengguna Google,1,2026-05-27 06:39:37,tiba-tiba ga bisa masuk malah langsung keluar dan timbul notif WhatsApp berhenti gimana sih disitu kan ada data-data pribadi saya tolong deh!!!!!!!!
Pengguna Google,4,2026-05-27 06:38:50,cinta abadi
Pengguna Google,5,2026-05-27 06:38:32,"Efesien & Efektif, sangat membantu dlm komunikasi, silahturahmi menjadi lancar"
Pengguna Google,1,2026-05-27 06:36:56,"kaya anjeng whatsapp sekarang,wa ku terblokir teros klen buat pepek,perbaiki whatsapp ku itu anjeng"
Pengguna Google,4,2026-05-27 06:35:49,kenapa saluran wa ku eror.. aku jadi gabisa lihat postingan saluran sekolahan!
Pengguna Google,3,2026-05-27 06:35:05,apk gk jelas padahal pake yg ori bukan yg wa gb atau semacam nya tapi kode verification nya tetap nggak masuk
Pengguna Google,1,2026-05-27 06:33:50,kena tinjau trs
Pengguna Google,5,2026-05-27 06:33:16,we ini apk kok ke kenon terus tapi bagus si
Pengguna Google,5,2026-05-27 06:33:04,bagus aja sih
Pengguna Google,3,2026-05-27 06:29:45,kadang udh di cdngkn ttp ilang riwayat chat nya
Pengguna Google,5,2026-05-27 06:29:24,"Tolong dong updatenya di mudahkan, cepet kalau upload pas instalnya lama, berkali-kali"
Pengguna Google,1,2026-05-27 06:27:38,ASI farel saya
Pengguna Google,1,2026-05-27 06:27:36,akun gua knk tinjau terus
Pengguna Google,5,2026-05-27 06:27:14,mantap
Pengguna Google,4,2026-05-27 06:27:11,bagus
Pengguna Google,1,2026-05-27 06:27:05,whatsap skrg kena spam mulu heran
Pengguna Google,5,2026-05-27 06:24:58,"mantep,tapi kadang kadang suka akun di batasi,padahal gak melakukan pelanggaran-pelanggaran yg mencurigakan atau merugikan WhatsApp"
Pengguna Google,5,2026-05-27 06:24:52,Super💗
Pengguna Google,5,2026-05-27 06:24:48,mntul da
Pengguna Google,5,2026-05-27 06:20:42,"Sangat membantu dalam berkomunikasi dengan saudara,, keluarga dan rekan kerja dan yang lain ,dengan fitur yang sangat menarik,,mudah untuk di aksesnya..pokoknya mantap,, sukses terus wattapp..🙏🙏😊👍"
Pengguna Google,5,2026-05-27 06:20:03,bagus
Pengguna Google,5,2026-05-27 06:19:02,mantap
Pengguna Google,5,2026-05-27 06:18:57,mantap
Pengguna Google,5,2026-05-27 06:18:00,Bagus
Pengguna Google,5,2026-05-27 06:15:27,wowkeren
Pengguna Google,5,2026-05-27 06:14:04,bagus
Pengguna Google,5,2026-05-27 06:12:07,good
Pengguna Google,5,2026-05-27 06:09:58,ok
Pengguna Google,5,2026-05-27 06:09:45,mantap
Pengguna Google,1,2026-05-27 06:07:02,"ini bukan wa resmi,masa mo login di bilang bukan wa resmi, dari mn lagi mo download nya, parah ni apk lama2"
Pengguna Google,3,2026-05-27 06:05:47,bug vc udah 3hari belum di fix kan
Pengguna Google,3,2026-05-27 06:03:40,eror
Pengguna Google,2,2026-05-27 06:03:33,tolong perbaiki bug.
Pengguna Google,5,2026-05-27 06:03:22,bagus sangat membantu aktifitas sehari hari dalam komunikasi
Pengguna Google,5,2026-05-27 06:02:23,kenapa watsap di blokir
Pengguna Google,5,2026-05-27 06:00:38,kenapa saya GK bisa download wa
Pengguna Google,3,2026-05-27 05:59:11,bagus
Pengguna Google,5,2026-05-27 05:58:59,good
Pengguna Google,1,2026-05-27 05:58:21,wa sekarang makin aneh lagi vc malah pas chat sama yg lain chatan nya terhapus semua sampe hal tidak tersisa satu pun padahal tidak pencet titik 3 pojok kanan atas masa lagi chatan pesan dari awal ke hapus semua sampe foto foto hilang apk nya makin hari makin ga jelas
Pengguna Google,5,2026-05-27 05:57:36,ok
Pengguna Google,1,2026-05-27 05:57:13,"WhatsApp yng sekarang udah mulai GK jelas. wa yng udah tahunan tiba"" GK bisa login lagi . jujur aj wa yng sekrng betul"" GK jls"
Pengguna Google,5,2026-05-27 05:56:23,Mantab
Pengguna Google,1,2026-05-27 05:55:49,rusak ga bisa login!!!
Pengguna Google,5,2026-05-27 05:50:43,lagi ngga bisa di gunakan
Pengguna Google,5,2026-05-27 05:48:29,kenapa dangat lola yah
Pengguna Google,5,2026-05-27 05:48:19,ok
Pengguna Google,5,2026-05-27 05:47:27,Good
Pengguna Google,1,2026-05-27 05:45:12,"Ceo Whatsapp gw minta tolong banget inimah, tolong di hapus fitur satu kali liat, tolong pisan inimah"
Pengguna Google,5,2026-05-27 05:45:09,bagus aja sihh
Pengguna Google,1,2026-05-27 05:44:05,"sekaranggg makinn jelekkk semakindi apdet makin g jlsss akuuu dibatasi,akuuu diblokirr pdhl tidak melkaukan apa""tolong lah minnn diubah lagii ini buat kerjaa bukan sekedar buat chtannn doanggg ,kaloo jdii kayak gini mndg gak usah diuodate ajaaa makin kesini makinn kesana kuu liat adehhhh kacao"
Pengguna Google,5,2026-05-27 05:43:23,mantap boy
Pengguna Google,5,2026-05-27 05:39:38,keren
Pengguna Google,1,2026-05-27 05:39:35,"kenapa wa saya ditinjau terus kenapa? itu no wa saya yang baru, dan gada saya kirim yang mengindikasi ke spam. TOLONG KERJASAMANYA YA"
Pengguna Google,4,2026-05-27 05:37:28,"tolong upgrade kenapa tidak berjalan di samsung A07, hanya loading saja"
Pengguna Google,5,2026-05-27 05:37:15,"tolong di buat HD saat buat story WA, padahal dulu jernih sekali tapi kenapa sekarang jadi burik maksimal 😭😭😭😭"
Pengguna Google,5,2026-05-27 05:36:19,"Aplikasi chat terbaik untuk terhubung bersama klrga,sdra,shabat...josss jisss"
Pengguna Google,5,2026-05-27 05:36:18,Bagus
Pengguna Google,5,2026-05-27 05:30:30,Tetap saja terbaik
Pengguna Google,1,2026-05-27 05:26:46,lagi kesal sama wa lemot
Pengguna Google,5,2026-05-27 05:26:41,baik
Pengguna Google,5,2026-05-27 05:26:25,mudah digunakan dan sangat baik untuk berkomunikasi
Pengguna Google,3,2026-05-27 05:25:28,top
Pengguna Google,5,2026-05-27 05:25:18,bagus terdata yg lama 🙏
Pengguna Google,5,2026-05-27 05:25:17,bagus
Pengguna Google,4,2026-05-27 05:25:07,4 bintang dulu kedepanya kalau makin bagus saya tambah
Pengguna Google,5,2026-05-27 05:24:59,bagus dan sanggat membantu
Pengguna Google,1,2026-05-27 05:24:55,kenapa tidak bisa masuk whatsap sendiri
Pengguna Google,5,2026-05-27 05:24:44,mantap
Pengguna Google,5,2026-05-27 05:24:23,wa saya tidak terdaftar kenap gitu
Pengguna Google,1,2026-05-27 05:24:16,aman
Pengguna Google,5,2026-05-27 05:23:08,wah ini aplikasinya
Pengguna Google,5,2026-05-27 05:23:05,bagus
Pengguna Google,5,2026-05-27 05:22:43,ok lah
Pengguna Google,5,2026-05-27 05:22:21,jaga warung
Pengguna Google,5,2026-05-27 05:19:13,wa saya sering tidak bisa dipakai
Pengguna Google,1,2026-05-27 05:18:14,kenapa WhatsApp saya di blokir
Pengguna Google,5,2026-05-27 05:16:34,kenapa akun WhatsApp saya sering kena spam ? padahal saya tidak melakukan kesalahan apapun
Pengguna Google,5,2026-05-27 05:14:32,nic
Pengguna Google,1,2026-05-27 05:13:27,Sy mau tlpon g bisa apikasi g bisa dr kemaren gagal terus masa bodolah
Pengguna Google,1,2026-05-27 05:12:44,Lama sekali nge download nyaa taiii
Pengguna Google,5,2026-05-27 05:12:04,bagu dan simpel saja di gunakan sehari-hari
Pengguna Google,1,2026-05-27 05:11:26,"WA TIDAK MANUSIAWI, MASA KITA KIRIM 2 GAMBAR NORMAL DI BLOKIR, WA CARA PANDANG NYA KEJAM TIDAK MANUSIAWI"
Pengguna Google,5,2026-05-27 05:11:07,cukup baik
Pengguna Google,5,2026-05-27 05:08:55,bagus
Pengguna Google,4,2026-05-27 05:08:34,baik
Pengguna Google,1,2026-05-27 05:08:14,"WhassApp not recommended now! sulit koneksi sama WA Web/Desktop. WA udh ndak sebagus yang dulu, sekarang banyak Bug nya, mana lagi sering banyak ngasilin file Cache. Banyak Delay nya sekarang"
Pengguna Google,5,2026-05-27 05:08:00,waatshaap hilang lagi
Pengguna Google,5,2026-05-27 05:05:56,bisa membantu
Pengguna Google,5,2026-05-27 05:04:26,di hp Q kalo ngirim foto live gabisa 😅
Pengguna Google,5,2026-05-27 05:01:20,ga bisa kirim sms
Pengguna Google,5,2026-05-27 04:59:24,Sagat memudahkan komunikasi
Pengguna Google,1,2026-05-27 04:59:13,ai nya tolong di benerin. aku ngomong halo doang trs di bales nya sama ai aya naon ari sia wah poko nya kasar banget
Pengguna Google,5,2026-05-27 04:56:12,sangat membantu untuk berkomunikasi dengan orang jauh
Pengguna Google,4,2026-05-27 04:53:33,baik
Pengguna Google,5,2026-05-27 04:53:25,sangat membantu buat saya adanya aplikasi ini terima kasih
Pengguna Google,5,2026-05-27 04:51:34,👍
Pengguna Google,2,2026-05-27 04:49:54,tidak bisa login
Pengguna Google,5,2026-05-27 04:49:35,amba
Pengguna Google,5,2026-05-27 04:49:28,good
Pengguna Google,5,2026-05-27 04:48:49,mantap untuk fitur Wa yg sekarang 🙏❤️
Pengguna Google,5,2026-05-27 04:47:58,good
Pengguna Google,1,2026-05-27 04:45:00,"ini bagaimana caranya untuk mengeluarkan akun saya yang nyangkut diponsel yang rusak? tolong... aku mau pindahkan akunku di hp lain segera, nanti ku rating bintang 5 nya"
Pengguna Google,5,2026-05-27 04:44:13,mantap banget
Pengguna Google,5,2026-05-27 04:43:42,oke
Pengguna Google,5,2026-05-27 04:43:28,mantap
Pengguna Google,1,2026-05-27 04:43:13,"semua chat hilang dari akun google, padahal sudah di cadangkan, dan tidak ada opsi untuk memulihkan chat melalui penyimpanan eksternal"
Pengguna Google,5,2026-05-27 04:43:09,keren
Pengguna Google,5,2026-05-27 04:41:00,mantep
Pengguna Google,5,2026-05-27 04:40:37,bagus
Pengguna Google,5,2026-05-27 04:37:53,bagus
Pengguna Google,1,2026-05-27 04:37:33,kok habis update baru baru ini malah lebih sering bgeframe wa nya sering keluar sendiri dari wa
Pengguna Google,5,2026-05-27 04:36:23,terima kasih WA sudah keluar
Pengguna Google,1,2026-05-27 04:36:16,"aku kasih kritikan fitur tentang kok skrg peke durasi, g kyk dulu. udh nahan g ubah ubah malah kehpus sendiri sekrg. tolong hpus fitur durasi pada tentang itu"
Pengguna Google,1,2026-05-27 04:34:17,ini bagus buat chat dan yang lainnya tapi saya tidak bisa membuka verifikasi WhatsApp
Pengguna Google,5,2026-05-27 04:32:43,suka dengan aplikasi WhatsApp messenger ini pokoknya 👍⭐⭐⭐⭐⭐
Pengguna Google,5,2026-05-27 04:32:25,ok
Pengguna Google,1,2026-05-27 04:31:50,BANYAK BUG.
Pengguna Google,5,2026-05-27 04:31:17,mantap
Pengguna Google,1,2026-05-27 04:30:50,"heran banget sih sama watsap sekarang ngapain sih habis nonton stori sendiri langsung nonton stori orang gak asik banget malah kayak instagram ,jelek banget ,orang kita suka liat stori sendiri jadi langsung liat stori orang"
Pengguna Google,5,2026-05-27 04:27:29,lagi butuh buat usaha
Pengguna Google,5,2026-05-27 04:26:42,bagus dan lebih simpel
Pengguna Google,1,2026-05-27 04:26:25,habis sy update vc malah kelihatan wjhnya org yg tak vc dua2nya wjhe sy TDK kelihatan gmn ya mohon segera di perbaiki
Pengguna Google,5,2026-05-27 04:25:47,Good
Pengguna Google,1,2026-05-27 04:24:33,hadeh kocak masa gabisa pulihin chat
Pengguna Google,1,2026-05-27 04:21:52,Gk betul ini wa masa iy tiba tiba wa saya di beloker tanpa penjelasan
Pengguna Google,1,2026-05-27 04:21:21,"saat telpon bisa meti sendiri, aneh"
Pengguna Google,5,2026-05-27 04:20:47,"aplikasinya fleksibel simple dan gampang di gunakan tapi setiap mau update status pasti burem, udah si itu aja minus nya harap di perbaiki ya"
Pengguna Google,5,2026-05-27 04:20:36,T.O.P
Pengguna Google,5,2026-05-27 04:19:35,sangat bagus
Pengguna Google,3,2026-05-27 04:18:55,"knp tiba2, WhatsApp saya gak bsa kebuka udh unistal tp msee gak bsa2"
Pengguna Google,5,2026-05-27 04:18:20,aku mau update woi
Pengguna Google,5,2026-05-27 04:14:42,mantap
Pengguna Google,5,2026-05-27 04:13:55,bagus
Pengguna Google,1,2026-05-27 04:13:28,WhatsApp sudah bertahun tahun digunakan malah dibatasi selalu perintah download wa Resmi padahal yg dipakai selalu wa resmi
Pengguna Google,2,2026-05-27 04:13:08,WhatsApp tolong tambahkan fitur notifikasi atau larangan ketika vidio call screenshot dan recording karena banyak dari beberapa orang mensalah gunakan fitur vidio call untuk hal yang tidak senonoh
Pengguna Google,2,2026-05-27 04:12:15,alhamdulillah...sdh terkirim sedekah daging untuk sdr muslim di sudan . sejumlah. 500.578 tgl. 27 mei 2026. pk. 11.10 menit. melalui BRI....mhon di check....
Pengguna Google,5,2026-05-27 04:11:52,Good
Pengguna Google,5,2026-05-27 04:10:03,bagus cuyyy👍🏻
Pengguna Google,5,2026-05-27 04:09:27,good suara bening gambar jernih
Pengguna Google,1,2026-05-27 04:07:35,"dikit"" kena kenon karena chat no baru orang, padahal mah penting, hadehhhhhhh kalo bisa bintang 0 mah gua kasih bintang 0"
Pengguna Google,5,2026-05-27 04:06:00,sangat hebat berkualitas tinggi
Pengguna Google,3,2026-05-27 04:05:57,gada masalah si cuman ko sekarang WA kalo tlpon/vc udah di angkat suka langsung menghubungkan?
Pengguna Google,3,2026-05-27 04:04:05,lumayan
Pengguna Google,5,2026-05-27 04:02:12,sangat membantu
Pengguna Google,5,2026-05-27 04:02:06,ok
Pengguna Google,5,2026-05-27 04:01:16,good
Pengguna Google,4,2026-05-27 03:59:14,"sering kena pelanggaran pdhl di chat banyak org, knp y?"
Pengguna Google,5,2026-05-27 03:59:02,2 ko
Pengguna Google,5,2026-05-27 03:57:22,ASIKKK
Pengguna Google,2,2026-05-27 03:57:09,"mohon maaf pihak WhatsApp agar WhatsApp segera di update Agar tidak, sering terkena kenon ,saya sudah terkena sehari 2x kenon"
Pengguna Google,5,2026-05-27 03:57:03,andika
Pengguna Google,4,2026-05-27 03:54:19,"saat membuat status, foto atau video mnjadi buram meski sudah di hd kn, tolong perbaiki terimakasih."
Pengguna Google,5,2026-05-27 03:53:30,good
Pengguna Google,4,2026-05-27 03:53:03,"kenapa pacar saya memblokir saya tetapi profil wa tetap ada. setahu saya jika nomor wa saya diblokir, profil wa orang memblokir nomor saya tidak lagi muncul?"
Pengguna Google,1,2026-05-27 03:52:44,"woi WhatsApp ko nomer tiba tiba ke nonaktif dan gabisa dibuka, banyak drama kenapa ini woi"
Pengguna Google,3,2026-05-27 03:52:36,",😀"
Pengguna Google,4,2026-05-27 03:50:59,karna sering tinjuan 😔
Pengguna Google,2,2026-05-27 03:49:13,"status saya ngebug, di WA web terlihat ada status orang lain tapi di hp tidak terlihat"
Pengguna Google,5,2026-05-27 03:47:13,bagus aplikasiny
Pengguna Google,5,2026-05-27 03:47:11,wa in banyak bokep
Pengguna Google,4,2026-05-27 03:46:54,. mo
Pengguna Google,1,2026-05-27 03:44:54,Tolong tinjau akun WhatsAPP saya
Pengguna Google,4,2026-05-27 03:43:54,sempurna
Pengguna Google,5,2026-05-27 03:41:59,bagus
Pengguna Google,1,2026-05-27 03:40:30,"mengapa whatsapp saya tidak bisa di buka, di saat saya mau masuk ke aplikasi nya sering keluar sendiri, jadi tidak bisa di buka. Setelah saya membukanya ada pesan masuk di layar HP saya tulisannya: *Terdeteksi bahwa aplikasi ""Whatsapp"" mogok karena masalahnya sendiri. Harap tunggu pembaruan untuk memperbaiki masalah, atau kirimkan umpan balik melalui saluran layanan pelanggan dalam aplikasi*. tulisan yg ini yg muncul, aku mohon aplikasi nya secepatnya di perbaiki karna saya ada penting memakai"
Pengguna Google,5,2026-05-27 03:40:14,bermanfaat
Pengguna Google,3,2026-05-27 03:39:05,"tolong ini kenapa, WhatsApp saya tidak bisa menggunakan efek dan filter? masih belum ada gimana ini"
Pengguna Google,5,2026-05-27 03:39:03,baik
Pengguna Google,5,2026-05-27 03:37:35,😙
Pengguna Google,5,2026-05-27 03:36:09,ribet
Pengguna Google,5,2026-05-27 03:34:50,tidak bisa masuk. watsap
Pengguna Google,5,2026-05-27 03:33:26,sanga membantyu
Pengguna Google,1,2026-05-27 03:30:51,kenapa nomor wa saya tiba2 diblokir
Pengguna Google,5,2026-05-27 03:29:49,🥰🥰🥰
Pengguna Google,5,2026-05-27 03:29:34,ok berguna
Pengguna Google,5,2026-05-27 03:29:19,sanggat membantu
Pengguna Google,5,2026-05-27 03:28:57,mantap bos
Pengguna Google,5,2026-05-27 03:27:25,latihan Perpisahan Mts Raja kotabaru.
Pengguna Google,5,2026-05-27 03:27:14,good
Pengguna Google,5,2026-05-27 03:26:33,mol pppoopoipp orang popoippppppp k
Pengguna Google,3,2026-05-27 03:23:59,tolong di perbaiki lagi grafik status wa nya burik banget anjim jadi males bikin story
Pengguna Google,4,2026-05-27 03:22:24,"sangat bagus,kalau bisa tolong di perhatikan spam blok lagi"
Pengguna Google,5,2026-05-27 03:21:40,penyimpanan terlalu cepat penuh
Pengguna Google,1,2026-05-27 03:21:20,"ini kenapa pas login ""tidak tersedia login saat ini"" udh berulang kali kayak gini padahal ad urusan penting t4iklh makin lama makin jele3k aja ni aplikasi"
Pengguna Google,5,2026-05-27 03:21:05,sangat bagus
Pengguna Google,5,2026-05-27 03:19:03,BAgus banget dan berguna bagi manusia
Pengguna Google,5,2026-05-27 03:18:58,bagus tambah conten scrol aja
Pengguna Google,5,2026-05-27 03:18:14,ok
Pengguna Google,1,2026-05-27 03:16:28,"verifikasi mulu,padahal udh pake data sendiri"
Pengguna Google,5,2026-05-27 03:15:54,tidak bisa diginakan
Pengguna Google,3,2026-05-27 03:15:42,sgt membantu dlm bisnis dan kluarga
Pengguna Google,5,2026-05-27 03:13:46,mantap
Pengguna Google,5,2026-05-27 03:13:23,mantap
Pengguna Google,1,2026-05-27 03:13:03,knpa akun wa saya kna spam terus sih
Pengguna Google,1,2026-05-27 03:12:48,jelekkk
Pengguna Google,5,2026-05-27 03:10:39,ok
Pengguna Google,5,2026-05-27 03:10:09,ok banget
Pengguna Google,2,2026-05-27 03:08:13,dafxHh
Pengguna Google,5,2026-05-27 03:07:04,karna ada meta al nya seruu bangett
Pengguna Google,5,2026-05-27 03:05:30,Sangat memuaskan
Pengguna Google,1,2026-05-27 03:03:56,"aplikasi sagat mengecewakan,gak tau apa2 tiba2 kena spam"
Pengguna Google,5,2026-05-27 03:03:20,Ok
Pengguna Google,5,2026-05-27 02:59:08,mantap
Pengguna Google,5,2026-05-27 02:58:56,baikkk
Pengguna Google,1,2026-05-27 02:58:01,ampas wa gw kok diblokir
Pengguna Google,5,2026-05-27 02:55:00,mau Bikin WA tolong kami sudah lama sekali
Pengguna Google,1,2026-05-27 02:53:04,mulai rusak
Pengguna Google,5,2026-05-27 02:49:58,bikin mudah
Pengguna Google,1,2026-05-27 02:49:54,kembalikan akun wa saya
Pengguna Google,5,2026-05-27 02:48:41,𝑏𝑖𝑠𝑎 𝑐𝒉𝑎𝑡 𝑠𝑎𝑚𝑎 𝑡𝑒𝑚𝑒𝑛
Pengguna Google,1,2026-05-27 02:48:15,"banyak bug nya, terutama di sw sering nge blur, lirik lagu engga bergerak, lagu nya ga lengkap."
Pengguna Google,5,2026-05-27 02:46:42,suka sekali
Pengguna Google,5,2026-05-27 02:46:41,bagus tapi belakangan ini agak aneh tiba-tiba akun Whatsapp terkunci dan menunggu 24 jam
Pengguna Google,5,2026-05-27 02:46:35,sangat cocok untuk di gunakan
Pengguna Google,4,2026-05-27 02:46:03,ini kenapa WA sya ta bisa verifikasi.....
Pengguna Google,5,2026-05-27 02:44:48,ok
Pengguna Google,5,2026-05-27 02:42:48,sangat bagus
Pengguna Google,1,2026-05-27 02:42:17,"ganti HP, no WA ga bisa dipakai, padahal ini sangat penting"
Pengguna Google,4,2026-05-27 02:42:11,apk ini sangat baik
Pengguna Google,1,2026-05-27 02:41:23,sering kena spam WhatsApp saya tolong pihak WhatsApp membantu memulihkan kembali
Pengguna Google,5,2026-05-27 02:40:23,Bagus
Pengguna Google,5,2026-05-27 02:39:11,sangat membantu
Pengguna Google,1,2026-05-27 02:38:12,"gajelas, nomor yg diprivat jdi bisa lihat status pdhl udh diprivat"
Pengguna Google,5,2026-05-27 02:37:57,lebih bagus
Pengguna Google,5,2026-05-27 02:37:27,baru sekali aku whatsapp
Pengguna Google,2,2026-05-27 02:36:39,tiba tiba ke blokir sendiri
Pengguna Google,5,2026-05-27 02:36:37,iye
Pengguna Google,1,2026-05-27 02:33:53,sudah tidak Berguna. selalu gagal memulihkan chat all hasil semua data hilang!! payah!!
Pengguna Google,5,2026-05-27 02:33:00,Alhamdulillah sangat membantu
Pengguna Google,1,2026-05-27 02:31:42,"knapa kalo lg di pake aplikasinya muter"" y ihh riweh"
Pengguna Google,5,2026-05-27 02:31:38,nasip ja lg
Pengguna Google,1,2026-05-27 02:29:21,"jelek banget najis tiba tiba chat ilang, dihapus padahal ga pernah kilik hapus pesan. pls kalau bug bug aja gausah hapus pesan sampe full"
Pengguna Google,5,2026-05-27 02:29:04,memang benar bahwa ia akan menjadi lebih baik dari yg lain
Pengguna Google,5,2026-05-27 02:27:17,selalu di butuh kan
Pengguna Google,1,2026-05-27 02:26:57,baru
Pengguna Google,4,2026-05-27 02:24:42,Terdapat Bug ketika call menghidupkan camera sambil mengirim gambar ke pesan orang lain atau story call tersebut akan mati sendiri
Pengguna Google,1,2026-05-27 02:24:13,"apk nya aneh,masa gw ngomong (aku suka kamu) tapi di jawab (kita just friend)"
Pengguna Google,1,2026-05-27 02:23:22,kenapa WhatsApp sering keluar spam berulang kali saya pakai nomor baru tetap tidak bisa mengunakan WhatsApp
Pengguna Google,5,2026-05-27 02:21:50,mohon durasi story agar di perpanjang
Pengguna Google,2,2026-05-27 02:21:46,sumpah skrg jelek bangt WhatsApp nya video call nya buruk sering eror g suka dgn WA skrg 😭😡🫵
Pengguna Google,5,2026-05-27 02:21:10,aku suka nge-chat sama
Pengguna Google,5,2026-05-27 02:20:59,Bagus
Pengguna Google,5,2026-05-27 02:20:07,bisa mekatuk
Pengguna Google,1,2026-05-27 02:16:56,klo ada informasi mau update wea gausah hapus hapus riwayat chtlah
Pengguna Google,5,2026-05-27 02:13:45,aplikasi yg berguna
Pengguna Google,5,2026-05-27 02:13:26,minta kode verifikasi
Pengguna Google,1,2026-05-27 02:13:16,akun saya hilang ngak bisa login
Pengguna Google,3,2026-05-27 02:12:16,film hantu yang paling serem film BoBoiBoy film BoBoiBoy yang baru
Pengguna Google,1,2026-05-27 02:11:47,"Mengapa saat repost story, yang direpost itu jadi burik (kualitas menurun)"
Pengguna Google,5,2026-05-27 02:11:42,bagus skali
Pengguna Google,1,2026-05-27 02:11:15,nomor gampang keblokir permanen padahall cuma Nge sv nomor lama
Pengguna Google,5,2026-05-27 02:05:56,bagus
Pengguna Google,5,2026-05-27 02:05:31,saya sangat menyukai nya
Pengguna Google,3,2026-05-27 02:04:51,tolong perbaiki respon ceklis birunya kadang suka ga muncul ini knpa padahal ga matikan on of baca pesan
Pengguna Google,5,2026-05-27 02:04:42,baik
Pengguna Google,5,2026-05-27 02:03:46,Sangat bagus
Pengguna Google,5,2026-05-27 02:02:40,bagus sekali
Pengguna Google,2,2026-05-27 02:02:07,saluran WhatsApp nya sering chatnya tidak terkirim. lama banget lagi normal nya...
Pengguna Google,5,2026-05-27 02:01:39,senang
Pengguna Google,1,2026-05-27 02:01:29,"mangkin di update mangkin gak jelas, masak setiah vc, GK bisa ngeliat muka sendiri GK bisa dibesarin heran langsung macett, wa ta**"
Pengguna Google,5,2026-05-27 02:01:12,baguuuussssssss
Pengguna Google,5,2026-05-27 02:00:54,Sagat membantu komunikasih
Pengguna Google,5,2026-05-27 02:00:34,Wakwaw
Pengguna Google,1,2026-05-27 01:59:57,woi apa lah grafik kek ff burik
Pengguna Google,5,2026-05-27 01:59:50,sangat membantu sekali
Pengguna Google,5,2026-05-27 01:58:21,"selama saya menggnakanya , tidak ada kendala"
Pengguna Google,1,2026-05-27 01:57:52,pekerja keras
Pengguna Google,3,2026-05-27 01:56:20,hahh?! WhatsApp kok sekarang makan storage nya besar banget sih? gak masuk akal banget tiba-tiba udah 4.9GB aja gak jelas bngt
Pengguna Google,1,2026-05-27 01:55:55,jangan ada fitur update soal nyh ruang penyimpanan gk ada
Pengguna Google,5,2026-05-27 01:55:20,oke
Pengguna Google,5,2026-05-27 01:54:22,mantap
Pengguna Google,5,2026-05-27 01:52:29,bgt lah ksh
Pengguna Google,5,2026-05-27 01:48:35,mantap
Pengguna Google,5,2026-05-27 01:43:40,baik
Pengguna Google,5,2026-05-27 01:43:30,Alhamdulillah bagus
Pengguna Google,5,2026-05-27 01:43:07,baik
Pengguna Google,5,2026-05-27 01:40:38,cocok untuk berkomunikasi jarak jauh...
Pengguna Google,5,2026-05-27 01:40:28,keren
Pengguna Google,1,2026-05-27 01:37:32,"aplikasi berhantu setiap hari kaga ada yg chat, giliran ad yg chat itu malah minta vid bokep"
Pengguna Google,5,2026-05-27 01:36:48,tolong bantu saya soalnya wattsap saya g bisa
Pengguna Google,5,2026-05-27 01:36:12,sangat membantu
Pengguna Google,1,2026-05-27 01:35:53,"Eror jirr, skrng tambah nge bug ga ada suaranya kalo ada org yg telfon"
Pengguna Google,5,2026-05-27 01:34:22,sangat bagus
Pengguna Google,5,2026-05-27 01:27:22,good apk.
Pengguna Google,1,2026-05-27 01:26:05,"tolong dong aplikasi nya di perbaiki, masa kalo vc layar nya dua""kadang hanya nampak muka org yg kita vc di kamera kecil dan besar nya"
Pengguna Google,5,2026-05-27 01:25:58,Sangat berguna sekali
Pengguna Google,5,2026-05-27 01:25:00,kenapa iya akun whatsapp sekarang beda kayak yang dulu whatsapp sekarang bentar bentar di tinju bentar bentar di tinju aku udah sering mengalami nya kenapa iya bisa begitu
Pengguna Google,5,2026-05-27 01:24:48,baik
Pengguna Google,5,2026-05-27 01:22:29,lumayan enak
Pengguna Google,5,2026-05-27 01:20:58,ini bagus sekali dan bisa untuk berhubung ke orang orang baik
Pengguna Google,2,2026-05-27 01:19:51,WA NGE BUG SAAT VC SETELAH DI UPDATE
Pengguna Google,1,2026-05-27 01:19:29,aplikasi nya bagus banget karena huruf awalnya w kalau huruf awalnya t jadi tuff pasti bagus tapi kalau opening waktu buka wa ada lagu phonk nya jadi lebih bagus
Pengguna Google,5,2026-05-27 01:19:21,bug
Pengguna Google,5,2026-05-27 01:18:58,ok
Pengguna Google,5,2026-05-27 01:18:46,sangat baik
Pengguna Google,5,2026-05-27 01:17:58,mantap
Pengguna Google,5,2026-05-27 01:17:43,bagus sihh cuman fitur lagu nya durasi nya dikitt
Pengguna Google,5,2026-05-27 01:17:19,"moga aplikasi WhatsApp messenger saya dah ga ada gangguan spam ,paket kota anti spam dah beli tapi tetep aja ada gangguan,"
Pengguna Google,1,2026-05-27 01:15:42,ahir ahir ini vc sering macet tpi suara tetap berlangsung
Pengguna Google,5,2026-05-27 01:15:18,Terimakasih
Pengguna Google,5,2026-05-27 01:14:23,mantap
Pengguna Google,5,2026-05-27 01:10:37,sanggat puas
Pengguna Google,1,2026-05-27 01:09:56,"min, saya Uda beli Kouta untuk aplikasi lain bisa tpi kenapa di wa gabisa ya buat kirim pesan"
Pengguna Google,1,2026-05-27 01:08:02,"gila banget, keriset mulu ni wa dlm sebulan bisa 3 kali lebih"
Pengguna Google,5,2026-05-27 01:07:03,good...
Pengguna Google,5,2026-05-27 01:06:47,aplikasinya bagus untuk kita semua
Pengguna Google,5,2026-05-27 01:06:26,Terima kasih bayak alikasinya sngat membantu
Pengguna Google,5,2026-05-27 01:05:50,Good
Pengguna Google,5,2026-05-27 01:04:02,👍
Pengguna Google,1,2026-05-27 01:01:10,tidak bisa post sw langsung dari tiktok jadi harus Doeloe video dulu padahal sebelumnya bisa
Pengguna Google,5,2026-05-27 01:00:21,kenapaa WhatsApp saya bermasalah yah.
Pengguna Google,5,2026-05-27 00:59:41,penguna aplikasi dan akun info layanan komunikasi atau hubungan sangat penting dan baik biarpun keluarga jauh jga rekomendasi
Pengguna Google,5,2026-05-27 00:58:35,baik bagus
Pengguna Google,5,2026-05-27 00:56:34,ewe
Pengguna Google,5,2026-05-27 00:54:25,UAPIK PWOLL JOSJIS SENG GAEEEEE
Pengguna Google,5,2026-05-27 00:52:02,ajip whatsApp nya
Pengguna Google,5,2026-05-27 00:51:01,sangant puas dengan apl ini
Pengguna Google,3,2026-05-27 00:50:21,aku suka jalur tengah
Pengguna Google,5,2026-05-27 00:49:28,WhatsApp bagus banget aplikasi nya😁🙏
Pengguna Google,1,2026-05-27 00:46:26,"sistem terlalu mudah blokir akun dengan tuduhan ""mungkin"" tidak mematuhi ketentuan layanan kami, mohon perbaiki sistemnya."
Pengguna Google,5,2026-05-27 00:46:20,sangat membantu
Pengguna Google,5,2026-05-27 00:43:10,bagus dan tidak ada iklan
Pengguna Google,1,2026-05-27 00:40:09,rating satu makin di update makin dia ga balas chat saya
Pengguna Google,5,2026-05-27 00:39:01,Okk
Pengguna Google,5,2026-05-27 00:38:19,bagus
Pengguna Google,5,2026-05-27 00:36:55,memuaskan
Pengguna Google,1,2026-05-27 00:35:39,what's app slalu di batasi padahal baru pulih di batasi 1 menit
Pengguna Google,5,2026-05-27 00:35:33,baguss baget makasih ya xepoloper ya
Pengguna Google,5,2026-05-27 00:35:23,bagus
Pengguna Google,3,2026-05-27 00:34:34,Eror
Pengguna Google,5,2026-05-27 00:31:29,sangat ok paling cocok buat ku dan sangat membantu untuk terhubung dengan mudah ke semua orng yg ku kenal
Pengguna Google,1,2026-05-27 00:31:24,akun WhatsApp skrng bnyk yng ke blokir permanen aneh gw mh tolong dong tim WhatsApp jngan Kya gtu cape gw akun ya di blokir Mulu tiap 2tahun sekali
Pengguna Google,5,2026-05-27 00:31:02,ok
Pengguna Google,5,2026-05-27 00:29:57,sangat membantu
Pengguna Google,5,2026-05-27 00:29:10,sangat menarik
Pengguna Google,5,2026-05-27 00:28:04,Aplikasi ini sangat bagus dan sangat penting untuk anak kita karena Anka kita sekolah harus pakai wa di hp inii
Pengguna Google,5,2026-05-27 00:27:09,membantu
Pengguna Google,5,2026-05-27 00:21:43,bagus sekali aku bisa berkomunikasi dg teman dan saudara
Pengguna Google,1,2026-05-27 00:20:01,akun sering kena spam mudah di retas sudah kurang aman
Pengguna Google,2,2026-05-27 00:19:35,"hadeh semenjak di update banyak bug, chat sudah diarsipkan malah setelah ada yang balas chat jadi ga terarsipkan terus fitur musik ga bisa pencet keluar sekaligus bio wa atau tentang nya dibikin permanen lah kayak info wa dulu dan kenapa setiap aku posting status selalu burik kalo di kasih musik"
Pengguna Google,5,2026-05-27 00:14:44,𝚑𝚊𝚛𝚞𝚜 𝚊𝚍𝚊 𝚏𝚒𝚕𝚝𝚎𝚛 𝚗𝚢𝚊 𝚢𝚊𝚊
Pengguna Google,5,2026-05-27 00:13:39,sangat baik
Pengguna Google,5,2026-05-27 00:13:36,Mantap........
Pengguna Google,1,2026-05-27 00:12:43,ga bisa di pencet apa
Pengguna Google,5,2026-05-27 00:10:26,bagus
Pengguna Google,3,2026-05-27 00:10:00,gimana ni akun aku kena tinjau mulu
Pengguna Google,5,2026-05-27 00:05:05,anjiin
Pengguna Google,5,2026-05-27 00:04:25,baguss
Pengguna Google,3,2026-05-27 00:04:00,"sering error,gabisa kirim chat gabisa buat sw"
Pengguna Google,1,2026-05-27 00:01:39,kenapa whatsapp saya sering ditanjau kembali
Pengguna Google,5,2026-05-27 00:01:29,Enaknya berkomunikasi
Pengguna Google,5,2026-05-26 23:59:31,Sangat bagus 👍👍👍
Pengguna Google,5,2026-05-26 23:58:56,bagus
Pengguna Google,4,2026-05-26 23:58:14,"kenapa ya di aplikasi saya saat ingin memutar video status WA selalu hilang suaranya, harus di mencet tombol volume dulu biar keluar suara di video status"
Pengguna Google,5,2026-05-26 23:54:35,peyimpan
Pengguna Google,1,2026-05-26 23:52:45,WhatsApp saya tiba tiba kena blokir walaupun nggak di apa apain dan itupun berkali kali bukan hanya sekali dan membuat saya membeli kartu baru terus
Pengguna Google,1,2026-05-26 23:52:24,aplikasi apa ini sih lagi liat status orang tiba² kena tinjau apasi orang gada yg spam juga malah kena tinjau 3 hari ini udah kena 5× kebih benerin lah keburu lada males pake wa
Pengguna Google,5,2026-05-26 23:52:09,bagus
Pengguna Google,5,2026-05-26 23:47:50,bgus
Pengguna Google,5,2026-05-26 23:47:32,sangat bagus sekali
Pengguna Google,5,2026-05-26 23:46:20,Sangat memuaskan
Pengguna Google,5,2026-05-26 23:45:12,akun saya ke ban
Pengguna Google,5,2026-05-26 23:45:05,semakin banyak fitur jg lebih mempermudah dalam berkirim pesan
Pengguna Google,5,2026-05-26 23:44:51,TiarLalabe
Pengguna Google,5,2026-05-26 23:44:28,wow bagus whatsapp ini
Pengguna Google,1,2026-05-26 23:43:22,video tidak bisa diputar. padahal di perangkat lain bisa. tolong bug nya
Pengguna Google,5,2026-05-26 23:41:52,Aku suka betul WPP
Pengguna Google,5,2026-05-26 23:41:22,sayapuas bisa berinteraksi langsung dgn kerabat
Pengguna Google,5,2026-05-26 23:40:44,"GK jelas bangett , ke blok terus , mana wa gua buat kerja"
Pengguna Google,1,2026-05-26 23:40:40,Tidak dapat memasang wa
Pengguna Google,4,2026-05-26 23:39:52,cukup
Pengguna Google,5,2026-05-26 23:37:52,jadikan aplikasi ini dg selalu memberikan layanan dan melayani customer yg selalu menjadi lebih baik
Pengguna Google,5,2026-05-26 23:36:27,baguss bangett bergunaa bangettt
Pengguna Google,5,2026-05-26 23:36:26,Sangat bagus
Pengguna Google,3,2026-05-26 23:35:10,hape saya republice jadi ga bisa main whatsapp
Pengguna Google,1,2026-05-26 23:34:41,"yang eror dari wa nya, malah akun wa gw yang ilang"
Pengguna Google,5,2026-05-26 23:34:05,oke
Pengguna Google,2,2026-05-26 23:33:17,terus menyimpan banyak loh aku gak suka video ku habis gak bisa buka aplikasi
Pengguna Google,5,2026-05-26 23:30:22,👍
Pengguna Google,5,2026-05-26 23:29:07,Trimakasih
Pengguna Google,2,2026-05-26 23:27:48,ajg sering kenon cok cok apalah salah gua balas semua kenon di spam kenon kg ngapa ngapain kenon asu asu
Pengguna Google,5,2026-05-26 23:26:59,simple dan mudah digunakan dan praktis di bawa
Pengguna Google,5,2026-05-26 23:25:43,mntap
Pengguna Google,5,2026-05-26 23:23:01,terlalu banyak iklan
Pengguna Google,2,2026-05-26 23:20:08,downloadnya lambat
Pengguna Google,5,2026-05-26 23:16:50,"aplikasi kocak, gw masuk grup malah di nonaktifkan wa saya, udah itu pulih ga ngapa ngapain bangun tidur kenonaktif lagi apa si maksud nya spam gada makin lama makin keren aja update sekarang ya bego banget dah, sengaja kasi bintang 5 biar di atas, mau chat orang tua jadi susah minta kabar keluarga dari jauh susah, hadeh, mana lagi banyak tugas tugas nya dari atasan sialan bener.😤😤😤"
Pengguna Google,5,2026-05-26 23:16:42,wa-nya bagus sekali saya suka
Pengguna Google,3,2026-05-26 23:15:11,Baik tapi whatsapp saya hilang sendiri
Pengguna Google,5,2026-05-26 23:10:01,mantap
Pengguna Google,3,2026-05-26 23:09:25,"awalnya ku kasih bintang 5 ga ngerti lagii sama WhatsApp ini tiba "" muncul nomor kontak ada dibawah udah di ilangin pas buka apk lain lalu kembali lagi ke WhatsApp lagi ada lagi ga ngerti sumpah deh."
Pengguna Google,5,2026-05-26 23:07:52,terima kasih
Pengguna Google,5,2026-05-26 23:07:49,good application
Pengguna Google,5,2026-05-26 23:06:45,jos
Pengguna Google,5,2026-05-26 23:03:58,Really good🥰
Pengguna Google,5,2026-05-26 23:01:04,bguss
Pengguna Google,3,2026-05-26 23:00:59,kenapa sekarang aplikasi wasthp bisa ke hex selallu tidk bisa di pake ada tulisan nya akun anda kena tinjauan itu kenapa?
Pengguna Google,5,2026-05-26 23:00:35,sangat puas
Pengguna Google,5,2026-05-26 22:59:57,klo h l loo trs kita ak8 jin8an uuu😄😄😄😄😄😄😄😄s😜😶‍🌫️😜😅😅😅😅😅😅😅😅😅😅😅😅😅😅😅😅😅😅😅😅😅😅😅😅😅😅😅😅😅😅😅😅😅😅😅😅😅😅😅 mnnmmjnnnbjtid Ki Kusumo oo yaa kok gak Lo UU Lo KMI RT d oli tu i Ki Ki hu yg Bu 🇹🇩🇹🇫🔌🦢🦇🐫🍳💴🧱📎🕠🕠💻 r hu www oli?👔📩📭?🛁🛁🛁 Lo kehttjjjbin Ki d ko RT Ki🙀🇺🇿🇹🇲🇼🇫 yang
Pengguna Google,5,2026-05-26 22:58:56,UI nya tolong di perbaiki ya;)
Pengguna Google,5,2026-05-26 22:58:06,bagus
Pengguna Google,5,2026-05-26 22:55:44,baik
Pengguna Google,5,2026-05-26 22:52:57,bangay
Pengguna Google,1,2026-05-26 22:51:46,karena nomor saya tiba2 tidak bisa dipaki untuk wa lagi tanpa tau kesalahan saya
Pengguna Google,2,2026-05-26 22:50:48,"hai , whatsApp saya dulu pas aku mau liat sw gak bisa katanya harus buka pengaturan padahal yg penting bukan sw saja tapi.... grup kelas saya kelas 5a mohon sekali tolong perbaiki karena ini mengganggu saya padahal saya butuh ini untuk melihat grup saya kan saya lagi belajar daring di rumah pas aku buka wa katanya "" buka pengaturan "" padahal saya gak ini itu ini itu haaa..... "" SHIBAL "" jadi jelek dehh ini whatsApp yg skrng trs saluran saya jlk malah saya yg jadi admin bukan tmn saya tlng pbk"
Pengguna Google,5,2026-05-26 22:50:31,Ok
Pengguna Google,3,2026-05-26 22:50:30,"WA keseringan update, hp ku udah gk kuat, udah gak bisa ku update, aku jadi gak bisa buka WA, gak tau info apa apa lagi dari grup 💔 udah ku hapus semua apk yang menurutku itu butuh tapi masih gak bisa 💔 kenapa harus banget di update, apakah gk bisa gitu kalok gak ikut update? 💔 ini saya jadi gk tau kalok ada info sholat idhul adha-nya di sekolah jam 5:30 💔 oke makasih gitu aja min💔"
Pengguna Google,5,2026-05-26 22:45:51,oke
Pengguna Google,5,2026-05-26 22:45:51,tlng jgn d spam trus
Pengguna Google,3,2026-05-26 22:45:01,baik tp kurang cepat aplikasinya
Pengguna Google,3,2026-05-26 22:44:18,upload sw burem
Pengguna Google,5,2026-05-26 22:41:49,knapa akun wa sy di blokir.
Pengguna Google,3,2026-05-26 22:41:39,boleh gak uninstall ya itu gratis dan juga dimohon kan jangan terlalu banyak pembaruan whatsapp
Pengguna Google,1,2026-05-26 22:41:36,"aplikasi kocak, kok bisa tiba-tiba akun whatsApp saya di tinjau padahal saya tidak melakukan apapun."
Pengguna Google,4,2026-05-26 22:36:23,krn kamu jg kerjasama dngn fb jd sama bae hrus dginiin kapok
Pengguna Google,5,2026-05-26 22:34:28,aplikasi ini sangat bagus
Pengguna Google,1,2026-05-26 22:32:29,kenapa WhatsApp sekarang ngebatasin
Pengguna Google,1,2026-05-26 22:30:24,"woy min, gausah batasi² segala pas aku buat akun baru, moso baru buat akun baru lgsg dibatasi"
Pengguna Google,3,2026-05-26 22:30:01,"Disuruh masuk ke WhatsApp resmi yg mna, emng ini bukan WhatsApp resmi. kok jdi ribet begini."
Pengguna Google,1,2026-05-26 22:29:57,sangat tidak nyaman di gunakan sering di tinjau dengan alasan yang tak masuk akal
Pengguna Google,5,2026-05-26 22:28:39,"WA sangat membantu sekali dalam berkomunikasi dgn kerabat, sahabat2 dan rekan2... terima kasih..."
Pengguna Google,2,2026-05-26 22:28:03,sengaja saya kasih Bintang 2 karna tiba tiba hilang sendiri sya Sangat kesal terhadap ini
Pengguna Google,5,2026-05-26 22:24:03,sgt baik
Pengguna Google,1,2026-05-26 22:22:16,"mungkin ini komplain sama kayak pengguna lain, tiba2 bgt chat ilang semua padahal gak ngeklik dan ngerubah settingan apapun, coba uninstall malah akun backup dibilang tidak ada chat yg di back up, jd chatnya ilang semua, mana chat penting disitu semua tau gtu gausa di update app nya nambahin stress ajaaa. bikin hp penuh jg padahal udah ada chat dan media2 yg udah di hapus, berbenah dong tlg udah banyak bgt loh complain nya terkait masalah ini"
Pengguna Google,4,2026-05-26 22:20:48,"tolong hilangkan saja fitur nonaktifkan laporan dibaca, fitur yang ga berguna, malah membuat kesan negatif, alasan privasi tapi malah membuat pengirim pesan merasa tidak nyaman."
Pengguna Google,2,2026-05-26 22:20:36,wa ngapa bgini dah sekarang..buka wa baru dah tuh wa pada masuk 🤦🏻‍♀️apa cuman apk gw doank yg bgtu yak ....
Pengguna Google,5,2026-05-26 22:19:50,"Sangat membantu aplikasi ini tanpa whatsapp aku tidak bisa berkomunikasi dengan teman dan keluarga saya, bintang 5 banget deh!"
Pengguna Google,5,2026-05-26 22:17:29,ini sangat bagus membantu segala ke perluan
Pengguna Google,3,2026-05-26 22:17:26,Ribet banget
Pengguna Google,1,2026-05-26 22:13:42,"kalo masuk lagi pake nomer kenapa kode verifikasi nya ga muncul"" pake metode apapun sama aja, ga kita"" lagi ngasih waktunya bisa sampe 12jam di coba lagi malah tetep ga dapet kode verif, tolong gimana ini!!!!!"
Pengguna Google,4,2026-05-26 22:12:56,"ITS good not bad, much easier"
Pengguna Google,5,2026-05-26 22:10:17,bagus
Pengguna Google,5,2026-05-26 22:09:30,sangat bagus
Pengguna Google,5,2026-05-26 22:09:30,sangat bagus best
Pengguna Google,5,2026-05-26 22:09:02,bagus
Pengguna Google,5,2026-05-26 22:08:31,pokoknya siiip daaah
Pengguna Google,1,2026-05-26 22:03:28,"kenapa ya sekarang WA sering dibatasi, padahal saya cuma ngirim ucapan selamat ied k keluarga dan grup penting, biasanya dulu gak pernah begini"
Pengguna Google,1,2026-05-26 22:03:24,"tidak bisaa login karna apa? karna ""unduh WhatsApp resmi untuk melanjutkan"" sedangkan WhatsApp nyaa resmii darii play store kenapa gakk bisaa loginn, gimanaa inii?"
Pengguna Google,5,2026-05-26 21:59:20,wa ku rodok eror
Pengguna Google,5,2026-05-26 21:59:17,karena bisa dibuat vc
Pengguna Google,5,2026-05-26 21:53:38,👑🤭🤭🤭🤭
Pengguna Google,5,2026-05-26 21:53:23,jangan ngelek lg
Pengguna Google,5,2026-05-26 21:52:49,ok
Pengguna Google,5,2026-05-26 21:50:35,bagus
Pengguna Google,1,2026-05-26 21:50:05,wa nya dikit-dikit update memakan memori kalo keseringan diupdate dimohon jangan keseringan update kasian yang memori nya kecill kalo keseringan di update
Pengguna Google,5,2026-05-26 21:46:06,bagus
Pengguna Google,5,2026-05-26 21:44:46,ok
Pengguna Google,1,2026-05-26 21:44:21,"apk babi, video call malah bug"
Pengguna Google,5,2026-05-26 21:41:02,bagus
Pengguna Google,5,2026-05-26 21:36:36,Alpian Alpi
Pengguna Google,5,2026-05-26 21:34:49,kenapa Whatsap saya kena peninjauan terus
Pengguna Google,2,2026-05-26 21:33:57,mls bngt klo scrol ke atas digrup suka ngegich²
Pengguna Google,5,2026-05-26 21:33:24,bagus
Pengguna Google,5,2026-05-26 21:32:32,sangat baik
Pengguna Google,5,2026-05-26 21:30:02,hoay moathoay nksmoa
Pengguna Google,3,2026-05-26 21:27:41,aplikasi tidak bisa menyimpan foto dan vidio otomatis
Pengguna Google,5,2026-05-26 21:26:04,jos banget
Pengguna Google,5,2026-05-26 21:21:09,aku sangat suka wa
Pengguna Google,3,2026-05-26 21:14:02,watsaap memuat trus
Pengguna Google,5,2026-05-26 21:10:24,Mantap tap
Pengguna Google,5,2026-05-26 21:10:19,banyak banget
Pengguna Google,5,2026-05-26 21:09:50,knpa ni whatsapp saya gk bisa di donwlod
Pengguna Google,5,2026-05-26 21:05:53,minta tolong buat watsaap baru tidak bisa watsaap gagal bagaimana???🙏
Pengguna Google,5,2026-05-26 21:03:43,lSMiRAIL!N&1i
Pengguna Google,5,2026-05-26 21:03:19,bagus👍
Pengguna Google,5,2026-05-26 21:02:04,"mohon bantuannya,saya tidak dapat login"
Pengguna Google,4,2026-05-26 20:58:15,"kompres status, video/fotonya gila gilaan, fitur yang disediakan seperti mode hd dll ga guna, emng buat apa s di kompers, memperkecil file? percuma kalo grafiknya jadi burik,coba kedepannya gausah dikompres lagi media nya terutama setatus foto/video ga ngaruh juga sama penyimpanan apalagi hp sekarang udah canggih2 masa foto/video udah burik aja perlu dikompres lagi, tolong update selanjutnya diubah agar kualitas medianya tetap sama seperti kualitas aslinya kalo perlu hapus fitur kompers tolong🙏"
Pengguna Google,5,2026-05-26 20:57:53,"bagus buat komunikasi, tapi Jgn sering di tinjau akun nya"
Pengguna Google,5,2026-05-26 20:44:32,ok
Pengguna Google,5,2026-05-26 20:41:26,Mantap
Pengguna Google,1,2026-05-26 20:39:07,"setiap buat chat kok terus kena spam,,,,"
Pengguna Google,5,2026-05-26 20:37:34,"kenapa aplikasi WA,ku nggak biss muncul di layar ya"
Pengguna Google,5,2026-05-26 20:32:24,Ok
Pengguna Google,1,2026-05-26 20:29:07,"orng udah make versi asli, malah di tuduh ga resmi"
Pengguna Google,2,2026-05-26 20:24:44,"wa aneh, gd apa²in logout sendiri udah kartu fisik ilang wa semua dsna tiba² logout cuih banget"
Pengguna Google,5,2026-05-26 20:23:36,sangat enak untuk mengobrol dengan teman
Pengguna Google,1,2026-05-26 20:22:05,"skarang WhatsApp tiba tiba susah login kadang suka keluar sendiri, giliran mau di login lagi engga bisa, malah ada tulisan akun whatsapp anda tidak bisa login, tolong perbaikan nya"
Pengguna Google,1,2026-05-26 20:20:34,saya puas dengan hasil wa
Pengguna Google,1,2026-05-26 20:17:27,tai.ga bisa blokir picek
Pengguna Google,1,2026-05-26 19:55:07,saya mau chat sama penjual di grup sesudah di chat malah ke band tiba tiba tolong perbaiki saya tidak punya kesalahan apapun juga 😞😞
Pengguna Google,5,2026-05-26 19:54:02,mantap aplikasi ini
Pengguna Google,5,2026-05-26 19:52:32,sangat mudah di gunakan dan tepat waktu
Pengguna Google,5,2026-05-26 19:51:36,WhatsApp 👍
Pengguna Google,5,2026-05-26 19:50:35,aktifkan filter wa udh di perbarui masih gak muncul filternya udh di aktifin juga filternya gak muncul juga tolong bantu aktifin🙏
Pengguna Google,5,2026-05-26 19:49:52,Ok
Pengguna Google,5,2026-05-26 19:49:02,keres
Pengguna Google,5,2026-05-26 19:44:43,oke
Pengguna Google,1,2026-05-26 19:43:23,makin lama makin ngga jelass
Pengguna Google,5,2026-05-26 19:42:59,baik
Pengguna Google,5,2026-05-26 19:39:02,aplikasi memuaskan
Pengguna Google,5,2026-05-26 19:26:35,luar biasa
Pengguna Google,1,2026-05-26 19:20:32,knpa wa ga bisa dibuka
Pengguna Google,5,2026-05-26 19:16:35,cara masuk ini gimana kak
Pengguna Google,1,2026-05-26 19:16:09,"wa suspend trus gak tau salah dimana,chat konfirmasi mau login klik indomaret aja toba2 d suspend gak jelas banget.salah chat orang suspend,narik chat suspend.payah"
Pengguna Google,5,2026-05-26 19:14:16,Mantul
Pengguna Google,5,2026-05-26 19:13:01,jangan di batasi
Pengguna Google,5,2026-05-26 19:12:17,𝐛𝐚𝐠𝐮𝐬
Pengguna Google,4,2026-05-26 19:11:18,"k vcall,"
Pengguna Google,5,2026-05-26 19:09:06,"maaf kasih bintang 5 supaya di baca,udah di update malah tambah aneh, kirim foto/video di kasih musik g bisa di posting di status, padahal jaringan stabil kuota data Masih full, tolong di perbaiki, terimakasih"
Pengguna Google,5,2026-05-26 19:06:35,Akun resmi
Pengguna Google,2,2026-05-26 19:04:24,mencari buat tmn sejati
Pengguna Google,5,2026-05-26 19:03:53,Saya banyak berterimakasih kepada Anda PAK 🙏🙏
Pengguna Google,5,2026-05-26 19:03:23,sangat baik
Pengguna Google,5,2026-05-26 19:00:21,Good joob
Pengguna Google,1,2026-05-26 18:57:00,tolong stop apk bug wa!
Pengguna Google,1,2026-05-26 18:56:37,jangan di tinjau lagi
Pengguna Google,5,2026-05-26 18:49:29,saya mau WhatsApp messenger saya nggak error lagi bisa kan oke
Pengguna Google,1,2026-05-26 18:49:02,tidak bisa masuk menu
Pengguna Google,1,2026-05-26 18:45:46,buka wa ga bisa erorterus
Pengguna Google,1,2026-05-26 18:41:10,"tolong hapus tombol mute pada telfon, soalnya mengganggu my binii guwehh, buat call sama gw suami nya😠😠, awas ga lu hapua WA gw tandain lu🤬"
Pengguna Google,5,2026-05-26 18:36:34,mantop.👍👍
Pengguna Google,5,2026-05-26 18:33:43,Bagus sekali
Pengguna Google,5,2026-05-26 18:31:18,okee
Pengguna Google,5,2026-05-26 18:30:15,berguna banget buat banyak hal
Pengguna Google,2,2026-05-26 18:28:49,sangat sayang uang main di aplikasi ini jelek banget. ga pernah ada jp nya. walau pun deposit berapa kali hasil ga memuaskan selalu rungkad
Pengguna Google,1,2026-05-26 18:22:17,aplikasinya mulai gajelas.
Pengguna Google,3,2026-05-26 18:19:29,aplikasi WhatsApp kenapa berat banget banyak virusnya setiap hari aku harus membersihkan aplikasi WhatsApp 😔😔
Pengguna Google,1,2026-05-26 18:18:38,"sering banget whatsapp memblokir nomer dengan alasan spam. hampir satu keluargaku kena semua. padahal ngak ngapa2in make pun buat komunikasi saja.. pas mau menghubungi pusat bantuan, pas masukin no hp ""no hp salah mulu"" mau pake +62 mau pake 62 mau pake 0.. tetep saja.. gimana neh whatsapp.. perbaiki tolong.."
Pengguna Google,5,2026-05-26 18:18:36,Bagus
Pengguna Google,1,2026-05-26 18:16:50,bagus
Pengguna Google,5,2026-05-26 18:13:25,tambahin banyak fitur lagi
Pengguna Google,1,2026-05-26 18:11:16,nge bug oy apk nya
Pengguna Google,5,2026-05-26 18:06:48,"saya sangat suka dengan WhatsApp ini karena mudah dan gampang ,, saya beri bintang 5"
Pengguna Google,5,2026-05-26 18:03:03,Membantu sekali
Pengguna Google,1,2026-05-26 18:00:48,lambat dan jelek
Pengguna Google,5,2026-05-26 18:00:11,bagus
Pengguna Google,5,2026-05-26 17:56:34,bidang konstruksi
Pengguna Google,5,2026-05-26 17:53:01,ok
Pengguna Google,5,2026-05-26 17:49:40,puass
Pengguna Google,5,2026-05-26 17:48:15,"saran saya buat foto sekali lihat nya beri waktu untuk melihat beberapa detik agar tidak di ambil foto oleh hp orang lain, saran saya waktu jeda beberapa detik nya 5-10 detik😁"
Pengguna Google,1,2026-05-26 17:44:50,gmpang ke block GK masuk akal
Pengguna Google,5,2026-05-26 17:44:30,Sangat membantu
Pengguna Google,5,2026-05-26 17:43:16,bonifasius
Pengguna Google,5,2026-05-26 17:42:51,sangat bagus
Pengguna Google,5,2026-05-26 17:42:26,ok
Pengguna Google,1,2026-05-26 17:42:10,bole ga hapusin fitur sekali liat di wa abang abang itu
Pengguna Google,2,2026-05-26 17:41:37,whatsapp makin kesini makin ga jelas sering kena spam pusing bgt aseliiiii
Pengguna Google,1,2026-05-26 17:37:54,apik
Pengguna Google,5,2026-05-26 17:36:01,Banyak pengguna Aplikasi whatsap ini secara akurat.
Pengguna Google,3,2026-05-26 17:34:01,"pliss untuk Bio kembalikan seperti dulu lagi, saya sudah pake Bio dari 2022 tapi malah tidak ada lagi, jujur bio itu bukan cuma sekedar penjelasan tentang apa yg kita rasakan, tapi kenangan apa saja yang udh di lewati bersama bio itu, tolong kembalikan Bio seperti dulu"
Pengguna Google,3,2026-05-26 17:32:37,ok
Pengguna Google,5,2026-05-26 17:31:40,Aplikasi bagus
Pengguna Google,5,2026-05-26 17:31:27,"keren, terimakasih atas aplikasinya kita bisa langsung ketemu sama para sahabat"
Pengguna Google,5,2026-05-26 17:29:35,Aktip kan akun saya nama abil Yunan
Pengguna Google,5,2026-05-26 17:28:53,puck men
Pengguna Google,5,2026-05-26 17:28:00,ok
Pengguna Google,1,2026-05-26 17:26:14,busik
Pengguna Google,1,2026-05-26 17:24:09,wa napa siee error mulu anjai
Pengguna Google,5,2026-05-26 17:23:39,bAik ok
Pengguna Google,1,2026-05-26 17:22:37,sebel kalo bikin sw pecah mulu
Pengguna Google,5,2026-05-26 17:20:40,sangat membantu
Pengguna Google,5,2026-05-26 17:15:36,"Aplikasi nya bagus sekali, bisa melihat orang cantik nan imut setiap hari,btw hari ini ada yang ultah, itu adeku yang cantik, imut, manja, lucuu ,kalau bisa Adain fitur buat kita tau berapa kali orang ngelihat sw kita"
Pengguna Google,3,2026-05-26 17:14:47,"kok aplikasi nya berubah sejak update kalo terlalu banyak chat orang akun di batasi padahal yang chat duluan bukan aku,kalo chat dikit langsung di batasi"
Pengguna Google,1,2026-05-26 17:13:30,"WHATSAPP SEKARANG MAKIN GAJELAS, GUE BARU BELI NOMOR LANGSUNG KE BLOKIR ANJR PADAHAL GA NGAPAIN"" ANEH BANGETTTTTT GASUKAAAA!!!!"
Pengguna Google,1,2026-05-26 17:13:19,apk tlol kenon terus
Pengguna Google,5,2026-05-26 17:11:23,godd
Pengguna Google,3,2026-05-26 17:11:08,sangat mengecewakan .karena akun WA saya baru saja keblokir
Pengguna Google,1,2026-05-26 17:10:43,"kenapa akun saya tiba2 di blokir, itu no saya satunya 😭 ada apa sama WhatsApp"
Pengguna Google,1,2026-05-26 17:04:41,gaakk. bisa lepon suara
Pengguna Google,5,2026-05-26 17:04:25,Nice
Pengguna Google,4,2026-05-26 17:04:05,Yte
Pengguna Google,1,2026-05-26 17:04:04,"tolong WhatsApp kenapaa akun saya di tinjau terusss udah 3 kali barusan hari 2026 dari tnggal 25,26,smaapi 27 Mei 2026 tolong bantuuuu sya"
Pengguna Google,5,2026-05-26 17:03:35,pejuang rupiah
Pengguna Google,5,2026-05-26 17:03:28,kenapa watsapps saya kena spam terus katanya suruh ganti nomor sekarang sudah ganti nomor tetap aja kena spam
Pengguna Google,1,2026-05-26 17:03:00,aplikasi WhatsApp skrg tuh gimna dikit2 di blokir .. dikit2 di tinjau..spam lah apa lah padahal aku chat dengan orang2 terdekat yg ku kenal sama keluarga juga ..grup pun grup sekolah.. apalah g jelas nih katanya melanggar ketentuan..kalo ga mau jadi medsos untuk chatting..segera lah hapus..dasar biadab kau..jadi susah untuk berkomunikasi
Pengguna Google,5,2026-05-26 17:01:54,future
Pengguna Google,5,2026-05-26 17:00:02,bgus
Pengguna Google,5,2026-05-26 16:58:27,bagus sangt membantu
Pengguna Google,5,2026-05-26 16:58:27,OK
Pengguna Google,5,2026-05-26 16:58:04,ok
Pengguna Google,5,2026-05-26 16:51:02,Terima kasih
Pengguna Google,2,2026-05-26 16:47:31,"wa sudah bagus tetapi kenapa kalo saluran yang masuk jelajah malah harus sepi dulu baru masuk jelajah gak adil bangett,, mana kalo masuk jelajah cuma 2 hari 3 hari kadang 1 hari gimana sihj"
Pengguna Google,5,2026-05-26 16:47:13,wa Saya sering di sepam
Pengguna Google,5,2026-05-26 16:46:10,jarang dapet notif dari si dia🙃
Pengguna Google,1,2026-05-26 16:46:01,srkarng jelek karna sering bag
Pengguna Google,4,2026-05-26 16:45:05,baik
Pengguna Google,5,2026-05-26 16:44:19,👍👌
Pengguna Google,1,2026-05-26 16:42:27,Tolong.minta wascap saya normal lagi
Pengguna Google,1,2026-05-26 16:42:03,"makin lama makin gajelas, ai untuk aplikasi ini jelek -1/10 ratingnya, akun/no whatsapp saya terblokir tanpa alasan yang jelas terlebih lagi tidak ada pertimbangan lanjutan,padahal tidak ada bukti yang kuat dan saya harus mengganti no whatsapp saya untuk mendapat informasi dari guru atau keluarga saya, saya kecewa terhadap update yang tidak jelas ini, saya harap whatsapp tidak 100% bergantung kepada ai untuk menindak lanjuti kasus pemblokiran apalagi dengan ai yang masih cacat seperti itu.🙏🙏🙏"
Pengguna Google,5,2026-05-26 16:41:48,good
Pengguna Google,1,2026-05-26 16:41:05,"APK BROKEN, NAJIS MAKIN KONYOL AJA MINTA VERIFIKASI KE HP YANG RUSAK, DIPIKIR LAGI KALAU MISALKAN HP RUSAK YANG TERSELAMATKAN CUMA NOMOR AJA BERARTI SAMA AJA KEHILANGAN NOMOR WHATSAPP KITA? MIKIR KOCAK, RIBET BANGET LU PADA PADAHAL VERIF EMAIL, SMS, TELFON ADA TAPI TETEP GA NOLONG, MAIN KUNCI AKUN ORANG AJA DENGAN ALASAN KEAMANAN."
Pengguna Google,5,2026-05-26 16:40:27,kenapa saya di sadap
Pengguna Google,5,2026-05-26 16:37:49,saya tidak bisa login bosku
Pengguna Google,5,2026-05-26 16:37:20,ok
Pengguna Google,5,2026-05-26 16:36:42,Oke
Pengguna Google,1,2026-05-26 16:35:58,WhatsApp saya kena tinjau mulu
Pengguna Google,2,2026-05-26 16:35:27,belum puas
Pengguna Google,1,2026-05-26 16:35:01,puas
Pengguna Google,3,2026-05-26 16:34:34,WhatsApp saya kenapa gabisa bikin story
Pengguna Google,1,2026-05-26 16:34:20,kontil
Pengguna Google,1,2026-05-26 16:32:56,"terlalu biadap, sudah puluhan tahun saya pakai namun akun saya selalu di tinjau , sangat tidak nyaman, kembalikan kerugian saya. dan bertanggung jawablah."
Pengguna Google,3,2026-05-26 16:31:21,"Tolong dong, masa kalo buat video call kameranya suka ngelag tiba tiba stuck dan ga bisa gerak gabisa liat muka sendiri dilayar yg besar"
Pengguna Google,1,2026-05-26 16:31:15,"bergunaa tapi tolong update, kalo bikin story kenapa resolusi nya blur banget tolong dong perbaiki biar HD"
Pengguna Google,5,2026-05-26 16:30:58,oke e
Pengguna Google,5,2026-05-26 16:30:49,kok susah bgt ya skrng masuk ke wa saya Sampek ganti kartu 3kali to masih blm bisa di nuka
Pengguna Google,5,2026-05-26 16:29:14,gak ada pilter vc nya admin wa
Pengguna Google,3,2026-05-26 16:28:51,"makin lama ga jelas wa ni,aneh ga ada notif ga ada pesan masuk padahal kuota masi, kocakkk"
Pengguna Google,5,2026-05-26 16:27:55,nice
Pengguna Google,5,2026-05-26 16:27:40,kurang bagus
Pengguna Google,5,2026-05-26 16:27:02,siap
Pengguna Google,5,2026-05-26 16:24:03,baik jangan buat WA sy terblok lagi ya
Pengguna Google,5,2026-05-26 16:21:44,suka bgt
Pengguna Google,1,2026-05-26 16:20:48,sering di pinjol
Pengguna Google,5,2026-05-26 16:20:46,"tiba-tiba akun kena tinjauan padahal tidak pernah melakukan kesalahan, dan setelah mau masuk lagi sudah ganti no baru tetap tidak bisa"
Pengguna Google,2,2026-05-26 16:20:46,"suka ngebug, tiba tiba chat wa ga kekirim, padahal jaringan normal"
Pengguna Google,5,2026-05-26 16:18:27,keren
Pengguna Google,1,2026-05-26 16:18:18,kl vc gbsa
Pengguna Google,5,2026-05-26 16:17:10,the best🤏🏻
Pengguna Google,5,2026-05-26 16:17:00,aplikasi cukup bagus cuma tempat saya ga ada aplikasi dana cicil tolong kasih kan yaaa🙏🙏
Pengguna Google,5,2026-05-26 16:14:02,bagus
Pengguna Google,1,2026-05-26 16:13:25,"muncul notifikasi whatsapp tidak resmi padahal saya telah menggunakan whatsapp yang resmi dari playstore dan official, tolong perbaiki"
Pengguna Google,5,2026-05-26 16:12:51,bagus
Pengguna Google,3,2026-05-26 16:10:55,"buat saluran jd lebih privasi dong ky kalo mau liat hrs minta izin dl daripada gaada pesan selalu d bagi' kan, kalo ngga kasi tau siapa yg bagiin pesan. tolong ya min"
Pengguna Google,5,2026-05-26 16:10:54,mantap
Pengguna Google,1,2026-05-26 16:10:09,saya tidak bisa membuka whashapp
Pengguna Google,1,2026-05-26 16:09:55,woy bug vc
Pengguna Google,5,2026-05-26 16:09:31,Y bagus aja
Pengguna Google,4,2026-05-26 16:06:44,okkk
Pengguna Google,4,2026-05-26 16:04:30,sangat membantu dalam hal komunikasi
Pengguna Google,5,2026-05-26 16:01:44,sangat membantu
Pengguna Google,2,2026-05-26 15:59:56,gue belum ada fitur efek pas video call woii
Pengguna Google,5,2026-05-26 15:59:44,keren
Pengguna Google,1,2026-05-26 15:59:10,"baru kali ini kecewa sama WhatsApp, niat mau coba fitur baru yang nambah akun , malah file+ foto hilang semua pas balik ke akun utama,...kalau nyediain fitur baru itu di pertimbangkan sama di Sempurna in dulu jgn asal update2 gk jelas,...padahal di situ banyak foto kenangan sama file penting .... kesel banget dah.. sumpah kesel banget dahh..."
Pengguna Google,1,2026-05-26 15:57:26,apa lah kena blokir mulu makin gak jelas
Pengguna Google,4,2026-05-26 15:57:12,kalau bisa kwalitasnya lebih ditingkatkan lagi
Pengguna Google,5,2026-05-26 15:57:12,yeahh
Pengguna Google,5,2026-05-26 15:56:25,whatsapp dpt membantu kami utk komunikasi
Pengguna Google,5,2026-05-26 15:55:19,semiga selalu jadi yang paling membantu
Pengguna Google,1,2026-05-26 15:53:41,apk anj
Pengguna Google,5,2026-05-26 15:51:04,good
Pengguna Google,3,2026-05-26 15:48:41,"ternyata banyak juga yg tiba² log out, dan ketika mau login harus di tinjau dulu. kenapa mulai gak jelas ya"
Pengguna Google,1,2026-05-26 15:47:33,"TOLONGGG BANGETT YAAA DIPERBAIKI LAGII KUALITASNYA!!!! MNA SEKARANG SERING BNGT NGE BUG, UDH GTU KLO BUAT STORY SELALU GBISA HD HERAN BNGTTT DEH PUSINGGGG"
Pengguna Google,5,2026-05-26 15:42:56,Jelas
Pengguna Google,5,2026-05-26 15:42:00,keren
Pengguna Google,5,2026-05-26 15:39:50,sangat memuaskan
Pengguna Google,1,2026-05-26 15:37:34,"sekrang parah dulu enak , vc sekrang ngekag ngekag ,"
Pengguna Google,1,2026-05-26 15:37:08,"tailah,otpnya ga masuk-masuk cooo susah banget loginnya ini,gimana dah kerjanya"
Pengguna Google,1,2026-05-26 15:34:50,"alay bet padahal whatsapp udah bnr alsi malah suru bacaan dwonload yang asli,😏😤😠😠😠😠"
Pengguna Google,5,2026-05-26 15:33:32,SINGKAT SAJA VC JANGAN DI BUAT MIRROR.
Pengguna Google,5,2026-05-26 15:32:17,bagus
Pengguna Google,5,2026-05-26 15:32:05,bagus
Pengguna Google,5,2026-05-26 15:28:32,di instal tidak bisa
Pengguna Google,3,2026-05-26 15:27:48,"ini kenapa ya pas video call tuh, layarnya hanya satu orang bukan dua orang"
Pengguna Google,1,2026-05-26 15:27:45,ga ada blonde blonde yang bales cat gua ajng bangke bangke
Pengguna Google,2,2026-05-26 15:27:26,wa bangsattttttttt baruuu kena spam ke 3 x nya giliran dah kena kesepam LG pdhl gak ad cht masuk wa kontolll dasarr yang bikin wa cuma ecek ecek aplikasi wa itilllllll
Pengguna Google,1,2026-05-26 15:27:16,buruk intinya
Pengguna Google,5,2026-05-26 15:25:58,siapa juga yg nda butuh WhatsApp
Pengguna Google,5,2026-05-26 15:24:36,sangat membantu
Pengguna Google,5,2026-05-26 15:23:55,bagus
Pengguna Google,5,2026-05-26 15:21:01,sangat membantu
Pengguna Google,1,2026-05-26 15:20:28,bug parah cooooookkkkkkk 😠😠😠
Pengguna Google,5,2026-05-26 15:20:08,pulihkan akun WhatsApp saya
Pengguna Google,5,2026-05-26 15:19:12,apk makin sip
Pengguna Google,5,2026-05-26 15:18:39,"di aku storinya patah"" twerusss"
Pengguna Google,3,2026-05-26 15:14:27,ini kenapa ada bug saat vc tolong perbaiki
Pengguna Google,5,2026-05-26 15:14:04,sangat bagus dan pintar
Pengguna Google,5,2026-05-26 15:13:58,mantap
Pengguna Google,5,2026-05-26 15:13:51,baik
Pengguna Google,4,2026-05-26 15:12:52,"gajelas, masa ceklisnya 1 terus, padahal orang yg dichat udh jwb, tp statusnya masih ceklis 1 di semua chat, baik pribadi & grup, jd ga keliatan mana orang yg bnrn offline sama ngga, hadeuh"
Pengguna Google,5,2026-05-26 15:12:20,baik
Pengguna Google,1,2026-05-26 15:12:07,"bikin repot aja fitur kunci chat, pas mo balikin susah banget"
Pengguna Google,1,2026-05-26 15:11:32,gkbs dibuka ada bug
Pengguna Google,3,2026-05-26 15:11:16,baik
Pengguna Google,5,2026-05-26 15:11:11,Baik
Pengguna Google,5,2026-05-26 15:11:00,ok
Pengguna Google,1,2026-05-26 15:10:09,"tolong di kembalikan seperti semula, bikin story video versi HD hasilnya malah burik gambarnya... jadi kurang nyaman"
Pengguna Google,5,2026-05-26 15:09:00,senang
Pengguna Google,1,2026-05-26 15:08:44,Ok
Pengguna Google,1,2026-05-26 15:05:52,"bug saat vc gambarnya diam tapi suara ada, tolong di perbaiki"
Pengguna Google,5,2026-05-26 15:03:34,sukses slalu
Pengguna Google,5,2026-05-26 15:03:26,penyebab vc wa nya 2 gambar orang yang sama kendala nya dimana yahh tolong di jelaskan apakah bug aplikasi atau ada hal lain
Pengguna Google,1,2026-05-26 15:00:54,vc ngebug
Pengguna Google,5,2026-05-26 15:00:28,good 👍
Pengguna Google,1,2026-05-26 14:59:20,Mantap aplikasinyq
Pengguna Google,4,2026-05-26 14:59:00,sangat membantu sekali
Pengguna Google,1,2026-05-26 14:55:29,mohon maaf tpi tolong ini WA saya kenon mulu padahal ga melanggar aturan 🙏
Pengguna Google,5,2026-05-26 14:55:26,knp sering eror vidio coll
Pengguna Google,5,2026-05-26 14:54:04,seru bagtt
Pengguna Google,5,2026-05-26 14:51:37,Sangat baik
Pengguna Google,2,2026-05-26 14:50:50,saaat video call mengalami bug
Pengguna Google,4,2026-05-26 14:49:44,"Apk nya bagus, tapi tolong dong min kalo ngehapus pesan, bekasnya tuh juga di hilangkan, terus adain fitur kalo ngehapus semua chat di orang itu juga chat kita hilang semua pls pls"
Pengguna Google,5,2026-05-26 14:47:46,keren
Pengguna Google,1,2026-05-26 14:47:40,setiap video call tidak ada gambarnya
Pengguna Google,5,2026-05-26 14:45:48,Bagus
Pengguna Google,2,2026-05-26 14:45:28,kenak batas terus
Pengguna Google,5,2026-05-26 14:44:45,"bagus bisa interaksi bersama orang tua , teman , dan saudara. saya sangat suka dengan aplikasi WhatsApp keren sekali"
Pengguna Google,5,2026-05-26 14:43:07,jelek
Pengguna Google,5,2026-05-26 14:42:57,peranan chat
Pengguna Google,5,2026-05-26 14:42:38,WhatsApp sangat penting dan membantu
Pengguna Google,5,2026-05-26 14:42:19,keren
Pengguna Google,1,2026-05-26 14:42:01,Bos ini padahal nomor saya sudah tercantum tapi gak bisa verifikasi dengan cara apapun
Pengguna Google,5,2026-05-26 14:39:14,sangat bagus untuk digunakan
Pengguna Google,5,2026-05-26 14:39:14,jaringan lancar dan sangat membantu
Pengguna Google,1,2026-05-26 14:38:35,akun ku ke suspen padahal tidak melakukan kesalahan
Pengguna Google,5,2026-05-26 14:37:05,ok
Pengguna Google,1,2026-05-26 14:36:26,SAYA TIDAK BISA VERIFIKASI DAN ADA TANDA MERAH
Pengguna Google,5,2026-05-26 14:36:03,sengaja kasih bintang 5 soalnya meta ai suka bug naya balik
Pengguna Google,5,2026-05-26 14:35:50,sangat membantu saya
Pengguna Google,5,2026-05-26 14:35:31,bgus
Pengguna Google,5,2026-05-26 14:35:23,mengapa tidak.bisa bikin status
Pengguna Google,5,2026-05-26 14:34:17,Akun WhatApp saya terblokir
Pengguna Google,1,2026-05-26 14:34:05,"sebenernya apk nya bagus sih,, tp disuruh update teruss,, saran update nya 1 tahun sekali kek jngn 1 bln hp saya Ndak bisa buat update memori penuh udah dihapus ttp GK bisa,,"
Pengguna Google,5,2026-05-26 14:31:53,whatsapp sya ga bisa di buka
Pengguna Google,5,2026-05-26 14:30:36,"tingkatkan terus keamanannya..., thanks.. google..."
Pengguna Google,2,2026-05-26 14:30:26,ngebug mulu buat vc
Pengguna Google,5,2026-05-26 14:29:21,kenapa akun WhatsApp saya kok selalu di blokir
Pengguna Google,5,2026-05-26 14:28:44,mantap
Pengguna Google,5,2026-05-26 14:27:46,Aplikasi ini sangat bagusss
Pengguna Google,5,2026-05-26 14:27:38,"menurut ku opsi edit pesan gaterlalu fungsi, lebih baik hilangkan mode opsi edit chat. karena lebih baik natural chat"
Pengguna Google,5,2026-05-26 14:27:17,mantab
Pengguna Google,5,2026-05-26 14:26:57,mantap
Pengguna Google,5,2026-05-26 14:26:48,ok
Pengguna Google,5,2026-05-26 14:26:10,Gak bisa masuk knpa ini
Pengguna Google,5,2026-05-26 14:23:52,enak
Pengguna Google,1,2026-05-26 14:23:47,"WA nya buruk ngebug, sdh gajelas"
Pengguna Google,1,2026-05-26 14:23:31,kebanyakan di ubah2 setingan nya. emng tolol
Pengguna Google,2,2026-05-26 14:21:06,harus di update trusss mls bnaget deh udah updetny lama lg
Pengguna Google,5,2026-05-26 14:20:57,aplikasi yg sangat bagus😍😍
Pengguna Google,1,2026-05-26 14:20:56,aman
Pengguna Google,1,2026-05-26 14:20:19,"tolong peerbaiki, setiap membuat story pecah"
Pengguna Google,5,2026-05-26 14:19:17,saya sangat membutuhkan aplikasi ini
Pengguna Google,5,2026-05-26 14:17:58,oh lucuu cuko no yg KC
Pengguna Google,4,2026-05-26 14:16:45,"tp kenapa ya punyaku kok blm ada filter di WhatsApp, jd KLO mau vc pasti GK ada filter nya tolong di perbaiki"
Pengguna Google,5,2026-05-26 14:16:24,sinyal kurang bagus
Pengguna Google,1,2026-05-26 14:16:15,no ku ke blokir mulu sama pihak wa
Pengguna Google,5,2026-05-26 14:14:51,good
Pengguna Google,2,2026-05-26 14:14:21,semakin jelek.. foto story di di jadikan buram banyak kejelekannya
Pengguna Google,3,2026-05-26 14:13:56,bagus
Pengguna Google,5,2026-05-26 14:13:52,sangat baik bagus
Pengguna Google,1,2026-05-26 14:13:07,saya mau log on tapi tidak ada pereoikasi lewat panggilan atau pun lewat SMS tolong di perbaiki.
Pengguna Google,5,2026-05-26 14:12:44,sangat puas
Pengguna Google,1,2026-05-26 14:11:51,whatsapp makin kesini makin aneh kaga salah apa apa tiba tiba kenon tolong nih pihak whatsapp jangan buat kek gini pula
Pengguna Google,5,2026-05-26 14:10:51,good moga ga kena spam
Pengguna Google,2,2026-05-26 14:08:09,jadi mudah utk berkomunikasi
Pengguna Google,5,2026-05-26 14:08:00,good
Pengguna Google,5,2026-05-26 14:07:26,oke
Pengguna Google,5,2026-05-26 14:07:15,bagus banget saya suka
Pengguna Google,5,2026-05-26 14:06:10,gw 90% seneng ama meta ai nya..
Pengguna Google,5,2026-05-26 14:05:54,ingin yg ter baik watshaf nya
Pengguna Google,5,2026-05-26 14:04:25,mantull
Pengguna Google,5,2026-05-26 14:02:51,"kepada pihak Whatsap,tolong dong fitur nya tambakan lagi biar lebih keren lagi teriamaksih"
Pengguna Google,1,2026-05-26 14:02:50,saya suka dengan ini
Pengguna Google,4,2026-05-26 14:01:56,tolong perbaiki masalah telpon
Pengguna Google,5,2026-05-26 13:59:29,saya memberi 5 bintang karna di WhatsApp saya bisa menelfon atau saling menanyakan benda atau pun it bersama ibu saya 😊 iloveyou mom✨🤍☃️
Pengguna Google,5,2026-05-26 13:58:17,mantap
Pengguna Google,1,2026-05-26 13:56:28,watsap tolong apus aja emot jempol
Pengguna Google,1,2026-05-26 13:56:25,aplikasi cacat
Pengguna Google,5,2026-05-26 13:54:26,harusnlibih baik lagi
Pengguna Google,1,2026-05-26 13:54:20,akun whatsapp saya tidak bisa di masukan lagi
Pengguna Google,5,2026-05-26 13:54:06,bagus
Pengguna Google,5,2026-05-26 13:53:59,oke
Pengguna Google,5,2026-05-26 13:53:26,Sangat memudahkan untuk hubungan komukasi dll.
Pengguna Google,4,2026-05-26 13:52:49,status semua orang harus di lihat kan
Pengguna Google,1,2026-05-26 13:52:31,emang gila sekarang wa gw kenapa bisa keblokr padahal gw ngk ada yang aneh tapi kenapa bisa keblokr 2 X
Pengguna Google,1,2026-05-26 13:51:04,ga jelas dikit dikit ke blok
Pengguna Google,2,2026-05-26 13:50:47,watsap sekarang ribet
Pengguna Google,5,2026-05-26 13:50:16,whatsap saya d bekukan
Pengguna Google,5,2026-05-26 13:49:10,bgs bgt ini mah paling is the best soalnya gk mungkin org hidup tanpa whatsapp 😆👍
Pengguna Google,1,2026-05-26 13:49:01,Kita download resmi tapi di anggap wa tidak resmi
Pengguna Google,5,2026-05-26 13:47:42,Oke
Pengguna Google,5,2026-05-26 13:47:19,mantap
Pengguna Google,4,2026-05-26 13:46:48,kenapa gak bisa di buka
Pengguna Google,3,2026-05-26 13:44:58,kok WhatsApp saya gak bisa kirim Poto terus gak bisa kirim status?
Pengguna Google,1,2026-05-26 13:44:55,WhatsApp sekarang kenapa sih? dikit dikit akun di tinjau mulu padahal baru bisa di buka wa nya tapi di banned sementara lagi? ga habis pikir sama pihak WhatsApp.
Pengguna Google,1,2026-05-26 13:44:49,nomor saya sering kena blokir
Pengguna Google,5,2026-05-26 13:44:15,sangat berguna.
Pengguna Google,5,2026-05-26 13:42:55,terimakasih akun saya kena spam terus menerus
Pengguna Google,5,2026-05-26 13:42:43,memudahkan dlm berkomonikasi
Pengguna Google,5,2026-05-26 13:41:47,bagus
Pengguna Google,5,2026-05-26 13:41:30,"okey banget, josz"
Pengguna Google,3,2026-05-26 13:41:27,kok gak bisa update yaa
Pengguna Google,3,2026-05-26 13:40:02,kenapa saya TDK ada filter vc nya
Pengguna Google,3,2026-05-26 13:39:55,bagus
Pengguna Google,5,2026-05-26 13:37:57,ok bgt
Pengguna Google,4,2026-05-26 13:37:46,sukkk tapiii pas vc gk bsaa pakai filter cuyy
Pengguna Google,5,2026-05-26 13:35:31,ok
Pengguna Google,1,2026-05-26 13:35:28,mau daftar pke nomor baru malah keblokir ditinjau ga bisa daftar gmna si
Pengguna Google,1,2026-05-26 13:35:19,wa saya gak bisa menerima kode
Pengguna Google,1,2026-05-26 13:34:52,"Pada saat telepon vidio mengalihkan gambar terjadi macet. tidak bisa kembali semula, harus di matikan telepon, ini sangat mengganggu"
Pengguna Google,5,2026-05-26 13:34:51,sangat mudah untuk berkomunikasi dengan orang lain?
Pengguna Google,5,2026-05-26 13:33:56,saat menantu ni
Pengguna Google,5,2026-05-26 13:31:29,senang
Pengguna Google,5,2026-05-26 13:31:18,bagus
Pengguna Google,5,2026-05-26 13:31:01,Ok
Pengguna Google,5,2026-05-26 13:27:49,baik untuk menghubungi sanak saudara
Pengguna Google,5,2026-05-26 13:27:06,oke
Pengguna Google,5,2026-05-26 13:26:29,sangat baik
Pengguna Google,5,2026-05-26 13:26:15,ok
Pengguna Google,5,2026-05-26 13:25:24,kereen habis mantep
Pengguna Google,4,2026-05-26 13:25:22,"kalo di iphone kenapa harus nyimpen ulang terus ya nomer di kontak, jadi kalo gak biasa wa an kontaknya hilang nama"
Pengguna Google,1,2026-05-26 13:25:19,"eror gak bisa login, katanya unduh Whatshap resmi, kan gua unduh di playstore, anehh"
Pengguna Google,4,2026-05-26 13:25:01,empat aja supaya kaya Persib
Pengguna Google,2,2026-05-26 13:23:53,kenapa no yg ada di oontak sering menghilang? dari 130 menjadi 78 maksudnya gimana?
Pengguna Google,5,2026-05-26 13:23:52,bagus
Pengguna Google,1,2026-05-26 13:23:39,kenapa saya mendaftarkan nomor baru tidak bisa
Pengguna Google,5,2026-05-26 13:22:32,mantap
Pengguna Google,1,2026-05-26 13:22:27,"Hallo WhatsApp Saya pengguna baru di hp baru yang telah saya beli dan saya baru saja mendaftar di WhatsApp lalu mengapa tidak bisa mendaftar? keyboard tidak muncul dan tetepi di apps lain keyboard nya muncul. dan titik 3 di pojok kanan juga tidak bisa di pencet tolong di perbaiki lagi saya tidak bisa menggunakan WhatsApp karena tidak bisa mendaftar... APK aneh gajeles anjy,🥺"
Pengguna Google,5,2026-05-26 13:22:13,Sangat menyenangkan
Pengguna Google,5,2026-05-26 13:21:17,ok
Pengguna Google,5,2026-05-26 13:20:31,ok
Pengguna Google,2,2026-05-26 13:20:22,chat urg jol jol kahapusan kabeh
Pengguna Google,5,2026-05-26 13:20:13,Lama mendownload
Pengguna Google,3,2026-05-26 13:18:41,"sering banget eror lgi telponan tiba tiba mati, pas nelpon balik gagal terus!!"
Pengguna Google,3,2026-05-26 13:18:03,saat video call tiba-tiba terputus sendiri bukan karena jaringan.
Pengguna Google,5,2026-05-26 13:16:50,Good
Pengguna Google,1,2026-05-26 13:15:27,"apk ta1 beg0 g0blok, cewe gapernah bales chat gua"
Pengguna Google,5,2026-05-26 13:15:15,saya menyukai aplikasi ini
Pengguna Google,5,2026-05-26 13:11:24,"selama ini bagus bagus aja aplikasi nya ,tetapi sejak 2026 , WhatsApp mulai aneh,ga ngapa ngapain aja ,akunya dinonaktifkan,kok bisa,padahal baru pulih akunnya tapi setelah itu ke nonaktifkan lagi,heran.mohon diperbaiki ya,terimakasih"
Pengguna Google,2,2026-05-26 13:10:55,kenapa saya selalu tidak bisa mendaftar wa padahal saya udah beli nomor baru
Pengguna Google,5,2026-05-26 13:10:31,saya senang buat WhatsApp
Pengguna Google,4,2026-05-26 13:10:24,semoga bagus
Pengguna Google,5,2026-05-26 13:09:57,mantap
Pengguna Google,5,2026-05-26 13:08:32,aplikasi ini sangat membantu saya
Pengguna Google,3,2026-05-26 13:08:26,sangat membantu
Pengguna Google,5,2026-05-26 13:08:03,mudah dimengerti
Pengguna Google,5,2026-05-26 13:08:00,"iya,mantap"
Pengguna Google,5,2026-05-26 13:07:20,semakin terdepan matap
Pengguna Google,5,2026-05-26 13:07:05,Ok
Pengguna Google,5,2026-05-26 13:07:05,suka suka suka sangat sukaa
Pengguna Google,1,2026-05-26 13:06:44,"susah ngirim pesan,di batasi"
Pengguna Google,5,2026-05-26 13:06:09,wa sangat bagus untuk kita
Pengguna Google,5,2026-05-26 13:05:32,whatsapp tolong diperbaiki klo bikin sw biar ga blur sama yang lainnya juga biar ga bug🙏
Pengguna Google,1,2026-05-26 13:04:16,apk kontl hpus aja njg
Pengguna Google,1,2026-05-26 13:03:50,selalu di tinjau padahal ga ngapa ngapain saya
Pengguna Google,5,2026-05-26 13:02:59,ok
Pengguna Google,2,2026-05-26 13:02:23,"kenapa wa ini, mau login nomor baru tidak bisa. login tidak tersedia. sudah gonta ganti. hp sama aja"
Pengguna Google,4,2026-05-26 13:01:35,mantap
Pengguna Google,1,2026-05-26 13:01:03,Semoga WhatsApp saya bisa normal lagi
Pengguna Google,5,2026-05-26 13:00:17,bagus banget
Pengguna Google,5,2026-05-26 13:00:06,bagus
Pengguna Google,5,2026-05-26 12:59:29,keren
Pengguna Google,1,2026-05-26 12:58:58,gjls tiba² di blokir terus akun
Pengguna Google,1,2026-05-26 12:58:18,"susah untuk telpon,selalu gagal"
Pengguna Google,5,2026-05-26 12:57:48,luar biasa terbantu sekali
Pengguna Google,1,2026-05-26 12:57:02,whatsapp ngga jelas di laptop eror banget
Pengguna Google,5,2026-05-26 12:55:46,susah masuk notif
Pengguna Google,5,2026-05-26 12:53:08,ok
Pengguna Google,5,2026-05-26 12:52:45,makasih
Pengguna Google,1,2026-05-26 12:51:29,Kenapa nomer akun saya terblokir saya ngak bisa verifikasi tolong bantuanya
Pengguna Google,5,2026-05-26 12:50:37,"tolong dipulihkan,no di pake buat kerja"
Pengguna Google,5,2026-05-26 12:50:07,sangat mudah digunakan
Pengguna Google,5,2026-05-26 12:49:42,apk yg sangat berguna
Pengguna Google,5,2026-05-26 12:49:28,Suka
Pengguna Google,3,2026-05-26 12:45:08,yang aku ngga ada efek kamera nya
Pengguna Google,5,2026-05-26 12:44:42,"bintang 5 tapi kenapa saat ingin buat akun whattsapp baru,saat semua nomor di save di hp malah kena tinjau pdhl akun saya bukan bot tapi saya sendiri yang catat semua nomor teman saya"
Pengguna Google,5,2026-05-26 12:43:34,sukakk
Pengguna Google,5,2026-05-26 12:43:03,mantap bgt pokok nya
Pengguna Google,5,2026-05-26 12:41:30,Mantap
Pengguna Google,1,2026-05-26 12:39:59,BRING BACK THE STORY CAPT COPY FEATURE OH MY GOD?????!!
Pengguna Google,1,2026-05-26 12:38:39,percuma di update terus klo g ada fitur foto live
Pengguna Google,5,2026-05-26 12:38:00,wa ku kenapa kena blok gini ya
Pengguna Google,5,2026-05-26 12:37:53,abis keriset hp sy ga bisa didaftarkan LG perbaiki lg sy mohon sy pengguna wa sehari hari
Pengguna Google,5,2026-05-26 12:37:39,bagus
Pengguna Google,3,2026-05-26 12:37:35,baik
Pengguna Google,5,2026-05-26 12:37:27,berfungsi dengan baik dan efektip untuk komunikasi .
Pengguna Google,3,2026-05-26 12:37:18,WhatsApp gx bisa di buka
Pengguna Google,5,2026-05-26 12:36:32,no hp hilang butuh mulih kan akun
Pengguna Google,5,2026-05-26 12:35:41,ko di wa ak klo vc gaada filter nya yh
Pengguna Google,2,2026-05-26 12:35:38,tidak bisa dibuka pendaftaran ulang tapi
Pengguna Google,1,2026-05-26 12:35:33,sering keriset
Pengguna Google,5,2026-05-26 12:34:35,kenapa WhatsApp saya tiba tiba kena spam padahal saya tidak ada berbuat salah.
Pengguna Google,5,2026-05-26 12:34:34,👍🏻
Pengguna Google,5,2026-05-26 12:33:25,kecewa😔
Pengguna Google,4,2026-05-26 12:33:13,sangat membantu
Pengguna Google,5,2026-05-26 12:33:13,mantap 🤙🤙🤙🤙
Pengguna Google,4,2026-05-26 12:32:30,top
Pengguna Google,5,2026-05-26 12:32:27,"Hai, aplikasi WhatsApp ini jujurly bagus banget buat yang mau ngobrol dengan keluarga/teman yang jauh. Karena aplikasi ini itu gak begitu menggunakan paket/pulsa dengan banyak gitu, walaupun kadang kita disuruh update, tapi menurut aku gak papa sih, soalnya setiap update itu akan ada fitur baru. Makasih ya segitu dulu Babay (θ‿θ).."
Pengguna Google,5,2026-05-26 12:32:25,mantap
Pengguna Google,5,2026-05-26 12:32:02,bagus bisa dari jarak jauh
Pengguna Google,5,2026-05-26 12:32:00,godd
Pengguna Google,5,2026-05-26 12:25:22,aman
Pengguna Google,5,2026-05-26 12:24:52,kenapa ga bisa di hp vivo
Pengguna Google,2,2026-05-26 12:24:10,bagus
Pengguna Google,1,2026-05-26 12:23:40,saya mohon kepada pihak whatsapp untuk menambahkan fitur efek filter saat video call atau kemera di whatsapp karna di whatsapp saya tidak ada tolong untuk menambahkan fitur tersebut mohon bantuannya kepada pihak whatsapp
Pengguna Google,5,2026-05-26 12:23:19,sangat puas
Pengguna Google,5,2026-05-26 12:22:27,bagus
Pengguna Google,5,2026-05-26 12:22:08,sematan orang sering bug. tidak bisa melepas sematan. tolong diperhatikan
Pengguna Google,1,2026-05-26 12:21:59,kenapa whatsAap saya selalu di tinjau seperti ini tolong jelaskan
Pengguna Google,5,2026-05-26 12:21:58,memudahkan
Pengguna Google,3,2026-05-26 12:21:31,wifi atau jaringan sudah bagus tapi kadang tetap tidak bisa update status
Pengguna Google,1,2026-05-26 12:21:09,"Whatsapp semakin lama malah semakin mengecewakan para pengguna, bahkan semakin kesini malah semakin jelek .."
Pengguna Google,5,2026-05-26 12:20:50,sangat puas dengan aplikasi wa
Pengguna Google,3,2026-05-26 12:20:07,bagus sangat aplikasi nii tau
Pengguna Google,2,2026-05-26 12:19:28,Aplikasinya lambat untuk ngirim pesan harus nunggu 5 menit baru kekirim
Pengguna Google,5,2026-05-26 12:18:06,baik
Pengguna Google,5,2026-05-26 12:17:07,ok
Pengguna Google,5,2026-05-26 12:16:56,mantap
Pengguna Google,5,2026-05-26 12:16:52,good
Pengguna Google,5,2026-05-26 12:16:49,oke
Pengguna Google,5,2026-05-26 12:16:01,"adain fitur hapus riwayat yg ""tentang"" yg abis kita gunakan plss"
Pengguna Google,5,2026-05-26 12:15:47,bisa nerkomunikasi dengan orang di negara manapun
Pengguna Google,1,2026-05-26 12:14:20,makin kesini makin jelek
Pengguna Google,1,2026-05-26 12:13:59,"tolong lahh pihak WhatsApp, kenapa saya baru 1x chat udah ke belokir/band, mohon bantuannya pihak WhatsApp terima kasih"
Pengguna Google,3,2026-05-26 12:13:22,kenapa pas vc suka error.tolong dong diperbaiki lagi.suka nga muncul gambar yg tlp.kadang hilang gambar yg nerima tlp.
Pengguna Google,5,2026-05-26 12:13:03,request adain emoji ompreng mbg
Pengguna Google,5,2026-05-26 12:12:58,babi
Pengguna Google,5,2026-05-26 12:12:51,sangat baik dan saya sangat menyukai nya aplikasi Whatupp sangatmembantu
Pengguna Google,5,2026-05-26 12:12:45,sayang whatsapp
Pengguna Google,5,2026-05-26 12:11:28,karena bagus
Pengguna Google,1,2026-05-26 12:11:09,setiap telepon kalo buka aplikasi lain GK bisa aku jijik sama aplikasi ini
Pengguna Google,1,2026-05-26 12:10:52,Kenapa wa saya selalu keluar sendiri dan nggak bisa di pake padahal saya udah pake kartu baru Apa karena versi hp saya nggak tak mendukung versi nya
Pengguna Google,5,2026-05-26 12:10:19,baik
Pengguna Google,4,2026-05-26 12:10:10,ok
Pengguna Google,1,2026-05-26 12:10:06,selamat persahabatan aktifitas.
Pengguna Google,5,2026-05-26 12:08:47,aplikasi palin baik
Pengguna Google,4,2026-05-26 12:08:15,nga bisa nganti profil njir.. udah di laporkan bug nya masih aja nga bisa co..
Pengguna Google,3,2026-05-26 12:07:59,ini gimana mas nomerku kena kenon mulu
Pengguna Google,5,2026-05-26 12:07:30,Mulus
Pengguna Google,5,2026-05-26 12:06:47,sangat memuaskan
Pengguna Google,3,2026-05-26 12:06:25,"KENAPA KONTAK BARU WA SAYA SELALU HILANG PADAHAL SUDAH DI SIMPAN, SELALU HILANG SENDIRI DAN NULUS LAGI HILANGGGG LAGI TOLONG DI BALAS, SAYA CAPEK NULUS KONTAK MULU"
Pengguna Google,5,2026-05-26 12:06:10,baik
Pengguna Google,5,2026-05-26 12:05:59,bagus
Pengguna Google,1,2026-05-26 12:04:42,saya gak bisa masuk akun washaap
Pengguna Google,5,2026-05-26 12:04:42,Very good aplikasi n is the bes
Pengguna Google,5,2026-05-26 12:04:24,bagus
Pengguna Google,2,2026-05-26 12:04:12,terimakasih atas adanya aplikasi whatsapp ini keluarga yang jauh jadi terasa lebih dekat
Pengguna Google,5,2026-05-26 12:03:50,bagus
Pengguna Google,1,2026-05-26 12:03:26,"buruk bgtt, sering banget tiba tiba semua chat kehapus, kaya ke restart tapi kontaknya masi ada."
Pengguna Google,3,2026-05-26 12:02:22,semoga lancer
Pengguna Google,2,2026-05-26 12:02:17,"notif cht sering ga masuk, wajib ganti suara notif satu satu baru bisa masuk, tolong di perbaiki bagi bug notifikasi kemarin kemarin ga gini sekarang malah gini"
Pengguna Google,5,2026-05-26 12:01:04,whatsapp memang mo 1
Pengguna Google,1,2026-05-26 11:59:50,recommended WhatsApp selalu menjadi yang terbaik
Pengguna Google,5,2026-05-26 11:58:52,Mantapppp
Pengguna Google,1,2026-05-26 11:58:30,wa saya sering ditinjau tanpa sebab
Pengguna Google,5,2026-05-26 11:56:28,Aplikasi yang bagus dan sangat membantu
Pengguna Google,1,2026-05-26 11:56:18,pas vidio call gabisa ke layar besar
Pengguna Google,5,2026-05-26 11:54:39,ᴀᴘʟɪᴋᴀsɪ ʟᴜ ᴍᴀᴋɪɴ ʟᴀᴍᴀ ᴍᴀᴋɪɴ ɴɢᴀᴄᴏ sᴇᴍᴘᴀᴛ ᴋᴇ ʙʟᴏᴋɪʀ ᴛᴇʀᴜs ʙᴇʟᴜᴍ ʙᴇʀᴀᴘᴀ ᴊᴀᴍ ᴋᴇ ʙʟᴏᴋ ᴄᴏʙᴀ ᴜɴᴛᴜᴋ ʏɢ ᴘᴜɴʏᴀ ᴡʜᴀᴛsᴀᴘᴘ ʙᴇɴᴇʀɪɴ ʟᴀɢɪ ɢᴇʜ ᴊᴀɴɢᴀɴ ʙᴀɴʏᴀᴋ ʙʟᴏᴋɪʀᴀɴ ɴʏᴀ ɪʟᴀɴɢɪɴ sᴇᴍᴜᴀ ʙɪᴀʀ ᴋᴀʏᴀ ᴅᴜʟᴜ ʟᴀɢɪ
Pengguna Google,1,2026-05-26 11:54:34,banyak sekali kontak saya terhapus dan tidak muncul di wa
Pengguna Google,3,2026-05-26 11:54:29,nomor saya baru ganti tapi udh gk bisa
Pengguna Google,4,2026-05-26 11:53:23,mantap
Pengguna Google,5,2026-05-26 11:53:06,ok
Pengguna Google,4,2026-05-26 11:51:00,ok
Pengguna Google,5,2026-05-26 11:50:45,okok
Pengguna Google,4,2026-05-26 11:49:20,"whatsapp aplikasi paling bagus,kenapa aku gak kasih 5 karna aku lagi ngegambar sesuatu yang realistis tapi tiba - tiba malah hilang"
Pengguna Google,5,2026-05-26 11:48:51,terimakasih
Pengguna Google,4,2026-05-26 11:48:32,tolong dong perbaiki LG kenapa saya pake nomer baru gk bisa buka whtsapp
Pengguna Google,1,2026-05-26 11:47:03,"udah donlot foto harus d klik buat liat , klo g d klik liat blur"
Pengguna Google,3,2026-05-26 11:46:57,jgn diperbarui lagi whtshp nya udh kece..
Pengguna Google,1,2026-05-26 11:46:25,"ada bintang 0 saya kasih bintang 0! whatsapp sekarang pakainya ai ya, padahal saya tidak pernah sama sekali spamming chat atau perbuatan melanggar kebijakan tapi saat aku banding ditolak dan malah dinyatakan permanen blok. harusnya hal seperti ini dinilai dari objektivitas manusia bukan ai, saat aju banding by gmail pun hasilnya nihil. hanya dikatakan bahwa hal tersebut hasil final, tanpa memberikan bukti nyata kesalahan saya dimana."
Pengguna Google,5,2026-05-26 11:46:08,bagus
Pengguna Google,3,2026-05-26 11:45:43,ok
Pengguna Google,1,2026-05-26 11:43:26,yangg bener aja dong ini aplikasi dikit-dikit akun di tinjau saya gada melakukan tindakan aneh tiba-tiba akun di tinjau yang bener dongg saya di wa ada data penting
Pengguna Google,1,2026-05-26 11:41:30,tidak bisa mendaftar WhatsApp
Pengguna Google,1,2026-05-26 11:40:23,"Nge bug, wa video call pas di klik gambar sendiri error"
Pengguna Google,5,2026-05-26 11:39:55,baik
Pengguna Google,1,2026-05-26 11:37:53,terima kasih sudah memblokir wa saya yang tiba tiba saja tanpa saya tau apa penyebab nya dan file penting plus no orang kerjaan dan lain lain terima kasih banyak
Pengguna Google,1,2026-05-26 11:37:34,susah untuk mengirim kode frivaksi
Pengguna Google,5,2026-05-26 11:36:56,bagus
Pengguna Google,5,2026-05-26 11:36:34,apk jelek
Pengguna Google,5,2026-05-26 11:36:22,mantap
Pengguna Google,5,2026-05-26 11:35:54,bagus
Pengguna Google,5,2026-05-26 11:35:02,bagus
Pengguna Google,4,2026-05-26 11:34:43,nyaman di gunakan tapi banyak yang ngirim virus dari no ku
Pengguna Google,5,2026-05-26 11:34:26,mengapa WhatsApp sekarang harus kena pemblokiran..
Pengguna Google,5,2026-05-26 11:34:09,aplikasi ini sangat bagus untuk chat orang
Pengguna Google,3,2026-05-26 11:33:59,"kenapa saya kasih bintang segini,karena masih banyak bug, seperti foto sekali lihat yg baru dikirim sudah kadaluwarsa,, padahal baru 1 detik yg lalu,, dan banyak bug lainnya tetapi saya sebut salah satunya saja, sekian terimakasih"
Pengguna Google,1,2026-05-26 11:33:20,𝙙𝙞 𝙨𝙩𝙖𝙩𝙪𝙨 𝙨𝙖𝙮𝙖 𝙖𝙙𝙖 𝙩𝙪𝙡𝙞𝙎𝙖𝙣.. 𝙩𝙖𝙮𝙖𝙣𝙜𝙖𝙣 𝙩𝙞𝙙𝙖𝙠 𝙩𝙚𝙧𝙨𝙚𝙙𝙞𝙖
Pengguna Google,1,2026-05-26 11:32:57,"terlalu banyak update dan fitur gk berguna serta memakan penyimpanan yang banyak, dan bikin HP sering ngelag, tolong di benerin jangan cuman update doang yang di gedein"
Pengguna Google,5,2026-05-26 11:31:58,👍
Pengguna Google,3,2026-05-26 11:31:52,"sbnrnya bgs' aja, cuma ko pas sy cb priv mlh tdk ter priv y ?."
Pengguna Google,5,2026-05-26 11:31:51,bagus
Pengguna Google,1,2026-05-26 11:31:43,"aplikasi hama saya mau verifikasi kode otp, gada yang kirim kode otp gara gara kelalaian tersebut saya ingin meminta pertanggung jawaban jika anda bilang salah nomor? tidak nomor saya sudah 100% benar tetap saja tidak ada kiriman kode otp. akhirnya saya mengecek status layanan WhatsApp katanya berjalan dengan normal, normal bapak kau normal jika benar normal mengapa saya tidak bisa mendapat kode otp? dasar HAMA."
Pengguna Google,1,2026-05-26 11:31:13,aplikasi broken!!! gajelas tiba tiba akun ga bisa login lagi!!! sampah!!
Pengguna Google,4,2026-05-26 11:30:27,WhatsApp makin ribet!
Pengguna Google,1,2026-05-26 11:30:12,"WhatsApp kenapa ya ko wa saya ke blokir padahal saya ngga spam lo saya cuma blsin pesan dri temen saya ketika suda membls nya kenapa wa saya langsung ke blokir saya sangat kecewa sih,kalo soal filtur dll emng bagus tapi tolong la kembaliin wa kek dulu lagi yg gaada drama wa ke blokir la atau akun wa ilang la tolong perbaiki lagi biar kita semua merasa nyaman terkadang juga gatau kenapa tiba² log out sendiri trs data² ilang semua dari chat foto video tolong perbaiki lagi trimksi🙏🏻🙏🏻"
Pengguna Google,5,2026-05-26 11:29:55,Kenapa wa saya eror trus
Pengguna Google,1,2026-05-26 11:29:25,watsapp tidak bisa digunakan
Pengguna Google,5,2026-05-26 11:29:14,sangat baik
Pengguna Google,5,2026-05-26 11:28:13,good the
Pengguna Google,1,2026-05-26 11:27:26,"apalah dikit"" kenon, nanti ngechat orang lagi penting"" nya malah di kenon"
Pengguna Google,5,2026-05-26 11:27:01,bagus sekali
Pengguna Google,4,2026-05-26 11:26:35,bagus
Pengguna Google,4,2026-05-26 11:26:13,aplikasinya sgt bermanfaat👍
Pengguna Google,1,2026-05-26 11:24:24,"akun saya 2x di ban,dan semua info penting semuanya ilang,info sekolah,aneh padahal tidak melakukan spamm"
Pengguna Google,5,2026-05-26 11:24:19,sangat bague
Pengguna Google,1,2026-05-26 11:23:25,kena spam secara sepihak padahal kami tidak ngapa ngapain semua akun yang dulu pun sampe hilang parah apa salah kami.
Pengguna Google,1,2026-05-26 11:22:19,akun saya di batasi padahal saya tidak melakukan sepam chat mohon penjelasan nya
Pengguna Google,4,2026-05-26 11:22:11,updatenya kadang lama banget
Pengguna Google,1,2026-05-26 11:22:08,WhatsApp jelek gampang keblok cuma chet temen kena blokir aneh
Pengguna Google,5,2026-05-26 11:21:58,bagus sekali
Pengguna Google,1,2026-05-26 11:21:49,kenapa akun WhatsApp saya tidak bisa digunakan. mohon ditinjau terima kasih 🙏
Pengguna Google,1,2026-05-26 11:21:17,pake banyak iklan
Pengguna Google,1,2026-05-26 11:21:06,di update malah ngebug kak. gimana solusinya?
Pengguna Google,5,2026-05-26 11:20:34,sangat bagus
Pengguna Google,1,2026-05-26 11:20:18,"ini WA kenapa ngebanned akun secara gak jelas??? 3 hari ini sudah 5x akun saya kena banned dengan alasan gak jelas. saya orang biasa dan pengguna biasa, menggunakan wa selayaknya. chatan dikit bahkan jarang. menggunakan wa juga paling aktif cuman mengirimkan tugas kerjaan saja. gak jelas banget ini wa Minggu ini."
Pengguna Google,5,2026-05-26 11:19:34,puass
Pengguna Google,1,2026-05-26 11:19:09,"Parah bgt wa astagaa, lo mikir ga sih kerugian orang gara gara di blokir. kalo ga niat build aplikasi gausah!!! ga ngapa ngapa terblokir. Parahh!!!!"
Pengguna Google,1,2026-05-26 11:18:49,"Mohon kepada pihak WhatsApp kenapa seiring pembaruan yang diinstal aplikasinya semakin buruk saja, terutama pada bagian keamanan sudah ganti 2 nomor saya karena alasan perilaku spam maksudnya?"
Pengguna Google,1,2026-05-26 11:18:28,"1. Foto dan video yang saya unggah di status saya menjadi buram atau pecah. 2. Telepon sering terputus sendiri padahal sambungan internet antara saya dan penelepon baik-baik saja. 3. Tampilan semakin membingungkan dan sangat membuat tidak nyaman. 4. Pembaruan status tidak menurut waktu sehingga membingungkan. 5. Pesan terkadang hilang dengan sendirinya dan tidak dapat dipulihkan. 6. Info hanya bisa diatur dengan durasi, tidak bisa permanen."
Pengguna Google,1,2026-05-26 11:16:56,"jelek bgt sih sekarang kalau video call sering banget nge bug tidak bergerak, bikin jengkel aja"
Pengguna Google,5,2026-05-26 11:15:59,sangat bagus dan bermanfaat sekalii
Pengguna Google,5,2026-05-26 11:15:12,ok
Pengguna Google,3,2026-05-26 11:14:18,whatsapp nya knpaaa si nge'bug giniiiiii bikin ga nyaman kalo lagi vc tolong dong pihak WhatsApp
Pengguna Google,5,2026-05-26 11:13:40,iklan sangat menanggu penggunaan saya
Pengguna Google,5,2026-05-26 11:12:55,tiba tiba di blokir aneh
Pengguna Google,1,2026-05-26 11:12:27,tiba tiba saya di blokir
Pengguna Google,5,2026-05-26 11:11:30,bagus
Pengguna Google,2,2026-05-26 11:10:59,akun saya terblokir tiba tiba padahal saya tidak melakukan pelnggaran apapun.
Pengguna Google,5,2026-05-26 11:09:55,Wauuu uwau waw mantap kuantap keren takeren bagus sebagus Agus🤣😂😅
Pengguna Google,1,2026-05-26 11:09:22,ngebag bila vc an
Pengguna Google,3,2026-05-26 11:06:04,"Halo Admin WhatsApp yang terhormat, saya memohon bantuan untuk membuka kembali akun WhatsApp saya. Saya tidak melakukan spam. Kemungkinan saat ini akun saya sedang diretas oleh pihak yang tidak bertanggung jawab dan digunakan untuk melakukan pelanggaran. Oleh karena itu, saya mohon agar akun WhatsApp saya dapat dipulihkan kembali karena sangat penting bagi saya. Terima kasih."
Pengguna Google,2,2026-05-26 11:04:51,"tolong di perbaiki laa, udah gj bangett Whatsap masa baru pulih kenon kenon lagi padahal ga di apa apa in, tolong laa padahal ada data pribadi saya di dalam"
Pengguna Google,1,2026-05-26 11:03:36,untuk bio gausah pake durasi segala ga guna
Pengguna Google,5,2026-05-26 11:03:15,bagus
Pengguna Google,5,2026-05-26 11:02:46,sangat baik bagi saya
Pengguna Google,5,2026-05-26 11:02:10,jernih suaranya nga macet
Pengguna Google,5,2026-05-26 11:02:06,good
Pengguna Google,4,2026-05-26 11:01:08,"GRAFIK NYA JELEK BANGET PLIS?? GAUSAH DEH BANYAK"" IN FITUR YANG GA TERLALU BERGUNA, PERBAIKAN AJA GRAFIK FOTO VIDIO NYA, ITU TUH BENER"" GANGGU BANGET"
Pengguna Google,1,2026-05-26 10:59:22,saya tidak bisa menambah kan ke koleksi stiker premium
Pengguna Google,5,2026-05-26 10:57:02,saya sering spam no ny tolong bantu makasih
Pengguna Google,1,2026-05-26 10:56:46,aplikasi nya sering eror gk kebuka selalu bilang dalam tinjauan gk jelas aplikasi nya
Pengguna Google,5,2026-05-26 10:52:40,kadang suka eror waktu di buat video call. mau pindah buat layar lebar ke layar kecil.. malah gak gerak.. cuma suara saja yang bunyi
Pengguna Google,5,2026-05-26 10:51:47,bagus
Pengguna Google,5,2026-05-26 10:50:36,sangat membantu kamai
Pengguna Google,5,2026-05-26 10:49:52,apik
Pengguna Google,5,2026-05-26 10:49:27,WA bagus
Pengguna Google,5,2026-05-26 10:49:13,baik LP
Pengguna Google,5,2026-05-26 10:46:52,sangat membantu
Pengguna Google,1,2026-05-26 10:46:46,kena tinjaun mulu WhatsApp kurang ajar
Pengguna Google,5,2026-05-26 10:46:17,WA saya tidak bisa di buka mohon di buka kembali
Pengguna Google,1,2026-05-26 10:46:14,"jangan buat spam detect donggg aplikasi mu itu dipake sama orang Indonesia yang semuanya pake WhatsApp kegiatan, kerjaan semua pake WhatsApp nyusahin aja sih"
Pengguna Google,4,2026-05-26 10:45:18,Sangat menarik
Pengguna Google,1,2026-05-26 10:44:55,aplikasi selain watshap ada lagi ga udah males pake watshap di blokir Mulu aplikasi sialan
Pengguna Google,4,2026-05-26 10:43:58,"aplikasi nya bagus lumayan dpet penghasilan dari wa, cuman sayang sekali setiap mau update ch bug gsmbar jam pdhl jaringan bagus sinyal nya kuat tapi di sayang kan pihak delev blm di perbaiki sampai skrng, tolong kedepan nya perbaiki lagi dan tambahkan fitur custom wallpaper saat telfonan foto sndiri smoga di update selanjut nya di tunggu yaaaa!!!!"
Pengguna Google,5,2026-05-26 10:42:52,Senang
Pengguna Google,5,2026-05-26 10:42:46,Tetep semangat ya
Pengguna Google,5,2026-05-26 10:41:47,sangat suka dengan aplikasi wa
Pengguna Google,5,2026-05-26 10:39:15,ok
Pengguna Google,5,2026-05-26 10:38:54,sangat seru aku jga bisa menghubungi pasangan ku di sinii
Pengguna Google,1,2026-05-26 10:38:20,tidak ada filter di whatsapp nya
Pengguna Google,5,2026-05-26 10:38:01,"udh muak jujur, tp sk"
Pengguna Google,5,2026-05-26 10:36:57,baik
Pengguna Google,5,2026-05-26 10:36:47,sangat bagus
Pengguna Google,1,2026-05-26 10:36:13,"harusnya bintang 0, wa saya kena banned terus sudah 6x,tolong perbaiki. sekarang saja saya wa nya sedang di tinjau, WhatsApp tolong perbaiki kesalahan kalian. kasihan yang kena banned terus, seperti saya. saya harap WhatsApp saya kembali besok."
Pengguna Google,5,2026-05-26 10:35:34,sangat bagus
Pengguna Google,2,2026-05-26 10:34:55,masih bnyk yg kurang
Pengguna Google,5,2026-05-26 10:31:11,ok
Pengguna Google,5,2026-05-26 10:30:00,sangat baik☺
Pengguna Google,5,2026-05-26 10:29:47,akun wa saya pernah di tinjau.kenapa wa saya selalu di tinjau setiap mau buka wa di tinjau terus
Pengguna Google,5,2026-05-26 10:29:07,mantap amplikasinya
Pengguna Google,1,2026-05-26 10:28:49,"WhatsApp sekarang sensitif banget, padahal kita sebagai user gapernah ngapa ngapain bikin hal aneh, tapi tiba tiba akun langsung di suspend bahkan di ban permanen, tanpa di beri pemberitahuan. dan lebih parahnya ketika beberapa akun IG atau FB yang berada di satu pusat akun, ketika satu akun kena, maka semua akun akan kena juga. sumpah ini harus di perbaiki sistem AI nya, saya tau yang memilih ini adalah AI yang mendeteksi bahwa ada pelanggaran yang dibuat, tolong pihak META segera di benahi!!"
Pengguna Google,5,2026-05-26 10:26:43,bagus
Pengguna Google,5,2026-05-26 10:26:14,sangat bagus tapi efek nya gak ada
Pengguna Google,5,2026-05-26 10:24:39,pliss ihh WhatsApp nya ga bisa di pake gara gara aku grup
Pengguna Google,5,2026-05-26 10:24:18,aplikasi yg jos
Pengguna Google,5,2026-05-26 10:24:17,aplikasi kurang baik walaupun saya telah memberikan bintang lima dalam penilaian karena sering spam walaupun tidak pernah melanggar aturan
Pengguna Google,2,2026-05-26 10:24:02,"saya tarik kembali bintang 5nya,,,watsap sekarang nggak jelasss,,,,saya pake no baru bikin,,,masa langsung minta pertinjawan,,,setiap harinya ada pertinjawan terusss"
Pengguna Google,3,2026-05-26 10:23:19,tolong diperbaiki Whatsap ny jaringan bagus tapi kalo udah vidio call jadi hilang jaringan ini apk udah rusak kah atau gimana ini
Pengguna Google,5,2026-05-26 10:23:11,aplikasinya bagus banget karna bisa ubah rasa kangen aku..><
Pengguna Google,5,2026-05-26 10:23:05,karena bagus
Pengguna Google,5,2026-05-26 10:22:47,Bagus dan membantu.
Pengguna Google,3,2026-05-26 10:21:32,cukup membantu
Pengguna Google,4,2026-05-26 10:21:13,👍😎😎😎😎
Pengguna Google,5,2026-05-26 10:20:10,mantap
Pengguna Google,5,2026-05-26 10:19:43,tolong lebih bagus dikit fitur y
Pengguna Google,5,2026-05-26 10:19:29,keren aplikasi se triliun umat
Pengguna Google,5,2026-05-26 10:18:30,ok
Pengguna Google,3,2026-05-26 10:17:25,Kurang puas
Pengguna Google,2,2026-05-26 10:16:04,rumit
Pengguna Google,5,2026-05-26 10:12:09,"pls buat pihak WhatsApp, ini kenapa akun saya sering kena suspend? padahal saya ga ngapa'in cuma ngechat temen pada umumnya tapi kenapa di suspend terus? minggu kemarin saya kena suspend 3x Minggu ini udah 2x kemarin dan sekarang, tolong di perbaiki"
Pengguna Google,1,2026-05-26 10:11:28,apk banyak bug
Pengguna Google,1,2026-05-26 10:09:25,pepek ke blok Mulu gajelas
Pengguna Google,1,2026-05-26 10:09:12,"kenapa harus versi baru ,ini padahal udh versi baru"
Pengguna Google,4,2026-05-26 10:08:52,lumayan
Pengguna Google,5,2026-05-26 10:08:38,bagussssss
Pengguna Google,5,2026-05-26 10:08:30,bagus
Pengguna Google,5,2026-05-26 10:08:19,aku sangat suka bisa telfonan sama teman-teman
Pengguna Google,5,2026-05-26 10:08:03,aplikasi ini baik
Pengguna Google,5,2026-05-26 10:07:57,bagus🤩👍
Pengguna Google,5,2026-05-26 10:07:54,bagus sekali aplikasi nya
Pengguna Google,5,2026-05-26 10:06:30,bagus
Pengguna Google,4,2026-05-26 10:06:07,puas
Pengguna Google,1,2026-05-26 10:05:42,kenapa wa ini tifk bisa digunakan
Pengguna Google,2,2026-05-26 10:02:57,gampang kenon mls jdi nya
Pengguna Google,5,2026-05-26 10:02:34,sangat bagus
Pengguna Google,5,2026-05-26 09:59:43,Akan sangat berguna jika bisa menghapus chat tertentu dalam rentang waktu tertentu
Pengguna Google,5,2026-05-26 09:57:57,oke
Pengguna Google,5,2026-05-26 09:57:38,ok
Pengguna Google,4,2026-05-26 09:56:36,"kenapa sekarang sering ngebug yaa ,dikira karena hpnya udah ganti hp tetep ngebug tolong deh perbaiki lg"
Pengguna Google,5,2026-05-26 09:56:31,bagus
Pengguna Google,5,2026-05-26 09:53:48,sangat baik
Pengguna Google,5,2026-05-26 09:52:47,Sangat sangat bagus
Pengguna Google,1,2026-05-26 09:51:16,"akun WhatsApp saya ditinjau 4 kali dalam kurun waktu 3 hari 😮‍💨 padahal saya tidak pernah nyepam atau buat postingan aneh-aneh. chat saya juga bukan chat yang aneh, terkendala banget ke kerjaan dan aktivitas sehari-hari 🥺🥺"
Pengguna Google,1,2026-05-26 09:50:48,terkena bug Mulu anj
Pengguna Google,5,2026-05-26 09:50:27,Mantaaapp 👍🏼
Pengguna Google,5,2026-05-26 09:49:46,bagus
Pengguna Google,4,2026-05-26 09:49:36,selamat datang kembali
Pengguna Google,5,2026-05-26 09:47:36,suka
Pengguna Google,1,2026-05-26 09:46:40,"panggilan gagal terus , suara terpotong potong,gambar burem saat vidio call"
Pengguna Google,1,2026-05-26 09:46:39,"Gak jelas bgt tiba""keblok tidakk bisa login"
Pengguna Google,1,2026-05-26 09:44:43,Amat jelek banget! Telah diperbarui ke terbaru tetap login tiada bagi nomorku beralasan keamanan!! Tim dukungan sudah dihubungi dengan kirim foto kartu keluarga & KTP tapi gagal!!! Androidku versi 8;pakai hp lama lagi???
Pengguna Google,5,2026-05-26 09:44:35,eror di buat vc
Pengguna Google,2,2026-05-26 09:44:34,saat telpon suara bergema
Pengguna Google,5,2026-05-26 09:44:22,bingtang lima deh pokoknya
Pengguna Google,1,2026-05-26 09:43:32,saya sidak bisa login memakai no whatsapp baru dan no wa saya hilang terus
Pengguna Google,1,2026-05-26 09:42:52,keblokir tiba' tanpa sebab bisa merugikan WhatsApp sebaik nya benerin dulu
Pengguna Google,1,2026-05-26 09:42:02,"Aplikasi WhatsApp sangat lah buruk karena ngechat orang yang gak dikenal aja langsung dibuat ""akun anda sedang ditinjau"" aneh banget terus habis ditinjau saya memasukkan nomor saya lagi malah ""Tidak bisa login"" dasar aplikasi aneh"
Pengguna Google,5,2026-05-26 09:41:57,sering minta tinjauan trus bingung jadinya
Pengguna Google,5,2026-05-26 09:41:40,bagus mudah lancar digunakan
Pengguna Google,1,2026-05-26 09:40:01,parah ni whatsap sering badai
Pengguna Google,4,2026-05-26 09:39:41,"tolong dong bug nya di benerin ...massa login wa gak bisa karna kemanan padahal cuma restart hp terus login wa gak bisa ,,perbaiki dulu lah admin"
Pengguna Google,5,2026-05-26 09:39:29,kasih bintang 5 biar di kasih pembaharuan tiap minggu
Pengguna Google,3,2026-05-26 09:38:36,"Tuk pihak WhatsApp tolong normal kan kembali nomer WhatsApp saya yg sudah 1 Minggu lbh tdk bisa di gunakan..nomer saya tidak melakukan spam taw pun di pakai yang tidak""...terima kasih atas kerja sama nya."
Pengguna Google,4,2026-05-26 09:37:35,sangat bagus
Pengguna Google,5,2026-05-26 09:36:43,sangat membantu sekali
Pengguna Google,3,2026-05-26 09:36:20,"dikit2 kenon gajelas padahal ga ngapa ngapain, gimana dong gw ngabarin my fineshyt"
Pengguna Google,5,2026-05-26 09:35:04,Alhamdulillah
Pengguna Google,3,2026-05-26 09:34:22,min bantu dong min padahal grup loh KA n banyak pasti yg ngirim pesan tapi kok di saya malah kena pelanggaran alasan spam cha
Pengguna Google,5,2026-05-26 09:33:28,Saya kesulitan masuk
Pengguna Google,5,2026-05-26 09:33:23,oke lah
Pengguna Google,3,2026-05-26 09:32:02,kesal banget
Pengguna Google,5,2026-05-26 09:31:47,mantapp
Pengguna Google,5,2026-05-26 09:29:56,sangat menarik .. dan membantu berkomunikasi
Pengguna Google,5,2026-05-26 09:29:15,mantap ajah min tapi tolong inih kalo vc suka ngebag😒
Pengguna Google,5,2026-05-26 09:27:49,Baik
Pengguna Google,5,2026-05-26 09:26:21,good.
Pengguna Google,1,2026-05-26 09:26:18,kenapa qats up tida daat di ferivikasi trus
Pengguna Google,1,2026-05-26 09:24:44,perbaiki lagi wa gua sering kenon sendiri padahal ga pernah apa apa
Pengguna Google,1,2026-05-26 09:24:19,"log-in ulang gara² reset hp aja dipersulit, padahal log-in lewat hp yang sama. hadehh. Aplikasi sebesar ini masa ribet gini? 😕"
Pengguna Google,1,2026-05-26 09:22:31,"hallo pihak WhatsApp saya baru saja terkena yang namanya bug WhatsApp yang seharusnya kalian memberi vitur anti virus,nomor saya jadi gak bisa di pakai mohon di tindak lanjuti pihak WhatsApp biar saya tidak dapat mengganti nomor"
Pengguna Google,4,2026-05-26 09:18:40,kenapa akun saya di batasi chat mohon di perbaiki
Pengguna Google,5,2026-05-26 09:18:36,bagus
Pengguna Google,1,2026-05-26 09:16:24,"gw kagak aneh"" , ini kenapa wa gw sering banget kena tinjau sie , hadehhh"
Pengguna Google,4,2026-05-26 09:13:50,bagus sekali
Pengguna Google,5,2026-05-26 09:12:31,sangat bermanfaat untuk komunikasi..thanks
Pengguna Google,5,2026-05-26 09:12:00,WhatsAPPMessen....
Pengguna Google,1,2026-05-26 09:10:35,"klo buat bikin status jelek jadi pecah, trus klo di Android yg suport lev foto ga bisa di up"
Pengguna Google,5,2026-05-26 09:08:16,Bagus sekali ketika di pakai
Pengguna Google,5,2026-05-26 09:08:08,kenapa sy tdk bisa pakai wa
Pengguna Google,5,2026-05-26 09:08:00,Baik
Pengguna Google,5,2026-05-26 09:06:13,bagus
Pengguna Google,5,2026-05-26 09:05:39,mantul
Pengguna Google,5,2026-05-26 09:05:17,mantap
Pengguna Google,5,2026-05-26 09:04:18,baik
Pengguna Google,2,2026-05-26 09:03:47,untuk lihat story tidak bisa
Pengguna Google,1,2026-05-26 09:03:39,status dengarkan musik di wa sekarang sudah engga bisa 👎🏻
Pengguna Google,1,2026-05-26 09:00:04,aneh banget gua chat nyokap w aja kena di tangguhkan.. dengan alasan spam lah ini juga chat temen yang ga save aja d tangguhkan dengan alasan yang sama.. RIBET WA SEKARANG TOD
Pengguna Google,5,2026-05-26 09:00:03,saya suka pakek aplikasihny
Pengguna Google,2,2026-05-26 08:58:32,bagus tapi kalau update langsung update tanpa harus buka play store
Pengguna Google,5,2026-05-26 08:58:18,mantap
Pengguna Google,1,2026-05-26 08:57:35,ni WA knpa bug ya tolong di perbaiki
Pengguna Google,4,2026-05-26 08:55:00,kenapa no baru ga bisa login
Pengguna Google,5,2026-05-26 08:54:56,nyong ora ngerti wa
Pengguna Google,5,2026-05-26 08:54:30,adalah
Pengguna Google,5,2026-05-26 08:54:08,Suka suka
Pengguna Google,1,2026-05-26 08:51:57,tidak bisa masuk di wa memuat terus aplikasi jelek
Pengguna Google,5,2026-05-26 08:51:15,sangat baik
Pengguna Google,5,2026-05-26 08:50:53,"bagus, mohon jangan tinjau mulu"
Pengguna Google,3,2026-05-26 08:49:06,WhatsApp saya di blokir .tolong di bagusin lagi.
Pengguna Google,5,2026-05-26 08:46:57,good
Pengguna Google,1,2026-05-26 08:44:35,whatsapp rawan terblokir tiap hari nomor baru beli 1x chat langsung terblokir
Pengguna Google,5,2026-05-26 08:44:12,hei WhatsApp plis di jawab meta ai yang kamu buat itu dulunya sebenarnya manusia kan!
Pengguna Google,5,2026-05-26 08:42:51,yh menarik
Pengguna Google,5,2026-05-26 08:42:49,bagus
Pengguna Google,5,2026-05-26 08:42:26,mantap
Pengguna Google,5,2026-05-26 08:41:26,aplikasi pengingrim yang sangat mudah
Pengguna Google,4,2026-05-26 08:41:12,bagus
Pengguna Google,1,2026-05-26 08:41:08,palah Suka gangguan
Pengguna Google,3,2026-05-26 08:40:44,kontak whatsapp tidak bisa sinkron dengan kontak akun gmail
Pengguna Google,5,2026-05-26 08:39:49,bagus
Pengguna Google,5,2026-05-26 08:39:42,tolong aktifkan kembali WhatsApp saya yah karna telah terblokir tolong aktifkan karna sangat penting
Pengguna Google,5,2026-05-26 08:38:43,I ❤ WHATSAPP
Pengguna Google,5,2026-05-26 08:34:14,"knp ya sekarang gabisa kecilin volume kalo lagi vc, sama suka eror sendiri tiba"" muka saya gaada yang muncul cuman muka, lawan bicara saya itupun nge frize😮‍💨"
Pengguna Google,5,2026-05-26 08:33:04,mantap
Pengguna Google,5,2026-05-26 08:32:34,sangattt terbaikkk
Pengguna Google,4,2026-05-26 08:32:04,apik....
Pengguna Google,1,2026-05-26 08:31:24,di chat sama nomer ga kenal cuman di ajak gelud
Pengguna Google,5,2026-05-26 08:29:34,"bagus banget,"
Pengguna Google,5,2026-05-26 08:28:17,Sangat puasss
Pengguna Google,5,2026-05-26 08:26:51,tolong wa aku daftarin dong
Pengguna Google,1,2026-05-26 08:25:31,"aplikasi ini jelek ya fhoto sebelum di kirim cerah bagus,sekali sudah di kirim lewat aplikasi ini jadi buram jelek, padahal saya fhoto pakai samsung s25"
Pengguna Google,1,2026-05-26 08:23:31,Jelek tidal bisa tertaut perangkat pendamping
Pengguna Google,5,2026-05-26 08:19:18,mantul bisa selingkuh sepuasnya
Pengguna Google,5,2026-05-26 08:16:49,bagus
Pengguna Google,5,2026-05-26 08:16:18,bagusssss
Pengguna Google,4,2026-05-26 08:15:45,baik
Pengguna Google,5,2026-05-26 08:13:24,salah satu dari aplikasi wajib untuk jaman sekarang
Pengguna Google,5,2026-05-26 08:11:56,kok sekarang banyak nomor yang ke blokir tiba tiba ya? padahal ga ngapa ngapain. sebenernya semuanya dah oke cuma jangan dikit dikit ke blokir napa
Pengguna Google,5,2026-05-26 08:11:46,sangat membutuhkan
Pengguna Google,5,2026-05-26 08:09:52,apk nya bagus🤦
Pengguna Google,2,2026-05-26 08:07:38,gak ada filter nya
Pengguna Google,5,2026-05-26 08:06:52,bagus tp waktu dipake vc nggak ada efeknya
Pengguna Google,5,2026-05-26 08:06:17,aplikasi yg sangat bagus ga ribet Poko nya wow
Pengguna Google,3,2026-05-26 08:05:52,"akun saya sering logout dari whaatsap,aku tidak tahu masalahnya"
Pengguna Google,5,2026-05-26 08:05:25,mantap bang
Pengguna Google,5,2026-05-26 08:03:21,sangat membantu
Pengguna Google,5,2026-05-26 08:02:37,keren juga ni aplikasi👍
Pengguna Google,1,2026-05-26 08:02:05,kurang bagus karena pas bikin status vidionya buram
Pengguna Google,4,2026-05-26 07:59:37,Tolong dibikin agar bisa login di 2 - 5 Device sekaligus tanpa harus keluar disalah satu device Terimakasih
Pengguna Google,5,2026-05-26 07:56:57,"""@KALZZ™:Halo tim dukungan whatsApp,saat ini akun whatsApp saya diblokir untuk menggunakan WhatsApp saya merasa ini adalah kesalaha sistem WhatsApp,mohon untuk tinjau kembali akun saya dan segera selesai kan masalah ini. Tolon buka la akun saya ini Terima kasih"
Pengguna Google,1,2026-05-26 07:56:29,"sungguh ribet,, 1 privasi kita tdk bisa dijaga.. manipulasi dan kesewenangan yang tidak berdasar . penuh sandiwara keberpihakan dari admin. tidak ada hujan angin tiba2 di blok"
Pengguna Google,4,2026-05-26 07:54:12,bagus
Pengguna Google,5,2026-05-26 07:53:06,sangat bagus
Pengguna Google,3,2026-05-26 07:53:04,video call sering bug gambar nya tolong di perbaiki
Pengguna Google,1,2026-05-26 07:50:36,knp sih WhatsApp sekarang dikit dikit keband dikit dikit keband permanen padahal saya nggak melanggar aktivitas di band lima kali udah capek ngurusin nya.
Pengguna Google,5,2026-05-26 07:49:09,knpa skrng kalo bikin sw vidio suka burem??
Pengguna Google,3,2026-05-26 07:48:34,bagus banget. cuman... harus punya kuota. tolong deflofer whatsapp wa ku kadaluarsa😭😭😢😣 bisa gk cara benerinnya. kalo update hpnya memorinya cepet penuh jadi gimana updatenya😭😭. tpi aku kasih 3 bintang aja ya~ thank you<3
Pengguna Google,2,2026-05-26 07:47:43,UPGRED KE YANG LEBIH BAGUS LGI
Pengguna Google,5,2026-05-26 07:45:46,bagus
Pengguna Google,5,2026-05-26 07:42:42,lancar sinyal
Pengguna Google,1,2026-05-26 07:42:30,JELEK SIH INI KARENA KEBANYAK KEBANNED NOMOR KAGAK JELEK TOLONG KURANGI RAWANG KEBANNED NOMOR WA TERIMA KASIH
Pengguna Google,5,2026-05-26 07:42:02,saya berharap aplikasi WhatsApp ini bisa di gunakan di hp saya tidak ada gangguan apapun tidak di tinjau saya mohon bantuannya
Pengguna Google,2,2026-05-26 07:41:44,hallo tolong ini gmn ya ud download pas di buka dr td hanya memuat aja gk ad muncul menu apapin loadiing aja padahl sinyal hp saya bagus aj bsa streaming
Pengguna Google,1,2026-05-26 07:41:13,jelek
Pengguna Google,5,2026-05-26 07:39:49,saya sangat senang karena mempunyai wasaap
Pengguna Google,1,2026-05-26 07:39:49,"what wrong whatsap, disitu bisa tambahkan akun giliran di tambah pas alihkan akun gk bisa lagi.logout terkeluar sendiri sdgkn WA itu penting bnget mna no nya gk aktif lagi. tolong lh masalah hidup udh bnyk jgn mkin di tambah tambah mn WA itu penting lgi semua hilang. WA dulu gk macem macem knp skrg mkin di tambah tmbah fiturny mkin jelek bnget jdinya. tolong perbaiki. dmn sih perusahaan WA pengen berontak aku sangking emosinya"
Pengguna Google,1,2026-05-26 07:38:58,apk burik chat 1 lngsg keblokir
Pengguna Google,1,2026-05-26 07:36:01,"jaringannya jelek, sering putus² ketika di telfon, pokoknya jelek lah, kualitas whatsapp sekarang."
Pengguna Google,5,2026-05-26 07:34:44,menyenangkan untuk berkomunikasi dengan keluarga dan teman yang berada di tempat lain 😇
Pengguna Google,5,2026-05-26 07:34:11,bagus
Pengguna Google,4,2026-05-26 07:34:04,bagus sangat membantu
Pengguna Google,5,2026-05-26 07:32:22,apk yang bergunaaa untuk semuaa manusiaa
Pengguna Google,1,2026-05-26 07:32:16,"Gkusah bikin apk WhatsApp dah kalau dikit dikit ke ban mah,pas mau ngechat temen malah ke ban idiotnya sumpah,padahal dah lama ngk ngblash,MENDING HAPUS AJA DAH APKNYA GK GUNA DIKIT DIKIT BAN DIKIT DIKIT BAN BAPERAN AMAT"
Pengguna Google,1,2026-05-26 07:31:03,"saya tidak bis menggunakan akun whatsaap karena spam , padahal saya tidak melakukan kesalahan yang melanggar ketentuan whatsaap,ini kesalahan pada sistem whatsaap"
Pengguna Google,5,2026-05-26 07:30:34,sangat baik👍
Pengguna Google,1,2026-05-26 07:27:20,kenapa wa saya gak bisa di buka
Pengguna Google,1,2026-05-26 07:26:54,emang tolol di aplikasi wa pribadi saya selalu di ban ga melakukan apapun di ban tolol setidaknya cek dlu bot atau ga kurang sehari di ban selalu tinjau tolol hampir lakukan setiap hari tolol tolol apk ini lama ku ganti aja aplikasi lain
Pengguna Google,5,2026-05-26 07:26:32,"WhatsApp adlh sarana komunikasi sangat penting,cuman sering terjadi spam.kmungkinan terletak pd sistem WhatsApp itu sndri. moga ke dpnny WhatsApp jauh lbh baik lg"
Pengguna Google,5,2026-05-26 07:25:12,"aplikasi error, ga ada yg cht"
Pengguna Google,1,2026-05-26 07:25:05,sangat tidak nyaman sekali sering kali WhatsApp saya Kena tinjau padahal saya tidak melakukan pelanggaran
Pengguna Google,5,2026-05-26 07:20:00,Bagus gak ngelek dan gak ada iklan ya
Pengguna Google,1,2026-05-26 07:19:45,"klo bisa nol sya ksih nol Halo admin WhatsApp yang terhormat,saya Memohon buka kembali akun WhatsApp saya karena saya tidak melakukan spam, saat ini kemungkinan akun WhatsApp saya sedang di retas oleh orang yang tidak bertanggung jawab dan melakukan pelanggaran,saya mohon untuk membuka kembali akun WhatsApp saya agar bisa digunakan kembali karena sangat penting, Terimakasih"
Pengguna Google,5,2026-05-26 07:19:35,mantap
Pengguna Google,5,2026-05-26 07:17:04,bagus buat ngobrol sama temen
Pengguna Google,5,2026-05-26 07:15:31,udh pda tau kan berguna ny berguna bgt.
Pengguna Google,5,2026-05-26 07:14:44,tolong WhatsApp saya kena sepam chtt
Pengguna Google,5,2026-05-26 07:13:45,Berkat WhatsApp saya jadi awet muda
Pengguna Google,5,2026-05-26 07:13:33,👍👍👍👍
Pengguna Google,1,2026-05-26 07:11:09,"dikit dikit di tanghukan akun saya, tolong dong di perbaiki lagi"
Pengguna Google,5,2026-05-26 07:08:15,good best
Pengguna Google,5,2026-05-26 07:07:56,terima kasih telah memberi kenyamanan bagi kami
Pengguna Google,5,2026-05-26 07:06:55,saya suka karena saya bisa contec dgn orng yang saya kenal dengan jarak jauh
Pengguna Google,5,2026-05-26 07:06:42,kembalikan akun saya
Pengguna Google,1,2026-05-26 07:04:53,ngenoninn punya orang gk salah apa di kenon
Pengguna Google,1,2026-05-26 07:03:19,kalau saya pakai WhatsApp selalu terkena sepam gak tau karna apa udah ganti beberapa X ganti kartu dan hp baru tapi tetep aja terkena spam trus rasa nya udah muak
Pengguna Google,3,2026-05-26 07:02:39,kok aplikasi ini gk bisa ditampilkan di layar HP ya
Pengguna Google,5,2026-05-26 07:02:30,UNTUK PIHAK WHATSAPP TOLONG LEBIH TELITI LAGI SAYA TIDAK MELAKUKAN SPAM TIBA TIBA WA SAYA KENON TOLONG DI PERBAIKI LAGI
Pengguna Google,4,2026-05-26 07:01:36,Apa cuma gw yang tiba-tiba akun wa gw Log out sendri? apakah kalian juga sama?. padahal nomor teleponnya sudah aktif hampir 6 tahun sampai sekarang masih aktif. tapi kok akun wa gw Log out sendri?
Pengguna Google,5,2026-05-26 07:00:39,Cukup bagus
Pengguna Google,5,2026-05-26 07:00:21,kenapa WhatsApp GK bisa dibuka
Pengguna Google,5,2026-05-26 06:58:13,lebih mudah dan praktis
Pengguna Google,5,2026-05-26 06:55:06,responsif
Pengguna Google,5,2026-05-26 06:52:18,mau nambah nomor di WA saya
Pengguna Google,5,2026-05-26 06:52:14,Bagus bgt membantu bgt👌
Pengguna Google,4,2026-05-26 06:52:00,sangat memuaskan
Pengguna Google,5,2026-05-26 06:51:15,bagus
Pengguna Google,5,2026-05-26 06:50:39,ok
Pengguna Google,1,2026-05-26 06:49:33,semenjak di update sering gagal up sw
Pengguna Google,5,2026-05-26 06:49:13,baguss aplikas nya karna bisa berkomunikasi dengan temen
Pengguna Google,5,2026-05-26 06:47:04,Kok wa saya ke spam terus
Pengguna Google,5,2026-05-26 06:46:10,hai admin WhatsApp tolong sdmpurnakan layanan aplikasi sekaran rentan dan mudah kena spam atau pemblokiran WhatsApp yang sering menggu kinerja para konsumen kaarena selama ini orang dominan memakai aplikasi WhatsApp terima kasih tolong untuk sistem bisa di maksimalkan
Pengguna Google,5,2026-05-26 06:45:46,bagus
Pengguna Google,1,2026-05-26 06:44:18,Broken APK
Pengguna Google,1,2026-05-26 06:42:36,"aplikasinya ga seru, masa setiap chatan sama orang saya excited sendiri"
Pengguna Google,4,2026-05-26 06:41:52,whatsapp sensitif banget ihhh tiba' gak bisa ngchat di batasi gitu padahal gak ada bahas' kotor cmn minta sv
Pengguna Google,5,2026-05-26 06:41:30,bagus
Pengguna Google,5,2026-05-26 06:40:14,Bagus baik
Pengguna Google,1,2026-05-26 06:38:45,"Semakin update semakin aneh, WhatsApp sya tidak pernah di pakai untuk spam, tetapi selalu keblokir, ketika sudah terbuka maka ada bug di pengiriman otp, data saya banyak di wa, jadinya saya kehilangan pekerjaan karena akun WhatsApp sya sering diblokir, saya doakan 2029 semua orang suda berpindah ke aplikasi chat yang baru!"
Pengguna Google,5,2026-05-26 06:38:45,baik
Pengguna Google,5,2026-05-26 06:37:46,ok
Pengguna Google,5,2026-05-26 06:37:29,Tidak bisa mengunduh update wa utk diperbaharui.
Pengguna Google,5,2026-05-26 06:37:24,bagus sekali
Pengguna Google,5,2026-05-26 06:35:35,sangat bagusss
Pengguna Google,5,2026-05-26 06:32:20,kembalikan kontak yang ada di no saya
Pengguna Google,5,2026-05-26 06:31:06,wa emang bagus tapi tlng akun saya di blokir oleh pihak wa
Pengguna Google,5,2026-05-26 06:30:16,ok
Pengguna Google,5,2026-05-26 06:30:09,oke
Pengguna Google,1,2026-05-26 06:27:38,"masa udh tahun 2026, misal update status di hp android kualitas gambarnya kek buriq/kurang banget, tolong lah perbaikin dikit"
Pengguna Google,3,2026-05-26 06:26:50,kenapa whatsapp sekarang masuk nya tidak menggunakan otp alhasil sebagian chat hilang dan susah sekali memulihkan cadangan chat
Pengguna Google,1,2026-05-26 06:26:45,"kebanyakan update dan fitur yang ga berguna, update elit kualitas sulit pasang story ga hd padahal video/foto asli nya hd banget"
Pengguna Google,5,2026-05-26 06:26:18,bagus sesuai pesanan😅
Pengguna Google,1,2026-05-26 06:25:28,tidak bisa di gunkn
Pengguna Google,1,2026-05-26 06:24:03,WhatsApp saya sering ke kenon gak jelas banget minta kode malah suruh nunggu 7 jam saya udah 2 hari gak buka WhatsApp
Pengguna Google,3,2026-05-26 06:21:30,Blom berhasil😃up date trus file penuh🤣
Pengguna Google,1,2026-05-26 06:17:07,"AKUN WA SAYA DIHACK, INI TIDAK ADA TANGGUNG JAWABNYA?"
Pengguna Google,5,2026-05-26 06:15:00,bagus
Pengguna Google,5,2026-05-26 06:14:26,Buka blokir sepam trimakasih
Pengguna Google,4,2026-05-26 06:14:17,msh suka eror
Pengguna Google,5,2026-05-26 06:11:40,wooow
Pengguna Google,5,2026-05-26 06:10:54,whatsapp sangat membantu saya
Pengguna Google,5,2026-05-26 06:09:09,keren
Pengguna Google,5,2026-05-26 06:03:48,ya hangat
Pengguna Google,5,2026-05-26 06:01:09,sangat mudah
Pengguna Google,5,2026-05-26 06:00:37,sangat bagus
Pengguna Google,5,2026-05-26 05:59:03,bagus
Pengguna Google,1,2026-05-26 05:58:30,aplikasi jelek mada endd ada janda wa saya
Pengguna Google,1,2026-05-26 05:53:40,knpa WhatsApp saya GK bisa di bukak
Pengguna Google,1,2026-05-26 05:50:28,Nak gawe sw bener no sek pengaturan e vidio seng asal e hd dadi buriq nk di gawe sw tulung whatsapp iki pye apk ne dandani sek
Pengguna Google,1,2026-05-26 05:50:22,"lama lama gaejalas ini apk nya. masi chatan tiba"" kok kluar sendiri ga bisa login lagi. alasan akun diblokir smentara pdhal ga ngapa ngapain apk gjlas lama lama ini!!!!"
Pengguna Google,4,2026-05-26 05:49:18,baik
Pengguna Google,5,2026-05-26 05:49:06,please add fitur react for status whatsapp
Pengguna Google,5,2026-05-26 05:46:50,Sangat bagus
Pengguna Google,1,2026-05-26 05:42:55,wa kena spam trus tolong di bantu bis
Pengguna Google,5,2026-05-26 05:40:18,aplikasi nya bagus
Pengguna Google,5,2026-05-26 05:39:58,dicoba.
Pengguna Google,4,2026-05-26 05:38:01,kadang suka eror kenapa yah
Pengguna Google,5,2026-05-26 05:35:02,sangat bagus
Pengguna Google,5,2026-05-26 05:34:55,aloh hukbar harus bagey mana lelah
Pengguna Google,1,2026-05-26 05:34:20,"Ketika menambahkan musik ke status, teks lirik lagunya jadi pecah, dan gambar jadi makin buram, tolong di perbaiki kedepannya"
Pengguna Google,5,2026-05-26 05:33:51,"bisa bicara sama ibu , teman , atau orang lain"
Pengguna Google,1,2026-05-26 05:33:31,"nyebelin bgt jir, sekarang foto sama vidio bekas ngirim ke temen, grup atau bahkan ke status, yg biasanya gamasuk ke toolbar kamera WhatsApp ini malah masuk, bahkan sampe ke toolbar kamera ig masuknya, alhamdulilah gamasuk ke galeri, tapi jujur risih banget rasanya , gabisa dihapus walau di chat bekas ngirimnya udh dihapus tapi ttp ditoolbar kamera masi kesimpen, jd kek risih, sampah gitu, gamau tau benerin,, gasuka bgt."
Pengguna Google,3,2026-05-26 05:33:25,lumayan lah yaa
Pengguna Google,3,2026-05-26 05:33:08,"bintang 3 kerna kalo update setatus di WhatsApp Ngeblur/pecah"" tolong di perbaiki lagi min"
Pengguna Google,5,2026-05-26 05:32:38,okey
Pengguna Google,5,2026-05-26 05:32:02,ok
Pengguna Google,1,2026-05-26 05:31:33,akun tiba tiba di band konyol
Pengguna Google,5,2026-05-26 05:31:29,tolong jgn selalu di blok akun sya saya ga pernah melanggar aturan watsap
Pengguna Google,2,2026-05-26 05:31:24,"pengunduhan nya susah,gagal terus."
Pengguna Google,5,2026-05-26 05:31:23,mantap
Pengguna Google,5,2026-05-26 05:31:21,bagus dan keren
Pengguna Google,5,2026-05-26 05:29:32,bagus bisa membatu
Pengguna Google,5,2026-05-26 05:29:18,bagus banget
Pengguna Google,5,2026-05-26 05:27:30,mantap
Pengguna Google,5,2026-05-26 05:26:05,bagus
Pengguna Google,1,2026-05-26 05:25:44,Tolong pihak WhatsApp tolong di perbaiki i kualitas status burik padahal kualitas video sempurna kenapa udah di aplot jadi burik tolong
Pengguna Google,5,2026-05-26 05:24:25,mantap
Pengguna Google,4,2026-05-26 05:24:07,🖒
Pengguna Google,5,2026-05-26 05:23:20,good
Pengguna Google,1,2026-05-26 05:21:52,aplikasinya bagus
Pengguna Google,5,2026-05-26 05:21:47,ok
Pengguna Google,1,2026-05-26 05:20:18,"kenapa akun WhatsApp saya selalu minta di tinjau, tolong kasi info nya"
Pengguna Google,1,2026-05-26 05:20:00,"WA knp sih, mau login aja info nya WA ga resmi"
Pengguna Google,2,2026-05-26 05:17:24,"Maaf ya sebelumnya, hp saya samsung A56 udah lumayan jernih kameranya, hasil foto dan vidio saya mantap, tapi saat di apload di story wa, foto dan vidio saya langsung burik, bener2 burem kaya hp jadul, tolong lah yaa di perbaiki lagi kualitasnya.... terimakasih..."
Pengguna Google,1,2026-05-26 05:17:22,"kok pas saya mau masukin nomer saya,apk nya pas saya klik tidak tidak bisa ya?,khusunya juga hp saya udah bertahun² dipake oleh saya,tapi kepada pemiliknya,tolong kalau bisa diperbaiki."
Pengguna Google,1,2026-05-26 05:12:16,WhatsApp sekarang kebanyakan peninjauan
Pengguna Google,3,2026-05-26 05:12:08,"tolong dong survei stelah chat dengan meta AI nge bug, Gak bisa kirim survei"
Pengguna Google,2,2026-05-26 05:09:33,sekarang wa jadi banyak di batasi padahal cuman cht biasa aja
Pengguna Google,5,2026-05-26 05:07:51,"ini kenapa yaa WhatsApp nya, udah di perbarui tapi masih nggak bisa di buka. padahal penyimpanan masih banyak, sengaja di kasih bintang 5 biar keliatan"
Pengguna Google,1,2026-05-26 05:07:46,apa apaan ini saya sudah memakai WhatsApp 12 tahun kenapa ada tulisan pesan di batasi sedangkan saya tidak ada menypam tolong di perjelas dan di perbaiki jangan asal asalan sampai saya kehilangan akun wa saya yang ada kontak dan chatan penting tiba tiba di blokir tanpa sebab!!!!
Pengguna Google,5,2026-05-26 05:06:50,Wa bagus
Pengguna Google,1,2026-05-26 05:05:48,"BARU KALI INI SELAMA PAKE APLIKASI INI SANGAT MENGECEWAKN,DIKIT DIKIT KENA BLOKIR,DIKIT DIKIT KENA SPAM."
Pengguna Google,4,2026-05-26 05:05:27,"bagus, tpi knp pnyaku filter/efek di wa nya gaa ada ya? di vc juga ga ada"
Pengguna Google,5,2026-05-26 05:04:52,"Saya sengaja kasih bintang 5,WhatsApp sekarang ngga jelas banyak bug nya kemarin nomer WhatsApp saya yang pertama harus verifikasi 24jm eh ngga lama malah permanen ini saya beli nomer lagi eh malah ke bug 24jm lagi"
Pengguna Google,5,2026-05-26 05:04:18,Bagus.....
Pengguna Google,5,2026-05-26 05:02:33,ok
Pengguna Google,5,2026-05-26 05:01:33,ok
Pengguna Google,1,2026-05-26 05:01:25,tolong kenapa dikit' mudah ke blokir saya tidak ngapa ngapain
Pengguna Google,1,2026-05-26 05:01:18,aplikasi wa ku sepertinya terkena bajak dan disuruh mendownload ke sebuah link dengan peringatan apk berbahaya
Pengguna Google,5,2026-05-26 05:00:40,tolong dong min akun wa saya ke kenon saya gk bisa buka wa lgi tolong🙏🆘😩
Pengguna Google,5,2026-05-26 05:00:09,sangat membantu untuk saya
Pengguna Google,5,2026-05-26 04:57:45,bagus
Pengguna Google,4,2026-05-26 04:57:13,"adain fitur hd di sw,setiap bikin sw kadang blur ga sesuai di video sebelum di up ke sw"
Pengguna Google,5,2026-05-26 04:55:49,ok pengalaman bagus
Pengguna Google,5,2026-05-26 04:53:52,agar bisa membantu lebih mudah untuk daftar dan dapatkan kode verifikasi
Pengguna Google,5,2026-05-26 04:52:58,bagu bangetttttt
Pengguna Google,1,2026-05-26 04:50:54,ggaa ada sistem ripot stiker benci
Pengguna Google,1,2026-05-26 04:50:39,"apasih buat chat no baru udah kenon padahal ga spam,kocak banget sumpah"
Pengguna Google,2,2026-05-26 04:49:56,berbagi video langsung dari FB dan Ig kok hanya tampil link ga tampil video langsung untuk story' WA nya kak padahal sudah di upgrade
Pengguna Google,1,2026-05-26 04:49:48,"aplikasi underrated, tolong hapus fitur foto sekali lihat masa iya pacar saya secantik dan seimutt itu ngirim pap sekali lihat terus, aku ga suka WhatsApp! tolong hapus fitur foto sekali lihat! terimakasih."
Pengguna Google,1,2026-05-26 04:48:55,benerin tuh meta ai dongo bgt orang lagi kesel dia bercanda
Pengguna Google,1,2026-05-26 04:44:57,"WA GA JELAS AMAT SEKARANG, AKUN KENA PEMBATASAN MULU, BARU CHAT ORANG MAU MINTA SAVE, UDAH KENA PEMBATASAN, GIMANA ORANG MAU TAU KITA GANTI NOMOR, MANA UDAH KENA 3X, NUNGGU DIBUKA HARUS 24 JAM, KOCAK"
Pengguna Google,5,2026-05-26 04:43:36,bagus aku kasih 5 bintang
Pengguna Google,5,2026-05-26 04:42:22,sangat memuaskan
Pengguna Google,5,2026-05-26 04:40:52,saya sangat bersyukur dengan adanya wa karna aplikasi ini sangat dibutuhkan
Pengguna Google,1,2026-05-26 04:40:48,"makin ke sini,makin GK jelas ni aplikasi. kami kurir wajar ngirim pesan template berkali kali atau tlpn ke nomor yg sama beberapa kali.. dalam sebulan ada 4 kali wa ke blokir,GK ada yg kerja kalian di kantor sana yaaa.. beda in lah wa kurir sama wa yg emang beneran suka spam GK jelas.. kami ni kerja.."
Pengguna Google,1,2026-05-26 04:39:57,"kenapa wa tambah aneh,KLO vc gambar macet foto GK gerak,"
Pengguna Google,5,2026-05-26 04:39:02,kenapa akun WhatsApp gak bisa di pakai tolong di bantu
Pengguna Google,1,2026-05-26 04:37:31,"Apanii developer, kenapa semakin di update banyak bug nya??, setiap saya vc layar nya kenapa hitam, dan layar lawan bicara saya juga hitam, di update bukan nya makin bener malah rusak begini apl nya, dibenerin bug nya"
Pengguna Google,5,2026-05-26 04:37:07,ya bagus
Pengguna Google,1,2026-05-26 04:34:11,menurut saya aplikasi ini kurang bagus dan ketika saya masuk tetap lout dan harus menunggu per jam atau per hari dan itu sangat bermasalah bagi saya tolong di perbaiki ya
Pengguna Google,5,2026-05-26 04:33:25,alhamdulilah
Pengguna Google,3,2026-05-26 04:33:24,"Setiap di kirim pap pasti sekali liat aja. Hilangin fitur nya dong,minimal bisa di ss udah cukuup sii. Walau gak punya hatinya minimal bisa fotonya kan🥱"
Pengguna Google,5,2026-05-26 04:32:59,tidak memiliki pengalaman
Pengguna Google,5,2026-05-26 04:32:56,sangat berguna
Pengguna Google,5,2026-05-26 04:32:51,luar bias
Pengguna Google,5,2026-05-26 04:32:49,login trus
Pengguna Google,5,2026-05-26 04:30:18,sangat tidak baik
Pengguna Google,5,2026-05-26 04:29:29,"seru bgt, bisa buat wa anak rvn semuaaaa"
Pengguna Google,2,2026-05-26 04:28:33,dikit2 hrus update
Pengguna Google,5,2026-05-26 04:26:45,bagus sekali
Pengguna Google,5,2026-05-26 04:26:06,sangat memuaskan
Pengguna Google,5,2026-05-26 04:19:26,bgus
Pengguna Google,1,2026-05-26 04:17:45,saya butuh lapisan keamanan yang canggih
Pengguna Google,5,2026-05-26 04:17:33,WhatsApp tidak bisa dibuka
Pengguna Google,5,2026-05-26 04:16:55,mantap
Pengguna Google,5,2026-05-26 04:16:28,aplikasi Chat WA untuk komunikasi dengan Orang sekitar
Pengguna Google,5,2026-05-26 04:15:31,"semua bagus tapi kenapa pada ""tentang"" memakai batas waktunya sekarang? dan satu lagi sehabis kita selesai melihat status kita sendiri,langsung berpindah ke status orang lain, itu kurang bagus."
Pengguna Google,1,2026-05-26 04:11:47,"aplikasi sialan,dikit dikit kena blokir"
Pengguna Google,3,2026-05-26 04:11:17,Bagus banget apli kasinya
Pengguna Google,5,2026-05-26 04:08:51,sangat mudah digunakan
Pengguna Google,5,2026-05-26 04:07:23,komunikasi jadi lancar
Pengguna Google,5,2026-05-26 04:05:51,sangat membantu dalam keseharian
Pengguna Google,5,2026-05-26 04:04:41,bagus
Pengguna Google,4,2026-05-26 04:04:07,udah bagus
Pengguna Google,1,2026-05-26 04:03:49,Karena kena bug spam
Pengguna Google,3,2026-05-26 04:03:40,"mohon ijin akun kena spam itu , seharusnya diberitahukan ttng lalu lalangnya aplikasi ini,ko akun kena spam KMI pihak pengguna tidak tau apa masalahnya ,KMI pengguna baru tidak mengerti,mohon ditinjau kembali akun saya,tolong aktifkan kembali akun saya🙏🙏🙏"
Pengguna Google,5,2026-05-26 04:03:25,sangat bagus
Pengguna Google,1,2026-05-26 04:01:37,SANGAT BURUK
Pengguna Google,5,2026-05-26 04:00:10,bagus
Pengguna Google,5,2026-05-26 03:57:08,jangan pernah kebloker
Pengguna Google,5,2026-05-26 03:57:06,untuk telpon
Pengguna Google,2,2026-05-26 03:55:07,WhatsApp tolong aku kena bug jadi tidak bisa menggunakan WhatsApp jadi tolong hilangkan bug wa supaya aman dari bug bug wa
Pengguna Google,1,2026-05-26 03:54:33,wa lu tuh benerin jangan banyak kebijakan doang
Pengguna Google,5,2026-05-26 03:54:31,baik
Pengguna Google,2,2026-05-26 03:54:25,mengapa tiba tiba WhatsApp sedang ditinjau terkadang tiba tiba tidak bisa digunakan padahal saya tidak pernah melanggar apapun WhatsApp saya gunakan sebagaimana mestinya tolong diperbaiki lagi
Pengguna Google,5,2026-05-26 03:54:00,keren app Hebat
Pengguna Google,5,2026-05-26 03:53:26,semogaa memuaskan
Pengguna Google,5,2026-05-26 03:52:38,bguss
Pengguna Google,5,2026-05-26 03:52:33,sangat baik bagus sekali
Pengguna Google,2,2026-05-26 03:52:12,bantu loging ke whatsap
Pengguna Google,1,2026-05-26 03:51:48,Kenapa kok wa q gak bisa
Pengguna Google,5,2026-05-26 03:51:26,"wa saya kenapa ya, kok pesan yg saya sematkan, tidak bisa di lepas, kalo saya mau sematkan pesan yang lain, nanti muncul tulisan seperti begini ""beberapa chat yg anda sematkan tidak bisa dilihat di perangkat ini. untuk menyematkan chat yang berbeda, lepaskan dulu semua chat."" sy sudah pencet ""lepas semua sematan"" tapi tetap aja gabisa, ada yg tau itu kenapa ?"
Pengguna Google,5,2026-05-26 03:51:16,sangat membantu untuk komunikasi
Pengguna Google,4,2026-05-26 03:50:11,knp tiba2 whatshap sya di blokir.?
Pengguna Google,3,2026-05-26 03:49:26,"sering bug, ketika vc bug"
Pengguna Google,1,2026-05-26 03:48:16,mohon untuk WhatsApp tolong untuk update selanjutnya mohon fix kenon karena saya hanya mengirim 3 pesan malah kena kenon mohon untuk WhatsApp untuk diperbaiki menunggunya tidaklah sebentar tidak beberapa menit melainkan Berjam jam🙏🙏
Pengguna Google,5,2026-05-26 03:47:52,bagus
Pengguna Google,5,2026-05-26 03:46:34,"kenapa akhir'ini tim whatsapp sering memblokir akun saya,pdahal saya tidak melanggar ketentuan layanan whatsapp,tolong di perbaiki"
Pengguna Google,5,2026-05-26 03:45:49,sangat baik dan membantu banget
Pengguna Google,5,2026-05-26 03:45:33,ok
Pengguna Google,5,2026-05-26 03:44:49,nice
Pengguna Google,4,2026-05-26 03:43:27,bagus
Pengguna Google,3,2026-05-26 03:43:16,watsap skrg sering bngt kenak tinjauan saya pake ini gk sbulan atau dua bulan saya pake nomor saya ud brtahun2 ko baru skrg ad tinjauan si tolong di benar kn lagi Terima kasih
Pengguna Google,5,2026-05-26 03:42:28,good
Pengguna Google,1,2026-05-26 03:42:17,"video call gambarnya putus putus,bahkan gambarnya cenderung tidak bergerak😞"
Pengguna Google,1,2026-05-26 03:42:10,ok
Pengguna Google,5,2026-05-26 03:41:57,keren
Pengguna Google,5,2026-05-26 03:41:48,the best
Pengguna Google,5,2026-05-26 03:41:03,sayabsangat merasa bagus
Pengguna Google,5,2026-05-26 03:39:57,kpn skrng whatsap itu ribet whatsap sayake blokir Mulu heran deh
Pengguna Google,1,2026-05-26 03:39:53,aneh masuk whatsaap ga bisa bisa
Pengguna Google,5,2026-05-26 03:34:37,"Saran/Masukan : Pada menu ""Poling"" WA grup; ""Lihat Suara"" mohon tambahkan akses untuk bisa langsung kirim pesan ke nomor anggota yang memberikan suara."
Pengguna Google,5,2026-05-26 03:34:28,terbaik
Pengguna Google,5,2026-05-26 03:30:34,vidio call terima telpon jelas bagus.
Pengguna Google,1,2026-05-26 03:30:20,"kenapa saya gk bisa log in dan setiap mau log in selalu ada tulisan akun anda tidak dapat dgunakan, saya coba pake kertu perdana baru tapi hasilnya tetap sama tolong dong perbaiki aflikasi ini."
Pengguna Google,5,2026-05-26 03:24:55,Tolong dong Whatapp ini jangan kena spam lagi. Nomernya udah ganti tapi masih aja kena spam
Pengguna Google,5,2026-05-26 03:24:53,mantap sekali apknya semakin sukses trus min..💪💪👍👍
Pengguna Google,5,2026-05-26 03:24:18,"panggilan WA tidak normal, ketika panggilan layar kaca mati"
Pengguna Google,2,2026-05-26 03:23:38,tidak bisa login whatssap
Pengguna Google,5,2026-05-26 03:17:39,kenapa wea ku GK bisa di pergunakan
Pengguna Google,5,2026-05-26 03:17:02,ok
Pengguna Google,5,2026-05-26 03:14:24,Oke
Pengguna Google,1,2026-05-26 03:13:03,"makin di update makin banyak bug, org akun ga deak tulisannya deak"
Pengguna Google,5,2026-05-26 03:12:58,ok
Pengguna Google,5,2026-05-26 03:12:28,bisa meyambun silaturrahi sama keluarga
Pengguna Google,1,2026-05-26 03:10:54,watssap mulai eror..dari kemarin kena spam bisa kena lagi..nggak jelas
Pengguna Google,5,2026-05-26 03:10:36,susah untuk login
Pengguna Google,5,2026-05-26 03:07:52,baik
Pengguna Google,4,2026-05-26 03:06:01,belum ke update loll
Pengguna Google,5,2026-05-26 03:05:28,Bagus sekali
Pengguna Google,2,2026-05-26 03:05:26,gjls bgt baru ganti no wa langsung diblok lgi
Pengguna Google,3,2026-05-26 03:03:19,sekarang akun wa saya sering kali di tinjau minta tolong banget untuk pihak WhatsApp
Pengguna Google,4,2026-05-26 03:02:45,Lumayan...
Pengguna Google,1,2026-05-26 03:02:44,"terlalu banyak aturan WhatsApp sekarang,sampai ada pembelokiran pembatasan akun segala,aneh sumpah WhatsApp sekarang makin aneh"
Pengguna Google,1,2026-05-26 03:01:27,"meta ai nya harus dilatih memakai bahasa formal, tolong jangan latihnya pakai bahasa vulgar ya"
Pengguna Google,5,2026-05-26 03:01:12,ok
Pengguna Google,1,2026-05-26 03:01:06,TOLONG KENAPA SERING BUG SAAT VC. SEPERTI SAAT LAYAR DIMATIKAN LALU DINYALAKAN SUKA BUG FREEZ.
Pengguna Google,4,2026-05-26 03:00:05,sw nya grafik Majapahit
Pengguna Google,5,2026-05-26 02:59:45,bagus sekali layarnya
Pengguna Google,2,2026-05-26 02:56:33,kenapa sih setiap mau chat orang ke blokir wa nya? padahal aku ga spam atau apa. tolong di benerin lagi sistem wa nya yang bermasalah ini
Pengguna Google,4,2026-05-26 02:56:01,baik
Pengguna Google,2,2026-05-26 02:55:58,"whatsapp sekarang ga jls tb"" ga bisa nerima ataupun kirim pesan,padahal jaringan bagus"
Pengguna Google,5,2026-05-26 02:55:54,sangat bagus tpi lama tolong cepet ya 👍 saya tidak suka klo lama
Pengguna Google,5,2026-05-26 02:54:55,ok puas bgus cuma tulisannya terlalu gde2
Pengguna Google,5,2026-05-26 02:54:52,mantaf
Pengguna Google,5,2026-05-26 02:52:54,mantap
Pengguna Google,3,2026-05-26 02:50:22,Habis di update malah keluar sendiri
Pengguna Google,5,2026-05-26 02:50:12,sangat membantu
Pengguna Google,3,2026-05-26 02:49:58,WA sekarang kenapa sih akunya dibatasi mulu.. baru juga chat sekali
Pengguna Google,5,2026-05-26 02:49:50,ok
Pengguna Google,5,2026-05-26 02:47:28,bagus bangetttt
Pengguna Google,1,2026-05-26 02:45:39,Kenapa akun saya di spam mulu kan saya tidak melangar peraturan saya mau telfon di spam tolon perbaiki appnya kenapa setiap hari akun saya di spam tolong banget perbaiki!!!!!
Pengguna Google,5,2026-05-26 02:45:38,sangat bagus
Pengguna Google,5,2026-05-26 02:45:32,mantap
Pengguna Google,5,2026-05-26 02:45:22,trimakasih WhatsApp
Pengguna Google,5,2026-05-26 02:44:59,good
Pengguna Google,4,2026-05-26 02:43:45,sering bug nomor udh benar malah gabisa ngirim kode verivikasi kadang gabisa bikin story dengan emoji dasar developer plenger
Pengguna Google,1,2026-05-26 02:43:17,ko wa saya jadi sering menghilang
Pengguna Google,5,2026-05-26 02:41:01,"sering sekali bug tiba-tiba sewaktu melakukan panggilan entah itu panggilan biasa maupun panggilan video suara penelpon tidak terdengar di handpone si penerima mohon untuk diperbaiki lagi, Terimakasih"
Pengguna Google,5,2026-05-26 02:40:25,bagus
Pengguna Google,5,2026-05-26 02:39:42,sa.ngat baik
Pengguna Google,2,2026-05-26 02:38:09,macet macet buat vc
Pengguna Google,5,2026-05-26 02:36:15,yey
Pengguna Google,4,2026-05-26 02:34:57,"please lah, kualitas waktu mau buat status jangan dikompres, gw lebih milih upload nya lama daripada kualitasnya jadi burik. tolong dioptimalin lagi"
Pengguna Google,5,2026-05-26 02:34:55,WhatsApp itu penting untuk kita gunakan
Pengguna Google,5,2026-05-26 02:33:55,baik dan membantu saya dalam hal apa pun
Pengguna Google,3,2026-05-26 02:31:52,ok
Pengguna Google,3,2026-05-26 02:28:03,"admin, tolong perbaiki lagi aplikasi mu, setiap mau vc pasti vc nya bug parah, 2 frame ada nya 1 pihak nya doang, tidak ada pihak satu nya/ bugg, tolong perbaiki..... dan untuk sound story, tolong juga di pencarian nya diperbaiki lagi, karna terkadang ngetik lirik nya sama aja disitu nya ga ada, trus sound music nya juga alay alay, ga mengikuti trend di sosmed lain music nya"
Pengguna Google,5,2026-05-26 02:27:17,bagus
Pengguna Google,5,2026-05-26 02:27:09,baguus
Pengguna Google,4,2026-05-26 02:27:05,baik
Pengguna Google,5,2026-05-26 02:26:51,buat fitur arsip story
Pengguna Google,1,2026-05-26 02:26:25,gak bisa di guna
Pengguna Google,5,2026-05-26 02:24:18,membantu berkomunikasi
Pengguna Google,1,2026-05-26 02:24:06,sekarang susah pindah pindah hp . karena pencadangan nya ilang
Pengguna Google,1,2026-05-26 02:23:34,"Kirain handphone nya yang bersamalah ternyata WhatsApp nya yang tolol,video call pencet gambar yang kecil untuk perbesar malah yang besar eror gk jalan cuman gambar kecil doang yang jalan tolol bener kirain gua doang ternyata yang lain pun sama"
Pengguna Google,5,2026-05-26 02:21:05,sangat cocok untuk saya
Pengguna Google,4,2026-05-26 02:20:34,mantap
Pengguna Google,5,2026-05-26 02:19:51,sangat membantu
Pengguna Google,5,2026-05-26 02:17:51,sangat bagus bisa buat kita sakit hati karena orang yang kita chat
Pengguna Google,1,2026-05-26 02:16:39,wa sering keluar pada saat buka sudah berkali smpai tutor di you tube saja sudah diikut masih tidak bisa
Pengguna Google,5,2026-05-26 02:15:30,bagussss
Pengguna Google,5,2026-05-26 02:15:12,sangat puas
Pengguna Google,1,2026-05-26 02:15:00,lama2 gak jelas aplikasinya.. mau daftar pke nomer baru tidak bisa padahal jelas aktif dan bs terima sms nomernya
Pengguna Google,4,2026-05-26 02:14:03,baik
Pengguna Google,4,2026-05-26 02:10:59,Oke 😁🤩👍👏
Pengguna Google,3,2026-05-26 02:10:16,KENAPA SERING LAG SI KALO VC
Pengguna Google,5,2026-05-26 02:08:40,keren
Pengguna Google,5,2026-05-26 02:07:03,good
Pengguna Google,5,2026-05-26 02:06:30,saya pengguna whatapps SDH berpuluh2 THN baru kali ini saya terkena spam..bila ada pihak ketiga yg menyalahgunakan akun saya tolong di blokir saja
Pengguna Google,5,2026-05-26 02:05:58,Akun WhatsApp saya sedang ditinjau tolong dibantu perbaikan
Pengguna Google,5,2026-05-26 02:05:10,saya tidak bisa mendafarakn nomor di watshap
Pengguna Google,5,2026-05-26 02:05:09,sangat puas
Pengguna Google,1,2026-05-26 02:04:03,whatsapp terlalu sering peninjauan jadi agak mengecewakan
Pengguna Google,5,2026-05-26 02:01:19,blm bisa di buka
Pengguna Google,1,2026-05-26 02:01:01,tolong WhatsApp saya jangan di tinjau terus cape saya
Pengguna Google,3,2026-05-26 01:58:16,aplikasi gajelas nomor saya udah 3 di ban dengan alasan spam padahal saya gapernah spam siapapun saya hanya menyimpan nomor baru dan bukan spam gausah bikin apk kalau. gitu
Pengguna Google,1,2026-05-26 01:57:15,"APLIKASI GA JELAS,GADA CWE YANG MAU BALES CHAT"
Pengguna Google,5,2026-05-26 01:55:30,aplikasi ini sangat bagus dan berguna banget
Pengguna Google,5,2026-05-26 01:54:17,sangat membantu
Pengguna Google,1,2026-05-26 01:53:28,masak saya ngcht di grub g bsa setelah di update malah eror jelek
Pengguna Google,1,2026-05-26 01:52:36,performa kecepatan semakin menurun
Pengguna Google,5,2026-05-26 01:49:59,Setuju
Pengguna Google,5,2026-05-26 01:49:36,tingkatkan pelayanan buat pengguna
Pengguna Google,5,2026-05-26 01:49:35,Baik
Pengguna Google,5,2026-05-26 01:47:47,sangat membantu
Pengguna Google,1,2026-05-26 01:47:37,"sudah nyaman dengan whatsapp biasa, krn kalau update pembaruan hrs hapus bbrp aplikasi, pdhl semua aplikasi penting,, ,sebab makin di perbaruhi ,makin besar ukuran MB nya, mohon kebijaksanaannya untuk tdk selalu melakukan pembaruan. contoh tuh kya facebook diupdate dr sananya, ga pusing2 hrs hapus cache , hapus foto, hapus video udah gtu dapat duit lagi dari fbpro mantap fb dan anehnya saya memperbarui whatsapp terakhir tgl 15 Mei 2026, knp tgl 20 mei 2026disuruh perbarui lagi, lucu aja"
Pengguna Google,5,2026-05-26 01:47:18,good
Pengguna Google,5,2026-05-26 01:44:51,WhatsApp error bosku tiba-tiba akun saya logout. berikanlah solusi yang bijak bila ada kesalahan mungkin tidak disengaja. mohon tinjau kembali akun saya !
Pengguna Google,5,2026-05-26 01:44:33,bagus
Pengguna Google,3,2026-05-26 01:43:00,akun ku gabisa buka kenapah ga jelas kali
Pengguna Google,5,2026-05-26 01:42:22,damn
Pengguna Google,4,2026-05-26 01:40:35,"suka banget love , bisa kirim chat dan yang lainnya walaupun ada 1 kekurangan, MEMORY GAMPANG PENUH 🥱"
Pengguna Google,1,2026-05-26 01:37:59,"kenapaa ya saya engga melakukan apapun tapi wa saya ke blokir terus aneh, mana penting lagi buat komunikasi"
Pengguna Google,5,2026-05-26 01:35:08,bagus
Pengguna Google,1,2026-05-26 01:32:14,"ngeblur saat buat story,tolong di perbaiki ya"
Pengguna Google,1,2026-05-26 01:32:01,padahal sudah wa resmi pas masukin nomor katanya bukan wa resmi
Pengguna Google,5,2026-05-26 01:31:08,sangat puas
Pengguna Google,1,2026-05-26 01:30:04,apk ini eror saat di pakai
Pengguna Google,5,2026-05-26 01:29:47,aplikasi paling berguna untuk komunikasi di pakai oleh semua orang dan titip pesan perkuat keamanan nya ya supaya tenang kita menggunakan nya terimakasih banyak
Pengguna Google,1,2026-05-26 01:29:06,Aplikasi gak jelas WhatsApp saya di tinjau terus
Pengguna Google,5,2026-05-26 01:28:50,ok
Pengguna Google,5,2026-05-26 01:28:44,toppp
Pengguna Google,1,2026-05-26 01:27:19,tolong jangan buat ribet WA soalnya banyak aplikasi yg nebeng kaya meta ai.. lama.lama bnyak yang pindah.. tolong buang aja meta ai itu..
Pengguna Google,5,2026-05-26 01:26:52,sangat ber guna
Pengguna Google,1,2026-05-26 01:26:32,"mohon dibenahi, nomor wa saya tiba"" logout sendiri dan ketika saya mau login kembali sudah saya tunggu 1jam lebih masih memuat"
Pengguna Google,2,2026-05-26 01:24:53,sering bug
Pengguna Google,5,2026-05-26 01:24:42,"komunikatif, efisien, mudah"
Pengguna Google,5,2026-05-26 01:23:56,baik
Pengguna Google,1,2026-05-26 01:23:37,"Menurut saya, WhatsApp versi sebelumnya lebih baik. Setelah melihat status sendiri, aplikasi tidak otomatis berpindah ke status orang lain karena tujuan melihat status hanya untuk mengetahui siapa yang sudah melihat status saya. Sedangkan pada versi terbaru, setelah melihat status sendiri, aplikasi langsung diarahkan ke status orang lain sehingga terasa kurang nyaman."
Pengguna Google,1,2026-05-26 01:22:51,whatsapp sekarang banyak iklannya. bisa 3 muncul iklan setiap buka WA.
Pengguna Google,5,2026-05-26 01:20:43,udh cukup baik tdk perlu ada yg di ubah lagi
Pengguna Google,5,2026-05-26 01:17:13,kok tidak bisa tervrefikasi
Pengguna Google,4,2026-05-26 01:15:56,"Sangat baik tp beberapa hari ini kno semua akun WhatsApp saya selalu muncul akun sedang di tinjau,, setelah pulih muncul lagi akhir nya gak bisa pakai WhatsApp"
Pengguna Google,3,2026-05-26 01:15:25,ok
Pengguna Google,5,2026-05-26 01:15:17,Ok
Pengguna Google,5,2026-05-26 01:15:05,👍👍👍
Pengguna Google,5,2026-05-26 01:14:18,saya seru punya whatsapp sendiri
Pengguna Google,5,2026-05-26 01:14:15,bagus
Pengguna Google,1,2026-05-26 01:14:13,"wa akhir ini kenapa ya bbrpa th pake wa nggak pernah ada masalah,dan sekarang wa tiba2 kena Suspen harus di tinjau dan tidak hanya sekali dalam 2 hari ini sudah 4x wa log out lalu minta peninjauan."
Pengguna Google,5,2026-05-26 01:13:42,singkat saja mantapp
Pengguna Google,5,2026-05-26 01:12:07,sangat baik
Pengguna Google,5,2026-05-26 01:09:47,mantap kali
Pengguna Google,5,2026-05-26 01:09:35,ada salah
Pengguna Google,5,2026-05-26 01:08:09,tolong perbarui whatsapp saya jangan bikin eror lagi
Pengguna Google,5,2026-05-26 01:07:58,Oke
Pengguna Google,5,2026-05-26 01:06:55,efektif dan efisien
Pengguna Google,5,2026-05-26 01:06:42,ok banget
Pengguna Google,1,2026-05-26 01:05:38,"plis jgn ada fitur mulai obrolan aku gasuka risih liatnya tu di beranda sllu muncul trs dan pasti suka kepencet sndri ke obrolan malag sering ketelpon jdinya kepencet, hilangin plis fitur mulai obrolan itu bikin risih mata bikin kepencet di tanggan yg simpel aja kaya dulu juga bagus kok ga ush yg ribet malah risih jdinya"
Pengguna Google,5,2026-05-26 01:05:34,bagus
Pengguna Google,5,2026-05-26 01:05:06,bagus
Pengguna Google,4,2026-05-26 01:03:30,puas
Pengguna Google,5,2026-05-26 01:01:53,mantap
Pengguna Google,5,2026-05-26 01:01:21,sering gangguan
Pengguna Google,1,2026-05-26 00:55:51,kenapa vc kalo di pencet muka kita agar layarnya besar kok malah org yang kita vc videonya mancet dan muka ku ga jadi di layar yang besar trs video kecilnya dua di pencet muka ku di pencet lagi muka yang kita vc dan layar yang besar org yang kita vc gambarnya berhentii tolong di perbaiki
Pengguna Google,3,2026-05-26 00:55:50,tolong lah ini WhatsApp saya gak bisa di buka tiba² keluar sendiri dan mau di buka lagi gak bisa. tolong segera perbaiki sistemnya. banyak kerjaan saya yang ada di WhatsApp
Pengguna Google,2,2026-05-26 00:55:39,sangat membantu saya
Pengguna Google,2,2026-05-26 00:54:56,ok
Pengguna Google,1,2026-05-26 00:54:35,"gada yang ngechat,tolong yang baca komen ini chat aku🫠"
Pengguna Google,5,2026-05-26 00:52:49,"Bismillah, Alhamdulillah, Subhanallah, Allaahu Akbar. Semoga bermanfaat bagi kita semua. amin"
Pengguna Google,5,2026-05-26 00:50:47,ya bagus aja
Pengguna Google,1,2026-05-26 00:48:02,"aplikasi nya bagus tapi tolong kembalikan WhatsApp seperti dulu lagi yang ga gampang keblokir,ini wa saya udah keblokir berapa kali cape banget kalo kek gini gabisa cht siapa siapa lagi dan satu lagi baru selese keblokir baru di buka langsung keblokir lagi saya mohon WhatsApp harus di perbaiki lagi. terimakasih"
Pengguna Google,1,2026-05-26 00:47:37,banyak update an bukannya tambah oke malah tambah banyak bug klo pas mau telepon ataupas telponannya
Pengguna Google,5,2026-05-26 00:47:36,sangat baik
Pengguna Google,5,2026-05-26 00:47:28,coba ada grub grub nya
Pengguna Google,5,2026-05-26 00:45:22,puas dan lebih jelas
Pengguna Google,4,2026-05-26 00:44:29,okley....
Pengguna Google,2,2026-05-26 00:44:07,"Ini wa nya kenapa gak mau di dowlond ya , terus ini wa nya ke logout sendiri"
Pengguna Google,1,2026-05-26 00:44:06,jaringan WhatsApp buruk SS
Pengguna Google,5,2026-05-26 00:44:06,sangat bagus
Pengguna Google,2,2026-05-26 00:37:58,skrg kok wa nya agak laen ya
Pengguna Google,1,2026-05-26 00:37:17,aplikasi kayak gini aja pakek verifikasi
Pengguna Google,1,2026-05-26 00:37:17,"gue share live location ke ayanggg gue kok gak jalan maps nya!!! ayangg gue jadi khawatir tuh, perbaiki sekarang juga AKMJ!1!1!1"
Pengguna Google,1,2026-05-26 00:36:30,wa pribadi diblokir tanpa sebab. Gak jelas
Pengguna Google,4,2026-05-26 00:34:36,gk bisa update status
Pengguna Google,2,2026-05-26 00:32:23,"Ini kenapa wa saya tiba tiba muncul tulisan akun di blokir, padahall gak pernah spam sama sekali"
Pengguna Google,5,2026-05-26 00:32:17,asallam muallaikum sodara seluruh dunia
Pengguna Google,5,2026-05-26 00:31:01,tolong apknya ini di perbaiki lagi karna hp saya tidak bisa menggunakan wa di suruh download apk ORI Mulu padahal sebelumnya bisa dan juga saya memakai hp resmi bukan kW atau refurbish
Pengguna Google,5,2026-05-26 00:30:49,mantap
Pengguna Google,5,2026-05-26 00:30:11,👍
Pengguna Google,5,2026-05-26 00:28:05,kenapa wasap saya sering ada notip apdet
Pengguna Google,3,2026-05-26 00:27:08,"halo team WhatsApp, saya memiliki BUG di aplikasi saya, dimana ada 2 kontak WA yang selalu posisinya di atas, padahal tidak melakukan PIN pada 2 kontak tersebut, apakah bisa di perbaiki? terimakasih"
Pengguna Google,5,2026-05-26 00:27:06,"udh beberapa tahun sy pakai aplikasi WhatsApp,ok lah no komen 👌👌"
Pengguna Google,5,2026-05-26 00:26:34,Mantab
Pengguna Google,2,2026-05-26 00:25:04,WhatsApp saya tidak bisa login lagi aneh banget WhatsApp sekarang huuu
Pengguna Google,5,2026-05-26 00:23:31,nice
Pengguna Google,5,2026-05-26 00:22:32,mudah di akses
Pengguna Google,5,2026-05-26 00:22:08,Ok
Pengguna Google,5,2026-05-26 00:21:49,🙏🥰
Pengguna Google,5,2026-05-26 00:21:02,menarik
Pengguna Google,1,2026-05-26 00:19:05,BKIN grub malah keban Mulu grub nya
Pengguna Google,5,2026-05-26 00:17:57,sya setujuh
Pengguna Google,5,2026-05-26 00:16:10,Bermanfaat dan membantu👍
Pengguna Google,5,2026-05-26 00:13:36,mohon bantuannya
Pengguna Google,1,2026-05-26 00:12:54,"WhatsApp makin lama makin kacau, mudah terblokir, masih enak enak telfonan tiba tiba terblokir,, makin lama makin buruk,"
Pengguna Google,4,2026-05-26 00:12:43,bagus
Pengguna Google,5,2026-05-26 00:11:59,bintang
Pengguna Google,5,2026-05-26 00:11:55,Bisakah Anda memberi tahu saya jumlah pembelian yang diharapkan untuk produk ini? Ini akan membantu saya untuk membantu Anda dengan lebih baik. 😊
Pengguna Google,4,2026-05-26 00:11:35,sering gak bisa masuk wa sekalinya masuk chat chat ilang+nomer yang udah di sve namanya malah pengguna tidak dikenal
Pengguna Google,3,2026-05-26 00:09:10,keamanan kurang terjamin
Pengguna Google,5,2026-05-26 00:08:41,Kenapa whatsap saya tidak ter pikasi
Pengguna Google,2,2026-05-26 00:08:15,sering kena spaam
Pengguna Google,5,2026-05-26 00:05:58,keren tapi tambahin waktu status jadi 28 jam dong kalo ga mau gpp
Pengguna Google,5,2026-05-26 00:03:32,baik
Pengguna Google,5,2026-05-26 00:03:24,good
Pengguna Google,5,2026-05-26 00:03:01,aku butuh wa
Pengguna Google,5,2026-05-26 00:02:29,ok
Pengguna Google,5,2026-05-26 00:02:05,bagus sangat membantu
Pengguna Google,1,2026-05-26 00:01:08,gda notipnya
Pengguna Google,3,2026-05-26 00:00:55,"sekarang kok tambah sering macet ya kalo buat vc,"
Pengguna Google,5,2026-05-26 00:00:47,Sepanjang ini aman
Pengguna Google,5,2026-05-25 23:55:41,baik
Pengguna Google,5,2026-05-25 23:52:10,Sangat puas
Pengguna Google,5,2026-05-25 23:50:59,Bagus.
Pengguna Google,5,2026-05-25 23:50:39,Sangat bagus
Pengguna Google,1,2026-05-25 23:50:36,apk jelek disaran kan jangan download
Pengguna Google,1,2026-05-25 23:50:28,wa sekarang baperan dikit² kenon merugikan bngt
Pengguna Google,3,2026-05-25 23:49:26,"haii, aku mau request tolong adain fitur close friend dong"
Pengguna Google,5,2026-05-25 23:49:04,hebat sekali 👍
Pengguna Google,5,2026-05-25 23:47:22,sangat memuaskan
Pengguna Google,5,2026-05-25 23:47:11,the best 👍
Pengguna Google,5,2026-05-25 23:47:08,sangat bagus
Pengguna Google,5,2026-05-25 23:45:54,bagus
Pengguna Google,5,2026-05-25 23:42:54,sangat mempermudah komunikasi
Pengguna Google,1,2026-05-25 23:41:41,gak bisa masuk wa
Pengguna Google,5,2026-05-25 23:41:24,baik dan nyaman
Pengguna Google,5,2026-05-25 23:40:47,ok
Pengguna Google,4,2026-05-25 23:40:22,"bisa tolong biar kita bisa skrinshot foto,soalnya biar tau dn disimpan digaleri"
Pengguna Google,2,2026-05-25 23:38:00,WhatsApp saya tidak ada musik nya
Pengguna Google,1,2026-05-25 23:34:05,"adminya goblog padahal akun baru kenapa di blokir padahal cuman spam, spamnya juga cuman ngabarin temen, perkara nggak ngesave kena pelanggaran aplikasi tolol"
Pengguna Google,4,2026-05-25 23:33:26,baik bagus dan membantu masalah juga
Pengguna Google,5,2026-05-25 23:32:37,semakin ok berinovasi
Pengguna Google,4,2026-05-25 23:32:30,bagud
Pengguna Google,2,2026-05-25 23:32:27,biasa saja
Pengguna Google,5,2026-05-25 23:31:03,mantap
Pengguna Google,3,2026-05-25 23:30:33,mantf
Pengguna Google,1,2026-05-25 23:29:02,saya makin gak rispek sama perusahaan WhatsApp selalu memblokir akun saya kerna alasan gak jelas
Pengguna Google,5,2026-05-25 23:29:00,bermanfaat
Pengguna Google,1,2026-05-25 23:28:49,sangat jelek baru ganti nomer ehh pagi nya udah hilang lagii tolong lahh jangan di hilang kan aku udah 5 kali ganti nomer lo
Pengguna Google,5,2026-05-25 23:28:49,wa TDK bpungsi di saat sy mnggunakan harus undoh web resmi
Pengguna Google,1,2026-05-25 23:27:32,"aku uninstal karena gak bisa masuk katanya verifikasi data tp semalamam gak kelar², giliran instal lg lama bgt gak bisa memasang lg... huuuuft"
Pengguna Google,5,2026-05-25 23:27:00,sangat bagus
Pengguna Google,5,2026-05-25 23:25:16,very very good
Pengguna Google,5,2026-05-25 23:24:47,"Tiba-tiba akun wa saya kena blokir, Tolong diperbaiki"
Pengguna Google,2,2026-05-25 23:23:12,WhatsApp sekarang sangat tidak seru lagi gak seperti dulu
Pengguna Google,1,2026-05-25 23:22:54,"tolong ke pihak wa, wa sekarang kok ngebug ya bagian berapa lama telfonan udh gaada bagian di tolak ga ada."
Pengguna Google,5,2026-05-25 23:21:35,good
Pengguna Google,5,2026-05-25 23:20:56,gas
Pengguna Google,5,2026-05-25 23:20:26,Karena ada meta yang membantu ku untuk mengerjakan pr
Pengguna Google,1,2026-05-25 23:18:28,aplikasi apa ini nge chat cwe g di balas
Pengguna Google,5,2026-05-25 23:18:00,mantap bisa berkomunikasi dari jarak yang jauh
Pengguna Google,5,2026-05-25 23:17:44,Ok
Pengguna Google,5,2026-05-25 23:15:02,"hp bleng ,,wa hilang"
Pengguna Google,1,2026-05-25 23:14:51,"najis bgt sumpah, WhatsApp sensi banget dah, problematik banget ni apk. nih ya WhatsApp, gue jabarin KESALAHAN LU PROBLEM WHATSAPP SAAT KITA BARU BELI NOMOR BARU 1. CHAT SEKALI TIBA TIBA AKUN LIMIT 24 JAM 2. AKUN GAMPANG KE NONAKTIKAN 3. CHAT SEKALI MALAH AKUN KE BANNED ""AKUN BELUM TERVERIFIKASI"" PADAHAL NOMOR KU UDAH 5 TAHUN DIPAKE!!! niat ga sih bikin apk untuk mempermudah manusia? gila👎🏻👎🏻"
Pengguna Google,5,2026-05-25 23:13:31,bagus
Pengguna Google,4,2026-05-25 23:13:23,okejosss
Pengguna Google,3,2026-05-25 23:13:03,"semenjak update, malah banyak bug nya, performa menurun"
Pengguna Google,1,2026-05-25 23:12:33,kena hack password
Pengguna Google,5,2026-05-25 23:07:53,saya selalu puas dgn aplikasi ini
Pengguna Google,5,2026-05-25 23:07:33,pernah akun watup saya tertunda saya klik bntuan Maslah langsung selesai terimakasih
Pengguna Google,5,2026-05-25 23:07:17,baik sekali
Pengguna Google,2,2026-05-25 23:07:09,"ada apa dengan wa kok sekang sering akun di blokir sementara/di spam ,bikin pengguna tak nyaman"
Pengguna Google,5,2026-05-25 23:06:41,Amat Baik
Pengguna Google,5,2026-05-25 23:05:32,good
Pengguna Google,5,2026-05-25 23:05:29,Sangat bagus
Pengguna Google,5,2026-05-25 23:02:28,ok
Pengguna Google,5,2026-05-25 23:02:11,baik
Pengguna Google,5,2026-05-25 22:58:51,bagus sih tapi gimana cara nya vn sambil ada muka orang
Pengguna Google,5,2026-05-25 22:58:09,bagus
Pengguna Google,3,2026-05-25 22:57:14,masih suka banyak bug
Pengguna Google,5,2026-05-25 22:56:56,sebenernya sangat bagus dan sangat membantu dalam mengakses obrolan terhadap teman Atau Vidio cal kepada teman atau saudara hanya saja tolong di hapus fitur komunitas grup nya Karna whatsap yang saya kenal tidak ada fitur komunis grup lalu untuk apa ada yang namanya buat grup begitu seharusnya orang orang yang mengembang kan whatsap adalah orang pintar dan ber iq tinggi tapi kenapa di temukan celah
Pengguna Google,1,2026-05-25 22:56:49,"terlalu banyak aturan dan sya merasa terlalu di atur atur,sya baru ganti nomor masa udh ga bisa lagi,kena limit Mulu, sya butuh banget wa yg ga banyak aturan buat nanyain tugas atau informasi lainnya"
Pengguna Google,5,2026-05-25 22:55:59,baik
Pengguna Google,5,2026-05-25 22:55:57,mohon jangan batasi/peninjauan/di acoun WhatsApp saya.......atau di blokir saya sudah berikan peninjauan......
Pengguna Google,5,2026-05-25 22:55:45,Pokonya ok
Pengguna Google,1,2026-05-25 22:54:13,ga suka updatean nya
Pengguna Google,5,2026-05-25 22:54:10,kenapa account WhatsApp messenger saya selalu eror akibat dinyatakan spam dan melanggar ketentuan dari WhatsApp?padahal saya sdh mengunduh aplikasi resmi dari WhatsApp messenger?
Pengguna Google,5,2026-05-25 22:53:13,mantap
Pengguna Google,1,2026-05-25 22:51:34,klau bukan ada nomor keluarga udah gua hapus lu dari dulu di hp gua🗿
Pengguna Google,5,2026-05-25 22:46:07,"memudahkan kita untuk berkomunikasi dengan keluarga,pacar,saudara,teman dan kerabat jauh 👍"
Pengguna Google,4,2026-05-25 22:42:55,mantap
Pengguna Google,1,2026-05-25 22:36:45,whatsap ini jelek sekrang. masak akun saya sering di tinjau. pdahal saya ga ngmg yg aneh2. tlong dong di perbaiki lagi
Pengguna Google,5,2026-05-25 22:33:08,sangat membantu
Pengguna Google,3,2026-05-25 22:25:43,"tolong dong tim WhatsApp akun saya kenapa kena tinjau Mulu padahal apk WhatsApp sangat penting bagi saya ,saya kebanyakan nunggu kebuka lagi tolong dong pihak WhatsApp bantu saya 🙏"
Pengguna Google,5,2026-05-25 22:18:47,sangat baik
Pengguna Google,5,2026-05-25 22:15:56,"maaf, cara mulihin atau mau blokir wa yg ke sadap bagaimna ya"
Pengguna Google,1,2026-05-25 22:13:18,kalo bukan satusatunya udah gaakan pake ribet banget nyambungin ke laptop doang butuh 30 menit
Pengguna Google,5,2026-05-25 22:12:40,familier
Pengguna Google,4,2026-05-25 22:11:31,baik
Pengguna Google,5,2026-05-25 22:08:58,Sangat membantu
Pengguna Google,3,2026-05-25 22:08:51,sering mengalami gangguan
Pengguna Google,5,2026-05-25 22:03:07,coba dulu kalau masih di sepam aku gk pakai lagi
Pengguna Google,5,2026-05-25 22:02:09,mantap
Pengguna Google,5,2026-05-25 22:01:10,ok
Pengguna Google,4,2026-05-25 22:00:38,fine
Pengguna Google,3,2026-05-25 21:46:22,knp 3 karena memo saya penuh dan jarang orang ct gitu heee
Pengguna Google,3,2026-05-25 21:42:29,"apa si wa ini, lagi teleponan tiba-tiba mati sendiri padahal cuma buka hp nya doang setelah itu ga ada bekasnya lagi"
Pengguna Google,4,2026-05-25 21:42:13,Baik
Pengguna Google,1,2026-05-25 21:39:26,"Wanya sering eror sendiri masa saya sudah unduh WhatsApp resmi tapi masi gak mau, udah gitu akun saya sering di blokir perkara saya gak pernah aktif WhatsApp pokoknya WhatsApp yang sekarang jelek banget tolong untuk di perbaiki karna saya tidak bisa membuka WhatsApp"
Pengguna Google,1,2026-05-25 21:39:06,WhatsApp sekarang sudah mulai ada bug sering kali chat penting terhapus dengan sendirinya secara tiba tiba
Pengguna Google,5,2026-05-25 21:37:00,👍👍👍👍👍
Pengguna Google,1,2026-05-25 21:36:33,kualitas buruk
Pengguna Google,5,2026-05-25 21:35:15,mantap
Pengguna Google,3,2026-05-25 21:33:39,terkadang tiba² mati bug. padahal waktu telfonan udh 4 jam an tapi di room chat nya gk ada waktu nya gitu. cuman ada tulisan panggilan tidak terjawab padahal bener² lagi telfonan sampe 4 jam an. tolong di perbaiki lagi.
Pengguna Google,2,2026-05-25 21:32:45,sy TDK masuk watsapp sy
Pengguna Google,5,2026-05-25 21:31:48,kenaph wasaf ga bisa d buk
Pengguna Google,5,2026-05-25 21:30:51,publik ada lah semua orang bisa melihat
Pengguna Google,1,2026-05-25 21:29:01,saya tidak mendapatkan update
Pengguna Google,5,2026-05-25 21:20:49,semoga selalu aman dengan segala privasinya di whatsapp. Terimakasih
Pengguna Google,4,2026-05-25 21:20:41,"baguss, tapi kalo mau di update harus hapus” aplikasi yang lain dulu, update pertama ngehapus tiga aplikasi, update kedua harus hapus aplikasi lainnya lagi, bgus tapi banyak ruang"
Pengguna Google,3,2026-05-25 21:15:54,"aplkasi bgus tpi syang y loading y lma dn suka susah di buka y sedang sy sudah punya akun y saat di buka y suka minta kode ya lg lwt email lg,maaf y aku bintang 3"
Pengguna Google,5,2026-05-25 21:11:53,ok
Pengguna Google,5,2026-05-25 21:00:37,bgus
Pengguna Google,5,2026-05-25 20:56:24,Saya sangat senang mnggunakan aplikasi kasi ini
Pengguna Google,5,2026-05-25 20:56:18,Memuaskan
Pengguna Google,5,2026-05-25 20:55:26,"segalanya mudah chating,kirim gambar,VC dll"
Pengguna Google,4,2026-05-25 20:51:04,bagus
Pengguna Google,4,2026-05-25 20:48:07,"Edit 25/05/2026 : Tolong WhatsApp adakan fitur Screenshot photo profile, minimal kalau misalnya dalam satu perangkat ada 2 nomor WhatsApp didalamnya, izinin dongs, kan nomor sendiri, gak termasuk melanggar privasi, kan? Edit 26/05/2026: Tolong bisa kan VN dari kontak terbagi kan ke status WhatsApp, bukan cuma VN yang di status WhatsApp yang terbagikan ke kontak 🙏🏻"
Pengguna Google,2,2026-05-25 20:45:12,"kok wa saya tidak bisa dibuka lagi yang nomer Indosat sekarang, mending hapus saja kalau ini aplikasi WhatsApp palsu"
Pengguna Google,1,2026-05-25 20:42:11,"KENAPAAA WA GUA DI TINJAUU TERUS MEMEKK, TLOLLL AMATG PUNYA APLIKASI INI YANG BNER LAHH, WA GUA GDA SLAH TP KENA BLOKIR TRS TLOL"
Pengguna Google,5,2026-05-25 20:41:51,"bagus, tempat komunikasi"
Pengguna Google,5,2026-05-25 20:39:41,mantap
Pengguna Google,5,2026-05-25 20:36:42,baik
Pengguna Google,5,2026-05-25 20:36:39,"tolong diperbaiki, hasil video/foto yang dijadikan status wa dikompress habis-habisan oleh whatsapp sehingga hasilnya menjadi buram dan tidak jernih lagi"
Pengguna Google,1,2026-05-25 20:34:25,"pea emang, sebagai pekerja lapangan saya sangat kecewa . peraturan terlalu ketat dan sangat merugikan . sampai 2 hari sekali kena tinjau. padahal hanya kirim pesan yang tidak berunsur ke scam maupun spam . sungguh terlalu ketat"
Pengguna Google,5,2026-05-25 20:32:43,ok
Pengguna Google,5,2026-05-25 20:28:29,bagus x
Pengguna Google,5,2026-05-25 20:17:15,sangat menguntungkan
Pengguna Google,5,2026-05-25 20:13:05,bagus
Pengguna Google,5,2026-05-25 20:11:00,kok di ak gk bisa pakai efek nya ya padahal udh ak aktif kan
Pengguna Google,2,2026-05-25 20:08:44,"Masih nggak abis pikir, kenapa tiba-tiba seluruh riwayat chat gua bisa hilang total tanpa jejak? Lebih nyeseknya lagi, sistem sama sekali enggak bisa melakukan restore ataupun pencadangan ulang. Padahal di sana tersimpan banyak banget arsip penting dan obrolan berharga yang enggak mungkin bisa digantiin."
Pengguna Google,5,2026-05-25 19:56:39,ini cukup keren
Pengguna Google,1,2026-05-25 19:55:47,ini kenapa ya jadi nggak bisa pasang sw video lagiii atau ripost sw orang kalo mau upload status video atau ripost sw orang pasti ada bacaan (format file ini tidak di dukung)
Pengguna Google,1,2026-05-25 19:47:30,"jelek bat, selalu diblokir pesan"
Pengguna Google,5,2026-05-25 19:25:09,penteng danbermanfaat
Pengguna Google,5,2026-05-25 19:23:54,belajar dari hal kecil dulu
Pengguna Google,1,2026-05-25 19:21:49,"Kenapa sekarang akun WhatsApp tidak dapat digunakan lagi, setelah 6 jam bisa digunakan lagi SBG WhatsApp, tapi baru di masukan WhatsApp 10 menit, kembali lagi akun WhatsApp tidak dapat digunakan, hhhh kok sekarang WhatsApp jadi jelek"
Pengguna Google,5,2026-05-25 19:15:49,memuaskan
Pengguna Google,5,2026-05-25 19:14:44,baik dan fiturnya lebih diupgrade lagi ya
Pengguna Google,5,2026-05-25 19:12:13,ok kak
Pengguna Google,1,2026-05-25 19:11:59,suka error mah kloo vc 🫠
Pengguna Google,5,2026-05-25 19:11:39,kenapa wa saya sering kenal spam ? cara untuk melindungi akum saya gimana kak ya ?
Pengguna Google,5,2026-05-25 19:08:32,membantu
Pengguna Google,5,2026-05-25 19:07:08,bagus
Pengguna Google,5,2026-05-25 19:05:10,Kenapa di hp. ini tidak bisa menampilkan panggilan masuk layar kunci
Pengguna Google,5,2026-05-25 19:04:53,bagus
Pengguna Google,1,2026-05-25 19:03:51,coba saya minta nomor saya di berein ko ke blokir aja si di suruh download WhatsApp resmi padahal saya pake WhatsApp resmi
Pengguna Google,1,2026-05-25 19:00:45,"apl gjls, klo bukan krna grup kelas udh gua apus sumph"
Pengguna Google,1,2026-05-25 18:57:18,wa kenapa si ke band mulu padahal ga di apa apain
Pengguna Google,1,2026-05-25 18:54:20,"Gajelas daftar wa aja gabisa terus alasan keaman, kek mna mau usaha klo dipersulit gini"
Pengguna Google,5,2026-05-25 18:53:17,status tidak bisa tolong di perbaharui
Pengguna Google,5,2026-05-25 18:52:57,tolong aku payah ngetiknya ni
Pengguna Google,5,2026-05-25 18:43:14,seru lah
Pengguna Google,1,2026-05-25 18:42:09,wa sering ke blokir padahal gak ngapa² in
Pengguna Google,5,2026-05-25 18:41:18,semoga sukses selalu
Pengguna Google,2,2026-05-25 18:37:58,"MINIMAL KURANGI LAH KENON NYA 1 BULAN GANTI SIM UDAH 5X TETEP AJA KE KENON, TOLONG BENERIN LAGI BIAR GK ADA KENON MASAL, WA BUAT JB JADI GAMPANG KENON MULU YAELAH, MIN TOLONG BGT BENERIN YA PLIS🥺🥺"
Pengguna Google,5,2026-05-25 18:36:04,akun Saya d blokir sendiri oleh meta
Pengguna Google,1,2026-05-25 18:21:39,gampang banget ke baned padhal tida lakuin apa apa
Pengguna Google,1,2026-05-25 18:21:33,story wa burik padahal HD. HD kok burik HD kok burik
Pengguna Google,5,2026-05-25 18:19:37,aplikasinya sangat bagus dan bermanfaat
Pengguna Google,1,2026-05-25 18:19:14,tolong aja saya tidak pernah sepam siyapapun aku saya lansung di belokir mohon aja di buka gara di dalam ya banyak data data penting untuk saya gara ada data tentang emergency
Pengguna Google,3,2026-05-25 18:16:02,tolong akun yang baru login atau akun baru jgn d tinjau ini sangat merugikan kami sebagai pengguna
Pengguna Google,2,2026-05-25 18:11:01,selalu terblokirrr entahh knp ga bisas masuk lagi ke WhatsApp padahal WhatsApp sangat penting
Pengguna Google,5,2026-05-25 18:08:32,ok ya
Pengguna Google,4,2026-05-25 18:05:27,mohon kebijakan nya saya bertanggung jawab memakai WhatsApp TPI kenapa tijuan trus tlong NK ada yg bobol soal data pribadi sya di WhatsApp saya mohon sangat di hentikan
Pengguna Google,5,2026-05-25 18:02:37,Sangat Efektiv.
Pengguna Google,5,2026-05-25 18:02:14,ok siap...
Pengguna Google,1,2026-05-25 17:58:59,jlek gd suarany klo sharescreen!
Pengguna Google,5,2026-05-25 17:58:49,sangat bagus
Pengguna Google,5,2026-05-25 17:55:11,ok
Pengguna Google,5,2026-05-25 17:52:15,sangat baik dan membantu dalam segala aktipitas pekerjaan vc maupun chating
Pengguna Google,5,2026-05-25 17:45:47,Aku mau nonton bisa atau tidak aku sd tau daya ingat sd berkurang dn lagi soal aku aku tak begitu perduli
Pengguna Google,1,2026-05-25 17:35:55,"anjir lah nomor gua ke blokir pdhl ga apa"" gjls nih wa"
Pengguna Google,5,2026-05-25 17:32:11,ok
Pengguna Google,1,2026-05-25 17:31:30,gabisa sinkronisasi kontak ke WA nya gimana nih? dikontak ada nomornya tapi diwa gada aneh.... perbaiki bug nya
Pengguna Google,1,2026-05-25 17:30:30,g ngapa ngapain kok tiba2 akun ditinjau jadi g bisa dipake???
Pengguna Google,5,2026-05-25 17:30:14,very Good
Pengguna Google,5,2026-05-25 17:27:05,mantap
Pengguna Google,5,2026-05-25 17:26:28,ok
Pengguna Google,5,2026-05-25 17:25:42,"fitur-fitur nya menarik dan udah bagus bgt, tinggal tambahin fitur notes kaya di ig dong yg bisa buat lagu jugaa. pliss min"
Pengguna Google,1,2026-05-25 17:22:56,Tolong dong adain fitur kalo wa kita di blok sama seseorang biar enak dia blok wa kita atau ngk
Pengguna Google,1,2026-05-25 17:22:48,"saya tak melakukan apa"" aplikasi resmi dari play store kenapa akun saya di bloki"
Pengguna Google,5,2026-05-25 17:22:11,Bagus sekali
Pengguna Google,5,2026-05-25 17:21:16,bagus berguna banget
Pengguna Google,5,2026-05-25 17:14:11,bagus dn nyaman
Pengguna Google,5,2026-05-25 17:12:57,sipppp
Pengguna Google,5,2026-05-25 17:12:55,keren
Pengguna Google,5,2026-05-25 17:10:59,saya sangat senang pakai aplikasi WhatsApp
Pengguna Google,5,2026-05-25 17:08:30,dengan ada nya wassap ini sangat membantu dan mempermudah urusan sangat membantu
Pengguna Google,5,2026-05-25 17:06:35,kenapa WhatsApp saya hilang dari layar hp dan layar laci ya?
Pengguna Google,5,2026-05-25 17:05:25,wa kenapa yah kok status nya kadang pas lagi relog malah ke apus pas relog lagi ada lagi status nya kenapa yah????
Pengguna Google,5,2026-05-25 17:05:14,sangat bagus
Pengguna Google,5,2026-05-25 17:01:56,tolong untuk memulihkan whatsapp saya kembali normal
Pengguna Google,1,2026-05-25 17:01:39,saya mendownload wa dan saya bingung saya masukkan nomor dengan bagus eeh malah tunggu 24 jam gimana sih
Pengguna Google,5,2026-05-25 17:00:51,sangat cocok untuk saya
Pengguna Google,1,2026-05-25 16:59:52,mau pake cuma buat sakit hati. tapi aku kerja lewat wa.
Pengguna Google,5,2026-05-25 16:59:05,baik
Pengguna Google,1,2026-05-25 16:57:27,hapus fitur sekali lihat
Pengguna Google,2,2026-05-25 16:56:34,cewek nya di dalamnya sombong semua
Pengguna Google,2,2026-05-25 16:55:11,kenapa saat vc ingin membuka apk lain vc nya jadi terjedah?
Pengguna Google,5,2026-05-25 16:53:29,bagaimana cara agar akun WhatsApp messenger ini aktif dan dapat digunakan dengan aman dan lancar
Pengguna Google,5,2026-05-25 16:51:42,aplikasi bagus
Pengguna Google,5,2026-05-25 16:50:44,Good
Pengguna Google,5,2026-05-25 16:48:19,"mohon pihak WhatsApp diperbaiki lagi sistemnya, akhir akhir ini akun saya sering kena blok padahal saya tidak melakukan pelanggaran"
Pengguna Google,5,2026-05-25 16:48:17,bagus banget
Pengguna Google,5,2026-05-25 16:47:06,sangat baik
Pengguna Google,5,2026-05-25 16:46:44,terimakasih
Pengguna Google,1,2026-05-25 16:45:35,"aplikasi sangat tidak baik,wa sering diblock padahal tidak ada aktivitas yang berbahaya atau tidak memenuhi aturan whatsapp"
Pengguna Google,1,2026-05-25 16:45:04,kenapa pas vc ga bisa sambil buka aplikasi lain wa emang rugi untuk pengguna hp ram 2
Pengguna Google,5,2026-05-25 16:44:22,"knpa kalau ada pesan masuk tidak lngsung masuk ke wa,trus kalau lagi buka aplikasi whatsapp lngsung di gruduk pesan wa bnyak, agak lemot pesannya yg masuk, masak harus buka aplikasi dlu baru pesan digrub masuk, tlong diperbarui lagi ya, ttp tk kasih bintang 5"
Pengguna Google,5,2026-05-25 16:42:34,WHATSAPP!!!!! KAMU TIDAK MAU ADA IN FITUR ARSIP KAHH?? KAN SERUU KALO ADA FITUR ARSIP BISA LIAT KENANG'AN YANG DULU😭😭😭🤣🤣 IZIN YAA🙏🏻🙏🏻
Pengguna Google,5,2026-05-25 16:41:54,saya gagal login dengan no baru
Pengguna Google,5,2026-05-25 16:41:05,mudah
Pengguna Google,5,2026-05-25 16:36:01,saya baru mau mencoba kalau bagus lanjutin KLO GK ia off
Pengguna Google,1,2026-05-25 16:35:44,whatsaap eror terus masa bru di pake eror terus suruh pertinjauan mana nunggunya sampe 24 jam
Pengguna Google,3,2026-05-25 16:35:29,"kalau menurut saya sih ya kurang lengkap, fasilitasnya sih udah ok apa lagi kalau kita VC 👍👌"
Pengguna Google,5,2026-05-25 16:34:08,Bagus
Pengguna Google,5,2026-05-25 16:33:59,serba lengkap
Pengguna Google,5,2026-05-25 16:33:18,sekarang sudah tidak teban lagi klok lgi nelpon manteppp
Pengguna Google,5,2026-05-25 16:27:29,siiip
Pengguna Google,4,2026-05-25 16:26:39,aplikasi ini memang membantu untuk chat atw ngobrol sangat mantap
Pengguna Google,5,2026-05-25 16:26:23,bguskan
Pengguna Google,5,2026-05-25 16:26:01,bagus
Pengguna Google,1,2026-05-25 16:25:36,tiba tiba memuat
Pengguna Google,5,2026-05-25 16:22:59,good
Pengguna Google,2,2026-05-25 16:21:38,"tolong di bolo lagi wa ini, setiap vc mau membesarkan muka diri sendiri malah terjadi muka lawan jdi ada dua, tolong di perbarui lagi biar tdk menggang untuk vidiocall"
Pengguna Google,4,2026-05-25 16:21:05,baik
Pengguna Google,5,2026-05-25 16:20:38,jelek update nya mau buat narasi foto harus satu satu padahal dulu bisa langsung sekaligus
Pengguna Google,4,2026-05-25 16:20:14,mantap keren
Pengguna Google,2,2026-05-25 16:20:00,"kenapa hari ini udah 2X akun WhatsApp sy sedang ditinjau,,,jadi kesal sy mana disuruh nunggu 24 jam,,,hadeeeeeeh,,tolong donk wahai WhatsApp dibuka kembali akun sy"
Pengguna Google,5,2026-05-25 16:15:03,👍
Pengguna Google,5,2026-05-25 16:13:57,bagus untuk sekolah 👍👍
Pengguna Google,5,2026-05-25 16:11:02,Good apps
Pengguna Google,1,2026-05-25 16:10:33,kalo uptade dilaptop lama bgt
Pengguna Google,3,2026-05-25 16:08:39,ampun gada yang nge chat
Pengguna Google,5,2026-05-25 16:08:26,keren
Pengguna Google,5,2026-05-25 16:07:43,Baik sekali
Pengguna Google,5,2026-05-25 16:07:18,Terima kasih atas informasinya
Pengguna Google,5,2026-05-25 16:06:05,ok
Pengguna Google,1,2026-05-25 16:05:01,KENON MULU AH GAJELAS JANGAN DONLOAWD
Pengguna Google,5,2026-05-25 16:04:07,"Mengapa;Ika saya ingin mengirimkan link, kok gak bisa menampilkan gambar nya ya?"
Pengguna Google,5,2026-05-25 16:02:46,ko aku gaada fitur filter nya sihhh
Pengguna Google,5,2026-05-25 15:59:16,bagus sekali
Pengguna Google,5,2026-05-25 15:58:08,bagus
Pengguna Google,3,2026-05-25 15:57:09,tidak bisa membuka link dan tidak bisa membuka baca selengkapnya
Pengguna Google,5,2026-05-25 15:56:18,"Aplikasi hebat, komunikasi yang sangat akurat dan canggih, tolong yang nama Meta Al dihapus dari beranda WhatsApp yang selalu mengganggu saat cat"
Pengguna Google,5,2026-05-25 15:54:58,Bagus
Pengguna Google,5,2026-05-25 15:50:17,sangat mendukung dan memudahkan komunikasi secara cepat.
Pengguna Google,5,2026-05-25 15:49:53,maaf Saya minta bantuan wa
Pengguna Google,5,2026-05-25 15:46:58,bagus
Pengguna Google,5,2026-05-25 15:46:24,bagus
Pengguna Google,5,2026-05-25 15:45:58,tolong hapus fitur satu kali lihat agar saya bisa melihat foto si putri lebih lamaaaAaaaaaa
Pengguna Google,5,2026-05-25 15:45:24,bgus
Pengguna Google,5,2026-05-25 15:44:24,cuma kurang stiker yang lebih menarik
Pengguna Google,5,2026-05-25 15:42:11,bagus sih sering di blokir
Pengguna Google,5,2026-05-25 15:41:00,bagus
Pengguna Google,5,2026-05-25 15:40:12,Ok
Pengguna Google,1,2026-05-25 15:38:30,"Jelek dan mengganggu. Pas saya pasang status, terus tambahin stiker buat nutupin bagian tertentu, posisinya malah berpindah. Udah coba ulang-ulang kali tetap posisi stikernya pindah tidak sesuai dengan tepat dimana saya taruh 👎"
Pengguna Google,1,2026-05-25 15:38:15,kalo saya kenapa mentok di logo trus yaa ini Whatsap nya
Pengguna Google,1,2026-05-25 15:36:53,makin kesini makin susah aja ni wa minta verifikasi aja ga bisa bisa
Pengguna Google,2,2026-05-25 15:36:04,"pliss tolong, kenapa wa ku kalau lgi menelfon trs di buang dri latar belakang mlh dia mati telfonnya,mna tdk ada history telfon yang sebelum dia mati tadi, bagaimana ini tolong kasih solusinya sa muak mi kasian 😊💔😔"
Pengguna Google,3,2026-05-25 15:32:39,"stop bug, ini internet saya kencang tp melihat status berbentuk photo selalu blur......"
Pengguna Google,3,2026-05-25 15:31:14,mohon updatean nya soalnya wa lagi eror kalo vc gambar nya ga gerak
Pengguna Google,5,2026-05-25 15:28:25,biar lebih canggih lgi
Pengguna Google,1,2026-05-25 15:28:04,"min tolong bug lagi saat vidio call saya ingin mengganti vidio nya kenapa sering terjadi macet pada gambar vidio dan saya pencet milik saya begitu juga tolong lah bug nya udah parah banget ini, jadi tolong diperbaiki min"
Pengguna Google,3,2026-05-25 15:27:48,ok
Pengguna Google,5,2026-05-25 15:26:15,bagus
Pengguna Google,5,2026-05-25 15:25:53,Baik sekali ya allah
Pengguna Google,1,2026-05-25 15:24:51,kenapa nomer waya selalu di sepam oleh pihak WhatsApp sya tidak suka
Pengguna Google,5,2026-05-25 15:24:17,sangat di butuhkan
Pengguna Google,1,2026-05-25 15:23:23,"ko ngeleg banget si , ga ngapa ngapain aja akun kena di batasi , parah banget makin jelek ngelag ngelag trus juga ga jls udh ketemu email yg buat di cadangin malah g bisa"
Pengguna Google,1,2026-05-25 15:22:57,aplikasi gjls pilih kasihh
Pengguna Google,5,2026-05-25 15:20:14,"Mf, Saya Komplain. Saya Sudah Pakai 3 Nomer tpi Masih Saja Kena Spam. Semua Nomer Sya Daftarkan Dengan KTP & KK. Sy Cape Harus Gunta Ganti Nomer Baru Trus..."
Pengguna Google,1,2026-05-25 15:19:47,apk kalo di blok susah di bnerin.
Pengguna Google,1,2026-05-25 15:19:01,akun saya tiba-tiba ke blokir sendiri padahal saya ga ngapa-ngapain malah ada data penting lagi
Pengguna Google,5,2026-05-25 15:18:57,ko aku ga ada efek wa
Pengguna Google,3,2026-05-25 15:17:05,tolong dong wa niiii dirubah lagi😭 kalau habis lihat status sendiri tu jangan langsung nyambung ke status yg lainnya. mls lihat sw orng lain pengennya lihat sw sendiri kalau sudah selesai udh jangan disambungin ke sw orng lain😭
Pengguna Google,5,2026-05-25 15:16:46,bagus
Pengguna Google,1,2026-05-25 15:16:18,gajelas gbisa di pake
Pengguna Google,4,2026-05-25 15:15:54,"bagus apk nya tapi bisa ga si jangan keseringan update, memorinya tuh penuh kasian yang harus hapusin banyak hal cuman untuk update apk.... trs sering lagi updatenya..."
Pengguna Google,1,2026-05-25 15:15:36,"gak ada hujan gak ada angin no saya tidak bs di daftarin,,dengan alasan melanggar,,gatel lah"
Pengguna Google,5,2026-05-25 15:15:27,sangatt membantu untuk berkomunikasi
Pengguna Google,5,2026-05-25 15:12:59,ok
Pengguna Google,1,2026-05-25 15:12:52,"Akun gw keban mulu, padahal cuma chat guru doang"
Pengguna Google,4,2026-05-25 15:11:09,"mantep, tapi sekarang sering Bug keluar keluar sendiri pls ilangin yang kyk gt"
Pengguna Google,1,2026-05-25 15:11:03,bagus kali aplikasinya...
Pengguna Google,5,2026-05-25 15:11:00,kenapa wa selalu di blokir tolong jelaskan parah wa saya gimanah ini
Pengguna Google,4,2026-05-25 15:10:47,tidak dapat kode privasi
Pengguna Google,5,2026-05-25 15:06:18,Ok
Pengguna Google,5,2026-05-25 15:05:18,top top top
Pengguna Google,1,2026-05-25 15:05:01,tiga nomer WhatsApp di blok semua ga bisa login
Pengguna Google,1,2026-05-25 15:03:53,"whatsapp sekarang jelek, banyak pembelokiran masal 1 kali kesalaha langsung kebelorik permanen whatsapp aneh ga pantas untuk yang mau bisnis atau jualan, whatsapp jelek, whatsapp ga ngotak oon"
Pengguna Google,5,2026-05-25 15:03:39,semua
Pengguna Google,5,2026-05-25 15:03:12,buruk kwalitas makin parah
Pengguna Google,5,2026-05-25 15:01:53,bisa chat dengan teman baik dan teman fake friend
Pengguna Google,1,2026-05-25 15:01:40,GK bisa masuk
Pengguna Google,1,2026-05-25 14:59:34,Belum apa apa kena tinjau harus nunggu 24jam aneh whatsapp sekarang gajelas
Pengguna Google,2,2026-05-25 14:59:04,notifikasi pesan di wa ngak muncul ngakbada suaranya tapi notifikasi panggilan muncul dan bersuara..kenapa tubmis semua cara sudah dicoba tapi ngak ada hasilnya
Pengguna Google,5,2026-05-25 14:58:41,kenapa ini keluar mulu aplikasi mogok gua ksih bintang 5 biar paling atas ada yang sama ga
Pengguna Google,5,2026-05-25 14:58:38,Good
Pengguna Google,1,2026-05-25 14:57:23,Kenapa ukuran aplikasi bisa bengkak smp 1GB? dicari file mana yg bengkak gak ketemu...
Pengguna Google,5,2026-05-25 14:55:57,apk yg bagus
Pengguna Google,3,2026-05-25 14:55:44,ini kenapa gak bisa daftar wa . di tinjau terus sudah ganti hp sudah ganti akun masih aja ga bisa kepake wa nya
Pengguna Google,5,2026-05-25 14:54:11,WhatsApp broooo
Pengguna Google,5,2026-05-25 14:54:09,bagus
Pengguna Google,1,2026-05-25 14:53:42,apk gj bnyk bug
Pengguna Google,5,2026-05-25 14:50:45,okeeee baiiiill
Pengguna Google,4,2026-05-25 14:50:45,"saat aku mau ngasih video 1-6, malah ada tulisan ""berbagi tidak bisa, coba lagi"" aku bingung, jadi aku coba lagi eh sama aja aku gatau aku yg kampungan atau gimana, dan aku juga gatau salahnya dimana ya gitu deh, karna kurang aku kasih 4 bintang ya, maafff😿😿🙏"
Pengguna Google,1,2026-05-25 14:50:00,"jelek, akun d blokir"
Pengguna Google,5,2026-05-25 14:46:39,ga bisa masuk WA kena spam terus
Pengguna Google,5,2026-05-25 14:46:32,bgus skli
Pengguna Google,5,2026-05-25 14:45:23,sangat baik
Pengguna Google,5,2026-05-25 14:45:04,"sengaja kasi bintang 5 biar kebaca,ada bnyk sekali hal yang bikin ga nyaman 1. nomor whatsapp dikit dikit kenon terus 2.""login tidak tersedia untuk saat ini"" 3.grup kenon"
Pengguna Google,1,2026-05-25 14:42:35,akun saya di ban gak jelas gak tahu kena memang sudah error
Pengguna Google,5,2026-05-25 14:41:29,😁😚
Pengguna Google,5,2026-05-25 14:39:53,"keamanan harus diperkuat, tanpa adanya penyadapan/ hacker."
Pengguna Google,1,2026-05-25 14:39:39,jelek
Pengguna Google,4,2026-05-25 14:39:21,mayan bagus
Pengguna Google,5,2026-05-25 14:39:16,baguss bnget
Pengguna Google,5,2026-05-25 14:38:09,aplikasi sangat bagus
Pengguna Google,5,2026-05-25 14:36:59,mohon bantu saya ini terjadi error WhatsApp saya saya sangat meminta tolong kepada admin
Pengguna Google,1,2026-05-25 14:36:54,gak ada cewek nya ahh
Pengguna Google,4,2026-05-25 14:35:03,"pliss next update fitur yg bisa batalin ""read all"", kesel bngt klo ga sengaja kepencet, plus notif panggilan tak terjawabnya kok udh ga ada tertera di iconya misal ""2 pnggilan tak terjawab"" yg blm di lihat gtu. pliss perbaiki yaa!!! untuk kameranya sukakk bngt natural tpi ga bikin keliatan burik🫰🏻"
Pengguna Google,3,2026-05-25 14:34:23,Sangat bagus
Pengguna Google,1,2026-05-25 14:31:16,"Semakin kesini semaking ga jelas aplikasi ini,saya sudah sampe 4 kali ganti kartu ,dan hasil nya ttp sama kena spam terus,tolong lah buat pendiri WhatsApp bagaimana solusinya Data data kerja saya ,saya kirim lewat wa ""Semoga di notice"
Pengguna Google,3,2026-05-25 14:29:21,"perbaiki soal kualitas video status, sebagus apapun hasil kamera handphonenya, setiap jadi status selalu saja pecah hasilnya.."
Pengguna Google,5,2026-05-25 14:28:21,Kok gak isa buka whatspnya kenapa
Pengguna Google,1,2026-05-25 14:26:36,knp selalu ada telpon masuk ngga ada notifnnya hrus masuk ke wa nya bru ada tp org yg nelpon jg katannya cm memangil doang pdhal posisi online terus
Pengguna Google,5,2026-05-25 14:26:33,aplikasinya sangat bagus
Pengguna Google,4,2026-05-25 14:25:43,Bagus
Pengguna Google,5,2026-05-25 14:24:39,tolong jangan di batasi aplikasinya dong udah bintang 5 nih
Pengguna Google,5,2026-05-25 14:22:50,mantap
Pengguna Google,2,2026-05-25 14:22:48,ngelage tidak bisa kirim pesan dan liat status
Pengguna Google,1,2026-05-25 14:20:13,orang gak ngapa ngapain di blok
Pengguna Google,4,2026-05-25 14:18:06,ya bagus
Pengguna Google,5,2026-05-25 14:17:12,bisa menelepon
Pengguna Google,2,2026-05-25 14:16:28,"whatsapp sekarang gajelas bikin saluran doang di blokir, udah 4 no ku di blokir mulu"
Pengguna Google,1,2026-05-25 14:15:51,Ok
Pengguna Google,3,2026-05-25 14:15:38,"Pembaruan mulu, pemulihannya lama bgt"
Pengguna Google,1,2026-05-25 14:15:35,wa gak bisa di gunakan kena tinjauan terus
Pengguna Google,5,2026-05-25 14:14:17,ok
Pengguna Google,4,2026-05-25 14:14:04,Bagus
Pengguna Google,2,2026-05-25 14:12:10,woi tolong lah.. mau pindah ke hp lain kok jadi ribet banget
Pengguna Google,5,2026-05-25 14:10:35,Bagusss
Pengguna Google,1,2026-05-25 14:09:30,"mkin gak jelas aja nih aplikasi wa, ska tiba"" eror"
Pengguna Google,1,2026-05-25 14:09:26,"chat tiba tiba ilang semua dan grup jadi baru lagi/reset ulang, tolong developer kondisikan semenjak colab meta jadi amburadul AI meta juga ngawur, ini chat penting saya pada hilang semua hadeh update terus buat apasi!."
Pengguna Google,5,2026-05-25 14:09:09,Bagus
Pengguna Google,4,2026-05-25 14:09:03,vania ❤️💓💓💓💓💓💓💓
Pengguna Google,5,2026-05-25 14:08:37,bagus
Pengguna Google,5,2026-05-25 14:07:56,mantap
Pengguna Google,5,2026-05-25 14:07:52,like
Pengguna Google,5,2026-05-25 14:06:59,bagus
Pengguna Google,1,2026-05-25 14:06:55,"kamera gak bisa di ganti2 kk, mohon di koreksi ulang kk"
Pengguna Google,4,2026-05-25 14:06:36,"hduh knpanih wa, fitur audio nya knp dihilangkan!!!!"
Pengguna Google,5,2026-05-25 14:06:11,Aplikasi yg bagus
Pengguna Google,5,2026-05-25 14:06:06,mantap
Pengguna Google,5,2026-05-25 14:04:54,sangat baik knpa wa sy tdk dpt di buka
Pengguna Google,5,2026-05-25 14:03:34,kenapa wasap saya terkena spam terus pusat wasap tolong perbaiki lagih dong kalo saya mengunakan wasap karena penting banget bos Makasih
Pengguna Google,5,2026-05-25 14:02:14,Bagus
Pengguna Google,5,2026-05-25 14:00:10,baik
Pengguna Google,1,2026-05-25 13:59:45,Kaga ada asupan yang mantep ya
Pengguna Google,5,2026-05-25 13:58:25,memudahkan komunikasi keperluan pendidikan
Pengguna Google,5,2026-05-25 13:58:10,bagus
Pengguna Google,1,2026-05-25 13:57:40,"susah untuk Menelepon dan Video Call, saat menelfon secara otomatis tertolak dan terus terjadi seperti itu, dan saat kerja juga seperti itu, jadi susah untuk berkomunikasi"
Pengguna Google,2,2026-05-25 13:56:46,hallo WhatsApp kenapa perangkat saya tidak terverifikasi bahwa saya tidak menginstal WhatsApp resmi padahal saya memakai WhatsApp resmi yang tersedia di play store ini tolong ya minta bantuannya
Pengguna Google,5,2026-05-25 13:55:49,baguss bangett
Pengguna Google,1,2026-05-25 13:55:18,apa apaan ini buat story jadi grafik zaman soekarno
Pengguna Google,5,2026-05-25 13:54:33,bagus sangat membantu
Pengguna Google,3,2026-05-25 13:53:13,tiga bintang dluh. banyak iklan
Pengguna Google,4,2026-05-25 13:50:59,"Sebenarnya aplikasi ini memang yang paling oke cuma penyimpanannya tidak seperti FB, you tube, Instagram tread atau sejenisnya jadi ya harus pikiran dulu bila harus kirim media biar gak terhapus atau hilang yang tidak sengaja"
Pengguna Google,5,2026-05-25 13:50:52,👍👍👍👍
Pengguna Google,1,2026-05-25 13:50:36,SETIAP APLOUD STATUS GAMBAR NYA PECAH DAN VIDEO NYA JELEK BANGET
Pengguna Google,1,2026-05-25 13:50:01,bikin story selalu buram kocak.
Pengguna Google,2,2026-05-25 13:49:48,"aplikasi ini apa hanya memilih hp tertentu yg bisa menggunakan,saya 2 kali ganti nomor. tapii selalu terblokir. tanpa ada kesalahan"
Pengguna Google,5,2026-05-25 13:47:51,Baik
Pengguna Google,5,2026-05-25 13:47:02,pokoknya oke
Pengguna Google,3,2026-05-25 13:47:01,sengaja ku kasih 3 bintang soalnya wa sering Ngae bug mana sekarang gak bisa di login
Pengguna Google,5,2026-05-25 13:46:38,sangat bagus terima kasih
Pengguna Google,5,2026-05-25 13:44:41,tolong di bantu akun watsap saya yang di batasi
Pengguna Google,3,2026-05-25 13:44:31,WhatsApp gue eror coook
Pengguna Google,5,2026-05-25 13:43:01,bagus
Pengguna Google,3,2026-05-25 13:42:01,semoga di terimah sama2 teman
Pengguna Google,5,2026-05-25 13:41:04,nice i like it
Pengguna Google,5,2026-05-25 13:40:55,bagus
Pengguna Google,1,2026-05-25 13:40:43,blom teer instal instal
Pengguna Google,5,2026-05-25 13:40:14,coba
Pengguna Google,5,2026-05-25 13:39:45,saya sangat senang
Pengguna Google,5,2026-05-25 13:39:31,sangat baguss
Pengguna Google,5,2026-05-25 13:38:37,"whatsapp Bisa chat dengan orang Yg Jauh Dan Bisa ngobrol dengan teman, tetapi kadang whatsapp ini kadang ngelek kalo di salahkan kouta ,kauta aja banyak dan apa coba yang salah tolong bantu jawab untuk ulasan saya trimakasih konfirmasi saya"
Pengguna Google,5,2026-05-25 13:38:24,adain fitur live dong min di saluran plocc
Pengguna Google,5,2026-05-25 13:33:03,Tolong la jgn gk bisa lagi.whatsaap yang resmi yang mana lagi
Pengguna Google,5,2026-05-25 13:30:54,"whatsapp saya sudah 3 bulan lebih di Spam trus menerus.....sudah malas aku mintah di tinjau terus. sebentar jadi,sebentar di Spam..... pada hal saya tidak melanggar ketentuan Whatsapp....... aku bosan dengan di Spam terus menerus....."
Pengguna Google,1,2026-05-25 13:28:05,"sekarang beberapa orang akun mereka/no WhatsApp messenger merek kena blokiran oleh admin WhatsApp aku minta tolong sama pihak WhatsApp jangan sesukanya memblokir nomor orang yg menggunakan WhatsApp karna mereka membutuhkan yg namanya WhatsApp supa bisa menelfon keluarga mereka kasian sama orang yg anda belokir WhatsApp Mereke, Mereka rela beli kartu demi bisa menelfon keluarga mereka dan ujung-ujungnya akun mereka kena belokiran lagi jadi aku mewakili orang² yg akun Mereka yg keblokir aku minta"
Pengguna Google,3,2026-05-25 13:27:09,semenjak di-update banyak terjadi bug di wa seperti vc yang macet GK gerak dll
Pengguna Google,5,2026-05-25 13:26:28,Semoga bermanfaat
Pengguna Google,5,2026-05-25 13:25:31,kenapa saya ngga bisa buka watsap yah mohon dong di perbaiki
Pengguna Google,2,2026-05-25 13:24:47,selalu selalu dan selalu setiap unggah sw selalu aja blur di album hd di sw nya blur mana di hd in mb/penyimpanan nya tinggi melebihi penyimpanan pada vide sekedar untuk post 24 jam aja masih ribet blur mintak ampun kapan di perbaiki nya jawabnnya ga pernah
Pengguna Google,5,2026-05-25 13:23:57,Sangat baik
Pengguna Google,3,2026-05-25 13:23:56,tolong update durasi tentangnya di matikan/ di sediakan opsi selalu gunakan. karna harus memperbarui tentang setiap sebulan sekali paling lmaa. sangat menyebalkan
Pengguna Google,5,2026-05-25 13:23:42,bagus
Pengguna Google,1,2026-05-25 13:22:35,Oke
Pengguna Google,1,2026-05-25 13:22:17,"maksudnya gimana kok saya download wa dari playstore tapi pas login malah ada tulisan wa tidak resmi, pas saya beralih ke wa bisnis juga sama"
Pengguna Google,5,2026-05-25 13:22:11,good
Pengguna Google,5,2026-05-25 13:22:00,At least aku gk ai 😏
Pengguna Google,5,2026-05-25 13:21:42,asik.
Pengguna Google,5,2026-05-25 13:20:39,Hp ku tidak bisa donlwt
Pengguna Google,5,2026-05-25 13:20:28,menggubugi keluarga
Pengguna Google,1,2026-05-25 13:19:48,"katene update story lakok ga ngirim"" padahal jaringan ku apik😏😏😠😡😡😡😡😡"
Pengguna Google,4,2026-05-25 13:19:38,kenapa akun dibatasi
Pengguna Google,5,2026-05-25 13:19:28,bagus👍
Pengguna Google,4,2026-05-25 13:19:08,chat
Pengguna Google,1,2026-05-25 13:17:43,PACAR SAYA TIDAK PERNAH MEMBALAS CHAT SAYA DAN TERNYATA SAYA DI TIKUNG SAYA PATAH HATI SAYA KECEWE DENGAN PIHAK WHATSAPP
Pengguna Google,5,2026-05-25 13:17:29,bisa mengobrol dengan jarak jauh
Pengguna Google,5,2026-05-25 13:17:28,bagus sekali tapi ketika sya menonton status WhatsApp tdak bisa mendengarkan
Pengguna Google,5,2026-05-25 13:16:52,oke joss
Pengguna Google,5,2026-05-25 13:15:49,baik
Pengguna Google,1,2026-05-25 13:14:54,setelah update malah banyak errornya durasi story terlalu pendek.... lama lama buruk ni apk....
Pengguna Google,3,2026-05-25 13:13:55,jangan makin banyaj penyimpanan nya kasian yang RAM hpnya sedikit
Pengguna Google,5,2026-05-25 13:13:50,baguss
Pengguna Google,5,2026-05-25 13:13:07,emang yang terbaik
Pengguna Google,5,2026-05-25 13:10:43,sangat puas
Pengguna Google,5,2026-05-25 13:10:28,ok
Pengguna Google,5,2026-05-25 13:10:04,kenapa error
Pengguna Google,5,2026-05-25 13:09:56,mantap pokoknya..
Pengguna Google,5,2026-05-25 13:07:49,bagus membantu konikasi
Pengguna Google,5,2026-05-25 13:07:48,oke
Pengguna Google,1,2026-05-25 13:07:34,"Makin hari makin ga jelas ni aplikasi,update mulu,sering eror,notif gak muncul,jadi ga tau ada chat kalo ga buka aplikasi,pdahal udh update Untuk liat sw cuma muter2 doang padahal buka aplikasi lain lancar2 aja makin gak jelas performa whatsapp"
Pengguna Google,4,2026-05-25 13:07:28,Asalamualaikum
Pengguna Google,1,2026-05-25 13:07:19,kenapa keban sendiri
Pengguna Google,5,2026-05-25 13:07:04,oke
Pengguna Google,5,2026-05-25 13:05:21,saran untuk menambahkan keamanan dari virus aku udh kena 10 kali
Pengguna Google,3,2026-05-25 13:04:44,tolong perbaiki ketika VC selalu ceket
Pengguna Google,5,2026-05-25 13:03:51,pengusaha
Pengguna Google,4,2026-05-25 13:02:11,mantap
Pengguna Google,5,2026-05-25 13:00:29,aku sangat suka
Pengguna Google,1,2026-05-25 12:59:12,ada update ny gk enak jadi ny
Pengguna Google,5,2026-05-25 12:58:26,ok
Pengguna Google,4,2026-05-25 12:58:21,ok boss
Pengguna Google,5,2026-05-25 12:58:10,mantappp
Pengguna Google,5,2026-05-25 12:56:42,terbaik
Pengguna Google,5,2026-05-25 12:56:22,ok
Pengguna Google,5,2026-05-25 12:55:33,"tolong lahh WhatsApp jangann beri pembatasan akuuu plisss,akuu sudahh habis 2 nomor karena kena batesan 🙁"
Pengguna Google,5,2026-05-25 12:55:28,ini bagus bgt sih apa lagi kalo ada keperluan ini itu tinggal nelfon atu chat aja
Pengguna Google,1,2026-05-25 12:53:48,no hp lama gk bisa login parahhhh. bisa login sering di spamblock
Pengguna Google,1,2026-05-25 12:53:38,saya beri bintang satu karna wa saya sering keluar dan tidak bisa mengirim pesan
Pengguna Google,5,2026-05-25 12:53:36,mantap
Pengguna Google,1,2026-05-25 12:52:53,"akun saya tidak bisa di gunakan lagi jadi ini gimana, tolong perbaiki whatsapp nya asal jangn penipuan."
Pengguna Google,4,2026-05-25 12:51:50,kena 4bintanf aja Krn sekarang panyak penipuan Krn GK punya editan privasi wa bikin dong edit privasi plas dan GK ada chat ak sedih nya 🤭🫣🙏🏻🙏🏻🫶🏻
Pengguna Google,5,2026-05-25 12:51:26,bagus
Pengguna Google,4,2026-05-25 12:49:34,"mohon untuk TDK terus meminta di upgrade, itu sungguh mengganggu, aplikasi yg bagus tapi terlalu sering kadaluarsa dan harus di upgrade lagi lagi dan lagi..."
Pengguna Google,5,2026-05-25 12:48:31,good
Pengguna Google,5,2026-05-25 12:46:35,baguss
Pengguna Google,1,2026-05-25 12:45:35,ok
Pengguna Google,5,2026-05-25 12:45:20,WhatsApp Sangat membantu dalam usaha saya
Pengguna Google,5,2026-05-25 12:45:11,tolong buka kembali akun WhatsApp ini
Pengguna Google,5,2026-05-25 12:45:04,bagus trimakasi
Pengguna Google,1,2026-05-25 12:44:32,kenapa mau bikin kunci sidik jari ga bisa? ga salah hp gw karna apk lain yg pake sidik jari masih bisa kecuali wa
Pengguna Google,5,2026-05-25 12:44:10,oke sangat membantu....
Pengguna Google,4,2026-05-25 12:42:52,sering banget di suruh update padahal Minggu lalu udah...dimohon untuk developernya jan banyakan di updateny y
Pengguna Google,5,2026-05-25 12:42:51,bagus bagus
Pengguna Google,5,2026-05-25 12:42:39,𝐛𝐚𝐡𝐚𝐠𝐢𝐚
Pengguna Google,1,2026-05-25 12:42:22,gak bisa dapet kode verification
Pengguna Google,5,2026-05-25 12:41:32,ok
Pengguna Google,5,2026-05-25 12:40:31,senang
Pengguna Google,1,2026-05-25 12:40:06,akun saya tiba tiba dalam tinjauan padahal saya tidak melakukan apa apa dan saat mau login loading trus ga bisa login
Pengguna Google,5,2026-05-25 12:39:40,keren cuman sering kenon
Pengguna Google,1,2026-05-25 12:38:54,"apk gajelas,wa ku di banned,asal blokir aja,dikira sini gada data data penting apa? aku sekolah dll gada data penting? kalo suka blokir mah gausah aja,toh wa tu privasi napa ngotak ngatik blokir2 bikin ga nyaman aja pake apk ini."
Pengguna Google,5,2026-05-25 12:37:53,bagus
Pengguna Google,1,2026-05-25 12:37:34,WhatsApp srtelah diupdate dgn versi baru untuk tanda centang kelihatan tidak aktif. pada hal dipengaturan/setelan utk laporan dibaca sdh diaktifkan. Sepertinya WhatApp bukannya lbh bagus tapi makin jelek Skrng status WA juga tidak bisa dihapus.. Ini aplikasi bukannya dengan adanya update malah semakin mundur kualitasnya. Semoga ada aplikasi terbaru dan lbh bagus dari pd WA ini
Pengguna Google,1,2026-05-25 12:37:01,tolong watsap sekarang ko watsap gampang ke blokir si saya sebagai kurir sangan repot sekali kalau harus kayaa gini kadang limit haduhh
Pengguna Google,3,2026-05-25 12:36:09,Gatau dari hp atau nmr nya.. Susah masuk wa nya
Pengguna Google,5,2026-05-25 12:35:46,ok Joss
Pengguna Google,5,2026-05-25 12:35:29,ok
Pengguna Google,5,2026-05-25 12:35:08,"update tan banyak, bagus lah Mayan, buat nge chat nya tapi plis banget ini di status wa kan ada tanda love kita bisa nge like sw orng kan, nah WhatsApp aku cuma pengen tambahin emot lain juga dong di sw tapi yg gak kekirim gitu pokok nya muncul kayak kita nge like sw temen kita, plis pengen banget"
Pengguna Google,5,2026-05-25 12:35:07,bagus dan lebih bagus daripada kata bagus 👍
Pengguna Google,3,2026-05-25 12:34:35,"saya kasi bintang 3 karna bagus juga tapi masalah nya wa sering ke kenon,tinjau terus saya mohon kepada wastapp untuk di longarkan keamananya karena setiap saya chat teman belum di save malah kena kenon,tinjau makasih"
Pengguna Google,1,2026-05-25 12:31:55,"tidak menerima kode otp, dal laporan gak memuaskan..."
Pengguna Google,5,2026-05-25 12:31:22,
Pengguna Google,5,2026-05-25 12:30:15,ada masalah tak bisa nelpon
Pengguna Google,5,2026-05-25 12:30:06,kenapa tidak bisa buat status
Pengguna Google,5,2026-05-25 12:30:02,bagus
Pengguna Google,5,2026-05-25 12:29:03,ok
Pengguna Google,5,2026-05-25 12:28:50,sangat mwah dan membantu
Pengguna Google,5,2026-05-25 12:27:29,karna bagus
Pengguna Google,5,2026-05-25 12:27:00,baguss
Pengguna Google,5,2026-05-25 12:26:47,bagus
Pengguna Google,5,2026-05-25 12:23:39,"sangat berguna untuk berkomunikasi antar lain,tetapi minus nya sering gajelas wa nya,bikin greget"
Pengguna Google,4,2026-05-25 12:23:17,mantap
Pengguna Google,3,2026-05-25 12:23:10,Kenapa kok Wahtsap Syaa Suruh donload wa Resmi sedangkan saya udah donload
Pengguna Google,5,2026-05-25 12:22:34,yaman
Pengguna Google,2,2026-05-25 12:22:20,"apk ini baru aku daftarin dua hari lalu tb², gabisa di gunain dengan masalah ""akun sedang di tinjau"", mohon kerja sama nya, saya perlu apk ini"
Pengguna Google,1,2026-05-25 12:20:23,"suka nge bug kalo lagi video call, kadang tombol kamera sama bagikan layarnya ilang, kadang camera nya nge frez, sekarang mah nambah jelek nih aplikasi👎👎"
Pengguna Google,1,2026-05-25 12:19:23,kenapa ya ko aplksinya ngg bisa digunakan awalnya ngg bisa verifikasi lpas itu sruh download apkl wa yang resmi ngg ngerti mksdny gmn.. Tlng dong di betulin ni aplksi
Pengguna Google,5,2026-05-25 12:17:38,aplikasi yang bagus
Pengguna Google,5,2026-05-25 12:17:37,"Mantaf lh,,pertahan kan jangan bertingkah,,"
Pengguna Google,3,2026-05-25 12:16:35,dari brpa updetan ga ada yang beres mulai dari kontak yang tiba tiba ke apus sampai klo vc tiba tiba nge cres
Pengguna Google,4,2026-05-25 12:16:13,gaada filter buat muka
Pengguna Google,5,2026-05-25 12:14:21,gampang dan modah
Pengguna Google,4,2026-05-25 12:13:13,"Aplikasi nya bagus,cuma kadang ngebug pdhl ada file tp malah ngga ada filenya di wa"
Pengguna Google,5,2026-05-25 12:12:02,"hallo tim WhatsApp,,tiba tiba akun WhatsApp saya diblokir /Akun sedang ditinjau, saya merasa ini adalah kesalahan sistem WhatsApp. mohon untuk ditinjau kembali akun saya dan segera selesaikan masalah ini."
Pengguna Google,5,2026-05-25 12:11:58,bagus
Pengguna Google,5,2026-05-25 12:11:50,Siiip..
Pengguna Google,5,2026-05-25 12:10:00,gooddd joooob
Pengguna Google,5,2026-05-25 12:09:16,Raka
Pengguna Google,5,2026-05-25 12:09:11,bagus aplikasinya
Pengguna Google,5,2026-05-25 12:09:07,BAGUS
Pengguna Google,5,2026-05-25 12:08:19,bagus
Pengguna Google,5,2026-05-25 12:08:15,gas
Pengguna Google,1,2026-05-25 12:07:17,tidak bisa login dan tidak bisa perbaiki akun saya Jngan download aplikasi ini
Pengguna Google,5,2026-05-25 12:07:11,aplikasi WhatsApp Massenger ini sangat membantu saya dan memuaskan sekali 👌👍😎
Pengguna Google,3,2026-05-25 12:06:22,bang ini kok waktu orang lain kirim gambar di grup tapi di saya gambarnya nggk ada ya
Pengguna Google,5,2026-05-25 12:04:28,okey
Pengguna Google,3,2026-05-25 12:04:23,kenak blok Mulu pdhl gk spam
Pengguna Google,5,2026-05-25 12:02:52,👍
Pengguna Google,1,2026-05-25 12:02:51,udah 2 x ganti no masih sering logout sendiri padahal tidak pernah spam. aneh banget WhatsApp sekarang. tolong segera perbaiki masalah seperti ini no penting saya sampe kena blokir padahal ga diapa2in
Pengguna Google,5,2026-05-25 12:02:07,bagus
Pengguna Google,5,2026-05-25 12:00:11,Terbaik
Pengguna Google,5,2026-05-25 11:59:41,bagussss
Pengguna Google,5,2026-05-25 11:57:39,Kren
Pengguna Google,5,2026-05-25 11:54:45,"perbaiki lagi aplikasi kau yah heang, baru pulih dari blokiran udah langsung di blokir otomatis"
Pengguna Google,5,2026-05-25 11:53:07,ini cukup bagus hanya WhatsAp saya sering kali ngelag karena tidak mendapat kode verifikasi dari Whatsap
Pengguna Google,5,2026-05-25 11:53:06,sangat bagus
Pengguna Google,5,2026-05-25 11:51:51,baik banget
Pengguna Google,5,2026-05-25 11:50:38,manfaat
Pengguna Google,1,2026-05-25 11:50:26,"tadi saya buka wa trus tiba tiba katanya wa ini tidak bisa di gunakan lagi ,trus saya coba ulang login lgii sama aja hasil nya tidak bisa di gunakan lagi,mohon bantuannya"
Pengguna Google,5,2026-05-25 11:50:13,bagus
Pengguna Google,5,2026-05-25 11:49:32,oke
Pengguna Google,3,2026-05-25 11:48:56,aneh...sering tidak keluar notifikasi
Pengguna Google,5,2026-05-25 11:47:47,aplikasi j8t. niat nya mau mengungkapkan perasaan ehhh malah ditolak dan di blok.
Pengguna Google,3,2026-05-25 11:47:00,JANGAN UPDATE TERUS TIAP BULAN PLS
Pengguna Google,5,2026-05-25 11:46:51,cepat dan jelas
Pengguna Google,5,2026-05-25 11:46:24,bagus
Pengguna Google,1,2026-05-25 11:45:45,fitur efek saat vc tidak muncul
Pengguna Google,1,2026-05-25 11:45:41,hari hari tinjauan terus ga bisa masuk
Pengguna Google,1,2026-05-25 11:44:29,"kenapa whatshap saya, tidak bisa diapakai padahal baru beberapa hari dipakai"
Pengguna Google,5,2026-05-25 11:44:06,sangat membantu
Pengguna Google,5,2026-05-25 11:43:44,kakak kenapa WhatsApp saya sering di tinjau kenapa kak
Pengguna Google,5,2026-05-25 11:42:36,ok
Pengguna Google,1,2026-05-25 11:42:19,no saya 1 lgi di bekukan. nomor di dlmnya penting bgt. kode verifikasi juga dri kmrn disuruh tunggi 7 jam mulu. tim wa juga tidak tau dimana yg harus dihubungi. wa saya juga tdk terhubung dgn gmail. saya kecewa bgt sama wa
Pengguna Google,5,2026-05-25 11:40:19,makasih udah membantu saya untuk komunikasi sama kerabat meskipun jarak jauh🙏🙏
Pengguna Google,5,2026-05-25 11:39:06,terimakaiaih
Pengguna Google,4,2026-05-25 11:37:22,sudah dari sd pakai ini
Pengguna Google,5,2026-05-25 11:36:36,ini bagus untuk ber komunikasi sama orng yg jauh
Pengguna Google,1,2026-05-25 11:35:52,karna gabisa pake filter
Pengguna Google,1,2026-05-25 11:35:08,sangat bagus
Pengguna Google,5,2026-05-25 11:34:39,BAgus
Pengguna Google,3,2026-05-25 11:32:44,"tolong ini pas lagi vidio call kameranya sering ngebug dan itu fix bukan dr device kami ini dari aplikasinya soalnya beberapa orang juga mengalami hal yang sama dan ini sangat tidak nyaman membuat komunikasi menjadi tidak efesien. tolong segera diperbaiki, terimakasih!"
Pengguna Google,5,2026-05-25 11:32:04,"bagus whatssap yg dlu, itu di status nya jadi males buat liat status orang soalnya ke pinggir berjejer nya.. ga kaya dulu enak berjejer ke bawah .."
Pengguna Google,5,2026-05-25 11:31:18,knpa wa saya diblok
Pengguna Google,5,2026-05-25 11:31:18,good
Pengguna Google,5,2026-05-25 11:29:15,berguna bgt
Pengguna Google,5,2026-05-25 11:28:04,tolong tim WhatsApp jangan di blok wa saya sudah 2 hari di blok
Pengguna Google,1,2026-05-25 11:28:02,"sering log out sendiri, padahal ga ada perangkat tertaut lainya pas masuk malah loading lama"
Pengguna Google,5,2026-05-25 11:28:02,kenapa wa saya kenak batasi
Pengguna Google,5,2026-05-25 11:27:20,sangat baik dan membantu
Pengguna Google,2,2026-05-25 11:27:10,WA saya bermasalah mulu knpa iihh 🥲
Pengguna Google,4,2026-05-25 11:27:08,"WhatsApp versi baru skrg kenapa ya? kalo hapus chat ga ada konfirmasi lagi soal media yg sempet di kirim ikut di hapus atau engga, tibatiba langsung konfirmasi hapus trus media chat (foto, vid) otomatis ke hapus juga. kayanya dulu engga.. balikin kaya dulu aja, supaya kalau mau hapus chat, ada konfirm apakah foto vidio dan dokumen mau ikut di hapus atau engga. trims"
Pengguna Google,5,2026-05-25 11:26:45,baik bagus
Pengguna Google,5,2026-05-25 11:26:16,memudahkan
Pengguna Google,5,2026-05-25 11:25:20,Bisa ga klo kirim apa² jgan gak burik gitu 💥..
Pengguna Google,1,2026-05-25 11:25:16,Mau daftar nomor selalu di bilang apk tidak resmi
Pengguna Google,1,2026-05-25 11:24:56,akun saya di blok padahal itu yg login cmn saya doang...
Pengguna Google,5,2026-05-25 11:23:10,saya sengaja memberikan bintang 5 karna wa saya sering tekenot dan bug
Pengguna Google,5,2026-05-25 11:22:53,ok
Pengguna Google,5,2026-05-25 11:22:42,👍👍👍👍👍
Pengguna Google,3,2026-05-25 11:22:33,saya udah beli kartu 2kali tetep aja kena ban terus .ohon pihak WhatsApp diperbaiki sistem nya
Pengguna Google,5,2026-05-25 11:21:50,baik buat obrolan
Pengguna Google,5,2026-05-25 11:21:08,bagus
Pengguna Google,5,2026-05-25 11:20:20,ok
Pengguna Google,5,2026-05-25 11:19:45,ok
Pengguna Google,5,2026-05-25 11:19:13,saya senang
Pengguna Google,5,2026-05-25 11:18:40,sangat bagus
Pengguna Google,5,2026-05-25 11:18:37,bagus
Pengguna Google,4,2026-05-25 11:18:24,masih bnyak kurangnya
Pengguna Google,5,2026-05-25 11:18:17,baik
Pengguna Google,5,2026-05-25 11:17:38,Tolong Donggg Ini Saya Mauuuuu Mensinkronkan WA Ke Kontak Tapi Gak Bisa Otomatis Di Sinkronkan WA Ke Kontak Itu Gimana Ya Solusinyaaaaaa
Pengguna Google,5,2026-05-25 11:17:21,Whatsapp tidak bisa
Pengguna Google,5,2026-05-25 11:16:33,sangat bagus
Pengguna Google,5,2026-05-25 11:16:12,ok huu
Pengguna Google,4,2026-05-25 11:16:07,bagus hanya sja kadang ngkk bisa di buka dan menerima pesan nomor kontak juga sering hilang padahal suda di save tolong di perbaiki LGI masa buka ytp jdi buka WhatsApp Loding banget
Pengguna Google,1,2026-05-25 11:14:54,"wa nya tolol GK guna, masa saya pake baru SE hari ilang, harus ganti nomor, udh berapaa kalo aku ganti nomor tetap aja. tolong wa nya di perbaiki"
Pengguna Google,5,2026-05-25 11:13:05,terbaik
Pengguna Google,5,2026-05-25 11:13:02,bisa gomong ama pcr
Pengguna Google,5,2026-05-25 11:12:45,ok
Pengguna Google,5,2026-05-25 11:12:17,bagus
Pengguna Google,5,2026-05-25 11:12:13,Mantap
Pengguna Google,1,2026-05-25 11:12:03,TOLONG PERBAIKIN WA INI SUDAH RUSAK PAS DI MASUKIN MALAH KELUAR LAGI UNTUK SEMENTARA SAYA KASIH BINTANG SATU DULU🙏
Pengguna Google,5,2026-05-25 11:11:54,Cepat behubungan dgn ceepat
Pengguna Google,5,2026-05-25 11:11:15,sangat bagus
Pengguna Google,5,2026-05-25 11:10:09,applikasi ini memang bagus simpel banyak fitur+ai
Pengguna Google,5,2026-05-25 11:07:56,sangat membantu
Pengguna Google,5,2026-05-25 11:06:30,MOHON🙏🏼... KEPADA DEVLOPER SUPAYA TIDAK TERBLOKIR AKUN SAYA. TERIMA KASIH
Pengguna Google,5,2026-05-25 11:05:32,ini membatu untuk berkomunikasi dengan orang kan
Pengguna Google,5,2026-05-25 11:03:00,Untuk Privasi Tentang Saya di profile tolong Di Permanenkan Jngn Pakai Durasi
Pengguna Google,5,2026-05-25 11:02:50,tolong di perbaiki ya kenapa whatsap selalu muncul memori penuhakhir2 ini
Pengguna Google,1,2026-05-25 11:00:41,kenapa watsap sellau spam no saya akun saya ...kecewa berat saya .Samapi Gonta ganti sja no .tidk kasian kami pekerja data semua di situ .parah watsap nya
Pengguna Google,5,2026-05-25 11:00:11,tidak bisa mengunduh
Pengguna Google,5,2026-05-25 10:59:26,mantap
Pengguna Google,1,2026-05-25 10:59:22,tidak nyaman adanya AI MICHET
Pengguna Google,1,2026-05-25 10:58:47,gak bisa login
Pengguna Google,4,2026-05-25 10:58:38,kalo setiap saya mau bikin sw ga bisa tag grub/orang
Pengguna Google,5,2026-05-25 10:58:18,bagus
Pengguna Google,5,2026-05-25 10:58:08,bagusss bangett😍😍🤩
Pengguna Google,5,2026-05-25 10:57:55,bagus
Pengguna Google,3,2026-05-25 10:56:22,sering nge lag ga jelas saat video call
Pengguna Google,5,2026-05-25 10:56:08,"apk wa emang udh oke bagus tapi kekurangannya cmn satu pas posting sw kok pas di posting video nya jadi burem,burik, padahal sebelum masuk sw hd banget"
Pengguna Google,1,2026-05-25 10:55:12,membatasi wa orang tanpa alasan yang jelas
Pengguna Google,3,2026-05-25 10:53:52,baik
Pengguna Google,4,2026-05-25 10:53:23,"gabisa wa ku ga bisa login,malah di suruh download yang resmi padahal udah download di playstore"
Pengguna Google,5,2026-05-25 10:50:56,wa di spam minta bantuan
Pengguna Google,1,2026-05-25 10:48:46,"gimana sih? masa mau masuk akun kalo mau minta kode otp lewat sms, harus nunggu 7 jam"
Pengguna Google,5,2026-05-25 10:48:44,Pelajari lebih lanjut
Pengguna Google,5,2026-05-25 10:48:13,kok sering di blok nomor whstsap ku sedang kn tidak berbuat apa apa
Pengguna Google,3,2026-05-25 10:47:09,wa saya di tinjau 24 jam
Pengguna Google,2,2026-05-25 10:47:05,"ku kasih bintang 2 karena fitur stiker agak nyebelin, masak orang ngcht cuma di balas stiker, emang apa coba gunanya stiker, tolong di hapus nanti ku kasih bintang 5"
Pengguna Google,5,2026-05-25 10:46:30,mantap
Pengguna Google,3,2026-05-25 10:45:39,BAGUS SAYA SUKA KEREN SANGAT MEMBANTU
Pengguna Google,1,2026-05-25 10:44:54,knapa wa saya ngak bisa di buka
Pengguna Google,5,2026-05-25 10:44:25,ok
Pengguna Google,4,2026-05-25 10:44:17,coba pas bikin story lagunya bisa panjang pasti enak bngt di denger
Pengguna Google,5,2026-05-25 10:43:48,Aga lama nge download nya
Pengguna Google,5,2026-05-25 10:42:06,keren
Pengguna Google,5,2026-05-25 10:41:37,bagus
Pengguna Google,5,2026-05-25 10:41:14,bagus
Pengguna Google,5,2026-05-25 10:40:08,sesuai harapan
Pengguna Google,5,2026-05-25 10:39:38,keren
Pengguna Google,5,2026-05-25 10:39:30,mantap
Pengguna Google,4,2026-05-25 10:39:08,baik
Pengguna Google,5,2026-05-25 10:38:44,good
Pengguna Google,5,2026-05-25 10:37:52,Bagus
Pengguna Google,5,2026-05-25 10:37:50,Mantap
Pengguna Google,1,2026-05-25 10:37:12,Kek babii gabisa login terus
Pengguna Google,1,2026-05-25 10:35:49,"kenapa aku saya terus log out, jika tidak sengaja diblokir mohon kembalikan seperti semula."
Pengguna Google,5,2026-05-25 10:35:42,WA SANGGAT KEREN DAN BAIK TQQ
Pengguna Google,5,2026-05-25 10:33:59,sangat baik dan berguna
Pengguna Google,5,2026-05-25 10:33:30,apliksiny sangat bagus...saya suka saya suka
Pengguna Google,1,2026-05-25 10:32:47,knapa whatsap sekarang tidak ad notifikasi pangilan masuk
Pengguna Google,4,2026-05-25 10:30:52,"sering update jangan sering"" update hp ku panas+penyimpanan tiba-tiba penuh+harus ganti nomor yang harus ke situ ke sana ke sini"
Pengguna Google,5,2026-05-25 10:30:45,Good
Pengguna Google,2,2026-05-25 10:30:21,akun saya di band dan saya tidak salah apa apa dan di suruh unduh WhatsApp resmi padahal yang ini sudah resmi
Pengguna Google,2,2026-05-25 10:29:34,"kembalikan mode ""tentang"" yang ada di profil bisa permanen tanpa durasi"
Pengguna Google,1,2026-05-25 10:29:06,Bad
Pengguna Google,5,2026-05-25 10:24:35,ok
Pengguna Google,5,2026-05-25 10:24:31,"tolong dong tambahin jumlah sematkan min 5 atau max 5,jgn cmn 3 org aj"
Pengguna Google,5,2026-05-25 10:23:48,"Lumayan la bagus aplikasi nya, sedikit sentilan min kalo bukak story wa kenapa sering muter"" ya semakin di update semakin berat juga ngebukak fitur storynya, tolong di perbaiki lagi dari sisi kekurangannya admin🙏"
Pengguna Google,5,2026-05-25 10:23:19,bagus
Pengguna Google,5,2026-05-25 10:22:46,mantap sekali
Pengguna Google,5,2026-05-25 10:22:02,good
Pengguna Google,3,2026-05-25 10:21:47,kode otpnya tidak di kirim
Pengguna Google,5,2026-05-25 10:21:07,Terimakasih ya roob
Pengguna Google,5,2026-05-25 10:19:48,terimakasih sudah kembali akun saya. dan mohon hapus akun di hp lama
Pengguna Google,5,2026-05-25 10:18:58,mantap aja
Pengguna Google,5,2026-05-25 10:18:52,Saya senang menggunakan whatsapp Saya bisamenelpon dari jauh dan untuk bercerita
Pengguna Google,5,2026-05-25 10:18:50,akun sering di spam WhatsApp tlng di buka biar adil dan manusiawi
Pengguna Google,1,2026-05-25 10:18:16,ini kenapa WhatsApp mogok terus keluar
Pengguna Google,5,2026-05-25 10:18:06,Bagus
Pengguna Google,1,2026-05-25 10:17:12,saya tidak bisa masuk ke WhatsApp messenger
Pengguna Google,5,2026-05-25 10:17:10,bagus
Pengguna Google,2,2026-05-25 10:16:12,upgrade
Pengguna Google,5,2026-05-25 10:14:53,assalamualaikum
Pengguna Google,5,2026-05-25 10:14:37,sangat' bagus
Pengguna Google,5,2026-05-25 10:13:49,baik
Pengguna Google,4,2026-05-25 10:13:49,bagus
Pengguna Google,5,2026-05-25 10:11:57,Manfaat
Pengguna Google,5,2026-05-25 10:10:47,Sekarang WhatsApp gak sebagus sebelum Updet
Pengguna Google,5,2026-05-25 10:10:17,𝐛𝐚𝐠𝐮𝐬𝐬
Pengguna Google,5,2026-05-25 10:10:09,gue jadi banyak teman dari negara lain
Pengguna Google,5,2026-05-25 10:07:56,versi lama
Pengguna Google,1,2026-05-25 10:07:36,sering di kenakan pelanggaran
Pengguna Google,3,2026-05-25 10:06:22,aku gabisa douwload wapsap
Pengguna Google,1,2026-05-25 10:04:11,enak wa yang dulu sekarang banyak bug nya
Pengguna Google,1,2026-05-25 10:03:50,WhatsApp ny ga jelassss saya buka wa tiba' loudut sendiri
Pengguna Google,5,2026-05-25 10:03:28,baik
Pengguna Google,3,2026-05-25 10:03:26,"WhatsApp anehh wa saya yang udah bertahun"" tiba tiba teriset lagi dan semua foto video terhapus"
Pengguna Google,5,2026-05-25 10:03:11,mantap
Pengguna Google,5,2026-05-25 10:02:44,tidak bisa di gunakan
Pengguna Google,1,2026-05-25 09:59:14,"Gak penting kalian komen di sini, gak akan pernah di denger wa"
Pengguna Google,5,2026-05-25 09:59:03,sngat bagus
Pengguna Google,5,2026-05-25 09:58:33,bagus
Pengguna Google,2,2026-05-25 09:57:48,buruk
Pengguna Google,5,2026-05-25 09:57:38,saya senang banget WhatsApp
Pengguna Google,1,2026-05-25 09:57:05,sangat tidak bagusss mau tau alasannya akun WhatsApp yang ke bend 5 kali setiap Saya ganti kartu untuk buka WhatsApp akun saya ke bend lagi
Pengguna Google,1,2026-05-25 09:56:14,lah kocak. knapa bio nyy harus pake durasi.
Pengguna Google,5,2026-05-25 09:56:07,BGus
Pengguna Google,5,2026-05-25 09:54:58,sangat bagus
Pengguna Google,5,2026-05-25 09:51:49,baik
Pengguna Google,5,2026-05-25 09:50:39,👌
Pengguna Google,1,2026-05-25 09:50:34,kenapa sekarang upload story jadi burik? padahal kualitas video udah hd tolong kembalikan seperti dulu
Pengguna Google,5,2026-05-25 09:49:59,kenapa akun saya langsung di blokir padahal saya baru saja ganti nomor entah apa alasannya mohon perhatiannya 🙏🙏🙏
Pengguna Google,1,2026-05-25 09:48:16,email n wa saya kena sadap n retas orang gimna tindakan nya ini
Pengguna Google,1,2026-05-25 09:47:39,"kenapa wa saya dibatasi,,ad apa dg wa sekarang tiba2 dibatasi"
Pengguna Google,5,2026-05-25 09:45:59,sangat bagus
Pengguna Google,1,2026-05-25 09:45:58,WhatsApp sekarang makin ga bener padahal sudah menggunakan secara Ketentuan WhatsApp nya tapi malah ke blokir sementara/permanen mohon kedepannya di perbaiki pihak WhatsApp
Pengguna Google,5,2026-05-25 09:43:33,banyak bug
Pengguna Google,1,2026-05-25 09:43:19,Ok
Pengguna Google,1,2026-05-25 09:42:56,"- pencarian gif isinya sticker bule, bukan indonesia. buat apa fiturnya kalau gak relevan - tambah fitur kecuali untuk tag semua orang - hapus batasan lagu di status hanya 15 detik. bagian terbaiknya selalu gak kebawa."
Pengguna Google,3,2026-05-25 09:42:39,"kenapa setiap upload status whatsapp menggunakan fitur musik, selalu pecah kualitasnya?! mohon diperbaiki segera mungkin.!"
Pengguna Google,1,2026-05-25 09:42:37,"tidak bisa login WhatsApp, ada peringatan tidak bisa login! saya kecewa"
Pengguna Google,4,2026-05-25 09:42:27,"wa knp ya,kadang suka ga bisa tutup tlpnya,JD suka ga bisa panggilan tlp,lagi tlp tau2 putus,trus ga bisa ,panggilan ttp berlangsung,tp gda suara dan ga bisa di matiin"
Pengguna Google,5,2026-05-25 09:41:09,baik
Pengguna Google,4,2026-05-25 09:40:57,aku udah keluar grup kenapa harus di spam di chat grup aku juga sudah menghapusnya kok masih ada grup nya memang jelek
Pengguna Google,2,2026-05-25 09:40:49,WhatsApp saya tiba tiba belum terverifikasi bagaimana ya??
Pengguna Google,2,2026-05-25 09:40:11,wa kek mana si skrng ini?!!! udh 4 kali ganti kartu masih sering kena Suspen 24jm dan ujung ² kena Suspen permanen.. tolong bangett di perbaiki karna wa inii butuh banget perluu nyaa🙏🙏
Pengguna Google,5,2026-05-25 09:40:05,pasmantap
Pengguna Google,1,2026-05-25 09:38:04,"waduhh...... buat apa sih ada fitur yang aneh² seperti habis liat status sendiri, bisa langsung lanjut ke status orang lain lagian gak guna juga😂"
Pengguna Google,5,2026-05-25 09:37:53,baik
Pengguna Google,5,2026-05-25 09:37:33,Baik
Pengguna Google,5,2026-05-25 09:35:29,Bagus
Pengguna Google,3,2026-05-25 09:35:13,"nge bug, kadang gambar tampilan eror"
Pengguna Google,5,2026-05-25 09:34:48,"bagus, apk yg sangat mempermudah komunikasi"
Pengguna Google,5,2026-05-25 09:33:31,Oke
Pengguna Google,1,2026-05-25 09:31:11,sekarang dah banyak iklan jir
Pengguna Google,5,2026-05-25 09:31:08,bermanfaat menyampaikan informasi. Terima kasih.
Pengguna Google,1,2026-05-25 09:30:46,aplikasi jelek tidak melakukan pelanggaran apapun tapi nomor saya di blokir setelah ganti nomor di tinjau pokonya tramua pakain whatsapp
Pengguna Google,5,2026-05-25 09:30:25,bagus sekali
Pengguna Google,5,2026-05-25 09:30:18,kenapa WhatsApp saya tidak bisa di gunakan
Pengguna Google,5,2026-05-25 09:28:45,aplikasi ini sangat mudah untuk digunakan
Pengguna Google,5,2026-05-25 09:27:01,tolong developer WhatsApp saya kena bug 🙏
Pengguna Google,3,2026-05-25 09:25:37,tidak papa
Pengguna Google,5,2026-05-25 09:25:11,keren gan
Pengguna Google,5,2026-05-25 09:24:15,"Tgl 4 Desember 2024 update , lalu tgl 6 Desember 2024 harus update lagi , terlalu cepat harus updatenya"
Pengguna Google,5,2026-05-25 09:23:46,bagus
Pengguna Google,5,2026-05-25 09:21:48,bgus bgttt d stiap HP wajib sii punya apk ini
Pengguna Google,5,2026-05-25 09:20:56,bagus
Pengguna Google,5,2026-05-25 09:19:59,sangat membantu
Pengguna Google,5,2026-05-25 09:19:25,sangat bagus
Pengguna Google,5,2026-05-25 09:19:03,bagus
Pengguna Google,5,2026-05-25 09:17:43,bagus
Pengguna Google,1,2026-05-25 09:15:44,"abis di update malah tidak bisa di buka aplikasinya, tolong di perbaiki bugnya, karena urgent!!!!"
Pengguna Google,3,2026-05-25 09:15:07,"untuk sekedar chattingan dan obrolan okelah, TPI Klo soal media kayak foto, video, dan audio rawan bgt hilang Klo udah ganti hp. Hati hati aja sebalik file² penting dari wa cepat pindahin ke folder pribadi biar kalaupun Whatsap eror kehapus semua datanya, media kita ga akan hilang lagi. emang tolol Klo wa mau pindah ke hp baru rentan x"
Pengguna Google,1,2026-05-25 09:14:49,gak jelas wa bermasalah buat apa gitu setiap Gua main wa pasti aja ada ganguanya wa bermasalah Chet Gus ilang semua
Pengguna Google,5,2026-05-25 09:12:18,👍👍👍
Pengguna Google,1,2026-05-25 09:10:56,Kenapa nomor saya selalu kena spam dan tidak bisa digunakan... Selalu saya ganti nomor telepon
Pengguna Google,5,2026-05-25 09:09:08,aplikasi sangat baguss
Pengguna Google,1,2026-05-25 09:08:50,"kena suspend terus, kurir paket yg harus chat no baru gimana"
Pengguna Google,2,2026-05-25 09:08:44,"kenapa ya whatsapp saya tiba-tiba kembali ke masa lalu, wa dan semua chat saya terhapus dan kembali ke chat yang kemarin. mohon kembali kan chat saya yang sekarang 🙏"
Pengguna Google,5,2026-05-25 09:07:27,sangat membantu terimakasih banyak
Pengguna Google,5,2026-05-25 09:05:47,Aplikasi ini bagus
Pengguna Google,5,2026-05-25 09:03:47,top kali
Pengguna Google,5,2026-05-25 09:03:42,is the best
Pengguna Google,5,2026-05-25 09:00:29,"saya tetep kasi bintang 5 walaupun aplikasi ini tidak berguna di HP saya, tidak seperti teman saya dia memiliki someone to talk, sedangkan saya di tag di grup pun jarang kadang kalo di tag, pas saya buka ternyata @semua, miris banget ya ini apk di HP saya😢"
Pengguna Google,1,2026-05-25 09:00:18,fitur gak guna buat apa Adain fitur baru tapi gak bisa di gunain sama aja bohong fitur hapus untuk semua gada
Pengguna Google,5,2026-05-25 08:59:17,saya ingin Wasthap kembali
Pengguna Google,1,2026-05-25 08:57:33,apk bngsd setiap buat status kagak pernah HD
Pengguna Google,5,2026-05-25 08:57:04,informasi yang cepat
Pengguna Google,5,2026-05-25 08:55:52,kenapa wasaap saya gak bisa di pak info masalahnya
Pengguna Google,5,2026-05-25 08:52:06,ok
Pengguna Google,5,2026-05-25 08:51:31,baik skli
Pengguna Google,3,2026-05-25 08:51:30,"whatsapp kenapa ya tiap uploud sw foto/video itu resolusi nya menurun malah jadi pecah gajelas padahal foto/video asli bawaan hp itu jernih ga pecah sama sekali, ke depanya tingkatin fitur sw biar resolusi bawaan hp ga pecah pas di uploud"
Pengguna Google,3,2026-05-25 08:51:18,WhatsApp tidak bisa dibuka spam akun selalu sedang ditinjau
Pengguna Google,5,2026-05-25 08:48:59,Good s
Pengguna Google,5,2026-05-25 08:45:19,ok
Pengguna Google,1,2026-05-25 08:45:00,aplikasi WhatsApp sekarang gak bagus mudah keno mudah di blokir secara permanen tollong di perbaiki
Pengguna Google,4,2026-05-25 08:44:50,update nya kurang bagus harus di perbaiki lagi biar tambah bagus karena pesan suara saya yg untuk di buat status gk bisa di gunakan lagi.
Pengguna Google,1,2026-05-25 08:44:18,karna metanya sering bercanda
Pengguna Google,4,2026-05-25 08:39:06,yaaa saya suka aplikasi ni
Pengguna Google,5,2026-05-25 08:36:31,bagus aplikasi ini
Pengguna Google,1,2026-05-25 08:35:15,saya kecewa dengan WhatsApp karna sering kena blokir gak jelas. sy mohon kenapa WhatsApp saya di blokir trus padahal hampir aktivitas saya kerja saya di WhatsApp. mohon bantuan nya gmna cara nya nomor sy udah bertahun tahun menggunakan WhatsApp. TPI 3 bulan sekarang sering kena blokir gak jelas
Pengguna Google,5,2026-05-25 08:34:05,bagus
Pengguna Google,1,2026-05-25 08:31:17,"kenapa klo mau nelpon selalu ""panggilan telepon gagal, silahkan coba lagi"" gitu terus padahal udh pke wifi ditambah data juga tolong lah perbaiki lagi sistem nya"
Pengguna Google,5,2026-05-25 08:29:12,"walaupun wa sy bermasalah tetap ta,kasih bintang full"
Pengguna Google,5,2026-05-25 08:26:51,sangat baguss
Pengguna Google,5,2026-05-25 08:25:10,ok mantap
Pengguna Google,5,2026-05-25 08:23:02,baguss
Pengguna Google,5,2026-05-25 08:21:43,"Sangat ringan, cepat, dan hemat kuota untuk komunikasi sehari-hari."
Pengguna Google,5,2026-05-25 08:20:27,nice
Pengguna Google,1,2026-05-25 08:20:21,makin gajelas buat whatsapp saudara bisa bisanya kena blok anehh
Pengguna Google,5,2026-05-25 08:19:17,sangat bagus
Pengguna Google,1,2026-05-25 08:19:09,"WhatsApp sekarang jelek ya? gajelas bgt ga melakukan aktivitas yang berbahaya atau mencurigakan malah tiba-tiba akun di batasi, udah 2 kali kena!"
Pengguna Google,5,2026-05-25 08:18:25,aku mau di perbarui saol nya gak bis whsappy nya tertulis Whsappy anda di batasi
Pengguna Google,5,2026-05-25 08:18:25,saya jadi ter bantu saat menelphon guru saya terimakasi🥰
Pengguna Google,5,2026-05-25 08:15:58,terbaik
Pengguna Google,5,2026-05-25 08:14:36,Baik
Pengguna Google,2,2026-05-25 08:14:16,"ya... apk nya udh lumayan bagus lah. tp masih ada kekurangan klo misalnya mau masuk grup lewat google chrome, masih tidak bisa langsung masuk ke grup nya"
Pengguna Google,5,2026-05-25 08:14:00,UI nya bisa lebih dibagusnin lagi ikuti perkembangan UI yang sekarang
Pengguna Google,5,2026-05-25 08:13:41,kenangan indah saat bersamamu
Pengguna Google,2,2026-05-25 08:13:08,Kalo hp di setel ulang tdm mau terdonwlod
Pengguna Google,3,2026-05-25 08:13:03,"Aplikasi ini hrs pintar..tlg ksh notif buat undangan group,tll mudah mengundang org msk ke group walaupun itu tdk ada dlm kontak kita"
Pengguna Google,5,2026-05-25 08:12:47,bagus
Pengguna Google,5,2026-05-25 08:12:34,bagus like dong min
Pengguna Google,3,2026-05-25 08:10:51,kenapa susah bgt bikin whasap no baru
Pengguna Google,3,2026-05-25 08:10:31,WhatsApp saya akhir' ini selalu terblokir tanpa alasan
Pengguna Google,3,2026-05-25 08:09:07,ingin menambah ilmu pengetahuan
Pengguna Google,5,2026-05-25 08:08:39,okee
Pengguna Google,3,2026-05-25 08:07:31,kecewa chat admin email gx ada respon nomer di blok terus
Pengguna Google,5,2026-05-25 08:04:58,bagus
Pengguna Google,1,2026-05-25 08:00:38,apk butut
Pengguna Google,4,2026-05-25 08:00:09,WhatsApp ini sangat bagus tapi harus diperbaiki lagi jangan memblokir akun WhatsApp seenaknya karena saya tidak berkata kasar atau melanggar ketentuan WhatsApp
Pengguna Google,5,2026-05-25 08:00:04,Sosialita
Pengguna Google,5,2026-05-25 07:58:34,terlalu banyak Kontak
Pengguna Google,1,2026-05-25 07:57:59,ini wa kenapa sering spam padahal sudah ganti nomor baru kalo bisa normalin lagi seperti biasa gak usah ada spam spam an
Pengguna Google,5,2026-05-25 07:57:08,tapi di WhatsApp aku belom ada filter ny pas vc itu gmna yha
Pengguna Google,5,2026-05-25 07:56:59,sangat mudah di gunakan
Pengguna Google,5,2026-05-25 07:56:44,sering nge buff tolong di perbaikin
Pengguna Google,5,2026-05-25 07:55:54,aplikasi ini sangat nembantu
Pengguna Google,5,2026-05-25 07:54:24,ok
Pengguna Google,4,2026-05-25 07:53:52,menyenangkan
Pengguna Google,5,2026-05-25 07:51:20,ok
Pengguna Google,1,2026-05-25 07:50:50,"orang kalo telpon dikasi nada dering, apaan cuma geter bunyi dret dret doang orang mana denger kalo hp nya di telpon"
Pengguna Google,5,2026-05-25 07:50:06,sagt bgus skli
Pengguna Google,2,2026-05-25 07:50:01,wa knpa ya selalu ga bisa log in padhal no sama dan hp sama...selalu dibatasi dan skrg ga bisa masuk lagi harus download yang resmi
Pengguna Google,5,2026-05-25 07:49:42,Baik
Pengguna Google,5,2026-05-25 07:46:58,bagus
Pengguna Google,5,2026-05-25 07:45:13,tolong kembalikan akun saya
Pengguna Google,5,2026-05-25 07:44:22,Kenapa saya berikan bintang 5 karan watsap sekarang sering ngleg tapi tapi tidak di saya
Pengguna Google,5,2026-05-25 07:44:00,Good
Pengguna Google,1,2026-05-25 07:42:38,sering kali kena blokir
Pengguna Google,4,2026-05-25 07:41:16,bagus
Pengguna Google,5,2026-05-25 07:41:16,tolong jangan di spam Mulu nomor saya saya pengen kerja ngak bisa jadi nya
Pengguna Google,1,2026-05-25 07:41:14,Bug vidio call
Pengguna Google,1,2026-05-25 07:40:35,"apk sampah,jan force cloce mulu lah cik"
Pengguna Google,1,2026-05-25 07:40:21,"Sangat buruk,suruh instal yg resmi padahal saya install nya disini"
Pengguna Google,1,2026-05-25 07:36:47,"PERASAAN BARU JUGA KIRIM 2 PESAN UDAH KENA PELANGGARAN, MAKSUDNYA APA!?"
Pengguna Google,4,2026-05-25 07:36:12,"pas vc gak ada filternya pdhl udah di aktifin ""izinkan efek kamera"" itu knp ya"
Pengguna Google,1,2026-05-25 07:33:22,bag saat vc
Pengguna Google,5,2026-05-25 07:30:27,"min jangan blokir wa gw min plis, gw cuma masuk GC JKT48 makanya banyak pesan nga kebales soalnya aku wa cuma buat ngabarin ortu kalo wa gw ke blok gw nga bisa ngabarin ortu gw min🙏🏻"
Pengguna Google,5,2026-05-25 07:28:01,bagus
Pengguna Google,1,2026-05-25 07:26:22,syuka bangettt
Pengguna Google,5,2026-05-25 07:23:59,ok
Pengguna Google,3,2026-05-25 07:23:24,Baru percobaan
Pengguna Google,4,2026-05-25 07:23:09,Mantap
Pengguna Google,5,2026-05-25 07:22:52,mantap
Pengguna Google,1,2026-05-25 07:20:37,"Saya sangat kecewa berat sama whatsapp. Nomor lama diblokir tanpa alasan jelas, bikin nomor baru malah langsung ditinjau lagi padahal cuma chat kontak sendiri. Saya ada urusan penting tapi akun malah tidak bisa dipakai. Sistemnya bikin orang stres sendiri. Fix sangat merugikan pengguna normal."
Pengguna Google,5,2026-05-25 07:20:04,luar biasa
Pengguna Google,1,2026-05-25 07:18:37,ngk bisa memveripikasi kan akun padahal udah pake aplikasi resmj masih dibilang ngk resmi
Pengguna Google,5,2026-05-25 07:18:03,iya bagus
Pengguna Google,4,2026-05-25 07:15:07,kok WhatsApp aku kalau vidio call gabisa pake efek/filter yaa
Pengguna Google,4,2026-05-25 07:12:14,bkin camera WA kalo vc ga miror lg pls
Pengguna Google,1,2026-05-25 07:12:07,gimana ini anjir wa gua mau masuk ga bisa karena sebelumnya kena blokir pake no yg lain juga ga bisa ini tolong dong solusinya
Pengguna Google,5,2026-05-25 07:11:20,sangat membantu untuk komunikasi dgn keluarga
Pengguna Google,1,2026-05-25 07:10:59,masa akun di tinjau mulu bosen....
Pengguna Google,5,2026-05-25 07:10:22,sangat memuaskan
Pengguna Google,5,2026-05-25 07:10:08,mantap
Pengguna Google,5,2026-05-25 07:10:06,Good
Pengguna Google,5,2026-05-25 07:09:11,ya bagus
Pengguna Google,5,2026-05-25 07:08:01,Coba coba
Pengguna Google,5,2026-05-25 07:07:38,apllikasi ini bagus bisa mengubungkan saya dengan siapa saja
Pengguna Google,5,2026-05-25 07:07:34,sangat cocok
Pengguna Google,5,2026-05-25 07:07:31,sukses
Pengguna Google,5,2026-05-25 07:05:46,ok mantap
Pengguna Google,1,2026-05-25 07:03:53,"WhatsApp sangat sensitif dan mudah keblokir, SANGAT BURUK SEKALI"
Pengguna Google,5,2026-05-25 07:01:59,Bagus banget cuk
Pengguna Google,5,2026-05-25 07:01:45,matap klo saya pake whatsapp
Pengguna Google,1,2026-05-25 07:01:25,Siip..
Pengguna Google,5,2026-05-25 07:00:22,kenapa wa saya di batasi
Pengguna Google,5,2026-05-25 06:59:09,bagus
Pengguna Google,5,2026-05-25 06:57:15,kenapa wa saya GK bisa di buka tlg di bantu
Pengguna Google,1,2026-05-25 06:56:42,"GELOOOO,banyak bngt update an nya,hp gw sampe penuhhhhhhh.Tidak rekomen bagi hp yg memorinya kecil sperti saya🌝"
Pengguna Google,5,2026-05-25 06:56:33,mantap
Pengguna Google,5,2026-05-25 06:55:14,akun wahsap GX bisa di gunakan
Pengguna Google,1,2026-05-25 06:52:21,loding trs padahal kuota masi ada loding trs wa lagi ada masalah kah wa skrng kalo buat status kenapa gaada suara aneh bngt ni wa skrng gasuka bngt apansi ni wa udh di hd in tetep blur tolol
Pengguna Google,5,2026-05-25 06:52:13,bagus
Pengguna Google,5,2026-05-25 06:50:29,"apk nya bagus banget , ko aku pakai bubble chat nya jadi bulet gitu si? ga kotak / kaya biasa nya? jadi aneh bgt terus juga kalo buat status terus dihapus kadang suka ngebug yaitu terus loading menghapus ga kehapus tapi loading trs kenapa ya? terus juga tolong hps vitur ""baca pesan semua"" benci bgt anjr kaya kalo misalnya kepencet kan syg bgt ya? chat yg tdinya didiemin eh tba tba ke read aj gitu, kaya yg udh tahun lalu udh di didiemin eh malah ke read tpi gpp, thanks bgt yg bwt wa tlg dprbaiki"
Pengguna Google,5,2026-05-25 06:48:32,jangan sampai kenak SPM lagi itu. permintaan saya
Pengguna Google,5,2026-05-25 06:48:30,bagus banget
Pengguna Google,4,2026-05-25 06:48:19,cukup bagus
Pengguna Google,5,2026-05-25 06:46:36,Please provide the feature for the history of old WhatsApp Story
Pengguna Google,5,2026-05-25 06:45:18,kenapa wa saya
Pengguna Google,4,2026-05-25 06:45:13,"tolong dong gelembung chat kembali lagi ke lonjong ,udah berubah lonjong ko balik lagi ke kotak panjang ,terus tambahkan warna obrolannya dan laporan di bacanya di ganti hanya tulisan saja (dibaca) jika terkirim pakai tulisan (terkirim) tolong di ganti dong terimakasin"
Pengguna Google,5,2026-05-25 06:41:49,keren
Pengguna Google,5,2026-05-25 06:39:34,bagus cuman kebanyakn Update apk wa nya
Pengguna Google,4,2026-05-25 06:39:25,tolong pihak whatsapp.. di bagian poin (tentang) bisa ga harus pake waktu.. knpa harus pake waktu coba?? kgunaannnya apa?
Pengguna Google,3,2026-05-25 06:38:03,"Usul min bagaimana caranya agar bisa kirim komentar ke yang diikuti di pembaruan kenapa WA gak seperti medsos yang lain bisa komentar ke laman saluran yang diikuti,klo di WA mah cuma bisa ketiin moji Izin nambah komentar usulan...🙏 Saya usul WA ubah fiturnya seperti telegram dengan syarat tetap bisa edit dan hapus pesan kecuali ada aturan di grup hanya admin yang bisa kirim pesan jadi tetap tersimpan tidak terhapus kecuali keluar grup"
Pengguna Google,2,2026-05-25 06:37:07,terlalu banyak bug
Pengguna Google,3,2026-05-25 06:35:43,"aneh tiba² nda bisa nengok status ama foto di saluran org, benci²"
Pengguna Google,5,2026-05-25 06:34:55,sangat membantu berkomujikasi
Pengguna Google,5,2026-05-25 06:34:47,bagus
Pengguna Google,1,2026-05-25 06:34:04,"aplikasi gaguna gua pake versi resmi malah dibilang ga resmi, dasar otak udang"
Pengguna Google,5,2026-05-25 06:34:01,💔💔💔💔💔💔💔
Pengguna Google,5,2026-05-25 06:32:38,"saya udah lama pake watsapp semenjak ada aplikasi watsapp, oke pokoknya???"
Pengguna Google,3,2026-05-25 06:24:50,rawan kenon tanpa sebab dan ketika kenon dan ada orang yang Chet kita tiba tiba kenon lagi
Pengguna Google,3,2026-05-25 06:24:41,kebanyakan bug
Pengguna Google,5,2026-05-25 06:23:55,sangat bagus dan sangat berguna bagi kita semua
Pengguna Google,3,2026-05-25 06:22:01,Mohon untuk tidak di sadap lagi
Pengguna Google,5,2026-05-25 06:21:40,Semoga gsk rewel
Pengguna Google,4,2026-05-25 06:20:46,kenapa apk sering x minta di perbaharui y??? nge chat beberapa no malah akun di blokir 🤦‍♀️ apk jelek
Pengguna Google,5,2026-05-25 06:20:07,bagus
Pengguna Google,1,2026-05-25 06:20:01,banyak sekali bug wa di hp saya
Pengguna Google,4,2026-05-25 06:19:04,whatsapp sudah baik.. dan mohon kalau bisa jangan ada pembaharuan.. sebab data yang ada bisa hilang semua kalau mengikuti pembaharuan whatsapp
Pengguna Google,5,2026-05-25 06:18:41,ok
Pengguna Google,5,2026-05-25 06:16:09,Bagus
Pengguna Google,5,2026-05-25 06:15:31,👍
Pengguna Google,3,2026-05-25 06:15:07,"PLS ILANGIN FILTER MIRROR DI VC DONG, MUKA GUA GA SIMETRISS😭😭"
Pengguna Google,5,2026-05-25 06:14:55,gak bisa menggunakan WA
Pengguna Google,5,2026-05-25 06:13:31,the best
Pengguna Google,2,2026-05-25 06:13:04,tidak adaa PIP di pengaturan whatsapp.
Pengguna Google,5,2026-05-25 06:10:22,asikk
Pengguna Google,5,2026-05-25 06:10:03,oke sip
Pengguna Google,1,2026-05-25 06:09:36,wa apa ini kata nya harus kirim di pesan udah nunggu beberapa menit udah kirim kode nya di pesan gakk ada udah nunggu ber jam jam malah yang ada mau ngirim lagi kode nya malah 7 jam kagak ngotak
Pengguna Google,5,2026-05-25 06:09:26,sangat bagus harus lebih hemat ke peyimpanan
Pengguna Google,5,2026-05-25 06:09:12,oke
Pengguna Google,5,2026-05-25 06:08:44,bagus
Pengguna Google,5,2026-05-25 06:08:21,keren
Pengguna Google,5,2026-05-25 06:06:43,aplikasi bagus
Pengguna Google,5,2026-05-25 06:04:25,"apli ini sangat bagus,saya suka"
Pengguna Google,1,2026-05-25 06:02:37,kenapa saya tidak bisa login.ini kan udah versi resmi di suruh ngunduh versi resmi mi dimana.aneh
Pengguna Google,4,2026-05-25 06:02:15,"sepertinya pihak WhatsApp tidak serius memberi yang terbaik, akun WhatsApp saya bolak balik diminta verifikasi nomor telepon. sekarang saya tidak bisa masuk ke WhatsApp dan menggunakannya"
Pengguna Google,5,2026-05-25 06:01:42,Sangat bagus
Pengguna Google,5,2026-05-25 06:01:23,mantap
Pengguna Google,5,2026-05-25 06:01:02,knapa wa y GK biasa di gunakan boss
Pengguna Google,5,2026-05-25 06:00:06,"ini sih raja chat massage,gw kasih lima bintang karena sangat bagus dan rekomendasi untuk dipakai"
Pengguna Google,1,2026-05-25 05:59:43,Watsap sekarang aneh tiba tiba2 di tangguhkan padahal ga lakun pelanggaran apa apa watsap sekarang jlek banget sih udah 6 kali Gati no masih ajah kaya gitu gimana sih
Pengguna Google,1,2026-05-25 05:58:56,"BURIK, VC MYA STUCK GAMBAR"
Pengguna Google,5,2026-05-25 05:58:55,Lga banget aplikasi ini tapiboong hayyuk papalepalpale
Pengguna Google,1,2026-05-25 05:57:58,"Fitur HD hilang di device saya, internal masih kosong 20GB dan sudah menggunakan versi aplikasi terbaru, kenapa ini hey"
Pengguna Google,5,2026-05-25 05:57:40,kenapa tidk biasa di pencet
Pengguna Google,5,2026-05-25 05:57:02,selalu baik
Pengguna Google,5,2026-05-25 05:55:53,"sangat bermanfaat ,KLO ada kenadak bisa ini"
Pengguna Google,5,2026-05-25 05:55:51,enakk bngett bisa pacaran🗿
Pengguna Google,5,2026-05-25 05:54:13,baik
Pengguna Google,4,2026-05-25 05:53:02,menolong
Pengguna Google,1,2026-05-25 05:51:02,APLIKASI TOLOL MASA BUAT NGE HUBUNGIN KELUARGA AJA WHATSAPP KENA BATASAN
Pengguna Google,2,2026-05-25 05:50:55,bagus
Pengguna Google,5,2026-05-25 05:50:39,sangat membantu
Pengguna Google,1,2026-05-25 05:50:17,"kenapa saat mau masuk sms tidak masuk, sama nomor saya selalu kena blok"
Pengguna Google,5,2026-05-25 05:49:54,good
Pengguna Google,5,2026-05-25 05:49:15,lebih di tingkatkan dalam hal spam
Pengguna Google,5,2026-05-25 05:49:04,sangat luwar biyasa
Pengguna Google,5,2026-05-25 05:46:20,mantap
Pengguna Google,5,2026-05-25 05:46:20,eh
Pengguna Google,1,2026-05-25 05:45:19,"failed mulu, kalau mau telfonan"
Pengguna Google,5,2026-05-25 05:43:14,baik
Pengguna Google,5,2026-05-25 05:43:07,saya senang
Pengguna Google,5,2026-05-25 05:43:06,mantap
Pengguna Google,2,2026-05-25 05:42:33,tolong di di ferbaiki wa
Pengguna Google,5,2026-05-25 05:42:09,saya suka dengan wa ini
Pengguna Google,5,2026-05-25 05:41:32,mantap👍👍👍
Pengguna Google,5,2026-05-25 05:40:33,Alhamdulillah
Pengguna Google,1,2026-05-25 05:39:40,"PERBAIKI WHATSAPP SEKARANG SEKARANG WHATSAPP SAYA SUKA KBLOKIR ATAU GIMANA, KARENA SAYA TIDAK MELAKUKAN SPAM, TOLONG DI PERBAIKI"
Pengguna Google,1,2026-05-25 05:39:24,dikit2 suruh install ulang payah gak paten
Pengguna Google,5,2026-05-25 05:39:02,whatsapp tidak bisa dibuka
Pengguna Google,5,2026-05-25 05:38:13,baik
Pengguna Google,4,2026-05-25 05:37:48,"Sudah bagus untuk update wa sekarang termasuk di story wa bisa di tambahkan musik. Jika di tambah fitur filter dengan pilihan lebih banyak lebih bagus. Dan untuk kualitas foto/vidio ketika dibuat story terkadang buram walupun awalnya gambar/vidionya jernih, di tambah lagi loadingnya lama banget padahal jaringannya bagus. Tambakan juga filter foto di story lebih banyak pilihannya supaya tidak hanya itu itu saja filternya. Tolong dibenerin yaa untuk Developer WhatsApp. Terima kasih"
Pengguna Google,1,2026-05-25 05:34:18,"Saya tidak dapat menekan tombol apapun saat mau melakukan tautan perangkat di device lainnya (pocophone x3 pro nfc) , tolong bug nya diperbaiki atau sarannya"
Pengguna Google,5,2026-05-25 05:34:02,menarik
Pengguna Google,3,2026-05-25 05:33:57,"Sementara 3 bintang dulu, saya tidak tahu salahnya di mana, tapi setiap mau buat story gagal terus, di klik ulangi nggak bisa, mohon solusinya"
Pengguna Google,3,2026-05-25 05:33:35,sekarang whatsapp sering ngeleg pdhl udh pembaruan trus ..
Pengguna Google,3,2026-05-25 05:33:19,knp si lelet bangett
Pengguna Google,5,2026-05-25 05:32:19,tolong yah developer story nya jangan diburamkan kalau bisa bikin HD 4k gitu
Pengguna Google,3,2026-05-25 05:31:28,operator kenapa saya ga bisa kirim video ke ai terus aku minta ai kirim video ga muncul tolong di benerkan
Pengguna Google,1,2026-05-25 05:30:51,sering tiba-tiba kena blokir padahal tidak melakukan pelanggaran apapun
Pengguna Google,5,2026-05-25 05:30:22,oke
Pengguna Google,5,2026-05-25 05:29:58,kurang memuaskan
Pengguna Google,5,2026-05-25 05:29:35,kerja
Pengguna Google,1,2026-05-25 05:29:19,buruk
Pengguna Google,1,2026-05-25 05:27:26,"kenapa akun ku nggak bisa masok ilang sendiri ini kenapa,,,,siapa yg tanggung jawab,,,,aku rugi besar ini siapa yg mau tanggung jawab ini"
Pengguna Google,1,2026-05-25 05:27:06,"6 mei 2026 terkahir cadangan, sedangkan cadangan tiap hari cadangan tetapi ketika akun log out sendiri tiba tiba masuk di restore chat ya hilangan termasuk di group kan aneh, kalau ibaratkan cadangan tiap hari harusnya kalau log out sendiri langsung bisa dipulihkan awal."
Pengguna Google,5,2026-05-25 05:24:59,bgus
Pengguna Google,5,2026-05-25 05:24:11,aplikasi ini sangat membantu
Pengguna Google,5,2026-05-25 05:24:08,baguss untuk info nya dan juga untuk komunikasi
Pengguna Google,5,2026-05-25 05:22:27,bagus
Pengguna Google,5,2026-05-25 05:22:17,easy to write and send a message to every person
Pengguna Google,1,2026-05-25 05:20:56,aku suka tapi aku kena tinjauan tterussssh😭😭
Pengguna Google,2,2026-05-25 05:19:46,"mohon perbaikan apk WhatsApp nya min Uda ada Ano mali,untuk pengiriman foto di gerup sering tidak muncul."
Pengguna Google,5,2026-05-25 05:19:38,good
Pengguna Google,5,2026-05-25 05:19:35,sangat memuaskn
Pengguna Google,4,2026-05-25 05:16:08,luar biasa
Pengguna Google,5,2026-05-25 05:14:50,bagusss
Pengguna Google,1,2026-05-25 05:14:41,"kalo bisa kasih bintang minus saya kasih deh, gak tau entah kenapa tiba-tiba kena tinjauan dan setelah minta tinjauan hasilnya di blokir permanen padahal tidak pernah bikin spam apa-apa mau banding tidak bisa sistemnya sangat jelek"
Pengguna Google,5,2026-05-25 05:11:15,sangat baik
Pengguna Google,1,2026-05-25 05:10:06,"saya tidak bisa mengunakan WhatsApp lagi dan harus mendownload WhatsApp resmi,gimana cara download WhatsApp resmi nya?"
Pengguna Google,1,2026-05-25 05:08:29,koncet dah WA sekarang apa apa kenon bngst gc baiki woi
Pengguna Google,5,2026-05-25 05:03:47,akun tidak bisa terferivikaai
Pengguna Google,5,2026-05-25 05:03:08,kok bisa kena spam
Pengguna Google,4,2026-05-25 04:59:08,"Sw nya acak di android,, kalau wa web di komputer malah bagus2 saja"
Pengguna Google,1,2026-05-25 04:57:39,bagus
Pengguna Google,5,2026-05-25 04:56:55,Yes i like
Pengguna Google,5,2026-05-25 04:55:52,mantap
Pengguna Google,5,2026-05-25 04:55:44,sangat bagus
Pengguna Google,3,2026-05-25 04:54:15,"whatsapp sekrang apa apa mainnya blokir"" tidak nomer tidak grub gampang terblokir semua nya padahal tidak melanggar ketentuan whatsapp, saya minta tolong agar grub² tidak terblokir lagi karena grub² tersebut sangat penting seperti informasi sekolah informasi keluarga besar jika terus keblokir susah saat berkomunikasi bersama sama, tolong tangani masalah ini🙏"
Pengguna Google,5,2026-05-25 04:54:10,wa tidak bisa menerima
Pengguna Google,5,2026-05-25 04:50:31,"saya udah beberapa kali no hp untuk daftar di whatsapp tp sama juga tidak bisa masuk, saya mau tanya gimana yg nmnya whatsapp resmi,mohon bantuannya"
Pengguna Google,3,2026-05-25 04:49:21,kenapa ya ka kalo lagi vc yg orang mah ada efek sama warna nya kalo kita gak bisa sama kalo bikin setatus suka gagal mulu tolong di benerin ya kak
Pengguna Google,5,2026-05-25 04:48:28,bagus semuany
Pengguna Google,4,2026-05-25 04:48:23,mantap
Pengguna Google,5,2026-05-25 04:45:41,siiiiiippppppppp
Pengguna Google,1,2026-05-25 04:45:37,buruk banget
Pengguna Google,5,2026-05-25 04:45:19,sangat baik sekali thank you watsap
Pengguna Google,5,2026-05-25 04:43:36,mantap
Pengguna Google,1,2026-05-25 04:42:18,"saya sudah ngajukan hapus akun permanen dari bulan januari, kenapa baru hari ini terhapusnya , padahal saya gak pernah log in lagi setelah itu. Gara-gara hal ini suami saya jadi marah, saya di sangka ada aneh-aneh, jelas-jelas WhatsApp yang anehhh, saya jadi korban. kalau mau bintang 1 di ganti bintang 5 kasih saya penjelasan yang logis😡"
Pengguna Google,5,2026-05-25 04:42:14,baik
Pengguna Google,5,2026-05-25 04:42:06,Please make the music duration not 15 seconds Try extending it to 1 minute or 2 minutes so it's easier to make a story or set 🙏
Pengguna Google,1,2026-05-25 04:42:02,whatsapp saya tdk bs dipakai
Pengguna Google,1,2026-05-25 04:41:48,nomer ga di mainin aja tiba tiba kenon aneh banget skrng tinggl grup tiba tiba tidak tersedia hadeh ngerugiin banget tolong di perbaiki dlu dah min kecewa ini
Pengguna Google,4,2026-05-25 04:41:09,mantap
Pengguna Google,4,2026-05-25 04:40:17,sy coba LG 4 dulu Krn Dy telah beberapa kali sy download wa ny tdk bisa terbuka
Pengguna Google,5,2026-05-25 04:38:43,kd thu
Pengguna Google,5,2026-05-25 04:38:03,"setiap vidio call gambar dari orang lain tidak berjalan malah seperti gambar tidak gerak sama sekali, harus di ulang vidio call nya. tolong di perbaiki. trmksh 🙏🙏🙏 bukan satu HP saya saja. ternyata di smua HP smua akun semuanya sama kendala nya seperti itu. tolong di perbaiki."
Pengguna Google,5,2026-05-25 04:37:55,sangat bagus
Pengguna Google,3,2026-05-25 04:35:36,kebanyakan berubah menunya jadi tidak ok lagi.
Pengguna Google,1,2026-05-25 04:33:00,"TOLONG DONG PIHAK WA, SAYA WA BUAT KERJAAAAA SERING BNERRRR KE BANDDDD, DIBLOK GJLS, YA KALO ORANG LAIN ADA YG MELAPOR AKUN SAYA MINTA BUKTI SCREEN SHOT BUKTI JELASSS JGN MAIN BLOK BLOK BAEEEE WA KERJA INI. TOLONG BNERIN WA SAYA YG DIBLOK"
Pengguna Google,5,2026-05-25 04:31:50,mantap
Pengguna Google,2,2026-05-25 04:31:27,bagus tapi masa cepat banget update
Pengguna Google,4,2026-05-25 04:30:58,Buka lebih cepat
Pengguna Google,4,2026-05-25 04:30:01,kita jdi lebih mudah untuk mengobrol sama org lain di beda tempat atau jauh
Pengguna Google,5,2026-05-25 04:24:00,Mantap
Pengguna Google,5,2026-05-25 04:23:49,bagus
Pengguna Google,1,2026-05-25 04:23:04,"kenapa aplikasi ini hilang dari layar,dan hanya bisa di buka di pengaturan aplikasi"
Pengguna Google,4,2026-05-25 04:22:59,lumayan bagus aplikasi nya
Pengguna Google,2,2026-05-25 04:22:30,"ko di saya tidak ada filternya ya, tolong dong kasih tau saya itu kenapa ya."
Pengguna Google,1,2026-05-25 04:21:52,gak ada fitur telanjang
Pengguna Google,5,2026-05-25 04:21:19,suka
Pengguna Google,1,2026-05-25 04:20:00,"Setelah pmbaharuan mlh tdk bs dibuka disrh unistal sampe ping sewidak jaran tetep dak bs dibuka lain kali mending tidak ada pembaharuan sama sekali ( sekarang 2026 malah TDK BS login dg alasan nomer blm terverifikasi pdhl jelas2 nomer SDH terdaptar akun wa dr taon Majapahit, dan disuruh download apk wa yg resmi.. Lhaa ini juga apk download dr playstore krg resmi apa coba.. laporan ke wa support jg TDK bisa dan TDK ada solusi sampai skrg"
Pengguna Google,5,2026-05-25 04:19:54,tolong diperbaiki akun aplikasi WA saya biar bisa dimasukkan nomornya
Pengguna Google,2,2026-05-25 04:19:05,gj masa screenshot nomor teman gue aja nggak bisa
Pengguna Google,5,2026-05-25 04:18:32,biar bintang yg bicara😊👌
Pengguna Google,4,2026-05-25 04:18:23,Luar Biasa👌
Pengguna Google,5,2026-05-25 04:18:15,"Gapang"" susah"
Pengguna Google,5,2026-05-25 04:15:52,Sangat cocok whatsapp
Pengguna Google,1,2026-05-25 04:15:49,"Please remove gif picture search, that not appropriate for children"
Pengguna Google,5,2026-05-25 04:15:18,sangat bagus
Pengguna Google,1,2026-05-25 04:15:05,"banyak bug, gak nelpon tapi gak bisa vn, gabisa merekam suara saat menelpon aneehhhh"
Pengguna Google,5,2026-05-25 04:14:02,mantap
Pengguna Google,4,2026-05-25 04:13:12,sangat membantu dalam proses kebutuhan sehari-hari
Pengguna Google,4,2026-05-25 04:12:42,cukup baik dan membantu untuk komunikasi...
Pengguna Google,1,2026-05-25 04:12:31,pemblokiran akun tanpa sebeb saya tidak melakukan spam dan tidak melakukan Pelanggaran apapun
Pengguna Google,5,2026-05-25 04:12:04,Bagus
Pengguna Google,5,2026-05-25 04:11:32,bagus
Pengguna Google,4,2026-05-25 04:09:57,kadang cht WA atau telpon gk berdering padahal HP baru ini
Pengguna Google,5,2026-05-25 04:09:50,bagus bgt
Pengguna Google,1,2026-05-25 04:06:29,"Maksud Kalian Apa Memblokir Akun Saya? Saya Tidak Melakukan Kesalahan Apapun, Saya Gunakan WhatsApp Hanya Untuk Pribadi. SAMPAHHHH!"
Pengguna Google,5,2026-05-25 04:06:00,sangat baik
Pengguna Google,5,2026-05-25 04:03:15,good
Pengguna Google,5,2026-05-25 04:01:41,"mantap"""
Pengguna Google,4,2026-05-25 03:58:04,apl nya bagus bisa untuk kirim pesan tetapi ada nomer asing yang selalu ngechat tolong nomor nomor asing di blokir ya
Pengguna Google,5,2026-05-25 03:57:44,bagus tapi banyak iklan nyah
Pengguna Google,5,2026-05-25 03:57:03,mantapp
Pengguna Google,5,2026-05-25 03:56:22,baguss
Pengguna Google,3,2026-05-25 03:56:10,kenapa gk bisa buat sw sih
Pengguna Google,5,2026-05-25 03:54:57,bagus
Pengguna Google,5,2026-05-25 03:54:03,sangat cocok
Pengguna Google,1,2026-05-25 03:51:29,sering eror pesan lama terkirim tlp swing jejedag
Pengguna Google,3,2026-05-25 03:49:37,sulit registrasi
Pengguna Google,2,2026-05-25 03:49:23,ga bisa perangkat tautan
Pengguna Google,5,2026-05-25 03:49:10,bagus gak ada kurang
Pengguna Google,1,2026-05-25 03:49:01,kadang ga bisa kirim vn foto story
Pengguna Google,5,2026-05-25 03:48:46,okeee
Pengguna Google,5,2026-05-25 03:47:57,sangat bermanfaat sekali
Pengguna Google,3,2026-05-25 03:44:08,aplikasi nya bagus tapi suka ngeleg kalo ada yg cet tidak ada harus keluar apk dulu baru ada saran untuk wa nya plis adain lagi setiker besar nya biar jadi ga bosen👍
Pengguna Google,3,2026-05-25 03:43:25,akhir akhir ini whatsapp sering eror
Pengguna Google,5,2026-05-25 03:43:09,keren
Pengguna Google,5,2026-05-25 03:42:08,"saya tidak melakukan pelanggaran, tapi kok akun saya terkena spam dan di blokir"
Pengguna Google,5,2026-05-25 03:41:45,ok..puwas hati
Pengguna Google,1,2026-05-25 03:40:00,wa sering logout sendiri
Pengguna Google,5,2026-05-25 03:39:23,baik
Pengguna Google,5,2026-05-25 03:37:17,mantap untuk semua
Pengguna Google,5,2026-05-25 03:36:57,bagus
Pengguna Google,5,2026-05-25 03:36:17,sangat puas
Pengguna Google,4,2026-05-25 03:35:08,ok 👍 ipd loll
Pengguna Google,5,2026-05-25 03:34:47,sangat puas terimakasih
Pengguna Google,5,2026-05-25 03:33:28,ok.
Pengguna Google,5,2026-05-25 03:32:02,aplikasi nya bagus dan kalo buat nelpon canggih
Pengguna Google,5,2026-05-25 03:31:51,𝐆𝐮𝐞 𝐠𝐚 𝐛𝐢𝐬𝐚 𝐥𝐨𝐠𝐢𝐧
Pengguna Google,5,2026-05-25 03:31:37,kapan ya wa untuk android dibuat tampilanya seperti wa pada ios?
Pengguna Google,5,2026-05-25 03:30:57,Bagus
Pengguna Google,2,2026-05-25 03:29:37,knp whatsapp saya di tinjau terus
Pengguna Google,3,2026-05-25 03:27:49,whasap aku knapa ada masalah
Pengguna Google,4,2026-05-25 03:27:21,baik
Pengguna Google,3,2026-05-25 03:26:43,bagus
Pengguna Google,1,2026-05-25 03:26:33,hapus notifikasi jika ada orang yang ngetag grup di Status WhatsApp
Pengguna Google,5,2026-05-25 03:24:09,sangat bagus dan sangat berguna buat semua orang
Pengguna Google,1,2026-05-25 03:23:17,wahasap di nomor ini di blokir terus menerus tidak bisa diverifikasi lagi ke nomor ini tolong Carikan solusinya supaya akun WhatsApp saya aman dan washap tidak distabil seperti dahulu tolong yg punya aplikasi washap segera pemulihan akun saya seperti semula ke nomor ini
Pengguna Google,5,2026-05-25 03:22:55,bagus bangettt
Pengguna Google,2,2026-05-25 03:21:05,bagus
Pengguna Google,1,2026-05-25 03:20:12,mau daftar no baru susah skrg
Pengguna Google,1,2026-05-25 03:17:09,"Saya sebagai kurir Shoope express yang ingin mengirimkan pesan baru kepada penerima paket sangat di rugikan sekali , setiap kali saya mengirimkan pesan baru ke nomor baru , WhatsApp saya selalu di tangguhkan atau di nonaktifkan , saya merasa dirugikan sekali dan tidak dapat bekerja dengan baik untuk perusahaan saya , tolong kebijaksanaannya , jika telah di perbaiki saya akan memperbaiki rating saya"
Pengguna Google,1,2026-05-25 03:16:22,makin kecewa kenapa wa saya sering di tinjau padahal tidak melanggar ketentuan. tolong segera d perbaiki saya butuh komunikasi trimakasih
Pengguna Google,1,2026-05-25 03:13:46,kenapa ya akun saya bet bisa di batasi?
Pengguna Google,5,2026-05-25 03:12:32,"tolong jngn blokir nomor.saya terus ,ini.wa sangat cerdas lebih mudah tetapi akun saya di boker terus"
Pengguna Google,5,2026-05-25 03:12:10,Ok
Pengguna Google,5,2026-05-25 03:11:37,🩷🩷🩷🩷🩷🩷🩷🩷🩷🩷🩷🩷🩷🩷🩷🩷🩷🩷🩷🩷🩷🩷🩷🩷🩷🩷🩷🩷🩷🩷🩷🩷🩷🩷🩷🩷🩷🩷🩷🩷🩷🩷🩷🩷🩷🩷🩷🩷🩷🩷🩷🩷🩷🩷🩷🩷🩷🩷🩷🩷🩷🩷🩷🩷🩷🩷🩷🩷🩷🩷🩷🩷🩷🩷🩷🩷🩷🩷🩷🩷🩷🩷🩷🩷🩷🩷🩷🩷🩷🩷
Pengguna Google,5,2026-05-25 03:11:17,istimewa
Pengguna Google,5,2026-05-25 03:11:09,kerenn
Pengguna Google,5,2026-05-25 03:11:06,kenapa Whattapp saya selalu kena spam
Pengguna Google,1,2026-05-25 03:10:55,banyak bug juga burik banget buat up story dikompres brutal
Pengguna Google,3,2026-05-25 03:10:46,"wa knapa yah gabisa maximalin upload ke ver HD,kalo vidio ori ya hd kenapa pas di sw susah bgtt gituu kenapa jadi burem kenapa ga hd aja apa susahnya sihhh ahhhh,jadi kalo mau buat sw berkali"" sampe hd kalo ga hd"" auto ga jadi inimh bikin sw nya da jelek bgt vidio nya,maaa kita bikin vidio suaah""seHD mungkin,msa gabisa di upload sihh pliss lahhh waaa🙏🙏🙏🙏"
Pengguna Google,5,2026-05-25 03:10:42,Banyak Manfaatnya ....
Pengguna Google,5,2026-05-25 03:09:44,bangus sekali
Pengguna Google,5,2026-05-25 03:09:40,good
Pengguna Google,4,2026-05-25 03:08:18,lumayan bagus tpi sayang banyak banget abdetnya???
Pengguna Google,4,2026-05-25 03:07:59,masalahnya saat panggilan vidio whatsapp sering ngelag dan suara sering dubbing pesen yang baru masuk di notice ada pas buka ke WA malah gk ada harus bolak-balik lagi makin kesini kualitas whatsapp makin jelek walaupun fitur tambahan banyak
Pengguna Google,3,2026-05-25 03:07:10,tolong buat pihat WhatsApp... fitur hapus kontak nya di kembalikan... karena bingung no kontak banyak tpi udh ga di WhatsApp
Pengguna Google,5,2026-05-25 03:06:07,beuhhhh cakepp banget nih aplikasi
Pengguna Google,2,2026-05-25 03:06:03,tiba' whatsapp nya gak bisa di buka
Pengguna Google,5,2026-05-25 03:05:18,ok
Pengguna Google,4,2026-05-25 03:02:51,bgus
Pengguna Google,1,2026-05-25 03:00:11,aplikasi terpaksa tutup selalu
Pengguna Google,5,2026-05-25 02:59:08,"Tidak melakukan pelanggaran , tapi tiap saat di spam / di blokir sementara."
Pengguna Google,5,2026-05-25 02:57:37,Mantap 👍
Pengguna Google,1,2026-05-25 02:57:21,"di hp saya wa tidak berfungsi dengan baik,,tiap ganti nomer selalu terblokir,,mohon bantuan nya"
Pengguna Google,1,2026-05-25 02:55:44,gimana sih WhatsApp no gw udah 3x ke blokir padahal gak spam chat sama sekali udah 3x ganti no baru masih aja kena blokir
Pengguna Google,2,2026-05-25 02:55:40,WhatsApp sekrang nga jls akun gua di blokiran Mulu padah saya tida ngelakuin apa apa tiba tiba di belokir harus ganti no baru WhatsApp sekarng emang nga jls bego banget tiba tiba di susbend harus nungu 24 jam tolong di perbaiki dong jangan mau hasil nya aja kocak
Pengguna Google,5,2026-05-25 02:51:20,Baik...
Pengguna Google,1,2026-05-25 02:50:51,apan baget sih wa sekarang dikit² kena spam padahal gak gelakuin apan²
Pengguna Google,5,2026-05-25 02:49:44,aplikasinya keren banget 👍
Pengguna Google,5,2026-05-25 02:48:35,bagus wasap bisa serba bisa
Pengguna Google,5,2026-05-25 02:47:06,cara membuka blokiran
Pengguna Google,5,2026-05-25 02:43:05,"WA nya, di aku musti pulihkan pesan tpi setelah di pulihkan malah blank kosong itu gmna ya ?? krna sy gk bsa buka lgi"
Pengguna Google,5,2026-05-25 02:43:05,afkikasi whatsapp sangat2 baik bngt
Pengguna Google,3,2026-05-25 02:42:42,"benerin napa dibagian status nya, masa vt se HD itu jadi burij pas masuk status. heran gw"
Pengguna Google,5,2026-05-25 02:41:42,semoga lebih mudah lgi chatting
Pengguna Google,5,2026-05-25 02:41:19,oke
Pengguna Google,1,2026-05-25 02:39:57,dgn mengguna kn WhatsApp ini sy merasa puas lYananya
Pengguna Google,1,2026-05-25 02:38:07,akun WhatsApp tiba tiba terblokir padahal tidak melakukan pelanggaran-pelanggaran yang sudah ditentukan oleh pihak WhatsApp
Pengguna Google,5,2026-05-25 02:37:24,sangat membantu
Pengguna Google,1,2026-05-25 02:37:18,"whatsapp ini lama"" sangat parah buruk nya tiba"" gak bisa login dan log out sendiri padahal sudah di refresh berkali-kali anjiiiirrrr.. an gak bisa pake video call..🥵🥵👎👎"
Pengguna Google,1,2026-05-25 02:35:40,meta ai gajelas banget plis nanya apa jawab apa
Pengguna Google,4,2026-05-25 02:33:55,ok
Pengguna Google,2,2026-05-25 02:31:59,"Ada apa dengan aplikasi ini, padahal saya udah pake bertahun tahun.. kenapa sekarang tiba tiba log out sendiri dan tidak bisa masuk. terus kenapa cadangan akun saya hilang pdahal sudah saya takutkan email loh. akun saya penting buat kerjaan. kenapa jadi ribet gini sih tolong lah jangan kaya gini. habis update bukanya tambah bagus malah jadi nge bug engga jelas"
Pengguna Google,5,2026-05-25 02:29:56,aplikasi terbaik untuk berhubungan di mana pon👌👌👌👌👌
Pengguna Google,5,2026-05-25 02:29:42,good
Pengguna Google,1,2026-05-25 02:29:28,"nyesel download wa lah brp kali kena blokir padahal kita tidak melakukan spam, tapi dblokir saya merasa di rugikan tolong di perbaiki lgi"
Pengguna Google,4,2026-05-25 02:28:52,"Alhamdulillah, sedang baik baik saja dan lancar 🙏"
Pengguna Google,5,2026-05-25 02:28:51,sip aja dh
Pengguna Google,1,2026-05-25 02:27:18,Makin jelek aja skrng
Pengguna Google,5,2026-05-25 02:26:47,baik
Pengguna Google,5,2026-05-25 02:26:45,membantu
Pengguna Google,5,2026-05-25 02:26:01,mantap
Pengguna Google,1,2026-05-25 02:24:32,efek camera nya gabisa di pakai
Pengguna Google,3,2026-05-25 02:22:13,kok banyak derama yh wa inih akun sayah sering di blokir
Pengguna Google,5,2026-05-25 02:22:03,mantap
Pengguna Google,5,2026-05-25 02:21:37,okey
Pengguna Google,5,2026-05-25 02:20:58,lancar jaya
Pengguna Google,5,2026-05-25 02:20:13,lebih baik lagi
Pengguna Google,3,2026-05-25 02:19:25,kenapa ya tema disaya selalu terlambat pdhl udah upgrade
Pengguna Google,5,2026-05-25 02:17:52,mantap
Pengguna Google,4,2026-05-25 02:17:07,"jelek banget kualitas status whatsapp nya. kalo mau posting story di Whatsapp tuh malah menurun kualitasnya (foto/video). Adain fitur pemilihan kualitas video/foto dong. Cape banget kalo mau posting story, blue banget kek video tahun 1945 (jk)"
Pengguna Google,2,2026-05-25 02:17:04,"saya seorang kurir paket,yang membutuhkan WA sebagai media komunikasi ke pembeli..kenapa sering ditahan akun saya,ini sangat mengganggu..mohon diperbaiki k3bijakan ini"
Pengguna Google,4,2026-05-25 02:16:51,ko wasapnya kena tinjauan terus sih
Pengguna Google,4,2026-05-25 02:15:48,kenapa kalo pas buat story mau tag lokasi gak seperti dulu. dulu langsung masuk ke map. sekarang tidak harus nyari lokasi sendiri
Pengguna Google,1,2026-05-25 02:15:38,masalah apa ini aplikasi di blokir terus nomer ku padahal nomer baru
Pengguna Google,5,2026-05-25 02:14:59,whatsapp sangat bagus
Pengguna Google,1,2026-05-25 02:14:53,apk ga jls masa pas ga ada kuota notif nya ada pesan masuk tapi pas kita beli kuota engga ad dasar
Pengguna Google,5,2026-05-25 02:14:28,bagus banget sih
Pengguna Google,2,2026-05-25 02:13:01,min itu kenapa setiap VC kalo kita pencet kamera belakang langsung lengket itu layar nya .. tolong perbaiki bug ini
Pengguna Google,5,2026-05-25 02:13:00,ok
Pengguna Google,5,2026-05-25 02:11:54,tolong pihak WhatsApp masuk saya kedalam WhatsApp saya minta tolong pihak WhatsApp masuk saya kedalam WhatsApp tolong pihak WhatsApp mohon
Pengguna Google,1,2026-05-25 02:09:44,Aplikasi error/crash di device oppo reno 4
Pengguna Google,5,2026-05-25 02:08:46,enak banget main WhatsApp messenger tapi sayang nya harus donlod WhatsApp resmi
Pengguna Google,5,2026-05-25 02:08:00,sangat membantu
Pengguna Google,5,2026-05-25 02:07:36,tolong dipermudah untuk menggunakan WhatsApp
Pengguna Google,5,2026-05-25 02:07:00,oke
Pengguna Google,5,2026-05-25 02:05:26,Baik di gunakan dan mudah berkomunikasi
Pengguna Google,5,2026-05-25 02:04:05,bagus
Pengguna Google,5,2026-05-25 02:03:43,mantap
Pengguna Google,5,2026-05-25 02:03:28,bagus
Pengguna Google,5,2026-05-25 02:03:02,baguss
Pengguna Google,5,2026-05-25 02:02:23,semoga ada yg lebih baik lagi
Pengguna Google,5,2026-05-25 02:01:20,WhatsApp saya sekarang jadi sering bug dan ga bisa chattingan lagi
Pengguna Google,1,2026-05-25 01:59:29,burik bgt gabisa login nomor baru pdhl login di apk lain nomornya ga ada masalah kocak
Pengguna Google,5,2026-05-25 01:57:25,tidak suport ke imail
Pengguna Google,5,2026-05-25 01:57:13,sangat bagus
Pengguna Google,1,2026-05-25 01:56:47,kenapa wa saya eror gak bisa kirim suara gak bisa kirim gambar?
Pengguna Google,1,2026-05-25 01:53:17,akun WhatsApp messenger saya selalu ditinjau
Pengguna Google,5,2026-05-25 01:51:27,bagus
Pengguna Google,5,2026-05-25 01:51:21,it the best
Pengguna Google,5,2026-05-25 01:49:42,kenapa di hp saya selalu kena blok
Pengguna Google,2,2026-05-25 01:49:18,tolong di perbaiki wa sering kena spam Di ban tdk bisa menggunakan WhatsApp
Pengguna Google,5,2026-05-25 01:48:45,sangat berguna bangett😍
Pengguna Google,4,2026-05-25 01:45:08,good
Pengguna Google,5,2026-05-25 01:44:00,good
Pengguna Google,5,2026-05-25 01:43:52,sangat bagus
Pengguna Google,5,2026-05-25 01:41:29,perfect
Pengguna Google,1,2026-05-25 01:39:37,wa punya sistem eror. no saya sdh bertahun2 di blokir dri wa. smoga kdepannya ada app lain dn saya akn meningglkan wa burik ini
Pengguna Google,5,2026-05-25 01:39:03,good 👍
Pengguna Google,5,2026-05-25 01:37:59,sangat recommended banget pokoknya.
Pengguna Google,4,2026-05-25 01:35:21,ok
Pengguna Google,1,2026-05-25 01:35:12,"Nieh sudah beberapa ganti akun, dan nomor ganti baru tiba2 logout dan peninjauan mohon lah bantuannya soalnya nomor dan chatan sangat penting urgent"
Pengguna Google,5,2026-05-25 01:34:29,bagus sekali
Pengguna Google,1,2026-05-25 01:33:40,kenapa pas vc . hasil vidio kita terbalik di hp orang s
Pengguna Google,5,2026-05-25 01:33:20,mantap
Pengguna Google,5,2026-05-25 01:32:39,ok
Pengguna Google,4,2026-05-25 01:32:14,"setelah update ko saya ini pesan kok pada hilang terus foto foto pada gak masuk pesan pesan juga sama gimana sih ini ?""Menunggu pesan ini. Ini mungkin membutuhkan waktu beberapa saat."" ya di benerin lah masa nyuruh update kalo masih pada bisa menggunakan versi lama"
Pengguna Google,5,2026-05-25 01:31:55,mantap
Pengguna Google,4,2026-05-25 01:31:39,eksotisme ekspedisi ok
Pengguna Google,5,2026-05-25 01:30:58,goog
Pengguna Google,5,2026-05-25 01:29:29,oke
Pengguna Google,5,2026-05-25 01:29:07,sangat bagus
Pengguna Google,2,2026-05-25 01:28:51,"Tolong ada opsi HD buat story whatsapp baik poto maupunn video, dan juga ada arsip story juga."
Pengguna Google,5,2026-05-25 01:24:29,kenapa akun WhatsApp saya ga bisa di gunakan lagi padahal akun saya tida melagar
Pengguna Google,3,2026-05-25 01:21:09,chat grup kadang tidak masuk
Pengguna Google,5,2026-05-25 01:21:00,Mantap
Pengguna Google,5,2026-05-25 01:19:19,bagus cuman di hp ku notif nya gk ada padahal temen ku dah chat
Pengguna Google,5,2026-05-25 01:17:52,aplikasi hilang dari layar
Pengguna Google,5,2026-05-25 01:14:03,Whatsapp resmi tidak bisa login
Pengguna Google,5,2026-05-25 01:13:08,bagus
Pengguna Google,5,2026-05-25 01:10:29,kok aplikasi ini tidak bisa resmi di hp saya
Pengguna Google,1,2026-05-25 01:10:25,"akun saya logout dengan sendirinya udah lebih dari 3 kali. 3 kali juga saya verifikasi akun dan masih dalam petinjauan, padahal saya pake apk dari playstore, nomor juga aktif sudah lama"
Pengguna Google,5,2026-05-25 01:08:39,sangat puas
Pengguna Google,1,2026-05-25 01:08:09,"status WhatsApp ngebug, saya tidak bisa menghapusnya"
Pengguna Google,5,2026-05-25 01:06:10,Trimakasih..
Pengguna Google,5,2026-05-25 01:05:35,susah untuk bisa masuk ke daftar penguna.an
Pengguna Google,1,2026-05-25 00:56:49,gak salah apa apa WhatsApp saya ke blokir padahal no gua penting banget malah seenaknya di ban
Pengguna Google,5,2026-05-25 00:55:17,Sangat menjanjikan prospeknya
Pengguna Google,5,2026-05-25 00:55:09,mantap
Pengguna Google,5,2026-05-25 00:54:52,"paling nyaman pake whatapp ini,,good"
Pengguna Google,2,2026-05-25 00:54:35,"jangan sering sering update dong, ga semua orang memo nya cukup buat update, mana kalo ga di update ni apk gabisa di buka"
Pengguna Google,5,2026-05-25 00:54:01,praktis mudah digunakan.
Pengguna Google,5,2026-05-25 00:52:18,kalo kita masking nomor telpon Dan ferifikasi terima kode kok harus tunguska 7 jam sihhh????
Pengguna Google,5,2026-05-25 00:51:53,bisa menbales chat yang bermanfaat
Pengguna Google,5,2026-05-25 00:51:17,semakin ok
Pengguna Google,5,2026-05-25 00:50:31,ok laah kalau begitu🤔
Pengguna Google,5,2026-05-25 00:50:22,bagus
Pengguna Google,5,2026-05-25 00:49:41,whatsapp sangat baik
Pengguna Google,5,2026-05-25 00:49:32,sangat amat membantu
Pengguna Google,5,2026-05-25 00:49:24,"jangan update mulu cok nih, gua dah kasih bintang awas aja kalo harus di update teruss.... 😑😑😑😑"
Pengguna Google,3,2026-05-25 00:49:03,kenapa semakin kesinii sukaa tiba tibaa gampang banget buat ke blokir? ga ada alesan tertentu padahal ga pernah spam tapi tiba tiba ke blokir aneh
Pengguna Google,1,2026-05-25 00:48:24,"tiap hari pertinjau akun terus , WA sekrang jelek jelek jelek"
Pengguna Google,1,2026-05-25 00:47:57,sangat membantu
Pengguna Google,5,2026-05-25 00:47:45,oke
Pengguna Google,5,2026-05-25 00:47:39,mantap
Pengguna Google,5,2026-05-25 00:47:08,Bagus bgt aplikasi nya😍
Pengguna Google,1,2026-05-25 00:44:05,"kacau banget deh whatsapp kalo ga kena spam, ya ga bisa verifikasi nomer hidup banyak masalah whatsapp nambah masalah hidup 🤬"
Pengguna Google,5,2026-05-25 00:40:06,sangat membantu
Pengguna Google,5,2026-05-25 00:36:31,Bagus
Pengguna Google,5,2026-05-25 00:36:21,sangat baik
Pengguna Google,4,2026-05-25 00:35:40,"whatsapp update mulu nih tapi perasaan gitu2 aja, nambah berat aja memori ponsel saya, jangan update mulu napa, kasihan untuk pemilik ponsel android jadul, ni klo habis update jangan lemot ya, aplagi ngebleng."
Pengguna Google,5,2026-05-25 00:32:58,mmantap
Pengguna Google,4,2026-05-25 00:32:04,bagus
Pengguna Google,5,2026-05-25 00:31:39,kenapa nomor whatsapp ku kena tinjauan terus ya
Pengguna Google,5,2026-05-25 00:27:52,sangat baik
Pengguna Google,5,2026-05-25 00:26:00,kenapa ya whatsapp saya sering muncul tulisan akun ini tidak bisa menggunakan whatsapp ini udah ketiga kalinya loh saya tidak pernah melakukan pelanggaran apapun sama sekali
Pengguna Google,5,2026-05-25 00:25:49,sangat mudah di gunakan
Pengguna Google,5,2026-05-25 00:25:46,ok
Pengguna Google,2,2026-05-25 00:24:33,Tolong kenapa udah pake nomer lama WhatsApp tapi mau login ditinjau terus ng masuk2
Pengguna Google,3,2026-05-25 00:22:10,whatsapp sekarang serung bug kenapa ya
Pengguna Google,5,2026-05-25 00:20:57,bagus berguna banyak fitur
Pengguna Google,1,2026-05-25 00:20:35,"Jelek banget kualitas layanan di tahun 2026, sering mendadak logout otomatis dan sulit mendapatkan OTP sekalipun mengikuti prosedur yang benar. Diam tanpa melakukan komunikasi ataupun kirim pesan tetap logout sendiri. Seburuk itu."
Pengguna Google,1,2026-05-25 00:19:52,pesan di grup terpending . tidak terkirim semua ke anggota. entah kenapa
Pengguna Google,5,2026-05-25 00:18:30,WHATSAPP TOLONG PERBAIKI STATUS DI WHATSAPP KUALITAS VIDEO/GAMBAR NYA JANGAN PECAH ATAU BURAM JADI BURIK VIDEO YANG TADINYA JERNIH PAS DI JADIKAN STATUS WHATSAP JADI JELEK KUALITAS GAMBARNYA JADI BURIK TOLONG DITINGKATKAN LAGI JANGAN SAMPE BURIK PARAH . TOLONG DIPERHATIKAN
Pengguna Google,1,2026-05-25 00:18:26,Semakin ribet tampilannya... 😌😌
Pengguna Google,5,2026-05-25 00:18:19,mantap
Pengguna Google,4,2026-05-25 00:17:32,👌
Pengguna Google,5,2026-05-25 00:17:00,Malah sering update tiap hari menuhin memori aja nih whatsapp udahlah kasih bintang 1 ajalah😡
Pengguna Google,5,2026-05-25 00:16:37,is the best
Pengguna Google,1,2026-05-25 00:14:40,saya tdk bisa .enerima kode nya susah sampai ku bawa ke konter yg sudah legend baru bisa
Pengguna Google,1,2026-05-25 00:13:47,"kesal karena tiba tiba munucl ""anda membutuhkan WhatsApp resmi untuk login"" padahal udah resmi dari sini bukan klon dan tanpa modifikasi"
Pengguna Google,5,2026-05-25 00:13:38,Bagus banget
Pengguna Google,5,2026-05-25 00:11:02,bagus
Pengguna Google,5,2026-05-25 00:10:36,terimakasih sangat membantu transaksi pesan🙏
Pengguna Google,5,2026-05-25 00:10:27,"Tolong saat updatenya lebih cepat,soalnya di hp saya sangat susah update nya"
Pengguna Google,5,2026-05-25 00:09:14,Bagus
Pengguna Google,5,2026-05-25 00:08:37,Sangat cocok
Pengguna Google,5,2026-05-25 00:03:15,mantap
Pengguna Google,1,2026-05-25 00:00:54,kenapa sih wa gua gua engga spam siapapun buka aja engga tapi di sangka spam gimana sih hari ini udah 3 kali
Pengguna Google,4,2026-05-25 00:00:07,sangat bagus
Pengguna Google,5,2026-05-24 23:59:39,baguss
Pengguna Google,5,2026-05-24 23:57:16,memuaskan
Pengguna Google,5,2026-05-24 23:56:47,aplikasi yg bagus dan dapat menghasilkan uang
Pengguna Google,5,2026-05-24 23:55:39,Top
Pengguna Google,5,2026-05-24 23:55:13,Bagus
Pengguna Google,1,2026-05-24 23:54:16,whatsap sekarang sering bug
Pengguna Google,5,2026-05-24 23:53:33,rekomendid
Pengguna Google,5,2026-05-24 23:48:57,ke Napa ya aplikasih ini gk bisa di gunakan ya.
Pengguna Google,5,2026-05-24 23:48:47,bagus
Pengguna Google,5,2026-05-24 23:48:40,baguusj
Pengguna Google,4,2026-05-24 23:48:14,bagus sekali app ini
Pengguna Google,4,2026-05-24 23:47:26,Baik sekali
Pengguna Google,5,2026-05-24 23:45:47,Minta di update mulu masa wa bsa kadaluarsa
Pengguna Google,5,2026-05-24 23:45:05,bagus sekali
Pengguna Google,1,2026-05-24 23:44:51,kenapa bikin sw burem banget sihhhhh!!!!!!
Pengguna Google,1,2026-05-24 23:44:20,"wa nya gampang ke blokir tanpa alasan, setelah kembali pulih kemudian keblokir lagi.saya maaf minta tolong kepada pihak WhatsApp, dan yg mengalami seperti ini tidak hanya satu dua orang saja, bahkan banyak sekali. tolong di perbaiki !!!!!"
Pengguna Google,1,2026-05-24 23:42:52,tiba-tiba tidak bisa di akses
Pengguna Google,5,2026-05-24 23:42:12,Good
Pengguna Google,4,2026-05-24 23:39:52,bagus
Pengguna Google,5,2026-05-24 23:39:36,saya suka
Pengguna Google,1,2026-05-24 23:38:51,sering terhafus tiba²
Pengguna Google,5,2026-05-24 23:35:48,oke
Pengguna Google,4,2026-05-24 23:33:48,lumayan baik lah
Pengguna Google,1,2026-05-24 23:33:00,"aplikasi jelek sampah,chat gw gapernah di bales cewek"
Pengguna Google,5,2026-05-24 23:32:02,"Sangat membantu berkomunikasi dengan teman-teman, saudara dan keluarga... dan bisa mengenali orang yg belum kenal ataupun teman yg lama tak berjumpa dari foto meskipun kita jauh ga pernah ketemu.. bisa tau mereka sdg apa klo mereka bikin status, sangat bagus lah pokok'nya ada aplikasi whatsapp.. terimakasih 😊😊"
Pengguna Google,1,2026-05-24 23:32:02,kebanyakan ngebub
Pengguna Google,1,2026-05-24 23:31:48,Watsap
Pengguna Google,5,2026-05-24 23:31:15,The best
Pengguna Google,4,2026-05-24 23:30:13,bagus tetapi WhatsApp Saya tidak separuh tidak jadi jadi saya membuatnya menjadi kasih bintang hanya 4 🙏🏼🙏🏼
Pengguna Google,5,2026-05-24 23:27:41,sangat membantu.
Pengguna Google,1,2026-05-24 23:26:06,kenapa sih whatsapp sekarang suka tiba tiba ke tinjau kalo chat nomor yang belum di save
Pengguna Google,5,2026-05-24 23:26:04,Baik
Pengguna Google,5,2026-05-24 23:24:23,puas
Pengguna Google,2,2026-05-24 23:21:31,dulu apl ini bagus tapi sekarang kenapa WhatsApp sya ini JD rumit.... akun dtinjau... daftar nmr ulang jg tetap sama akun dtinjau terus... apa maksudnya....?? makin GK jelas ini
Pengguna Google,3,2026-05-24 23:19:43,nomer saya kenon sendiri padahal saya tidak menggunakan yang aneh aneh. tadi pagi kebuka cuman baru ditinggal mandi sudah keblokir lagi. tolong pihak whatsapp saya butuh banget buat sekolah
Pengguna Google,1,2026-05-24 23:19:11,"Aku nggak bisa daftaf,disuruh dowload resmi padahal udah nya kenapa??"
Pengguna Google,1,2026-05-24 23:18:40,gk jelas tiba tiba nomor gue du blok gk bisa daftar wa lagi
Pengguna Google,5,2026-05-24 23:18:01,semoga kalo vc bisa ada jendelanya
Pengguna Google,5,2026-05-24 23:16:20,mantap
Pengguna Google,5,2026-05-24 23:14:31,bagus sekali
Pengguna Google,1,2026-05-24 23:12:50,untuk WhatsApp jangan suka tiba' hapus riwayat chat dong padahal riwayat chtnya banyak yang penting dan ini tiba' ke hapus emang bisa diulang lagi? gabisa kan bukan sekali dua kali WhatsApp tiba' riset semua riwayat chat dan gabisa kita yang chat duluan pasti kalo kita yang chat duluan pasti keluar lagi dari kontak yang kita mau chat jujur saya sedih riwayat chat saya pada kehapus dan gatau ngulangnya gimana lagi
Pengguna Google,1,2026-05-24 23:12:07,selalu gagal login akibat freeze ga respon sentuhan
Pengguna Google,5,2026-05-24 23:10:56,sangat membantu sekali
Pengguna Google,5,2026-05-24 23:09:47,"WA sekarang ngeselin,, sehabis kita klik tautan,, chat terjun bebas, jadi gak bisa baca chat di bawah tautan,, 🥴🥴🥴"
Pengguna Google,5,2026-05-24 23:08:54,hasil poto cepretan di wa itu gambarnya miring2 mohon di perbaiki aplikasinya
Pengguna Google,5,2026-05-24 23:08:51,dengan menggunakan metode ini sangat membantu
Pengguna Google,5,2026-05-24 23:07:49,bagus
Pengguna Google,5,2026-05-24 23:03:03,lebih mudah.dan cepat.
Pengguna Google,5,2026-05-24 23:00:41,lancar dan memberi pengetahuan yang luas dan berita 2 yg baru dr sesama wa
Pengguna Google,5,2026-05-24 23:00:22,sngat 👍
Pengguna Google,5,2026-05-24 23:00:01,ok
Pengguna Google,1,2026-05-24 22:55:04,"semakin banyak bug nya di versi hp, yang WhatsApp desktop pun sama. bug gak papa kalo bukan fitur utama, ini di handphone keterangan nya Masih login di windows, tapi di laptop saya tulisannya perlu login. ganggu banget"
Pengguna Google,5,2026-05-24 22:54:38,"sejauh ini sudah bagus dan handal, akan tetapi akhir2 ini kenapa WhatsApp jadi sering error kirim foto laporannya centang 2 tapi tidak masuk gambarnya, tolong lebih ditingkatkan lagi bug2 nya biar kita pengguna juga gak rugi dan dimarahi sama bos🥲🥲🥲"
Pengguna Google,5,2026-05-24 22:49:43,sejauh ini masih nyaman menggunakan aplikasi ini walau sw sekarang kadang ada iklannya but suka aja manfaatin Ai nya😭😭
Pengguna Google,2,2026-05-24 22:43:46,"woy gmna ini, kga ada cwe yg ngechat gw"
Pengguna Google,1,2026-05-24 22:43:07,gajelas kocak saya ga ngapa ngapain tiba tiba nomor ke logout terus pas mau login lgi malah ngestuck tambahkan akun hadeh mana kalo mau masuk harus hilang data baru bisa masuk lgi 😂
Pengguna Google,5,2026-05-24 22:42:21,karena bisa jwb di wa dan takut ada kepentingan
Pengguna Google,5,2026-05-24 22:41:08,Baik
Pengguna Google,4,2026-05-24 22:37:05,paling tidak suka kalau harus suruh update sangat mengganggu dengan kerjaan pas mau ngirim foto ke grup jadi lambat yang tadinya dikirim harus tepat waktu
Pengguna Google,5,2026-05-24 22:29:07,bagus
Pengguna Google,5,2026-05-24 22:26:42,"bagus tapi tolong perbaiki bug nya, saya setiap telpon keluar terus"
Pengguna Google,5,2026-05-24 22:26:16,goobd
Pengguna Google,5,2026-05-24 22:24:35,Aplikasi komunikasi untuk berbagi media
Pengguna Google,5,2026-05-24 22:23:33,bagus banget 😘😝 beri bintang 5
Pengguna Google,5,2026-05-24 22:18:47,sangat baik
Pengguna Google,3,2026-05-24 22:07:19,sangat bermanfaat
Pengguna Google,5,2026-05-24 22:06:31,mantap
Muhammad Gibran,5,2026-05-24 22:02:22,okkk sangat mantap
Raja Langit,5,2026-05-24 21:58:36,sangat puas
Imam Ok,5,2026-05-24 21:51:17,"Saya mengalami gangguan saat login , tolong di perbaiki segera"
Choirul Anam,5,2026-05-24 21:47:30,"Bisa chating, telpon, video call, kirim gambar atau kirim dokumen dengan mudah dan cepat. Aplikasi bisa akses 1 akun dengan berbagai perangkat. Kayaknya sudah pakai aplikasi ini lebih dari 10 tahun."
Muhammad Khairul,5,2026-05-24 21:45:16,bagus
Radit Radit,1,2026-05-24 21:37:50,saya GK bisa login wa gimana ini
Papa Rian (irwandi),5,2026-05-24 21:34:52,bagus
RUSADI JLR10,2,2026-05-24 21:30:25,kena pa washap ini sering di blok kir hanyauntuk mengobrol dan membuat sw
Leni Kurniasih,5,2026-05-24 21:29:06,ok
Said Aris fices Aris,5,2026-05-24 21:23:18,semangat
dimaz blinkzunk,1,2026-05-24 21:20:24,makin kesini makin ribet aja ini wa. padahal cuma chat ke keluaga dikira spam malah kena blokir sementara. tolonglah diperbaiki lagi
Bagas2007 Mhd,5,2026-05-24 21:18:58,hagus
putri Nabyla,5,2026-05-24 21:05:53,nomor ku tiba-tiba teriset karna ada yang spam
Azralia Windy Astuti,3,2026-05-24 21:04:42,akun selalu ditinjau maksudnya apa ini klo nomer baru tolong jgn dipersulit min mau chat orang jdi susah selalu kena tinjau.🙏🏻🙏🏻
Ujang 2019,5,2026-05-24 21:01:24,sangat berguna
Bang Muiz,1,2026-05-24 20:45:41,wa sekarang kenapa sih dikit dikit di blokir pedahal saya nomer baru tetep ajah di blokir ngotak dikit lah wa pedal ituh nomer baru salah apa apa di blokir tolol tanggung jawab lah
Nurdin Sah,4,2026-05-24 20:31:49,"sangat membantu, apalagi dengan fitur fitur baru ny"
sechan yazid11,4,2026-05-24 20:31:30,Sangat bermanfaat. Mengapa wa saya dalam 2 hari ini selalu di tinjau baru kali wa begini
tasya rehan,5,2026-05-24 20:27:05,ok
Zamhari Ari,4,2026-05-24 20:23:44,Aku beri bntang 4 biar pun susah klarivikasi nya.
Shane Saputra,1,2026-05-24 20:23:23,verifikasi selalu tdk bisa
Riaman Riang Amanah,5,2026-05-24 20:21:32,dgn WhatsApp messenger segalanya jadi mudah
Jamilah Jamilah123,5,2026-05-24 20:13:56,"aku bisa berhubungan dengan teman, saudara, sahabat dan keluarga"
Vicky Kiara,5,2026-05-24 20:05:39,Bagus sekali
Herman Tino,4,2026-05-24 20:05:24,👍
Reza Muhammad,5,2026-05-24 20:05:13,bgus
— repzx,1,2026-05-24 20:01:47,Tolong WhatsApp perbaiki sistem WhatsApp updatan versi sekarang jelek banget Sering ke blokir atau di batasin . Saya sebagai kurir paket kesulitan dengan kondisi WhatsApp sekarang sering ke banned atau di batasin di saat saya lagi mau membalas pesan chat ke customer saya
Sabara Ara,5,2026-05-24 20:00:05,bagus banget
Asmanidar As,5,2026-05-24 19:59:00,aman dgn end to end
Sujata Silangka,5,2026-05-24 19:56:39,ok
Tegu Tiyo,5,2026-05-24 19:56:16,sangat bagus
Danil Imut12,5,2026-05-24 19:49:48,mantap
Endri Riana94,5,2026-05-24 19:41:31,baik
yusuf ahmar,5,2026-05-24 19:39:42,good
Riuu Majwaja,2,2026-05-24 19:36:07,"ini apaan bngt si pitur pulihkan cht, masa semua cht gua ilang, semuanya loh, sampe ke saluran gua, gajelas banget thai"
Mingip Ngip,4,2026-05-24 19:34:02,semoga berhasil
Dapot jikko sitanggang Jikko ditanggang,1,2026-05-24 19:25:46,aplikasi enggak guna hampir tiap hari akun wa aku di blokir terus ditinjau
Andre88 Panca,1,2026-05-24 19:24:53,apaan malah d blokir akun q
Roger Yos Mario,5,2026-05-24 19:15:22,B aja
Agung Prayogi,3,2026-05-24 19:05:32,sering di blokir tolong di perbaiki apk nya ya min soalnya butuh apk WhatsApp
adoy dila,3,2026-05-24 19:04:17,coba coba
Yahbit Yahbit,5,2026-05-24 18:56:57,ok
Nur Aini,3,2026-05-24 18:56:35,tolong perbaiki bug nya masa ga bisa ngubah tampilan VC yang besar kalo di ubah salah satunya bakal macet atau bisa aja malah cuma 1 orang yang kelihatan
Kk Kk,5,2026-05-24 18:54:59,sangat bagus
Wafa _99,2,2026-05-24 18:53:19,saat vc pasti ada bug untuk perkecil kameran. dan bug nya syulit di hilangn
Orang Aneh,1,2026-05-24 18:50:53,kasih kesempatan untuk android versi 6
Afifuddin,5,2026-05-24 18:50:19,memang lebih baik dan bisa di percaya
Franz Alpando,1,2026-05-24 18:47:55,tak bisa berkata kata lagi🙏🏻
Abilmuad,1,2026-05-24 18:47:43,aplikasi tidak brguna dasar aplikasi sepi
Fatimah A Taleb,5,2026-05-24 18:44:48,"aplikasi ini bagus, tapi di batasi selalu saat saya berkomunikasi"
Eka Glo,5,2026-05-24 18:40:50,bisa dapet cewe
jani jay,5,2026-05-24 18:39:46,sangat membantu
Arifin Fin,1,2026-05-24 18:38:25,telpon terkadang ga ada suara telpon panggilan gagal Mulu kebanyakan bug
Lidia Laundry,5,2026-05-24 18:30:31,bagus
titikwidyawati 60,1,2026-05-24 18:28:46,gampang ke blokir nmbernya
Jamal Soppeng,5,2026-05-24 18:27:46,mantap
Tika Putrisasi,2,2026-05-24 18:26:27,"saya kena tinjau mulu, padahal ga ngapa ngapain"
Ucup Nirin,5,2026-05-24 18:24:34,ok
kynara adzkia,1,2026-05-24 18:22:22,no saya loh out terus menerus gak ada solusi
Faisal33 Cal,5,2026-05-24 18:20:22,mohon buja blokir nomor saya
Afandi Zila,5,2026-05-24 18:15:07,bagus
kondo toteng,1,2026-05-24 18:13:43,apa ini maksudnya whatsapp tiba2 ke spam 24 jam habis itu tidak bisa login belum terverifikasi nomor
Endang Andi suharta,5,2026-05-24 18:11:52,bgs banget
Muhammad Irsan,5,2026-05-24 18:11:10,semoga di bantu
IQBAAL Jalaludin,5,2026-05-24 18:08:21,akun saya di blok
dewi lisnawati,5,2026-05-24 18:02:35,mantop
Nurul Laila,5,2026-05-24 18:02:18,"tolong ya whatsapp kenapa setiap Video call itu gambar sering berhenti, suka eror juga, tombol fitur video call juga suka hilang. jadi ga nyaman banget!! mengganggu sekali!!"
Rabi Atul,5,2026-05-24 18:02:16,🫰🏻🫰🏻
dhikaatohari dika,1,2026-05-24 17:59:25,"selalu terblokir,wassap jelek sekali,mendingan enggak usah ada wassap kalo kek begini percuma,orang"" pun kasian kalo kek gini wassap jelek huuh alahh👎👎"
iLham Harfian,2,2026-05-24 17:55:14,terimakasih
Janu Ellkasah,2,2026-05-24 17:55:12,"makin aneh aja ini aplikasi, tiba² ke logout sendiri, malah tiba² ke blokir udh coba login lagi malah kaga bisa aneh"
Seshe,5,2026-05-24 17:52:11,"min ini wa makin bnyk updatenya, tapii dari banyaknya update itu gua nunggu bngtt update klo vc ga miror, kalo buat sw HD nah udah iyu sja min🙏"
Rey Boy,3,2026-05-24 17:45:15,buruk
Anak Langik,5,2026-05-24 17:40:44,Woi pihak WhatsApp stiker jomok ku hilang😭😭
Eka Agustina,5,2026-05-24 17:38:31,Download lemot
Yarnima Laia,5,2026-05-24 17:37:18,Oky
Aa Fika,5,2026-05-24 17:36:48,tolong saya.. kenapa saya tidak bisa menerima kode otp SMS dan telfon harus menunggu berjam-jam terus tolong disitu banyak nomor penting 😭😁
Sena Prett,5,2026-05-24 17:30:46,bagus bangett
saddam husein,1,2026-05-24 17:30:15,masa ngirim sw yg di tag dri HP android ke ip di HP ip gak bisa tolong bug nya di perbaiki
Norman S,3,2026-05-24 17:24:59,malesin makin sini kontak pada iilang kehapus sendiri males
Yumen Beiss,5,2026-05-24 17:24:39,saya berikan 5 bintang 🌟🌟🌟🌟🌟
Gerry Kadafi,5,2026-05-24 17:22:50,kenapa gak bisa masuk grup
Estu Bagus,1,2026-05-24 17:21:16,gangguan terus oi perbaikilah lol
Ahmad Rizky Pujianto,1,2026-05-24 17:20:56,wa nya keluar sendiri
Rizall RyzGaming,2,2026-05-24 17:19:36,Mohon kepada pihak WhatsApp agar lebih baik seperti apa pengguna inginkan bukan malah nambah menyusahkan pengguna nya jadi tidak bisa menggunakan akun WhatsApp lgi gara gara terus kena ban dan kenon jadi harap bisa di mengerti untuk ini jika terus tidak bisa menyamankan pengguna maka mereka tidak akan menggunakan WhatsApp lagi dan beralih ke Telegram atau yang bisa di gunakan untuk chatan bersama keluarganya karna ke banned secara tiba tiba (Terimakasih saya)
Al Aziz,1,2026-05-24 17:18:42,Kenapa sih wa nya ga bisa bikin akun wa ake nomer baru baca an nya harus Prepikasi nomer ajah
SUHARIS 16,1,2026-05-24 17:17:02,"wa sekarang makin ribet, ngirim foto di group kadang dihp kitanya udah terkirim tapi di hp lain fotonya ga ada malahan"
Anggibiman Kedua,1,2026-05-24 17:14:34,mantap
Bandolo Cs,4,2026-05-24 17:14:28,bagus banget
Bayu Nofyan,1,2026-05-24 17:12:15,kenapa wa sekarang kok sering di blokirr
akunwinkdhea06,5,2026-05-24 17:08:33,kenapa kalo bagi layar gaada suaranya sekarang?
Andi Yusuf,5,2026-05-24 17:04:18,diversifikasi oleh whatsApp messenger
I Ketut Waras,5,2026-05-24 17:03:58,sangat membantu dl komonokasi
Helmi Makarim (Udo),5,2026-05-24 17:02:44,"top, mantap👍"
Keysa May Keysa putri,5,2026-05-24 16:59:50,ya tolong ditingkatkan lgi jangan burem
Ayu putri,5,2026-05-24 16:58:15,ok
Abdul Abdul,5,2026-05-24 16:58:11,bagus
Romdoni Doni,5,2026-05-24 16:57:21,baik
Renald,5,2026-05-24 16:52:35,"Bring back the old, simple, and lightweight WhatsApp, without a lot of junk features and suggestions."
Imam Hidayatulloh,5,2026-05-24 16:50:36,memuaskan
mpiimpruyy 09,5,2026-05-24 16:44:42,"walaupun saya sedikit gasuka sama WhatsApp, tapi saya kasi bintang 5 SOALNYA PERSIB JUARA😛"
Rukiyah Lestari,5,2026-05-24 16:44:35,WhatsApp sering mental trs
As iatun,1,2026-05-24 16:43:13,makin lama makin gk kelas apk ini. saya hanya ganti hp saja akun sy di blokir.
Niah Zaky,5,2026-05-24 16:42:23,ok
Tya Micella,3,2026-05-24 16:39:06,"setiap bikin status dari instagram, pesan dari kolom komentar ga pernah muncul di status whatsapp 😮‍💨🤦‍♀️"
Muhamad abdul Ajis,1,2026-05-24 16:33:35,engga buat salah malah akun di blokir
epi Julian,1,2026-05-24 16:33:21,no saya di ban mulu padahal saya ga gapain gapain sudah ganti no berapa kali tetep di ban
Flawlezzee,2,2026-05-24 16:32:51,"tampilannya berantakan, grup dan chat personal nyatu semua. jadi ribet, ga rapi. mending dibedain deh, buat chat perorangan dan chat grup."
Wapa Alpajri,5,2026-05-24 16:32:21,ini sangat bgus
helwa muntaza,5,2026-05-24 16:31:23,apl nya cukup bagus bisa chtn sma ngbrin orng gtu cuma pls bngt nih ya tlong pnjgaany lbh ketat dkit bnyk orng yng ngrim bug wa yng bkin wa gbs dpke kyk auto crash gitu lyrny gk bisa digerakin sma 1 lgi ad bbrp bisnis/kontak yng dilaporin krna sesuatu yng gk pnts tpi gk diladenin sma skli sm whatsapp klo bsa nih y tlong ketatin sdikit penjgaan aplgi buat orng yng udh dilaporin krn ngrim bug whatsap aplgi bugny bisa nembus lyr bli hp bkn pake daun boy jdi tolong bngt y buat penjgaany ketat in y.
Dani Muhammad,5,2026-05-24 16:30:15,Sangat bagus
Jupitrasta Rasta,5,2026-05-24 16:28:20,sangat bagus
Razak Ar razak,1,2026-05-24 16:26:34,knp saya di suruh mengunduh wa resmi terusss
Iskandar Jamil,5,2026-05-24 16:25:20,Aplijasi favorit
BEE Zelo,1,2026-05-24 16:22:33,tetap ku kasih Bintang satu sebelum ada fitur Upload Status WhatsApp HD
haerun harun,5,2026-05-24 16:22:15,sangat bagus
adam fatur,5,2026-05-24 16:22:14,sangat puas
Rina Jayusman,4,2026-05-24 16:21:18,tolong perhatikan efisiensi penggunaan ram dan baterai nya mark!!
ꦗ꦳ꦼꦥꦾ Privasi,5,2026-05-24 16:21:00,Good job
Fikrel 123,5,2026-05-24 16:19:24,sangat membantu
Endi Jambray,5,2026-05-24 16:16:57,bagus
Suwanto,3,2026-05-24 16:15:18,akun saya belum ditinjau
Hamzah,5,2026-05-24 16:14:11,Oke
Wazir DRI 313,4,2026-05-24 16:10:10,baik
Keyla Renita Putri,3,2026-05-24 16:07:55,hallo dukungan WhatsApp. Saya sangat menghargai keputusan anda. Tapi mohon maaf jika saya lancang. Ini kenapa ya WhatsApp saya kena blokir padahal saya sama sekali tidak melakukan apapun. Saya tidak tahu apa-apa tiba-tiba kena blokir. Saya mohon bantuannya untuk di buka dan di aman kan terimakasih.
Alfi Aqilla,5,2026-05-24 16:07:06,bagus
Hudha Sendhu,5,2026-05-24 16:06:41,"padahal ga ada sama sekali pesan spam. eh malah yang ada akunnya malah kena tinjauan TOLONG KEBIJAKAN PRIFASI NYA DI TINGKATKAN LAGI. padahal gak pernah di pakai yang aneh-aneh, sudah 2 kali kena tinjauan"
arjunn arjun,5,2026-05-24 16:01:49,ok
Afrance.,1,2026-05-24 15:57:40,kenapa saat buka aplikasi keluar keluar sendiri sih
Hasrikholid Oke,5,2026-05-24 15:56:10,betul sekali
Prianto Prianto,5,2026-05-24 15:53:51,knp g bisazmasuk terus
Kanci Ucul,5,2026-05-24 15:53:24,baik dan cermat
Ufangg,5,2026-05-24 15:53:16,ga tao
Reka Noviani,5,2026-05-24 15:53:00,karena memiliki hal yang bisa membuat kita komunikasi sangat cepat
Ulil Azmi,5,2026-05-24 15:49:16,oke lah 👍
Suhartono,5,2026-05-24 15:48:54,👍
Naufal Cihuy,1,2026-05-24 15:48:28,"dikit dikit update, klo gk ngelag, monyet"
Nuri Nuri,5,2026-05-24 15:47:22,pakai aplikasi whatsaap simpel dan gak ribet saya suka banget
Etrie Putrie,4,2026-05-24 15:47:20,udah aku download wa resmi masih GK bisa daftar piye sih ato hp ku ini wa nya rusak berkali2 GK bisa daftar wa
Khairul Amri,5,2026-05-24 15:46:07,puas
Aqmal Fachryy,1,2026-05-24 15:40:43,meta ai ku kok ga bisa jawab kalo aku chat cuma di read
Pria Idaman,5,2026-05-24 15:39:33,sangat bagus
Bayu Pamungkas,5,2026-05-24 15:39:02,mantap
MUHAMMAD FANDI123,1,2026-05-24 15:38:24,oke
Andy Alang,1,2026-05-24 15:37:33,ada bug pada Videocall tolong diperbaiki
Zenith,1,2026-05-24 15:36:23,telponnya mati mati gajelas dan suaranya selalu gajelas
Aura Manda Pokay,5,2026-05-24 15:35:27,Sangat Puas
Tandri,1,2026-05-24 15:35:06,"makin busuk tiap lu update nih, upload status lgsg ngebug keyboard ngambang ke tngh - atas, sortir privasi hanya bagikan dengan malah double contact nya, jelek lama lama cuma mau untung doang"
Ari Pionk,5,2026-05-24 15:32:08,mantap
Iqbal Fitrawansyah,5,2026-05-24 15:29:34,bagus banget
Bung Antok Janekno06,5,2026-05-24 15:25:19,aplikasi ini membuat saya merasa lebih nyaman membuat saya merasa semakin mudah membuat foto menjadi video klip dan sangat menghibur hari hariku bersamanya di dunia yang paling penting adalah bagaimana kita menyikapinya dengan baik maka baik pula dengan mudah
Najwa,5,2026-05-24 15:24:03,kenapa whatsApp sy akun nya di batasi
Ibnu Arif,1,2026-05-24 15:23:35,"setelah di perbarui WhatsApp makin gajelas sistemnya Saya sudah ganti nomor 2 kali masih tetep kena spam terus sudah berhasil kena spam lagi sampe 4 kali tolong perbaiki sistemnya supaya kenyamanan pelanggan WhatsApp terjamin, terimakasih"
Al Hery,1,2026-05-24 15:23:06,"Kenapa skarang sring kena spm WhatsApp dikit² minta tinjauan kena blok, parah dah"
Jaki Aja,5,2026-05-24 15:22:12,seru bgt
Awal Lubis,5,2026-05-24 15:22:10,wa say tidak bisa terbuka
Apri yansha,5,2026-05-24 15:21:09,mantap lah
Dani Dani,5,2026-05-24 15:18:23,aku bisa nelpon orang 😁😁
Akun Bot aidil,5,2026-05-24 15:17:02,Saya ngasih bintang 5 karena WhatsApp banyak membantu
ARUM KAMILIA,5,2026-05-24 15:16:07,Alhamdulillah. Akhirnya verifikasi nomor HP akun WA sudah bisa dilalui. Trims
Dian Anggrainy,5,2026-05-24 15:14:29,bagus
Umi Nabila,5,2026-05-24 15:13:25,bagus
Madison Collins Collins,1,2026-05-24 15:13:20,aplikasi busuk dikit dikit kena spam padahal chat ke no baru dasar apk sampah
Aprilia Nuris,5,2026-05-24 15:13:04,sangat bagus
Agusrianto 123,3,2026-05-24 15:10:29,wa tdk bs di guna kan
ica clarissa,5,2026-05-24 15:10:23,sangat praktis
yanto dimas,5,2026-05-24 15:09:50,mantaf
Oktavian,5,2026-05-24 15:09:31,"bagus si, tapi sering eror, dan kalo vc ngelag"
Muhammad Fauzan,5,2026-05-24 15:09:23,bagus
Santisima Trinitas,5,2026-05-24 15:09:03,tolong aplikasi ini jangan selalu rusak atau tiba tiba kena spam padahal tidak melakukan pelanggaran
Jiji Diogo,5,2026-05-24 15:07:12,mantap sekali
Azra,1,2026-05-24 15:06:47,"selamat malam kepada cs wa yang terhormat saya azrah sebagai pengguna aplikasi ini merasa sangat kecewa di karenakan sistem kerja aplikasi yang sangat tidak masuk akal, saya mengalami kendala akun wa saya selalu terkena blokir bisa 2-3 kali dalam 2 hari padahal saya hanya ingin mengirim pesan ke kontak baru, tapi baru 1 pesan saja sudah terkena blokir, haduhh mohon di perbaiki lagi sistem kerja aplikasinya"
Lestari Evi Yanti Siregar,5,2026-05-24 15:06:43,"Mudah berkomunikasi, kalau boleh request, semoga wa bisa live kayak aplikasi lain ya🤭"
Dafa Adila putra hakiki 22 adila,1,2026-05-24 15:06:34,goblog ora bisa pencet
Indratno Indratno,5,2026-05-24 15:05:17,Bagus cepat
Dhea Ryu,1,2026-05-24 15:04:21,Kembalikan WhatsApp kaya dulu lagi....skrg menyebalkan rame udah kaya IG
Rusdhy72 Borneo,5,2026-05-24 15:01:20,sangat membantu skali
Ronaldi Purba,5,2026-05-24 15:00:35,sangat membantu saya dalam berkomunikasi
Elenk Ell diodora,5,2026-05-24 14:59:36,caraulih kan akun saya
Rhnn Sptra sptra,5,2026-05-24 14:59:31,Sagat Yaman memakai apk ini
Aira syafa,5,2026-05-24 14:58:31,"bergunaa bgttt , aihh sukaaaa , minusnya klo bikin sw kok burem sii gskaa tapi gapapaa bisa komunikasian smaa shabat terchintaaahh"
Franda Putri,5,2026-05-24 14:58:28,WhatsApp adain sorotan juga dong
Putri Lestari,5,2026-05-24 14:57:54,bagus
Fitri Wahyuniaritonang,5,2026-05-24 14:57:39,ok
Ela Nurmala,1,2026-05-24 14:57:20,gak bisa di buka memeq
Ridho Skanan,4,2026-05-24 14:55:50,bagus tapi GK saya kasih 5 agar lebih bagus
Remsi Kornelius,5,2026-05-24 14:55:45,Keren
Ayeisha Azkadinah,5,2026-05-24 14:54:36,👍
Hana Ayanah,5,2026-05-24 14:52:02,baik informatif
Dimas021,2,2026-05-24 14:51:23,"mana WhatsApp yang dulu? WhatsApp yang dulu TIDAK ADA BUG SAMA SEKALI, ketika update ada bertambah fitur, dan bertambah bug nya juga, permintaan kita semua sama, buat wa se simple dulu, tanpa adanya bug"
Halim Riando,5,2026-05-24 14:50:22,nice
Afdals,5,2026-05-24 14:49:47,"Add feature: Message scheduling, that is, someone can mark what day and what time the message will be sent automatically."
Dora Kaet,5,2026-05-24 14:48:04,bagus
Evander Fanora,1,2026-05-24 14:46:11,"ngga ada salah aja di tinjau, aplikasi aneh!"
noor shahrunnizam,1,2026-05-24 14:45:39,kenapa wa saya tiba2 ke log out sndiri. disuruh verifikasi lagi. padahal nmr bener tapi dstu bacaannya nomor salah .. padahal udh pake nomor wa nya ini dari tahun 2020. mengapa WhatsApp sangat buruk skrg
Lita Litaa,5,2026-05-24 14:45:38,bagus
Said Nb,5,2026-05-24 14:45:29,mantap
Sandri Bae,5,2026-05-24 14:45:13,whatsapp sangat mempermudah komunikasi
Galang Anarbu anarki,5,2026-05-24 14:45:08,bagusssssss
ARYA FADLI,5,2026-05-24 14:44:55,sengaja aku buat bintang 5 karena bug sekarang mulai banyak muncul kaya nomer ga di priv tapi nggak bisa liat SW kalo mau repost biasanya suka terjadi kesalahan harus di spam tekan biar bisa
MZakir 025,1,2026-05-24 14:44:14,apk nya sangat buruk tidak ada yang ngechet saya
Ismail SK,5,2026-05-24 14:43:56,bagus banget
Siti Ningrum,5,2026-05-24 14:43:30,ok
Tarsih Cirebon,5,2026-05-24 14:42:23,bagus
Zahrotoen Zaa,2,2026-05-24 14:41:59,"sekarang bikin status blur gak bisa di HD, kualitas hd nya udh gak kayak dulu klo status"
Rini Tuke,3,2026-05-24 14:40:34,sudah bagus hanya tidak bisa di update
iska ae,1,2026-05-24 14:39:59,akun saya tiba-tiba tidak bisa menggunakan whatsapp karena melanggar sesuatu padahal saya gak ngapa ngapain
Taaa BKT,5,2026-05-24 14:38:38,baikk
Supri Yukero,5,2026-05-24 14:38:06,Bagus
Raja Dasopang,4,2026-05-24 14:37:49,oke
Abdul Rahman,5,2026-05-24 14:37:28,kok wa saya tidak bisa di buat vc iya
Eddy S,5,2026-05-24 14:35:37,sangat membatu dalam menerima dan menyampaikan informasi
Bora Pulaubanyak,5,2026-05-24 14:35:00,mantappp
wryn l4ng,1,2026-05-24 14:34:59,WhatsApp gajelas suka ellor
Prasetiya Thama,5,2026-05-24 14:34:02,baik
Khaydha Anggel ykha,5,2026-05-24 14:33:31,bagus sekali
Rizki Irawan,5,2026-05-24 14:32:50,mohon untuk developer nomor WhatsApp saya tidak bisa login
Solin Belo,3,2026-05-24 14:32:42,kenapa watsap sering Kali tidak bisa kepake Tiba Tiba Hyland
Alisa,2,2026-05-24 14:32:34,"wa sekarang menyebalkan. kenapa melihat setatus wa sendiri bisa geser otomatis ke setatus wa orang lain, karena saya jarang banget pengen lihat sttus wa orang lain. biasanya klo lgi ngecek sttus sendiri dia langsung kembali ke sttus sya sendiri, ini mah malah lanjut ke sttus orang tanpa aku geser. ditambah klo ada pesan masuk gx langsung muncul,cuman muncul diatas ada pembritahuan begini(mungkin anda telah menerima pesan baru) gitu. padhal kuota banyak,sinyal pun bagus."
Tau Fik,2,2026-05-24 14:32:09,"yang paling penting adalah kualitas unggahan foto/video bisa sesuai dengan size/ukuran asli,,tolong di perbaiki itu,,"
Nikodemus Nabil,1,2026-05-24 14:30:35,2026 Wa menurut saya makin gaje upload story udah pilih yg hd malam blur hadeh dan suka ngebuk saat vc
Catherine Filia lutfi,1,2026-05-24 14:30:11,gada efek
Michael darman Saputra manik,2,2026-05-24 14:29:45,senat buruk
Kiki,5,2026-05-24 14:29:24,Bagus
Sinetron Update,5,2026-05-24 14:29:15,ok
Dedi Hermawan,5,2026-05-24 14:27:12,bagus banget
Arry Tonnank,5,2026-05-24 14:26:55,Ok baguz
Jeppy Saltio,5,2026-05-24 14:26:31,ok
Dwi Dwi,5,2026-05-24 14:26:00,sangat bagus
Elsa Viana,3,2026-05-24 14:25:17,"𝘬𝘯𝘱 𝘢𝘱𝘭𝘪𝘬𝘢𝘴𝘪 𝘪𝘯𝘪 𝘶𝘥𝘩 𝘴𝘢𝘺𝘢 𝘶𝘱𝘥𝘢𝘵𝘦 , 𝘵𝘢𝘱𝘪 𝘨𝘢𝘬 𝘮𝘶𝘯𝘤𝘶𝘭 𝘷𝘪𝘵𝘶𝘳 𝘩𝘥 𝘪𝘯 𝘣𝘶𝘢𝘵 𝘴𝘦𝘳𝘢𝘵𝘶𝘴 𝘸𝘢𝘴𝘵𝘢𝘱?"
Petrus Lau,5,2026-05-24 14:25:06,lebih bagus
Dian Pradana,1,2026-05-24 14:24:24,"aplikasi ngebut, edit nama kontak dan yang lain ga ada , terus mau nambah kontak ga ada juga fiturnya segara diperbaiki sangat mengganggu"
andi sanjaya,3,2026-05-24 14:24:24,"agak lain pas mau Buka wa tiba"" kadaluarsa"
Hasanuddin,5,2026-05-24 14:23:53,mantap aplikasinya
AL -fiyan,5,2026-05-24 14:22:20,ok
Dzakiya Embun,4,2026-05-24 14:21:46,"Whatsapp tidak bisa digunakan Karena tidak resmi, walaupun sudah dinunduh di whatsapp resmi tetap tidak bisa, ini kenapa ya?"
Syam,5,2026-05-24 14:20:45,sangat membantu
Teguh Siswanto,5,2026-05-24 14:19:42,good
LUKMAN TUKANG MANCING,5,2026-05-24 14:19:35,ok
Trubus Yulianto,5,2026-05-24 14:19:12,kenapa Whatsap bisa gunakan g bisa ferifiwikasi
Azriel Wijaya,5,2026-05-24 14:19:06,mantap
ummu kulsum,5,2026-05-24 14:18:27,bagus sekali karna sudah updeta saya jadi bisa pake filter
bustom BJ,5,2026-05-24 14:17:58,"udah dikasih bintang 5 nihh, req yaa bisa ada fitur bubble obrolan untuk chat pribadinya🤗"
Rohaddy,5,2026-05-24 14:17:11,"untuk metta , mohon di perbaiki, updet terbaru nge bug di bagian profil pengguna lain, chat bagian profil gelap."
Jotaro,1,2026-05-24 14:17:00,"PERBAIKI BUG !!!!. saya membagikan pesan suara saya ke status namun tidak muncul di ponsel teman saya meski sudah saya atur privasi status agar dilihat oleh semua kontak saya. laporan saya diabaikan, aplikasi bodoh"
Rasyid Garaassafar,2,2026-05-24 14:16:28,"ga aman sllah gabisa di buka, tulisan terjangkau"
Wahyu Hari Soetrisno,3,2026-05-24 14:16:04,"makin gak jelas, whatsap gak bisa disambungin ke bluetooth headset. ganti perangkat lain juga sama"
Arifky Muhammad,5,2026-05-24 14:15:36,keren babget
Marselus Oki,5,2026-05-24 14:15:33,bagus
Swer Doank,5,2026-05-24 14:14:12,aplikasi bagus yang sangat mudah dipergunakan
Zidan Dan,2,2026-05-24 14:14:12,bagus
Julia Malaifani,1,2026-05-24 14:13:53,parah Sekali Ini Aplikasi. tidak Bisa Lihat Foto/video/dokumen apapun...
Tri Saktia,4,2026-05-24 14:12:39,"Abis di perbaharui, chat aplikasinya malah ga bisa di kunci. Klo hp lg di pake anak jadi buka2 chat wa"
Kamto Kamto,5,2026-05-24 14:11:53,sangat baik sekali
Afifah Nurfaizah,5,2026-05-24 14:10:05,bagus
cahya purnomo,5,2026-05-24 14:08:58,oke 👍
Nafisya Aurelia Putri,4,2026-05-24 14:08:51,"bagus, tapi benerin dlu dong kualitas foto dan video yang di up ke status WhatsApp"
Zizah Alya,5,2026-05-24 14:08:40,Bagus
wulan,1,2026-05-24 14:08:40,ga ada yg chat
Mahyudi Yudi,5,2026-05-24 14:06:49,okey
Melati Indah Sari_024,5,2026-05-24 14:05:57,"tolong, aku pengen wa ku ada filternya, sampe sekarang masih gaada"
Hasan Liz,3,2026-05-24 14:04:41,suka error buka status wa
Silvi Nuraida,4,2026-05-24 14:04:36,yg terbaik👍
Mijar Riacudu,1,2026-05-24 14:01:54,Akun wa saya ke blok mohon dong di perbaiki
m danu,5,2026-05-24 14:00:45,watsap bagus
Sindi Novita apriliani,3,2026-05-24 13:58:50,kenapa sekarang wa kalau vc kepencet muka sendiri suka ngelag jdi gda gambar
Ridho Pangeranjati,1,2026-05-24 13:58:43,"SATU MALAM AKUN KENA TINJAUAN 2 KALI, padahal ga pakai pihak ke 3 ini resmi dibilang make hadeh"
Ammar Udin,1,2026-05-24 13:58:02,"tiba"" wa saya ga bisa di buka, dan di nyatakan spam dan di dlm bnyak krjaan lg, bikin bingung"
SUDIYONO NO,5,2026-05-24 13:57:26,Dengan harapan aplikasi WhatsApp bisa terinstal di hp oppo a37. Aamiin.
Irsad Aras,5,2026-05-24 13:57:16,WhatsApp bagus dan membantu aktivitas
Tugiannto Anto,4,2026-05-24 13:56:32,selolu kena blokir saat bulak WhatsApp
babang men,4,2026-05-24 13:54:08,baik sekali
heaven putri,5,2026-05-24 13:53:54,Kenapa. Wa ga bisa di update
Fida Bolo,5,2026-05-24 13:53:46,enak di pake dan engak ribet
Alfriansyah Mulia lubis,5,2026-05-24 13:52:39,nice app
heruisme channel,5,2026-05-24 13:52:38,"canggihh!!, saya suka!! bahkan meta AI ramah dan seru!! bisa membuat foto bisa bikin cerita bisa buat curhat!! yang saya rindu itu adalah Avatar!! dan bisa buat banyak saluran dan buat status!! saran saya cuma.. 1. bisa balikan Avatar gak saya belum membuatnya 2. Meta AI sering nge bug/lag kayak konsep foto,konsep cerita, konsep curhat sekian saran dari saya wassalamu'alaikum warahmatullahi wa barakatuh..."
Sasel rio,1,2026-05-24 13:51:52,lag
Sultan Musa,3,2026-05-24 13:51:35,"sering ada orng toxic yng chat+ banyak orng jail suka bug in no wa orng sampe bikin tidak merasa nyaman, kehilangan kenangan terindah"
Muhtar Aliudin,1,2026-05-24 13:50:29,"huft daftarin nomer baru malah gak bisa bisa padahal penting banget buat orang tua,udh kirim email juga masih gak bisa"
Diky Cool,1,2026-05-24 13:49:04,kena spam Mulu akun ku
Khusnul Khotijah,2,2026-05-24 13:48:51,"jelek bngt kualitas call nya, makin canggih ini dong, gk ada fitur ngatur noise nya apa? kayak discord gitu loh, masa perkara sambil di cas suara jadi mendem?, gampang bocor kalo buka apk lain, canggih ini lah..... tambahin fitur diffen"
Hana Hanifa,1,2026-05-24 13:46:50,"keterlaluan WhatsApp ga jelas, di tinjau tinjau ga jelas menunggu lama baru berapa menit udah di tinjau lagi, mau kalian apa? perbaiki cara kerja kalian, udah capek nunggu lama di tinjau tinjau ujung ujung nya tinjau lagi maksud nya apa coba gajelas bgt, mau komunikasi sama keluarga jadi susah SANGAT KETERLALUAN"
HAMDAN Sakirin,5,2026-05-24 13:46:34,keren aku suka
Eko Purnomo,1,2026-05-24 13:45:29,terlalu bnyak perubahan bikin ribet doang
Siti Nurjanah,5,2026-05-24 13:44:34,ok
putri yuniar,4,2026-05-24 13:44:17,saya harap di wa bisa melihat berapa kali orang lain lihat sw kita
Pak pawit,1,2026-05-24 13:44:12,mulai buruk!!!!
Resti Waryati,5,2026-05-24 13:41:37,aplikasi yg sangat membantu dalam komunikasi terbaik
Stiiva Ace,3,2026-05-24 13:39:24,"bintang 3, tidak ada cewek yg wa saya duluan sejak saya putus denganya 😭😭"
Kafita Dewi,5,2026-05-24 13:39:06,washap eror tdk bisa dibuka
Elias Markus,3,2026-05-24 13:38:11,"mohon untuk diupdate lagi aplikasinya. soalnya kalo misalkan kita upload status menggunakan lagu, maka hasil dari postingan status itu akan terlihat sedikit buram. jadi saya minta untuk perbaiki itu. agar supaya ketika kita mengupload status menggunakan lagu, hasilnya lebih jernih."
asis supardi,5,2026-05-24 13:37:50,sangat baik
Ari Pobian,5,2026-05-24 13:36:53,Sangat luar biasa
Aku Kamu,5,2026-05-24 13:36:23,Aplikasinya nah bagus banget buat orang orang bisnis
Strikerarep 22,5,2026-05-24 13:36:09,mantap
Nur Janna,5,2026-05-24 13:35:07,Kerennnn
Tikka Old,3,2026-05-24 13:35:05,knpa pas vc suka lag
Indo Cell,5,2026-05-24 13:34:08,𝐬𝐚𝐧𝐠𝐚𝐭 𝐛𝐚𝐠𝐮𝐬
Farell Ajah01,5,2026-05-24 13:33:03,pulihkan akun wa saya
Oppo,5,2026-05-24 13:32:49,nggak bisa di buka weahnya
Omar Ali,5,2026-05-24 13:32:48,good
Riki Old,5,2026-05-24 13:31:44,When can we comment on WhatsApp statuses
Arif Hapidin,1,2026-05-24 13:29:52,Semenjak sering update mau bikin story Poto suka lama ngebelg hitam klo update nya belom sempurna jangan di luncurkan kan dulu tolong perbaiki lagi sistem nya
Ajibarang,2,2026-05-24 13:28:36,wa nya gabisa login
iwan.A .M Haryawan,5,2026-05-24 13:28:07,mengapa akun WhatsApp saya sedang di tinjau lagi
DikzThe1,3,2026-05-24 13:28:00,"untuk aplikasi ini, tolong untuk tidak sembarang memblokir nomor tanpa alasan yg jelas"
rez vin,5,2026-05-24 13:28:00,intinya bagus😊👍
Niki Nikinaki,5,2026-05-24 13:27:38,ok
Zaydan,5,2026-05-24 13:27:04,mantap
Amirandah Malau,3,2026-05-24 13:26:43,wa saya tidak bisa digunakan akun sedang ditinjau ...
lala,4,2026-05-24 13:26:31,"for developers and teams, can you guys add a feature to remove followers on a channel, for some users who are visible on the channel. please everyone, i really hope for this."
geva,5,2026-05-24 13:24:59,gak macet kl
Akbar Satria,4,2026-05-24 13:24:25,lumayan bagus lah ya
Erick1771 Koko,5,2026-05-24 13:24:01,tolong di pulihkan kembali whatsapp nya biar sllu aktif
Putra V. Yourboyy,5,2026-05-24 13:23:37,aplikasi mantap ga kena blokir lagi
Muhammadzakyarifin,1,2026-05-24 13:23:13,kadang no wa ke logout sendiri
Obeth Begal,5,2026-05-24 13:22:15,knpa belakang ini sering eror klo video call
Salwa Vahira,5,2026-05-24 13:20:47,bagus tapi kenapa di wa ku ga ada fitur filter ya
Maya Yustiana,5,2026-05-24 13:19:38,"BAGUSS,tapi penyimpanannya sangat besar, jadi susah untuk mendownload yg lain"
Yanka Mahesa,4,2026-05-24 13:18:22,"sekarang wa dikit² kena kenon, tolong sih WhatsApp di perbaiki lagi sistem nyaa,masa gw buka WhatsApp lansung kena kenon.!!"
Tas Niar,5,2026-05-24 13:16:44,bagus
Power Redmi,5,2026-05-24 13:16:15,sering menghubungkan padahal internet ada
ibnuaryafatihrachman,5,2026-05-24 13:15:51,tambah kan fitur diamond ff/ml gratis min🤭😁
Elviyana Salim,5,2026-05-24 13:15:28,bagus keren
Buyun Yun yun,1,2026-05-24 13:15:27,perbarui wa1
cukrisusanto 786,5,2026-05-24 13:15:08,bagus
Asran Asran ji,5,2026-05-24 13:14:46,oke
Nafisa Lutfi,5,2026-05-24 13:14:30,enak sih nggak ada halangan tapi kalo nggak usah update gitu
Kenzhu Terok,2,2026-05-24 13:14:08,"tiap hari wa gw ""akun sedang ditinjau"" wa sekarang ngk tau kenapa"
Abang Holik,5,2026-05-24 13:10:52,Sangat Membantu Dan Berguna Sekali
Pendik Setiawan,5,2026-05-24 13:10:39,mantap
Olif Cantik,5,2026-05-24 13:09:46,bagus
Joko Efendi,5,2026-05-24 13:09:05,Sangat puas bagus
Pepeww Jejeww,1,2026-05-24 13:08:40,akun saya sering ditinjau
Alfani Dwi aji,1,2026-05-24 13:08:03,nomor baru udh diblokir maksutnya gmn coba diblokir tiap 6 jam
Mul Yana,4,2026-05-24 13:05:37,baik
Dora Anggraina,4,2026-05-24 13:05:11,baik
Corry Abigail,1,2026-05-24 13:05:09,"Update whatsapp di hp saya selalu lambat, padahal di playstore sudah mengaktifkan update secara otomatis, tetapi selalu lambat."
Anwar Anwar,5,2026-05-24 13:04:50,oke
Sona Pesona,5,2026-05-24 13:03:37,bagus
M. Jurdan,1,2026-05-24 13:03:07,👎👎👎👎👎
Ireen Rihi,5,2026-05-24 13:02:48,bagus bangettt sukaaaદᵕ̈૩
Rossiana A. N,5,2026-05-24 13:02:15,wa ku ga bisa di buka kenapa ya? huhuu :((
D14n Nov3l,2,2026-05-24 13:00:45,whatsapp selalu minta verifikasi no telepon/akun jdi whatsapp tidak bisa kebuka
Ilham Maulana,1,2026-05-24 13:00:42,buat update story video pecah
Christian Nadeak,1,2026-05-24 12:57:17,tolong hapuskan fitur tarik pesan
Yuna Una,5,2026-05-24 12:56:56,apk keren
Keysa indah permatasari Keyha,5,2026-05-24 12:56:35,ok Bosque
Wans Setia,5,2026-05-24 12:56:32,bagus
Siti Julaeha,1,2026-05-24 12:55:32,tingkat kan resolusi unggah dan foto. masa upload video ke status jadi ngeblur
Syukur Chozy,4,2026-05-24 12:54:34,semoga ke depannya whatsapp lebih mantap..
Kemas,5,2026-05-24 12:53:41,karna bagus
Alitaa,5,2026-05-24 12:50:41,bagus
Echsan Muhamad,5,2026-05-24 12:50:24,ok
Hendri Kusyanto,5,2026-05-24 12:49:45,baik
Hamidah,4,2026-05-24 12:47:35,knpa wa saya bisa eror
Wina Widia,5,2026-05-24 12:45:50,keren
Dr Kappy,5,2026-05-24 12:41:43,Apk Sangat bagus & Efisien dapat membantu Saya dalam pekerjaan
Shafa Adelia,4,2026-05-24 12:40:53,bagus
chjdfj jxjdjdjd,2,2026-05-24 12:40:48,apa ini kok gak bisa di download dan mengulang terus
RIZQI *90*,1,2026-05-24 12:40:03,stiker Segede gaban gw ga bisa (kalo bisa lagi gw kasi bintang 5)
Bismi Millah,1,2026-05-24 12:39:06,parah...WA udah tiga kali ganti nomor gara gara ga bisa login lagi....suruh download aplikasi resmi padahal dari dulu ga pernah di apa apain... kalo ada BBM mending itu dah.....
Yudha Pratama,5,2026-05-24 12:34:36,bagus
MARDIANA YANUARTI,1,2026-05-24 12:33:45,aduhhhh.....
Irham Petir,5,2026-05-24 12:33:39,ok
Muhammad Farel123,1,2026-05-24 12:33:30,"WhatsApp makin lama makin gajelas fitur nya, kadang up sw kualitas pecah waktu nambahin lagu, pilihan lagu ga jelas (ga masuk trend), dan kadang video suka ngebug waktu di up ke sw"
SINTYASILVIANAPUTRY,1,2026-05-24 12:33:17,"saya benar benar kecewa sama WhatsApp sekarang makin lama makin ga jelas , setiap vidio call ketika saya melihat wajah saya masa tiba tiba gelap , hilang segala macam lah , tiba tiba tegang aplikasi nya , vc tiba tiba mati padahal jaringan stabil , SAYA LEBIH SUKA YG DILU KETIMBANG YG SEKARANG, UDH MULAI SAMA WA KEK WA IPHONE , NIRU NIRU SEGALA , SY LEBIH SUKA WA YG DULU ,"
Saklar Nak Rantaus,1,2026-05-24 12:32:54,"apl ngak jelas, chat saya ngak pernah di balas"
Alya Peronika,5,2026-05-24 12:32:53,aku kasih bintang lima karna ya aplikasi nya bagus aja
Sidik p,5,2026-05-24 12:31:39,mantap tur sehun🙏
Zepaya Artasya,2,2026-05-24 12:30:55,"aplikasi nya bagus, aku suka tapi kok bisa ya tiba-tiba nomor aku keluar akun gitu? disuruh minta tinjauan aku bikin, aku nunggu dengan sabar tapi kok setelah tinjauan selesai, aku mau login kembali, minta verifikasi tiba-tiba sistem nya bilang aku gapake wa resmi padahal udah aku instal dari play store loh udah 2 kali terjadi sama aku, muak sumpah aku dah ganti nomor ehh belum beberapa bulan no satu lagi keblokir juga benci banget tolong yaa diperbaiki lagi! terimakasih"
Vigo Rizky ramadhan,1,2026-05-24 12:30:46,saya kurir paket kesulitan karena wa sering ke band
Akmalfadil Fadil,1,2026-05-24 12:29:07,yg sudah di download hilang semua !!!!!
Popy Sagita,5,2026-05-24 12:28:23,bagus
Sani Konjen,5,2026-05-24 12:27:52,mencoba
Rz Yhunlex,5,2026-05-24 12:27:30,baik
Misela Natalia,2,2026-05-24 12:27:13,saya minta tinjau akun WhatsApp dan bisa pakai lagi akun WhatsApp saya dan saya tidak ad pelangaran saya d WhatsApp saya mau kembali lagi akun WhatsApp kerena banyak kempintingan d akun itu
Ria Nofitasari,4,2026-05-24 12:26:49,hallo kak ini kenapa nomer saya di profil WhatsApp hilang padahal masih aktif kartu sim
Friko Yanumalta Daneswara,5,2026-05-24 12:26:30,keren
Ryki Mamang,5,2026-05-24 12:26:27,kebanyakan grup bokep di wa
Bendol Fahri,5,2026-05-24 12:25:54,lama download nya
aria saputra,1,2026-05-24 12:24:36,karena saat mau uplod status jadi burik
Alya Tasya,5,2026-05-24 12:24:25,suka lancar untuk berkomunikasi
Br Service,1,2026-05-24 12:24:22,ko say a ga bisa masuk
Abah Abuy,5,2026-05-24 12:24:09,yeees
Putu Mahendra,5,2026-05-24 12:23:55,baik dan lancar
Ahmad Dasuki,2,2026-05-24 12:23:22,Okeee
Ahmad,1,2026-05-24 12:22:23,WhatsApp ini jahat banget gue baru beli kartu baru langsung kena tinjau gue mau ngabarin keluarga gk bisaa gue lagi celaka memang jahat .gue sekarang di jalan. gk bisa chat orang rumah atau temen kalo gituh gk usah bikin tinjau tinjau di mana tangagung Jawad nya gue kirim bantuan gk di bantu bantu
Habbi Anas,1,2026-05-24 12:22:18,Lama amat download yha
Riko Zaqi,2,2026-05-24 12:21:07,sekarang update cepet tapi banyak bug pesan suara kalu diputar tiba tiba layar hp layar hitam dan suara pesan suara keras banget padahal gak ku naikin volume hpnya😔🫠
Mhmmd Rifandi (fann),2,2026-05-24 12:20:37,"selalu ada bug saat melakukan panggilan video,kadang juga telepon mati sendiri padahal jaringan dan yang lainnya aman aman saja"
Khayla Rizky,5,2026-05-24 12:20:24,bgus si
Cika Septiani,4,2026-05-24 12:19:41,kadang bagus kadang engga jir ni apk
Tris Nu,5,2026-05-24 12:18:58,mantap
Andika Sanjaya,5,2026-05-24 12:18:10,kenapa ada bug nya
goklas ppk,5,2026-05-24 12:18:09,aman aja
dhava nur fauzan,2,2026-05-24 12:17:58,tidak jelas tiba tiba di tinjau
Maharani Sulung,1,2026-05-24 12:17:30,"2x kena blokir alesan spam ,padahal tidak pernah melanggar apapun , sy mengerjakan tugas sekolahnya bagaimana ini... banyak group penting seputar info sekolah dll... kalo aplikasi WhatsApp sekarang begini ,lali harus pakai apa 😭😭😭 asal tau aja ya sy beli kartu itu pun harus hasil tabung uang sisihan jajan sekolah,&yg kedua ini sy beli kartu padahal baru. daftar wa pakai no yg baru belum pernah bikin aneh²,status /apalah yg melanggar v kenapa tetep keblokir. sekarang aplikasi WhatsApp kacau"
Alvaro Diandra,5,2026-05-24 12:16:56,good
Rosyidi Malawi,5,2026-05-24 12:16:28,sangat puasss
dadang anugrah,1,2026-05-24 12:15:44,setelah update os hp malah jadi buram saat vidio call
Muhammad Aksay,3,2026-05-24 12:14:46,"aplikasi kacau, ini kok gw buka wa tetiba keluar sendiri dari aplikasi, baru masuk, keluar lagi, masuk keluar lagi, padahal gw udh update wa nya, gw udh hapus aplikasi nya juga masih tetep gitu, tolong whatsapp kenapa dengan aplikasi mu ini"
Mamek Djawir,5,2026-05-24 12:13:22,Harus bagus terus
Nadia kesya Citra,1,2026-05-24 12:12:23,"wa skrng makin anehhh ,masa aku punya2 wa trs aku bkin sw di akun pertma, trs sw ku jga msuk di akun ke 2"
eviola Nur'aini,5,2026-05-24 12:10:50,bagus
Fajar Ardiano,1,2026-05-24 12:10:22,sekarang ini apk makin gajelas akun gw tiba tiba banget Ke band Tanpa sebab
Kekey Futri,4,2026-05-24 12:10:03,tidak dapat di pake aplikasi watsap nya kenapa ya?
Muhammad Muhammad elektronik tosari duwet kerajan,5,2026-05-24 12:06:13,sangat puas dan bisa chat pas lagi penting
Syaripudin nova,5,2026-05-24 12:05:35,berrrr guna sekali cok
Suci Amaira,5,2026-05-24 12:04:41,ok
Fian Wildan,1,2026-05-24 12:04:36,"kenapa tetap disuruh donload wa resmi, apa aplikasi ini belom resmi ???"
Pengguna Google,5,2026-05-24 12:04:02,Apikasi ini sangat baik
Jear Pranata,1,2026-05-24 12:03:54,"SANGAT BURUK WHATSAPP SEKARANG SAYA CUMAN CHAT TEMAN TAPI KENA BLOKIR SUNGGUH "" ANEH TOLONG KEPADA PIHAK WHATSAPP SEGARA ATASI YANG BEGINI INI MEMBUAT SAYA DAN PENGGUNA LAIN MUNGKIN SANGAT KECEWA"
SISWADI IMANULLAH,1,2026-05-24 12:03:25,wa gembel diki² di blok gblok
Moh Faizin,4,2026-05-24 12:02:40,"wa sekarang data gak ngotakk,,, cepet banget..tiba tiba udah 3gb kalo udah dipakai"
Nunik Amaliyah,1,2026-05-24 12:01:21,kualitas status jelek🤮🤮🤮🤮
lukma santoso,4,2026-05-24 12:00:02,"tolong ya WhatsApp, kalau aku lagi nonton status ku sendiri itu berhenti aja di status ku , gak perlu langsung otomatis lihat status orang lain.. aku tuh orang nya pilih2 kalau lihat stori orang, tapi skrg kalau habis update story pribadi, tiba2 langsung otomatis lihat stori orang.. apa an gak jelas min.. gak usah pake otomatis gitu deh.. .."
Marsel,5,2026-05-24 11:59:13,tidak bisa vc sambil main gemm
Abdul muhnibachtiar,5,2026-05-24 11:57:53,sengaja kasih bintang 5.kenapa akhir² ini WA jadi jelek banget. baru saja sekali ngechat orang langsung kena suspend selama 24 jam aneh banget. mohon di perbaiki sistem aplikasinya
Anggraini Anggraini,1,2026-05-24 11:57:17,Bagus
jjjiii raannn,4,2026-05-24 11:57:12,Tolong hilangkan fitur sekali liat!!!!!!
Noor Raisa,3,2026-05-24 11:56:58,"Maaf bgt ya , untk apk ini bgus , tp knp ktka ak updte , mlh ttp sma aj , dn g ad prbhn ny smsek mngkin aj it bwaan dri hp atw apk ny yg eror."
Krisss Gtng,1,2026-05-24 11:54:24,min fitur 1x lihattt hapus aja ga guna
Hendra Adiantoko,4,2026-05-24 11:53:17,bagus
Lauren Loren,1,2026-05-24 11:52:47,buat telfon suara lawan bicara nggk terdengar
Muhmmad Aldi syam,5,2026-05-24 11:52:18,bagus tapi lebih teliti dalam pemblokiran apk padahal tidak aktivitas yg melanggar peraturan WhatsApp
De Alghi,1,2026-05-24 11:52:06,"kenapa ga Muncul pemberitahuan pesan masuk, kemarin di apgred normal lagi skarang ngaco lagi, ga ada pemberitahuan padahal ada pesan masuk"
Moch Fuad Suryo,5,2026-05-24 11:51:50,good
Azkadina Putri,5,2026-05-24 11:51:15,bagus
Chris John,3,2026-05-24 11:50:37,"makin update, makin banyak bug terutama pada fitur telpon, dan video call tolong diperbaiki"
serli Amanda,5,2026-05-24 11:50:34,kreasi
Gita Italia,5,2026-05-24 11:50:11,hebat
Andi Nesta,5,2026-05-24 11:48:42,ini bagus[✓✓]√
kontol mu besar,5,2026-05-24 11:47:46,😁
Jon Sandro,5,2026-05-24 11:46:54,baik
Nopia Nopia,2,2026-05-24 11:46:38,saya mmpunyai dua kartu jd semua pulihkn dan sinkronisasi kn 🙏
Nabila Ainunjanah,4,2026-05-24 11:44:45,saya suka
Muhammad Fauzi,1,2026-05-24 11:42:38,chtt 2 nomor malah di kira spam di blokir sementara 5 jam gjls
Ilmi Suhaima,5,2026-05-24 11:42:33,ᑲіsᥲ ᥒg᥆ᑲr᥆ᥣ ᑲᥲrᥱᥒg 𝗍ᥱmᥱᥒ ᑲіsᥲ ᑲіkіᥒ s𝗍ᥲ𝗍ᥙs ძᥲᥒ ᑲіsᥲ ᑲіkіᥒ grᥙ⍴
Muhlis Renggang,5,2026-05-24 11:42:29,sangat bagus
Putri Aulia,5,2026-05-24 11:41:58,sangat la bagus dan manfaat
Ziah Oppo,4,2026-05-24 11:41:01,"mohon untuk jangan terus update,boleh update tapi hapus beberapa yang tidak dibutuhkan lagi gitu soalnya kasihan orang orang yang mungkin butuh WhatsApp tapi kedaluwarsa karena tidak di update alasannya RUANG PENYIMPANAN PENUH.kasihan buat orang yang butuh WhatsApp tapi ruang penyimpanan nya penuh hingga tidak bisa di upgrade dan WhatsApp nya kadaluwarsa"
Arfian F,1,2026-05-24 11:40:24,"foto yg sdh ke download hrsny ga kehapus dong kl wa nya ke logout, dongo bangettttt ni apk skrg:"
BIMAX ANDRI,5,2026-05-24 11:40:15,sangat bagus
Wulan 89,5,2026-05-24 11:40:08,ko kena batasan pdahal ngk ngapa2in
Japus 890,1,2026-05-24 11:39:41,ada apa dengan watsap punya saya ga bisa login selalu di tinjau pdhl SDH ganti nomer ttp sdi tinjau terus
Vitta Chanel,5,2026-05-24 11:38:39,keren
Ahmad Wahyu,5,2026-05-24 11:38:33,ok
Muh Fikri,5,2026-05-24 11:37:22,bagus
Karunia Putri,4,2026-05-24 11:36:57,"WhatsApp akhir2 ini eror Mulu mau upload sw tapi gagal terus udah hampir 2 Minggu gini, tolonglah jangan begini, saya mau bikin status WhatsApp jadi susah, kesel bgtt tolongg, mohon di perbaiki. pokoknya malam ini atau subuh besok harus sudah bisa bikin sw lagi!."
Sifa Sifa,5,2026-05-24 11:36:56,bagus
Aldielma Elma,5,2026-05-24 11:34:44,aplikasi sangat membantu saya dalam berbisnis
Putra Naga,5,2026-05-24 11:34:41,Penting dalam bisnis
Diana Sapitri,5,2026-05-24 11:34:08,seru kaya nya kalo wa di adain fitur arsip story kaya IG
galang,5,2026-05-24 11:32:22,baik
t x,3,2026-05-24 11:32:19,bug di kondisikan setelah update sering kurang stabil.
Sf CAMBRIST,2,2026-05-24 11:32:06,uh... kenapa kita boleh ngomong kasar
Muhammad Ismail,1,2026-05-24 11:29:42,"padahal gw kenal orang yang gw cht,sama penting banget gw mau cht dia,tapi malah ke blok,padahal gaada yang di langgar,no hp nya juga punya gw pribadi,anehhh ni apk, asli nyusahin bangettt, padahal penting banget,"
Ferdy Aj,5,2026-05-24 11:28:47,mntap
rafli sendhy,5,2026-05-24 11:27:29,bagus
Sarach Zalsabiela,5,2026-05-24 11:27:23,untuk WhatsApp tolong dong bikin fitur kaya di ios kalau salah satu bubble chat diklik yg lainnya jadi blur
kevz z,1,2026-05-24 11:27:17,burik
Virgo Burokub,5,2026-05-24 11:26:48,nice
Nurul zannah,5,2026-05-24 11:26:42,bagus
Zahwa Embem,3,2026-05-24 11:26:25,whatsApp ngak bisa di bukak
Muji ono,2,2026-05-24 11:25:36,awal pertama bukak sulit bgt
Dinda Aprilia,1,2026-05-24 11:24:58,"kenapa susah di download, walaupun aplikasi yang lain sudah di hapus tetap saja gak bisa."
ibuku warti,1,2026-05-24 11:24:51,sudah di install tapi tidak ada aplikasi nya
Ica Ica,5,2026-05-24 11:23:57,bagus banget
Floresi Djalali,5,2026-05-24 11:21:37,sangat bagus
Delia putri,5,2026-05-24 11:21:26,apl sangat membantu...
mujito Ojie,5,2026-05-24 11:20:54,nice
Agus Nugraha,1,2026-05-24 11:20:33,TIDAK bisa mengaitkan ke wa mb padahal udh memenuhi syrat
sriuntari rahayu,1,2026-05-24 11:19:52,"notifnya ga muncul, dah coba dihidupin tetep mati otomatis."
galang GALANG NUR ISAN,5,2026-05-24 11:18:57,matap poko nya
Muhammad Haryadi,3,2026-05-24 11:18:05,Setelah update sering eror
Maksum Acum,5,2026-05-24 11:17:27,selalu banyak manfaatnya
Rafasia Afan,5,2026-05-24 11:16:14,apk nya bagus cuma masalah di update nya aja terlalu sering
Cebongsja Parelsocl,5,2026-05-24 11:16:02,aku suka banget sama aplikasi whatsapp ini cocok untuk ngobrol dengan keluwarga
Rafik Racim,5,2026-05-24 11:15:58,bagusssss banget
Jeanny Adriana,2,2026-05-24 11:15:36,bagus
Yudi Hermawan,5,2026-05-24 11:14:06,mantap
Joni Pantoli,5,2026-05-24 11:13:51,sangat puas
FAISAL chikidiw,1,2026-05-24 11:13:24,blokir gak jelas
Wildan,5,2026-05-24 11:13:04,tambahkan fitur menarik dan fitur seleksi keamanan untuk promosi judol di batasi atau dihilangkan
Wasilah Silah,2,2026-05-24 11:12:25,kenapa akun wa login tidak tersedia
Sun Ardie,5,2026-05-24 11:12:01,gangguan terus
Shanum Arsila,2,2026-05-24 11:10:23,sering log out sendiri ..di login lagi harus nunggu peninjuan 24 jam ...sering kaya gitu terus padahal akun google aman kenapa whatsapp sekarang kayak ngini
Via Almadani,5,2026-05-24 11:10:08,"updatenya makin bagus, btw min aing mau minta req update minggu dpn kayak ip dri bubble chat ny soalnya biar makin aesthetic"
Mus Takim,5,2026-05-24 11:09:50,mantap
Ahmad Toyyib,5,2026-05-24 11:07:42,sangat bagus?????
Rabbanio-3j,4,2026-05-24 11:07:41,agak ngelag dan gak ada efek jadinya saya rating 4/5
ANIK MUSRIYANTO,5,2026-05-24 11:06:48,terbaik
DILZZXX CESS,3,2026-05-24 11:06:29,tolong ini kenapa bug notifikasi nya gk muncul
Novi Iswarni,1,2026-05-24 11:05:16,gangguan
Mimi Rumaday,3,2026-05-24 11:04:21,sangat bagus
Abd.rahman Busak,5,2026-05-24 11:03:56,sy suka.sebagai sarana komunikasi
Amirr Fahrri,5,2026-05-24 11:03:46,Aplikasi yang sangat membatu silaturahmi bisa berkolaborasi dengan musisi teman saudara keluarga maupun masyarakat umum yang digunakan sebagai bahan alat batu yang praktis bisa dibawa kemana-mana bisa tlpon an orang yang jauh dri liat kota maupun Jawa
Ken Samsudin,5,2026-05-24 11:03:17,sangat bagus
Ahmad Dani,1,2026-05-24 11:02:37,Terlalu ketat sistem keamanannya
Indra Yani,5,2026-05-24 11:01:49,the best
Aco Saputra,5,2026-05-24 11:01:00,bagus
zahra prayitno,2,2026-05-24 10:59:53,"ini kenapa wa saya ngga bisa buat status udah mau 2 bulanan,tolong diperbaiki"
uciha shishui,1,2026-05-24 10:59:42,no baru tidak bisa di aktif kan dan terbaca nya spam atau apalah dan gak jelas balasan dari team support nya
Sukiron Kiron,5,2026-05-24 10:59:31,bagus
HER RIZMODEPANEL,1,2026-05-24 10:58:55,wa wa saya disuruh login pas login ada tulisanbwa tidak resmi padahal udh download wa di play store
Defri Def,1,2026-05-24 10:58:51,tidak bisa buka apk lain saat vc
Jumaati Jumaati,5,2026-05-24 10:57:31,bagus aplikasiny membantu untuk berkomunikasi
Adinda Aulia,5,2026-05-24 10:57:27,baguss
Wawan Budi,1,2026-05-24 10:56:02,kenapa saya GK bisa telpon sama vidio cool
malika Pane,2,2026-05-24 10:55:50,"wa-nya gak bisa, padahal gk ad nomor yang spam tapi tiba tiba nomor saya di buat kayak spam gitu, giliran masukkin nomornya lagi malah gk terdeteksi nomornya gimana ini.... tolong dong lebih di perbaikin lagi sistemnya. soalnya masih banyak yg penting di situ...."
Nurus Solihin,5,2026-05-24 10:52:04,whatsapp kenapa kok ngirim foto sama lagu muter-muter dari tadi??
idik maulana,5,2026-05-24 10:50:46,kenapa aku ini tadi tidak bisa login ya
Ayu Permatasari,5,2026-05-24 10:50:03,saya WhatsApp nya selalu kena spam tolong ya di perbaiki. padahal saya gak pernah sama sekali melakukan spam apa apa. saya udah kirim lewat WhatsApp support nomor yg selalu kena spam.
Ros Rosita,5,2026-05-24 10:49:43,singkat saja
Fan wel,5,2026-05-24 10:49:29,sangat bagus sekali
Agung Muhammad,1,2026-05-24 10:49:23,"benerin BUG nya, pesan masuk tapi kagak ada di beranda nya."
Raufrizki,5,2026-05-24 10:48:09,bagus
Novi Hariyansah,5,2026-05-24 10:47:51,mantap
Munasir Nasir,5,2026-05-24 10:46:24,kenapa wa GK bisa
Hesti Gowasa,5,2026-05-24 10:44:04,sangat memuaskan
Sapingi Khoirul anam,5,2026-05-24 10:44:00,👍
Abdul Wahhab,5,2026-05-24 10:43:45,ok
awla jimly,1,2026-05-24 10:43:37,para cewek gk pernah bales chat ku anjirrrrrrr burik bet apk ini -Yogi
Ahmad 86 cee,4,2026-05-24 10:43:29,lumayan jg aplikasinya cuman yg membosankan itu selalu minta d Up date
Vitri any,5,2026-05-24 10:43:21,suka banget
Bagol Hermawan,5,2026-05-24 10:43:00,Mantap
RAFIK Aja,5,2026-05-24 10:42:03,aplikasi nya bagus gampang di akses semangat terus devploper
Rizky Akbar,5,2026-05-24 10:41:36,Bagus
yuli sirait,5,2026-05-24 10:41:11,ok
Nugia Apriliya putri,4,2026-05-24 10:41:08,"kurang suka WA yang sekarang, kalo lihat SW sendiri langsung otomatis ke SW orang 🤦🏼‍♀️😩"
Pengguna Google,1,2026-05-24 10:39:43,Thank you
Parlin Hutasoit,5,2026-05-24 10:39:27,ok
Rama,2,2026-05-24 10:39:23,WhatsApp saya sering kali ter band spam/biasa maupun permanen jadi tolong fix metode band dan tolong pulihkan akun WhatsApp saya
Rolisman rolisman,5,2026-05-24 10:37:58,aplikasi yang sangat bagus untuk video koll untuk sahabat jauh
Abby Rafdie,1,2026-05-24 10:37:41,"kalo ada yang tlp gak ada notif, sama harus buka wanya dulu baru ketauan,"
May Bi,3,2026-05-24 10:36:47,pihak whatsapp gmn caranya supaya wa tidak kena spam terus padahal sudah ganti nomor dan ganti hp resmi.
Sheli Marselinah,5,2026-05-24 10:34:40,bagus
Sutisna Entis,2,2026-05-24 10:34:04,berkerja sama dengan orang lain bernama lengkap dan gambar di bawah umur aku senang banget
Dewi Farissa,5,2026-05-24 10:33:52,"tolong dongg WhatsApp jngn tiba""buat aku keluar login 😭,,trus pliess jngn lama in pemulihan chat nyaa aku butuh cht itu🙏🏻😭,, perbaiki lagi yahhh gue ksih bintang 5"
Kenzie Fransisco Ng,5,2026-05-24 10:32:27,bagus
Mass Radenn,1,2026-05-24 10:32:16,setelah bertahun-tahun pake wa baru kali ini bnr² di bikin kecewa sm pihak wa ini nmr saya buat kerja tp tiba² kena spam ada apa wa?! why?!!! TOLONG DI PERBAIKI SISTEMNYA !!!!!
rasyid,5,2026-05-24 10:31:55,aplikasi ini sangat penting
Wahyu yudi,5,2026-05-24 10:31:21,bagus sekali
Sabima Arkan,5,2026-05-24 10:30:39,saya beri bintang lima karena seru bisa chatan sama teman² saya btw like tt gw 6nyaada6
Yanuar Kay,5,2026-05-24 10:30:08,bagus
Yozz_ Spider,4,2026-05-24 10:29:42,gokil mana gokil
Aku anita Fit,4,2026-05-24 10:28:17,bagus
desy Safitri,5,2026-05-24 10:27:43,Baik
Muhammad Fahmi,5,2026-05-24 10:27:10,sangat membantu untuk berkabar
icaaa,1,2026-05-24 10:26:23,update mulu anjir gaada penyimpanan nih gue
gamalmuhammad niam,3,2026-05-24 10:24:39,"untuk developer tolong fitur non aktifnya bisa di perbaiki, karna nomer saya tidak dipakai untuk aktivitas mencurigakan. hari ini udah 2x ke nonaktifkan gatau alasannya baru login 1 mnt udah ke non lagi.MOHON PERBAIKI YAA SAMA NOMER GW BUKAIN WOE"
Araina Kartini,3,2026-05-24 10:22:51,"udh berkali kali login masi tetep gabisa dibuka harus nunggu 24 jam,,hadehh🤦🤦"
Serawai,5,2026-05-24 10:22:43,sangat puas
Atu Mastu,5,2026-05-24 10:22:26,bagus
Nyonya Kamprett,5,2026-05-24 10:20:00,best
Abah abahbuburgmail,5,2026-05-24 10:17:52,Weaku.gajalan .
Meryanti Rosalinda,1,2026-05-24 10:17:41,tidak baik
Nurunyati Urun,5,2026-05-24 10:17:32,lumayan bagus tingkat kan lagi biar lebih cepat coneksi
Any bininy hafidz,2,2026-05-24 10:17:21,"sering eror kalo vc an atau telponan ,"
Sri Kartini,5,2026-05-24 10:17:16,oke sangat membantu
Shaieza Fuji Azahra,3,2026-05-24 10:16:07,Untuk pihak WhatsApp tolong dong jangan menurunkan kualitas video saat diunggah ke status. Saya ekspor video di 1080k + ekstra HD di aplikasi lain tetap saja burik jika di up ke status WhatsApp. Jadi mohon untuk di update kembali kualitasnya.
Imtinan Raniah,1,2026-05-24 10:15:56,"ga bisa nerima chat fitur terbaru, pdahal dah update"
Halena Sunta,5,2026-05-24 10:13:12,gabut
mas agoy,5,2026-05-24 10:12:51,bagus
Cinta Wandira,2,2026-05-24 10:11:55,kenapa hbis donlod wesap g bisa menerima kode pdahal no hp aktif
Luhmerta,5,2026-05-24 10:09:34,bgus
Unil02 Unil02,1,2026-05-24 10:07:46,ada yang tidak bagus harus pakai kartu
nindi aul,1,2026-05-24 10:06:21,"tiba tiba akun kenon permanen, hadeh padahal di situ isi nya sangat penting"
Nur Hasanah,5,2026-05-24 10:05:04,mantapp
Konfik Psnglima,1,2026-05-24 10:04:06,"akun tibah"" di blokir tanpa sebab dan TDK bisa di ambil kembali"
Karmadi Ae,5,2026-05-24 10:02:43,ok
Hadi Susilo,1,2026-05-24 10:00:09,"min ini gimana data pada ilang ini wa keluar2 terus komplain kemana iya..ini wa aku suka sering minta pulihkan,,sering error,,,ribet parah verifikasi2 lama ini gmn data saya,parah verifikasi2 data pada ilang,di update bukannya bagus malah data ilang,gmn ini data ilang lagi"
Merlince Mimin,5,2026-05-24 09:59:02,saya sangat suka tapi yang saya tidak suka itu tiba tiba ke blokir sementara padahal saya tidak ngapa ngapain
Sulistiani Ode,5,2026-05-24 09:57:40,sangaaaat bagus
Alya Putri,1,2026-05-24 09:57:05,"suka kena blokir pdahal ga ngapa""in"
Galih ali Ali,5,2026-05-24 09:56:10,bagus
Padilah M,1,2026-05-24 09:55:28,ribet sekarang makin gak jelas di tinjau terus
free fire,5,2026-05-24 09:54:30,WA nya bodah
Eron,5,2026-05-24 09:51:46,mantap bos
inaya kamila,5,2026-05-24 09:50:50,Bagus
Sairil,5,2026-05-24 09:50:38,mantap
Anisa,5,2026-05-24 09:50:20,sangatt nyamann
radian chandra,5,2026-05-24 09:48:47,baik
Deris Laia,4,2026-05-24 09:46:23,WhatsApp saya tidak bisa di verifikasi nomor saya ini. mohon bantu saya
Miya Bru ginting,5,2026-05-24 09:45:16,baik
Daffa Daffa fernanda,5,2026-05-24 09:44:17,bisa berkomunikasi dengan orang lain
Mutia Melayu,5,2026-05-24 09:43:24,yakin sekali bahwa apik kasih saya lagi sedih yakin sekali karena aplikasi tidak dihapus dari Google
pikri pikri,5,2026-05-24 09:42:39,bagus dan cantik
Gilbert Maulana rajagukguk,1,2026-05-24 09:39:58,"jadi sering ke ban, ngechat ato masuk gb yang belum di kenal aja langsung ke blokir"
Sutarno No,5,2026-05-24 09:39:58,sangat bgus
Air Nesha,4,2026-05-24 09:39:06,tidak ada filternya
Aisah,5,2026-05-24 09:37:48,sangat baik
Isrofi Mdr,5,2026-05-24 09:37:34,aplikasi ini bagus sih cuman ntah knp akun WhatsApp gw selalu minta tinjau meski udah gw tinjau padahal gw nggak ngapa-ngapain kan aneh
Niza fadila Fadila,2,2026-05-24 09:35:53,tapi penyimpanan aku sering penuh
Ron Go Madura,5,2026-05-24 09:35:10,Bagus
mince sroyer,5,2026-05-24 09:32:50,baik
Wiwin Winarti,5,2026-05-24 09:32:30,Mantappp
Nari Parto,5,2026-05-24 09:31:52,oke
Agus Wahyono,5,2026-05-24 09:31:28,😃
embun rahmadani,5,2026-05-24 09:29:44,bagus dan penting untuk kebutuhan sehari hari
linxy yp,1,2026-05-24 09:29:34,"aplikasi busuk,sebulan sekali akun saya di ban permanen sampe ganti nomer 4 kali"
Sri Suparningsih,1,2026-05-24 09:28:28,"gimana cara dapat ap WA, setelah ke format"
Dapin Gunong,5,2026-05-24 09:28:07,tidak bagus
Jumini R,5,2026-05-24 09:28:06,Layanannya bagus fitur ini
Vanjiyeon Djayadinata,5,2026-05-24 09:27:56,Thanksfull for usefullto Pray
Alifin Hutapea,4,2026-05-24 09:25:38,ok
Sahihu Sahihu,5,2026-05-24 09:25:27,terima kasih
raha sia,5,2026-05-24 09:25:20,"ini aplikasi kenapa sih, setiap kali mau ngechat orang malah di blokir padahal nomor yang mau di chat udah di save, aku kasih bintang 5 biar bisa kebaca"
M Syahzwan,5,2026-05-24 09:25:14,sangat bagus
Wahid Wahid,5,2026-05-24 09:25:12,kenapa akun WhatsApp saya di blokir sedangkan whatshap tersebut untuk saya pake bekerja setiap harinya
Ida Rosnaida,5,2026-05-24 09:25:03,sangat penting
Puki Makk,1,2026-05-24 09:24:49,"""akun anda sedang di tinjau"" padahal gua g ada salah apa² loh yah🤓"
Fikrin Fikrin,4,2026-05-24 09:24:38,aku kasi empat bintang dulu soalnya aplikasi nya sering keluar dan juga kalau msuk lama bngt kadang sampai berkali² masuk baru bisa masuk
Neng Yuli Yana,5,2026-05-24 09:24:03,bagus sekali
Oppolaser Bngko,3,2026-05-24 09:23:26,"WhatsApp sering terblokir,sering di tinjau"
Holidi 50,5,2026-05-24 09:21:27,"apk wa sangat membatu dlm berkomunikasi baik itu chat,tlf suara dan video call...terimakasih"
Ahzan Syafiq,1,2026-05-24 09:19:53,"tolong perbaiki ketika update story wa foto atau video menjadi blur, padahal Saya sudah mengaktifkan fitur kualitas unggahan tetapi tidak terpengaruh, apakah fitur itu hanya buat pajangan? ini keluhan semua orang, tolong atas kesadarannya sudah sekian lama tidak diperbaiki, sekian terimakasih"
D'gilz Gaming,4,2026-05-24 09:19:46,sering ngebug
Mumun Br.pandia,5,2026-05-24 09:19:00,saya sudah lama menggunakan aplikasi ini.memang mantap
M. Rajib,1,2026-05-24 09:18:53,tidak bisa nge tag ke orang orang padahal sama saya udah di-tag tapi enggak ada @putih nya
Reno,1,2026-05-24 09:18:34,"dikit dikit ""Akun ini tidak bisa menggunakan WhatsApp"" padahal kagak spam"
kamsinah 13,5,2026-05-24 09:18:04,aplikasi very good
Adhi D Chanale,1,2026-05-24 09:16:26,"untuk developer tolong dong kualitas upload storynya buat lebih jernih,padahal pas di galery HD banget,ketika di post di story WhatsApp jadi pecah banget"
Ramon Varon,5,2026-05-24 09:15:40,bgus
Suhendi Coksigarantang,2,2026-05-24 09:14:30,sangat puas
Djerianto Djerianto,5,2026-05-24 09:14:10,😭😭😭😭😭😭😭
Umi82 Kalsum,1,2026-05-24 09:13:13,akun saya ditinjau saya tidak tau penyebabnya
Muhammad Dion,5,2026-05-24 09:11:36,sangat baik
Taqi N,5,2026-05-24 09:10:19,sipppppp
Suci Asmiyati,1,2026-05-24 09:10:00,di saya belum ada tema obrolan
Darman Man,5,2026-05-24 09:09:03,okey
bocah ganteng,1,2026-05-24 09:06:58,whatsapp sering ke bajak/ke blokir padahal saya menggunakan wa ini dengan tanggung jawab
Rizky Ibrahim,5,2026-05-24 09:06:33,ok
dwi amelia,4,2026-05-24 09:06:27,kenapa WhatsApp saya ga ada fitur efek nya pas video call
Kabir Bocil,5,2026-05-24 09:06:12,bolelelah
Penri Sitanggang,3,2026-05-24 09:05:56,👍🏽
bahtiar karaeng,5,2026-05-24 09:05:25,goob
Winda. R,2,2026-05-24 09:04:27,kembalikan bar status deret kebawah !! jangan kesamping ginii saya tak sukaaaaa.....
acb Biagou,5,2026-05-24 09:02:45,bagus
Nanang Hidayat,5,2026-05-24 09:01:12,bagus
Upik Nurbaiti,5,2026-05-24 09:00:51,baguss bangeett
Wahyu Andy Purnomo,5,2026-05-24 08:58:43,"Tidak memungkiri, inilah app yg paling dibutuhkan saat ini,,,"
Ahmad Faisal,5,2026-05-24 08:56:46,sangat baik
Umi Jumaiyah,5,2026-05-24 08:55:27,oke
Azkia azkia,4,2026-05-24 08:54:32,"suka keluar dan masuk sendiri, tolong bantu perbaik"
Tasya Pitri,4,2026-05-24 08:54:17,sangat bagus
Liana Liana,2,2026-05-24 08:52:00,mengirim pesan centang 1 padehal sudah terkirim. sering keluar sendiri.
Angel litta Litta,5,2026-05-24 08:49:56,aplikasi ini sangat berguna untuk berkomunikasi lewat telepon dan aku sangat kagum karna kalo tidak ada aplikasi ini saya tak bisa untuk mengabari orang jauh atau pun bertelepon dengan teman lama
Abdul Mujid,5,2026-05-24 08:49:20,mantap.. lancar
Asmaul Husna,1,2026-05-24 08:47:16,whatsApp nyaa suka tiba tiba WashatsApp telah berhentii sedangkan banyak yang chatt itu sangat menggangu saya udaa ada 6 klii sya nginstall ga bisa bisaa
uun unayah,5,2026-05-24 08:43:02,bagus
Tiara Juliyanti,4,2026-05-24 08:41:09,jujur kecewa udah lama banget pake wa makin kesini makin leg pas vc leg pas telpon biasa juga leg padahal sinyal bagus banget manteng banget nah yang aku maksud leg itu pas vc mau di gedein yang kamera aku nya itu malah bikin gambar vcnya tuh leg dan malah jdi susah di pencet aku kira karna hp nya penuh penyimpanannya aku hapus 3 apk di hp aku nah pas aku coba lagi masih tetep sama leg terus aku coba hapus dulu wa aku download ulang tetep sama aja tolong di perbaiki lagi ya kualitasnya 🙏🏻🙏🏻
Sulis Setyani,1,2026-05-24 08:39:41,seringkali harus update apk nya tapi makin kesini makin susah aja.. ketika buka WA dibagian chat banyak sekali kontak² yg muncul dan harus disilang dulu untuk menghilangkan nya.. makin kesini makin aneh aja... balikin ke fitur sblmnya saja min
Juju Jubaedah,4,2026-05-24 08:38:51,sangat membantu
Judhi Murwantiko,5,2026-05-24 08:35:46,sip mantap
sisk4 sisk4,5,2026-05-24 08:34:09,BOLEH LAH
Dieri Andrian,1,2026-05-24 08:33:41,apasih kena spam mulu padahal gak ngapapain loh
ARI RUMBO,1,2026-05-24 08:32:42,kurang memuaskan udah di instal berkali-kali tetap tidak bisa
Arai fetiet,4,2026-05-24 08:30:01,mantapp
Daru Sity,5,2026-05-24 08:29:31,ok
Rafie Huda,5,2026-05-24 08:29:05,aplikasi ini sangat bagus
Ludia Ludia,1,2026-05-24 08:28:28,"kok sering kena pembatasan, padahal gapernah ngapa-ngapain"
Jalu Ajza,5,2026-05-24 08:28:09,sticker jgn yg jorok jorok
Live Game,4,2026-05-24 08:27:53,status whatsapp kalau bisa di tingkatkan grafik dan kualitas setiap mau buat update status langsung di turunkan resolusi jadinya burem kalau bisa ditingkatkan jadi HD
Burhan Burhan,1,2026-05-24 08:27:35,knp ya di download ngk bisa data ada memory blom pnuhh
Akhsantrinasv Akhsan22,1,2026-05-24 08:26:42,suka bug buka WhatsApp terpental keluar tolong dong benarkan lagi Agar tidak terulang
Rantoe 29,1,2026-05-24 08:26:41,bug di camera saat video call
mama Shalehah,5,2026-05-24 08:23:29,sangat seru
Yola Olivia2003,5,2026-05-24 08:23:14,akun sering kena spam
Shavira Shaliha,5,2026-05-24 08:20:57,tapi sya tidak bisa watsapp
Hakim,5,2026-05-24 08:20:52,mantap
Ismet dukalang,5,2026-05-24 08:20:40,aplikasi yang sangat bagus
Lisina Gamer,1,2026-05-24 08:18:51,saat buka foto/vidio sekali lihat sering banget gak kebuka padahal udah di spam pencet
Tya tiyol,4,2026-05-24 08:18:39,"tolong jangan banyak perubahan atau update saya cuma di beri waktu 3 hari buat update klo ga, gabisa buka whatsapp trus saya akhirnya hpus whatsapp dan download lagi"
akuata riung,5,2026-05-24 08:16:29,bagus apknya
Arya Anto,5,2026-05-24 08:15:13,sangat baik untuk berkomunikasi
fii qolbi,5,2026-05-24 08:14:34,Whatshapp sngt bagus dan membantu saya
Wayan Sunarta,4,2026-05-24 08:14:33,Bagus membantu komunikasi
Tumiati Umi,5,2026-05-24 08:11:42,perbaikan terus bingung hp jadulku
Dedi Permana,1,2026-05-24 08:10:15,aneh saya daftar nomernya ga bisa di klik menapa ya padahal daftar nya pke nomer tlpn
Muliyatin Mutin,5,2026-05-24 08:09:25,Nomor WhatsApp Business tak bisa dibuka karena kena maling sama Agen TKI ?
Maria ermiyanti hoar berek,5,2026-05-24 08:06:59,semoga kedepannya lebih baik
Lela Nurlela,5,2026-05-24 08:05:58,mantap pol banget
Rahul Muslih,2,2026-05-24 08:05:02,Saya tidak bisa menggunakan nya karena android saya tidak mencukupi tolong di perbaiki lgi karena android cuma ram 2/16gb
Muji Yono,5,2026-05-24 08:03:57,sangat bagus untuk di gunakan
Fatma Wati,2,2026-05-24 08:03:01,Whatsapp menurunkan kualitas gambar ketika upload story
silmayani silmayani,5,2026-05-24 08:02:46,👍
Vika aulia,5,2026-05-24 08:02:09,kak wa aku ko ga ada lagu nya lagi ya
Suaedi Adi Saputra,5,2026-05-24 07:59:59,ok baik
Fajar Rizky Andika Dwi Putra,2,2026-05-24 07:58:36,"najis up WA ke kompres nya burik banget, plis update kompres nya jangan burik gitu"
Mindi Ray,5,2026-05-24 07:58:24,aplikasi yg sangat bgus bet
Tam Rin,3,2026-05-24 07:57:45,kenapa tidak bisa mengirim video
kay elin,2,2026-05-24 07:57:25,jelek
Ijen SNR,2,2026-05-24 07:55:31,kenapa akun watshap saya malah di batasi terus setiap chat. ke no baru padahal dengan urusan bisnis dengan kontak baru yg belum tersimpan kenapa malah jadi GK guna begini tolong dong perbarui akun watshap saya jangan di kira spam trus
Rendikal Tiadi,5,2026-05-24 07:50:01,😄
Andarista Olivia,2,2026-05-24 07:48:51,"How am I supposed to upload a WhatsApp status (video) with a duration of 30 seconds when it keeps failing? Even uploading a 1-minute video also fails. PLEASE FIX THIS. Before May 2026, everything worked normally when I uploaded 30-second or 1-minute videos. Now I can’t upload them at all."
Dion Ariansyah,1,2026-05-24 07:47:29,Saya merasa akun saya diblokir secara keliru. Saya menggunakan WhatsApp untuk komunikasi pribadi dan tidak melakukan spam atau pelanggaran.” dan Sudah dua kali saya kena begini seakarang watsap saya sudah tidak bisa memakai watsap lagi. masa saya gontaganti nomor terus gimana ini whatsapp!!!.
Leobersa Leobersa,5,2026-05-24 07:47:19,tolong updedet
huhv hug,1,2026-05-24 07:45:15,loading doang ga slesai slesai dari tengah hari tdi
bima raiefanaqie,5,2026-05-24 07:44:26,oke
Ikram Hakim,5,2026-05-24 07:43:06,good
fina murtiana,1,2026-05-24 07:41:19,kenapa wa ini klo mau denger pesan suara selalu mati layar Hp suara kecil
varial Aceh,5,2026-05-24 07:41:15,mantap semoga sukses selalu
Saswita,1,2026-05-24 07:41:12,bisa kembali memakai whasup ( WA )
Musyarofah Ofah,1,2026-05-24 07:39:53,baru kemaren di-update harus update lagi payahhhh ngabisin kuota aja dehhh
Ari Pratama,5,2026-05-24 07:38:14,knph ya saya Setiap masukin nomor perikasi terus
Antibobol 1723,5,2026-05-24 07:36:17,bgus
saprudin pudin,5,2026-05-24 07:33:19,baik
Raja Pupuk Npk,5,2026-05-24 07:33:13,baik
Arfan gaming Andi.F,1,2026-05-24 07:32:11,knp saya tidak bisa login tidak bisa mencet saat masukan nomer
Mael Mael,4,2026-05-24 07:29:59,baik
Ummy Ana,4,2026-05-24 07:28:32,Bagus
Mentari Wisata,5,2026-05-24 07:27:48,oke
Elis handayani Handayani,5,2026-05-24 07:26:46,bagus sangat membantu
Beto Djawa,5,2026-05-24 07:26:19,bagus
SUYANTO Cirebon,2,2026-05-24 07:23:43,untuk status tidak bisa upload
Cokro eko wardoyo,5,2026-05-24 07:23:28,sangat senang dan bagussss
Fajar 007,4,2026-05-24 07:22:18,sangat suka
Reza Pertama,4,2026-05-24 07:22:06,sangat bagus
KENZIE Arvinr,4,2026-05-24 07:22:06,"Tolong Perbaiki Lagi mengapa Setiap Beberapa Saat Foto Di Status Jadi Blur tetapi Sebelum Nya tidak, bukan hanya saya status kontak saya juga blur"
Alifuad Maulana,5,2026-05-24 07:21:16,baru coba
Teman Minum,3,2026-05-24 07:20:40,suara putus putus
Satu Duatiga,3,2026-05-24 07:20:26,tidak bisa pesan tersimpan lama
Ba Yan,4,2026-05-24 07:18:11,segala urusan lebih mudah
Bsk Haikal,5,2026-05-24 07:17:54,"bagus untuk ngechat dan nelpon,pokoknya the best sih"
Arif Hilman,5,2026-05-24 07:17:21,very good
Kar Lina98,5,2026-05-24 07:17:11,bisa inta tolong dibuka blikirannya
Ibu Nanah,5,2026-05-24 07:16:19,aktifkan wa
fakhry falsa,1,2026-05-24 07:15:56,WhatsApp sekarang mudah ke banned padahal saya tidak melakukan spam eh malah ke banned permanen mohon cepat perbaiki ya admin WhatsApp padahal saya tadi hanya mengechat kawan saya eh malah kebanned
YanA Bang,5,2026-05-24 07:14:40,apilkasih ini memng bagus tapi sekarang saya kadng GK ngrti karna sekrng wa banyak berubah nya
Kamit Com,5,2026-05-24 07:12:12,bagus
Foes Ndolu,4,2026-05-24 07:12:04,"sangat baik aplikasinya, dan sangatudah digunakan .."
Nur Rokhman,5,2026-05-24 07:07:31,Malah enggak bisa di buka
Ghanar,1,2026-05-24 07:07:25,"stiker wa yang bisa jadi besar itu kenapa tidak bisa? percuma kalau ada fitur baru tapi ngasih nya setengah setengah, dasar aplikasi brainrot pelit banget."
Mochamad Supandi,4,2026-05-24 07:07:22,okee mntapp
ubay Anjay,5,2026-05-24 07:07:22,kualitasnya sangat bagus 👍
Alik Lik,3,2026-05-24 07:07:09,wa saya sering kena kenon tanpa sebab
Karno Uye,3,2026-05-24 07:06:28,gimna yaaa aku udh dwondlod berkali kali tapi ko gak bisa buat cetan
Andriany Zara33,4,2026-05-24 07:06:05,Menurut saya untuk aplikasi nya sudah bagus.namun ada beberapa hal yang harus diperbaiki.seperti jika aplikasi whatsaap ingin update.diusahakan terupdate sendiri.tidak kita yang mengupdate secara manual lagi.dan untuk dalam grafik semuanya bagus cuma harus ditingkatkan lagi pada pemostingan status wa kadang agak menjadi buram dan tidak jelas.dan untuk warna pada tema chat semoga diperbanyak lagi sehingga lebih menarik untuk digunakan...baiklah ini saja yang saya sampaikan...terimakasih sudah ada
Jehan Isti pratiwi,5,2026-05-24 07:03:21,menarik dan canggih
Ikyy B aja,1,2026-05-24 07:03:06,good
Warsino,5,2026-05-24 06:59:57,sangat membantu
gabut ajja,5,2026-05-24 06:57:16,sangat bermanfaat
Arpendi Idn,5,2026-05-24 06:55:14,tolong buka lagi washapp saya
Rahmat Dato Wahab,5,2026-05-24 06:54:27,setuju
Titin Titinfairy,5,2026-05-24 06:53:57,sangat penting untuk berkomunikasi
MHD ARDAN,3,2026-05-24 06:53:22,maaf karnua saya telah memberikan bintang tiga karena nomor Telkom saya diblokir
Verda,5,2026-05-24 06:52:44,untung bisa pesen seblak lagi setelah riset HP
Santo Santoso,5,2026-05-24 06:51:12,sangat mudah banget
Daffa Abror,5,2026-05-24 06:50:11,baik bangett
Hudaturrahman018Huda Haja Hudaturrahman018Huda Haja,5,2026-05-24 06:49:59,bagus
Singgi Hariyanto,5,2026-05-24 06:49:56,is the best
Ananda Vania,5,2026-05-24 06:47:30,ok
Muhammad Nur Faiz,5,2026-05-24 06:46:21,100/100 untuk Aplikasi ini! ini keren banget! berguna! Dan juga saya bisa buat channel (saluran) di sini gratis! Mksh untuk developer nya! 👍👍👍👍👍👍
Ahmad Sidik,5,2026-05-24 06:45:20,oky
Ragil Xfriend,1,2026-05-24 06:41:11,ini dari hp'y ap kartu'y yaah masa 2 nomer kena spam
Lukman Mza,5,2026-05-24 06:41:07,good
PUTRI LARASATI14,5,2026-05-24 06:39:55,seru
den. Irvan,4,2026-05-24 06:37:30,"Sudah 2 kali update juga yang baru ini kenapa pas cek status sendiri, tapi pas selesai kok lanjut ke status teman, padahal aku gak mau langsung ke status temen, jadi kacau ni whatsapp, bintang ku kurangi 1 dulu, sebelum rubah seperti sebelumnya, okay intinya pas cek status sendiri jangan langsung dilanjutkan ke status lain"
bahsutra Dewa,5,2026-05-24 06:37:13,kren banget
Galih Saputra,5,2026-05-24 06:36:30,sangat bagus
Kayla Nazwa,1,2026-05-24 06:36:08,nggak ada kemajuan di hp saya
Sulaeman Firdaus,5,2026-05-24 06:35:39,Mohon Untuk Pihak WhatsApp. Saya selalu terkena banned hanya karena chat teman saya baru 1 kali chat selalu terkena banned. tolong untuk di perbaiki seperti dahulu yang tidak sensitiv terhadap chat. mohon untuk segera di perbaiki saya mewakili semua pengguna WhatsApp messenger ini untuk buka suara agar segera di perbaiki lebih detail dan tidak selalu terkena banned ketika mengirim pesan kepada orang lain.
Fahri PERMANA,3,2026-05-24 06:34:47,"kok tiba² wa saya kena suspend,begitu sata buka wa lansung kena suspend dan peninjauan sampai 24 jam tolong di perbaiki"
Khairul Annam,2,2026-05-24 06:29:33,grub whatsapp mudah terblokirrt
Sri Erliyanti,5,2026-05-24 06:29:29,bagus
Alisha JY,5,2026-05-24 06:28:34,aku suka ada bublee chatttt
Psoso Wanto,5,2026-05-24 06:27:51,bagus m
Robecha anggelia Wamafma,1,2026-05-24 06:26:41,"masah akunku di bajak trus akunku juga yang di tinjau ulang"" sampai memuat terus dan sekarang nomor tidak bisa digunakan aneh"
Princess Mart,5,2026-05-24 06:26:07,"Aplikasi yang bagus untuk berkomunikasi, terutama di Indonesia"
Sabrina Larasati,5,2026-05-24 06:25:45,"mohon ya kalo udh ke update lngsng harus berubah semua maksudnya kaya udh di update buka apl wa nya lngsng ke yang terbaru gitu,aku udh update tapi gada tuu perubahan aku dah cari semua tetep gada perubahan,terus knpa ya pdhl aku udh update tetep gada efek pas vc pdhl juga udh nyalain buat efek vc nya tolong yaa🙏🙏"
Cahaya Maulida lestari,1,2026-05-24 06:24:42,"aplikasi oon masa nomor wa masih aktif ada bacaan akun anda logout dari WhatsApp terkini mohon untuk memberikan tinjauan atau kasih saran ke WhatsApp kami,tolong dong ini kepada tim WhatsApp jangan oon nya tuh ngoon banget Maslah nya banyak data data penting disini tolol, udah dikasih saran ini itu masih aja keblokir"
Atris Dawa,5,2026-05-24 06:22:22,aplikasi nya bagus dan gampang
Siswoyo sudirman,3,2026-05-24 06:21:00,singkronkan wasup yg ada
Sanusi,1,2026-05-24 06:20:56,"download video dari youtube, lalu upload di WA tetapi tidak bisa karena format tidak didukung?"
MARTEN RIZAL,5,2026-05-24 06:20:53,good
Bakti Adi Setiawan,1,2026-05-24 06:18:04,kenapa Yaya mengunakan WhatsApp tapi tidak resmi padahal saya udah donglot berkali kali
syakira,5,2026-05-24 06:14:46,"seru, bisa chatan sama people people, stiker nya lucu gemoy kaya aku"
Rizky Maulana,5,2026-05-24 06:13:30,👍👍👍
Otinel Tagi,5,2026-05-24 06:11:33,cepat cepat
Renitaa Damayanti,1,2026-05-24 06:10:18,kenapa setiap buka wa ada kek kontak² gitu gimana ngilangin nyaa
Pian Septiana,3,2026-05-24 06:08:34,maaf.. kok video yg diupload tmn saya knp gk bisa saya lihat ya .. muter terus ???
Sulistiya,5,2026-05-24 06:07:11,Bagus
Seni wati,5,2026-05-24 06:06:49,"sengaja kasih bintang 5 soalnya akun saya udah beberapa tahun saya pake tapi kenapa malah nggak bisa login lagi dengan alasan tidak terverifikasi, saya sudah coba beberapa kali tapi hasilnya tetap sama."
01 Jaya,1,2026-05-24 06:06:49,"ga banget, wa skrng terlalu sensitif masa baru nyimpen 2 kontak udh kena pelanggaran spam terus wa nya di logut harus nunggu 24 jam baru bisa jujur itu ngeganggu bgt, kalo lagi ada hal penting tiba tiba gitu itu ga etis bgt sih, BALIKIN WA DULU."
Luluk Andra,5,2026-05-24 06:06:43,Apk ini sangat membantu bagi penguna hp lainya juga mudah untuk di gunakan
Fahmi Fauzi Qodratullah Channel,5,2026-05-24 06:06:41,Tolong perbaiki ketika login WhatsApp web dan logoutnya. masa keluar terus dari handpondnya dan nunggu 24 jam verifikasi
Tarno Pandansari,1,2026-05-24 06:05:29,sering terkena kenon
WIN Winancy,1,2026-05-24 06:02:38,"dear wa,tolong dong kenapa sih kalau cv suka ngeleg ahhhhh tidakkkkkkkkkkkkkk"
Ramdhan Rismayana,1,2026-05-24 06:01:47,ga bisa buka video status wa aneh bgt
Ivana manu Djawa,2,2026-05-24 06:01:37,sering kesulitan chat orang karena iklan mulu
Nukas Sanjaya,5,2026-05-24 06:00:49,ok
Mulya Ningsih98,1,2026-05-24 06:00:02,"Gara-gara WA tidak bisa log out, alhasil data"" di device sebelumnya harus dihapus permanen ketika pindah ke device yang baru. dimana hal ini sangat merugikan sekali"
kiren aulia,5,2026-05-24 05:58:19,"bagus, mempermudah komunikasi"
Sainurbusu,5,2026-05-24 05:56:24,sangat mendukung
Agus Sriyati,5,2026-05-24 05:55:02,mantap
anne vie,5,2026-05-24 05:53:27,bug bgt
Pengguna Google,5,2026-05-24 05:52:42,oke
Yachobus Yahiya,3,2026-05-24 05:52:04,Belum pernah nyoba
Radya Rizky Dewi,2,2026-05-24 05:50:47,"kepada pihak WhatsApp yang terhormat mohon perbaikin bug yang terjadi di aplikasi kalian, karena ini sangat mengganggu kenyaman pengguna 🙏🏻 Semoga ada update yang jauh lebih baik lagi dari sebelumnya, terimakasih 🙏🏻"
Dellyn Modokh,5,2026-05-24 05:49:20,saya sudah mengupdate WhatsApp nya 3×tapi blm ada vitur yang baru nya
Azka Imut,5,2026-05-24 05:48:15,karna bisa ngcet tmen
Rasya Rasyid,5,2026-05-24 05:48:12,"WhatsApp sekarang mulai ga jelass ga bisa login padahal kartu masih baru ""Dengan alasan login tidak tersedia saat ini"" tolong lah kedepannya jangan mempersulit pengguna"
Fac hri,1,2026-05-24 05:46:07,wa tambah lama tambah jelek masa ngechat orang yang ga kita sv ke ban kan aneh tambah updet malah tambah jelek
Siti Tarmini,5,2026-05-24 05:45:37,⭐⭐⭐⭐⭐
Apal ge Da,5,2026-05-24 05:45:03,"Seneng banget rasanya chat tan dengan meta AI nya yang ramah baik sopan yang bisa ku jadi kan tempat ngobro² jika bosan, pokok nya makasih bgt buat meta AI😘❤❤"
Budi Lukim,5,2026-05-24 05:44:48,bagus
Zidan Yuda,3,2026-05-24 05:44:21,"ini Whatsapp saya kenapa yaa kok sering bilang tunggu 24 jam, sering kayak gitu saya bisa buka Whatsapp 5 menit doang trus tiba tiba bilang tunggu 24 jam lagi?"
Indraaj,1,2026-05-24 05:40:52,WhatsApp sekarang jelek gampang ke band.
indcipta prabot,2,2026-05-24 05:40:29,kok suara panggilan bergelombang ya
Bongsu Sigiro,5,2026-05-24 05:39:56,sangat baik
Alwa rjb12,5,2026-05-24 05:39:46,ok
Wesker Albert,5,2026-05-24 05:39:45,sangat berguna
Edepis,4,2026-05-24 05:38:32,bagus
mitraade,5,2026-05-24 05:36:39,okoooooookkkk
AWWALUL SA'DAN,3,2026-05-24 05:34:25,Kenapa sih status nya harus burik🤌😭
Molonk Molonk,5,2026-05-24 05:33:46,sangat bagus 😎👍
Iwan Permana,5,2026-05-24 05:31:49,mantap
dimas ariyanto,3,2026-05-24 05:31:46,wa saya ga bisa terbuka muter mulu bacaan memuat terus kenapa ya
Dians Wahyu,3,2026-05-24 05:30:34,"kenapa setiap mosting ke story wa selalu terjadi penurunan kualitas gambar/video, jelek bgt, ga kaya dulu,"
Sppg Tarahan,1,2026-05-24 05:29:24,"sering update tiba tiba WA di baned sedangkan pekerjaan saya sebagai kurir jnt, tolong saya harus melayani konsumen kenapa WA sekarang nambah bobrok"
Topik Saputra,4,2026-05-24 05:26:20,sangat membantu
Al khalifi,1,2026-05-24 05:26:10,gak bisa didwl
Waluyo,3,2026-05-24 05:26:03,"whatsapp sekarang semakin tidak relevan,akun saya sering terblokir,kena tinjau terus. padahal saya selalu mematuhi kebijakan dan ketentuan. tapi kenapa sekarang mudah sekali terblokir akunnya ketika berinteraksi dengan nomer baru"
Anwar Hasanuddin,5,2026-05-24 05:25:48,mantap
Legiansyah Ramadan,4,2026-05-24 05:25:34,Video Call Terlalu Menguras Kuota
nur afif,4,2026-05-24 05:25:26,smoga kdepan nya smakin maju
MUHAMMAD HANAFI LUBIS,5,2026-05-24 05:25:10,TERBAIKKKK 👌👌👍👍👍👍
As Wadi,5,2026-05-24 05:24:09,terbaik
waryono riyo riyo,5,2026-05-24 05:24:00,sngt membatu pnglamn sya mngkanya sya kasih bintang 5
Tita Rosita,5,2026-05-24 05:23:47,WhatsApp messenger memberikan komunikasi bagus dan lancar
Safira Saf,5,2026-05-24 05:23:32,cara mudah komunikasi
Narsih Liawati,4,2026-05-24 05:20:56,oke
Uhyuii Pas,1,2026-05-24 05:20:35,kekmana lah woi wa ini
K Cank,3,2026-05-24 05:19:53,"kenapa ""info tentang"" di profil tidak permanen seperti dulu? bagus yang permanen."
Naya Chan,5,2026-05-24 05:18:52,ok
Bang Kordik,4,2026-05-24 05:17:48,saya suka
Rina Augustiana,5,2026-05-24 05:17:08,Suka
Simon Hutagalung,1,2026-05-24 05:15:50,tidak bisa masuk ke grup
fikriyah DA,5,2026-05-24 05:15:13,"bagus sihh. tpi update mulu, klo aku update chtan ku sma keluarga/teman ilang semua"
Diki 329,1,2026-05-24 05:13:56,parah skrg
Zaidan oto4,1,2026-05-24 05:13:37,"bintang 1, karena sering kali WhatsApp terkunci/kenon tanpa alasan yang jelas, saya sedang membuka chat saya mengenai pelajaran tiba' saja kenon."
Yar Tep,5,2026-05-24 05:13:06,whatsaApp mantap
Mustakim Stang,5,2026-05-24 05:12:55,Tetap download walaupun gk ad yg cet
Rachmad Kamil,5,2026-05-24 05:11:46,top
Kusri Hidayat,5,2026-05-24 05:10:23,Wa selalu tampil akun dalam tinjauan
Afina,5,2026-05-24 05:09:43,jujur ini aplikasi penting bwangett
Surya,5,2026-05-24 05:09:29,aplikasi yang bagus
fajar Anggoro,4,2026-05-24 05:09:28,"Tolong wallpaper telpon jangan default,ada varian wallpaper"
Kamu Hoki,5,2026-05-24 05:09:22,anjjing
Qeysharaahmadira,5,2026-05-24 05:09:11,kren
Dani Dani,1,2026-05-24 05:09:02,"baru aja bangun tidur buka WhatsApp tiba² kenon dah juga besok nya gitu juga kenon Mulu WhatsApp gua setiap hari tolong di perbaikin padahal saya gak ada ngelakuin pelanggaran jadi males main WhatsApp, apa lagi banyak chat penting dan data penting di WhatsApp masa setiap hari kenon mana nunggu 6 jam atau gak 24 jam"
wulan nata,1,2026-05-24 05:08:50,"sering keluar sendiri, terlalu banyak bug mohon di perbaiki😠"
Cepi,5,2026-05-24 05:07:18,ok
Solihin Kartika,4,2026-05-24 05:06:58,Bagus
Ito Herdiansyah,5,2026-05-24 05:06:35,"tak kasih bintang 5 dulu. bikin status, privasi semua kontak, tapi ketika dicek belum ada yang lihat, giliran ngasih tanda suka baru keliatan itu pun cuma yang ngasih tanda suka. chatingan ke penerima centang satu, tapi si penerima bisa balas chat kita. nanti kalau sudah diperbaiki bug-nya saya tarik jadi bintang 4."
Habib Gacor,1,2026-05-24 05:06:25,Aplikasi ini nggak jelas nggak bisa login Padahal aku nggak ada aneh-aneh
teteh wulan,1,2026-05-24 05:06:19,sering ke blokir waee no akuu nyaa pulihin no akuu pliss
Nur Afifa,4,2026-05-24 05:05:35,"akun ku selalu ""akun sedang ditinjau"" 2 hari sekali, bikin risih"
Suma Azuma,4,2026-05-24 05:04:40,"Untuk WhatsApp, hanya satu hal yang membuat saya beri bintang 4, bukan 5. Sederhana saja, aku selalu jarang chat siapapun, tapi kenapa selalu kena band spam sementara puluhan kali bahkan sampe diband permanen? Awalnya kupikir sistem anda yang bermasalah, dan ternyata benar. 多么伪君子啊"
Roby Gojali,1,2026-05-24 05:02:21,Tolong resolusi video / foto jangan dikurangi Udah bagus malah pecah blur jelek banget
English Land,1,2026-05-24 05:02:02,so bad isrewell
Amat Amat,1,2026-05-24 05:00:28,tidak bisa login
Risma Putri Dianingtyas,5,2026-05-24 04:59:15,WhatsApp ini sangat membantu saya untuk berkomunikasi dengan teman maupun keluarga saya.
Lidi Saikel,5,2026-05-24 04:58:11,apk ya sangat bagus
Toha Siswa Atmaja,5,2026-05-24 04:56:50,sangat membantu
Bagol Gas,5,2026-05-24 04:56:10,saya suka sekali
Eti Alifelki,1,2026-05-24 04:56:10,gimana sih kak WhatsApp saya nggak bisa ke buka padahal mah ini kartu udah lama saya pake Bakan semenjak beli hp no nya ngga pernah ganti tolong dong yang jls
Mizan Habibi,1,2026-05-24 04:52:44,akun saya di banned permanen tanpa alasan yang jelas dan data saya hilang selamanya
Sri Wahyuni,5,2026-05-24 04:52:00,Ok
dhian official,2,2026-05-24 04:51:51,tolong untuk pengiriman stori wa kok jadi pecah kenapa tolong di perbaiki lagi
Mina Yumina Sallau,4,2026-05-24 04:50:28,Aplikasih yg bagus.
Hartono Ongah,5,2026-05-24 04:48:47,Luar biasa
haris budi,5,2026-05-24 04:47:53,ok sekali
Laiyan Laiyan,5,2026-05-24 04:46:21,good job
CAVIN GERALDO,1,2026-05-24 04:45:31,aplikasi nya jelek gak ada cewek yg chat gua!
Rahmat Jayapura,5,2026-05-24 04:43:42,bagus
Aruz Zamania,5,2026-05-24 04:43:32,mantap
Salman Paris,5,2026-05-24 04:43:05,kenapa aku kena sepen dan tidak bisa di kelola
Rudi Ompong,5,2026-05-24 04:41:22,bagus
Andri ansyah,5,2026-05-24 04:41:21,bravo wa.....sy mau jgn ada org lain yg msk diwa ini tanpa kontak dan tanpa ijin kami krna kami anggap pencuri privasi org lain...
Wawan Ukok,5,2026-05-24 04:40:19,good
Mama Keis,5,2026-05-24 04:39:09,ok
Rafa Azkaputra,5,2026-05-24 04:36:29,sangat bagus saya suka
rara rajiati,4,2026-05-24 04:36:23,bagus
Jamirel Mirel,4,2026-05-24 04:36:06,sangat membantu dan mudah
Andi Kuntoro93,5,2026-05-24 04:36:00,Sangat membantu
Satria Rafsanjani,1,2026-05-24 04:35:57,Tolong lah ini wa sudah jdi tempat bekerja saya tiba tiba tanpa ada kejelasan yang jelas. saya setelah share kerjaan ke beberapa no dengan pesan suara tiba-tiba no saya terblokir. ayolah ini makin sekarang setelah update jadi ngaco banget
sabrina azzahra,5,2026-05-24 04:35:44,good job
Aira Nurmala Jasmine,1,2026-05-24 04:34:43,gak jelas tib tiba akun ku keblokir
Ridho Yusuf,5,2026-05-24 04:34:40,knpa wa ku minta tinjau an lagi pdahal aku ga nyalahin peraturan
Muhjehan Arifianto,1,2026-05-24 04:34:39,"whatsapp sekarang aneh,ga nyepam ga ngapain2 cuma,ngecat nomer temen yang belum ke sv tiba2 ke ban sendiri,aneh"
Rusli Suami,5,2026-05-24 04:33:57,sangat di butuhkan
Elsa putri gabriell Elsa putri,3,2026-05-24 04:33:55,aku ksi bintang 3 dlu KRNA aku baru mendownload aplikasi WhatsApp ini Bru menca.
Asep Nuryadin,3,2026-05-24 04:33:50,"Tolong kepada pihak WhatsApp agar tegas dalam menerima laporan, saya melaporkan bahwa ada saluran WhatsApp seseorang dimana saluran itu Tempat penipuan, telah banyak korban yang di tipu tolong lebih tegas lagi dalam merespon laporan"
Anindya Zuty,1,2026-05-24 04:33:31,SEKARANG PASTI WA DIKIT DIKIT KE BANNED.
Irma Xia hui,1,2026-05-24 04:32:45,"tolong kenapa, stastus saya dan stastus teman saya hilang dan nanti muncul lagi, apa karena jaringan atau apa WA yg bermasalah"
Mamak Imah,5,2026-05-24 04:32:26,siapa yang gek pake whatsAPP bagus terimakasih ya yang bikin wahatsAPP
Suminah12,5,2026-05-24 04:30:43,knp kna pebatasan terus
Muhammad Rifai,1,2026-05-24 04:30:39,gajales udah di update tetep aja Ngebug gaada beda beda nya kocak gj bintang 1
Aderamdan Sahputra,3,2026-05-24 04:30:18,YANG BENER AJA LAH ORG UDAH DI PRIVASI DARI STORY TAPI MASIH BISA LIAT STORY HADUHHHH
Ar Be,5,2026-05-24 04:30:18,sangat bagus
Matheos Yoltuwu,5,2026-05-24 04:28:14,bagus
Adam Aymar,4,2026-05-24 04:25:59,"nomor saya serung kena peninjauan, gabisa ngechat kontak baru"
Salim Uhuy,1,2026-05-24 04:25:27,wa bug banget deh aku gabisa masuk pada hal aku tau no wa nya
Benibeni Beni,1,2026-05-24 04:24:24,Akun wa sayA disadap org mau login gk bisa
Sulaiman Febriyanto,4,2026-05-24 04:22:48,saya tidak bisa memverifikasi no WhatsApp saya karena keamanan
Ardy Bhoto,5,2026-05-24 04:21:56,Banyak manfaatnya dalam berkomunikasi
reyvin fachri,5,2026-05-24 04:20:41,gimana woi..nomor ga buat apa2 diblokir.akun keluar sendiri.nomor penting buat kerja.!!!
Eko Saputra,5,2026-05-24 04:19:57,bagus
M Raja,1,2026-05-24 04:16:54,karna WA saya sering kena kenon padahal gua hapus kontak
Suhendra Sasus,5,2026-05-24 04:15:55,dari awal luncing sampe sekarang masih setia
Agan Setian,5,2026-05-24 04:15:11,lumayan bagus
Manuel Guterres,5,2026-05-24 04:13:39,👍 👌 👍
Malika Samsung,2,2026-05-24 04:12:37,kenapa chat ku gabisa terkirim padahal aku liat tiktok dan apk lain bisa?
Muhammad Yusup,2,2026-05-24 04:11:25,kena akun anda sedang di tinjau dimna salahnya woyy
Andi,4,2026-05-24 04:10:44,mantap
Rani,4,2026-05-24 04:10:17,"ga bagus semua org jadiin aku last chat, tp msh berguna jdi gppa,tapi kalo bisa tambahin fitur hapus semua pesan tanpa jejak"
Queen Za,1,2026-05-24 04:08:47,wa saya selalu harus meminta pertinjaua setiap beberapa jam akun saya terblokir dan ketika saya ingin menginstal ulang tidak mendapatkan kode verifikasi
rhm30,2,2026-05-24 04:06:48,"Whatsapp gajelas pls, harus di-update mulu, ngabisin memori. Paling gede memo nya padahal isinya gda apa-apa."
Muhammad Amirullah,5,2026-05-24 04:06:23,karna kece
161wina Sah,3,2026-05-24 04:04:44,akun wa selalu terkenci
Ahmad HUDA,1,2026-05-24 04:03:04,keren
Bya Aja,5,2026-05-24 04:02:38,bagus
vincent orlando,1,2026-05-24 04:01:34,"wa skrg udh parah, lbih nyaman wa yg dulu.. saran gk udh update"" mulu klo bug aja msih banyak, buat kunci chat bisa.. tpi wktu mau diunlock malah bug chat kedip"" gk bisa dibuka, giliran udh diunlock lewat pengaturan malah chatnya ke riset"
Ikbal Maulana,5,2026-05-24 04:00:29,bagus
Lala,5,2026-05-24 03:58:42,membantu sekali untuk nge chat
Suba Subairi,5,2026-05-24 03:58:32,semua baik baik saja aman
Kosim Unyil,5,2026-05-24 03:58:09,ok
Angga Hermansyah,5,2026-05-24 03:57:37,okey
Akun Rebind,4,2026-05-24 03:57:28,bagus
Hecker Indonesia,1,2026-05-24 03:57:16,nomor pribadi gua ke kenon padahal gua gak pernah nyepam atau melanggar aturan lain
imyut cuantwik,5,2026-05-24 03:51:45,sangat penting untuk saya
Muhammad Masikin,5,2026-05-24 03:50:07,sangat memuaskan
Enal Jie,3,2026-05-24 03:50:03,"SETELAH UPDATE TERBARU SERING NGE-BUG, PADA SAAT VIDEOCALL, GAMBAR SELALU NGE-STUCK ... BARU NORMAL KEMBALI 😣 MOHON DI FIX ADMIN"
Yunarsih Yunca,1,2026-05-24 03:49:14,aku udah perbarui whatsapp kok masih di atasnya mengetik? perbarui lagi
Upin & Ipin Tumbuh Rambut,2,2026-05-24 03:48:47,"pliss lahh tolongg wa saya sering kena band akun sedang ditinjau lahh kalo semenjak coba cht pake nomer yang tidak saya save itu jangan langsung kena peninjauan akun saya sangat kesel!! saya orangnya harus pilih"" nomer orang lain yang saya harus save jadi tolonglah kasih solusinya jangan sekali baper wa ini saya sangat kesal cukup sering seperti inih muakk banget"
Hot kopi latte,5,2026-05-24 03:48:46,"sangaatbermanfaat dan lebih canggih,berkomunikasi dgn siapapun dan dimanapun jd lbh mudah..."
Royani Sibarani,1,2026-05-24 03:46:04,tolong jangan blokir akun yang gak tau pelanggaran nya apa tapi di blokir sepihak sama WhatsApp
Aldoyusuf Pratamamalau,1,2026-05-24 03:45:49,kenapa dah ada fitur sekali lihat
Muhamad Ridwan,1,2026-05-24 03:44:58,gampang keblokir sistem tolol
Rahman Bjm,1,2026-05-24 03:44:28,karena ga ada vedio tiktok nya
Andi maruf Andi maruf,5,2026-05-24 03:43:23,alpikasi ini sangat bagus
Riki Setia,2,2026-05-24 03:40:16,kenapa nomer saya di tinjau terus
꧁[ҎƦƟ]ҎȽɅȲȄƦ꧂ Pro PYR,5,2026-05-24 03:39:38,ga bisa cium
Hanikatu,5,2026-05-24 03:39:30,Saya sudah lama menggunakan WhatsApp
Jay Putra,2,2026-05-24 03:38:56,"kok selalu gagal untuk menambahkan status ya, apakah efek jaringan tidak stabil, mohon perbaikan nya terimakasih"
Andi Tobing,5,2026-05-24 03:37:53,bagus
Hotma Tampubolon,4,2026-05-24 03:37:38,sinyal buruk bos
Sumiati Levin,5,2026-05-24 03:37:11,bagus vyuk
Kasdiani Diah,5,2026-05-24 03:37:07,aplikasinya bagus.buat komunitas sama orang juga bisa buat telpon pokonya ku kasih bintang 5😁😁
Pokat mentega Mentega,2,2026-05-24 03:34:25,whatsapp paling mantap
RISKI PRATAMA,5,2026-05-24 03:34:04,bisa buat bisnis online & DLL
mhdfaizall mhdfaizall,5,2026-05-24 03:33:14,baik
Imelani Mela,5,2026-05-24 03:33:08,mantap banget
Akhiruddin Marses,3,2026-05-24 03:32:46,😒
DEDE HERYANTI,5,2026-05-24 03:32:38,Bagus......!
Idah Siti nur saidah,5,2026-05-24 03:32:30,tidak lemot
Monica Agara,5,2026-05-24 03:29:10,mengapa saat mengirim foto aku harus menunggu lama
Cahyono Cikopek,3,2026-05-24 03:28:43,banyak bug
Rusdi Amir,5,2026-05-24 03:28:04,5 bintang
Danag Realme,4,2026-05-24 03:28:02,"bagus, berguna, dan gratis lagi"
Raffi ahmad,5,2026-05-24 03:26:07,"komunikasi yg mudah,dan bisa d gunakn untuk luar negri jg, suka d gn aplikasi ini"
Muhammad krisna,5,2026-05-24 03:25:11,"payah, hari hari cuma ada chat tentang kerjaan, gak prnah ada chat dari ayang 😔"
Ipanksu131,5,2026-05-24 03:24:13,telpon kenapa mati mulu ini hee
Tiyas Tiyas,5,2026-05-24 03:23:42,sangat membantu
Eko Ekow,5,2026-05-24 03:22:43,baik
Eti Sumiti,5,2026-05-24 03:21:25,bagus
nia sarniti,5,2026-05-24 03:19:53,tolong perbaikn lebih lancar Karn suka ngelek ngelek wathsap nya gambar nya
Liy Liawliya',1,2026-05-24 03:19:35,ini knp dah wa versi pc ga bisa download foto anjay
Aditio Here,5,2026-05-24 03:17:39,bagusss
Suci Gusti maharani,5,2026-05-24 03:16:37,😁
Adek Maya fashion,5,2026-05-24 03:15:40,oke sinyal nya
Garnacho O,3,2026-05-24 03:15:29,"bagus aja sih selama ini, tolong dong status di buat hd setiap posting status karna suka burem"
Raden Anis Nur Muhammad Farid,5,2026-05-24 03:13:27,Bermanfaat
Saky Yy,1,2026-05-24 03:11:54,buat nge sv no aja pke dibikin susah
Asifa,5,2026-05-24 03:11:31,good
Khamdan Syah,5,2026-05-24 03:10:44,cukup membantu
rilll22,5,2026-05-24 03:09:59,good
Mj flowers,5,2026-05-24 03:09:38,Tiba2 WhatsApp hilangkan smua chat.. padahal banyak chat penting
Muhammad Hafiz,1,2026-05-24 03:05:51,kenapa aku sy kena ban
Indri Nursasi,5,2026-05-24 03:03:18,oke
Nanik Firmani,5,2026-05-24 03:02:56,sangat mudah dan berguna sekali
Kawan Cellular,5,2026-05-24 03:02:08,bagud
Rani Usna,1,2026-05-24 03:01:46,sangat buruk
Maida Aini safitri,5,2026-05-24 03:01:05,ok
Rudi Hermansyah,1,2026-05-24 03:00:19,update mulu bangke
Rifqasrafulanam Asraful,5,2026-05-24 02:59:43,bagus
radiy Gan,1,2026-05-24 02:59:20,"tolong dong tim whatsapp jangan ban WA terus gua sebagai kurir ban terus WA gua gimana ini kurir paket mau nganter ngechat ke orang"" nya malah ban terus"
Nursina Tuto Suban,5,2026-05-24 02:59:16,sangat lancar
Rendi Alwena,5,2026-05-24 02:58:31,Aplikasi ini sangat menyenangkan bisa bisa berbicara dengan teman sepuasnya😄😄😄
Samzon Alsi,5,2026-05-24 02:57:45,"mohoho mf jika ada kata2 yg kurang berkenan dihati atau menyinggung perasaan,inilah suara hati ku"
Pengguna Google,4,2026-05-24 02:56:28,Terbaik lah s 👍
Nur Hijrah,2,2026-05-24 02:56:27,whatshapp nya bug mulu😭😭😭😭😭😭
aulia irdina,5,2026-05-24 02:56:21,Berjalan lancar dan Please remove gif picture search thats not appropriate for children.
Aurora7ra,4,2026-05-24 02:53:24,kadang lag
Putra Aja,1,2026-05-24 02:53:03,whtasap makin buruk
Alim Arjuna,5,2026-05-24 02:52:39,Bagus 👍
leo ryan,5,2026-05-24 02:49:09,serba praktiss👍👍
